Time,Cur.,Event,Imp.,Actual,Forecast,Previous,
"Wednesday, August 9, 2023",,,,,,,
18:00,US,Crude Oil Inventories,,5.851M,0.567M,-17.049M,
20:30,US,10-Year Note Auction,,4.00%,,3.86%,
"Thursday, August 10, 2023",,,,,,,
16:00,US,CPI (MoM) (Jul),,0.20%,0.20%,0.20%,
16:00,US,Core CPI (MoM) (Jul),,0.20%,0.20%,0.20%,
16:00,US,CPI (YoY) (Jul),,3.20%,3.30%,3.00%,
16:00,US,Initial Jobless Claims,,248K,230K,227K,
20:31,US,30-Year Bond Auction,,4.19%,,3.91%,
"Friday, August 11, 2023",,,,,,,
16:00,US,PPI (MoM) (Jul),,0.30%,0.20%,0.00%,
"Tuesday, August 15, 2023",,,,,,,
16:00,US,Retail Sales (MoM) (Jul),,0.70%,0.40%,0.30%,
16:00,US,Core Retail Sales (MoM) (Jul),,1.00%,-0.30%,0.20%,
"Wednesday, August 16, 2023",,,,,,,
18:00,US,Crude Oil Inventories,,-5.960M,-2.320M,5.851M,
21:30,US,FOMC Meeting Minutes,,,,,
"Thursday, August 17, 2023",,,,,,,
16:00,US,Philadelphia Fed Manufacturing Index (Aug),,12,-10,-13.5,
16:00,US,Initial Jobless Claims,,239K,240K,250K,
"Friday, August 18, 2023",,,,,,,
12:30,EU,CPI (YoY) (Jul),,5.30%,5.30%,5.50%,
"Tuesday, August 22, 2023",,,,,,,
17:30,US,Existing Home Sales (Jul),,4.07M,4.15M,4.16M,
"Wednesday, August 23, 2023",,,,,,,
17:15,US,S&P Global Services PMI (Aug),,51,52.3,52.3,
17:30,US,New Home Sales (Jul),,714K,705K,684K,
18:00,US,Crude Oil Inventories,,-6.135M,-2.850M,-5.960M,
"Thursday, August 24, 2023",,,,,,,
16:00,US,Durable Goods Orders (MoM) (Jul),,-5.20%,-4.00%,4.40%,
16:00,US,Initial Jobless Claims,,230K,240K,240K,
"Friday, August 25, 2023",,,,,,,
17:35,US,Fed Chair Powell Speaks,,,,,
"Tuesday, August 29, 2023",,,,,,,
17:30,US,JOLTS Job Openings (Jul),,8.827M,9.465M,9.165M,
17:30,US,CB Consumer Confidence (Aug),,106.1,116,114,
"Wednesday, August 30, 2023",,,,,,,
15:45,US,ADP Nonfarm Employment Change (Aug),,177K,195K,371K,
16:00,US,GDP (QoQ) (Q2),,2.10%,2.40%,2.00%,
18:00,US,Crude Oil Inventories,,-10.584M,-3.267M,-6.135M,
"Thursday, August 31, 2023",,,,,,,
5:00,CN,Manufacturing PMI (Aug),,49.7,49.4,49.3,
12:30,EU,CPI (YoY) (Aug),,5.30%,5.10%,5.30%,
16:00,US,Core PCE Price Index (MoM) (Jul),,0.20%,0.20%,0.20%,
16:00,US,Core PCE Price Index (YoY) (Jul),,4.20%,4.20%,4.10%,
16:00,US,Initial Jobless Claims,,228K,235K,232K,
17:15,US,Chicago PMI (Aug),,48.7,44.1,42.8,
"Friday, September 1, 2023",,,,,,,
16:00,US,Average Hourly Earnings (MoM) (Aug),,0.20%,0.30%,0.40%,
16:00,US,Nonfarm Payrolls (Aug),,187K,170K,157K,
16:00,US,Unemployment Rate (Aug),,3.80%,3.50%,3.50%,
17:30,US,ISM Manufacturing PMI (Aug),,47.6,47,46.4,
17:30,US,ISM Manufacturing Prices (Aug),,48.4,43.9,42.6,
"Monday, September 4, 2023",,,,,,,
All Day,US,United States - Labor Day,Holiday,,,,
"Wednesday, September 6, 2023",,,,,,,
17:15,US,S&P Global Services PMI (Aug),,50.5,51,52.3,
17:30,US,ISM Non-Manufacturing Prices (Aug),,58.9,,56.8,
17:30,US,ISM Non-Manufacturing PMI (Aug),,54.5,52.5,52.7,
"Thursday, September 7, 2023",,,,,,,
16:00,US,Initial Jobless Claims,,216K,234K,229K,
18:30,US,Crude Oil Inventories,,-6.307M,-2.064M,-10.584M,
"Tuesday, September 12, 2023",,,,,,,
20:30,US,10-Year Note Auction,,4.29%,,4.00%,
"Wednesday, September 13, 2023",,,,,,,
16:00,US,CPI (MoM) (Aug),,0.60%,0.60%,0.20%,
16:00,US,CPI (YoY) (Aug),,3.70%,3.60%,3.20%,
16:00,US,Core CPI (MoM) (Aug),,0.30%,0.20%,0.20%,
18:00,US,Crude Oil Inventories,,3.954M,-1.912M,-6.307M,
20:30,US,30-Year Bond Auction,,4.35%,,4.19%,
"Thursday, September 14, 2023",,,,,,,
15:45,EU,Deposit Facility Rate (Sep),,4.00%,3.75%,3.75%,
15:45,EU,ECB Interest Rate Decision (Sep),,4.50%,4.25%,4.25%,
16:00,US,Retail Sales (MoM) (Aug),,0.60%,0.20%,0.50%,
16:00,US,Core Retail Sales (MoM) (Aug),,0.60%,0.40%,0.70%,
16:00,US,PPI (MoM) (Aug),,0.70%,0.40%,0.40%,
16:00,US,Initial Jobless Claims,,220K,225K,217K,
16:15,EU,ECB Press Conference,,,,,
"Tuesday, September 19, 2023",,,,,,,
12:30,EU,CPI (YoY) (Aug),,5.20%,5.30%,5.30%,
"Wednesday, September 20, 2023",,,,,,,
18:00,US,Crude Oil Inventories,,-2.135M,-2.200M,3.954M,
21:30,US,Fed Interest Rate Decision,,5.50%,5.50%,5.50%,
21:30,US,FOMC Economic Projections,,,,,
21:30,US,FOMC Statement,,,,,
22:00,US,FOMC Press Conference,,,,,
"Thursday, September 21, 2023",,,,,,,
16:00,US,Philadelphia Fed Manufacturing Index (Sep),,-13.5,-0.7,12,
16:00,US,Initial Jobless Claims,,201K,225K,221K,
17:30,US,Existing Home Sales (Aug),,4.04M,4.10M,4.07M,
"Friday, September 22, 2023",,,,,,,
17:15,US,S&P Global Services PMI (Sep),,50.2,50.6,50.5,
"Tuesday, September 26, 2023",,,,,,,
17:30,US,New Home Sales (Aug),,675K,700K,739K,
17:30,US,CB Consumer Confidence (Sep),,103,105.5,108.7,
"Wednesday, September 27, 2023",,,,,,,
16:00,US,Durable Goods Orders (MoM) (Aug),,0.20%,-0.50%,-5.60%,
18:00,US,Crude Oil Inventories,,-2.170M,-1.320M,-2.135M,
"Thursday, September 28, 2023",,,,,,,
16:00,US,GDP (QoQ) (Q2),,2.10%,2.10%,2.00%,
16:00,US,Initial Jobless Claims,,204K,215K,202K,
23:30,US,Fed Chair Powell Speaks,,,,,
"Friday, September 29, 2023",,,,,,,
All Day,CN,China - Mid-Autumn Moon Festival,Holiday,,,,
12:30,EU,CPI (YoY) (Sep),,4.30%,4.50%,5.20%,
16:00,US,Core PCE Price Index (MoM) (Aug),,0.10%,0.20%,0.20%,
16:00,US,Core PCE Price Index (YoY) (Aug),,3.90%,3.90%,4.30%,
17:15,US,Chicago PMI (Sep),,44.1,47.6,48.7,
"Saturday, September 30, 2023",,,,,,,
5:00,CN,Manufacturing PMI,,50.2,50.2,49.7,
"Monday, October 2, 2023",,,,,,,
All Day,CN,China - National Day,Holiday,,,,
17:30,US,ISM Manufacturing PMI (Sep),,49,47.7,47.6,
17:30,US,ISM Manufacturing Prices (Sep),,43.8,48.6,48.4,
18:30,US,Fed Chair Powell Speaks,,,,,
"Tuesday, October 3, 2023",,,,,,,
All Day,CN,China - National Day,Holiday,,,,
17:30,US,JOLTS Job Openings (Aug),,9.610M,8.800M,8.920M,
"Wednesday, October 4, 2023",,,,,,,
All Day,CN,China - National Day,Holiday,,,,
15:45,US,ADP Nonfarm Employment Change (Sep),,89K,153K,180K,
17:15,US,S&P Global Services PMI (Sep),,50.1,50.2,50.5,
17:30,US,ISM Non-Manufacturing PMI (Sep),,53.6,53.6,54.5,
17:30,US,ISM Non-Manufacturing Prices (Sep),,58.9,,58.9,
18:00,US,Crude Oil Inventories,,-2.224M,-0.446M,-2.170M,
"Thursday, October 5, 2023",,,,,,,
All Day,CN,China - National Day,Holiday,,,,
16:00,US,Initial Jobless Claims,,207K,210K,205K,
"Friday, October 6, 2023",,,,,,,
All Day,CN,China - National Day,Holiday,,,,
16:00,US,Nonfarm Payrolls (Sep),,336K,170K,227K,
16:00,US,Unemployment Rate (Sep),,3.80%,3.70%,3.80%,
16:00,US,Average Hourly Earnings (MoM) (Sep),,0.20%,0.30%,0.20%,
"Wednesday, October 11, 2023",,,,,,,
16:00,US,PPI (MoM) (Sep),,0.50%,0.30%,0.70%,
20:30,US,10-Year Note Auction,,4.61%,,4.29%,
21:30,US,FOMC Meeting Minutes,,,,,
"Thursday, October 12, 2023",,,,,,,
16:00,US,CPI (MoM) (Sep),,0.40%,0.30%,0.50%,
16:00,US,Core CPI (MoM) (Sep),,0.30%,0.30%,0.30%,
16:00,US,CPI (YoY) (Sep),,3.70%,3.60%,3.70%,
16:00,US,Initial Jobless Claims,,209K,210K,209K,
18:30,US,Crude Oil Inventories,,10.176M,0.492M,-2.224M,
20:30,US,30-Year Bond Auction,,4.84%,,4.35%,
"Tuesday, October 17, 2023",,,,,,,
16:00,US,Retail Sales (MoM) (Sep),,0.70%,0.30%,0.80%,
16:00,US,Core Retail Sales (MoM) (Sep),,0.60%,0.20%,0.90%,
"Wednesday, October 18, 2023",,,,,,,
5:30,CN,GDP (YoY) (Q3),,4.90%,4.40%,6.30%,
12:30,EU,CPI (YoY) (Sep),,4.30%,4.30%,5.20%,
18:00,US,Crude Oil Inventories,,-4.491M,-0.300M,10.176M,
"Thursday, October 19, 2023",,,,,,,
16:00,US,Philadelphia Fed Manufacturing Index (Oct),,-9,-6.4,-13.5,
16:00,US,Initial Jobless Claims,,198K,212K,211K,
17:30,US,Existing Home Sales (Sep),,3.96M,3.89M,4.04M,
19:30,US,Fed Chair Powell Speaks,,,,,
"Tuesday, October 24, 2023",,,,,,,
17:15,US,S&P Global Services PMI (Oct),,50.9,49.8,50.1,
"Wednesday, October 25, 2023",,,,,,,
17:30,US,New Home Sales (Sep),,759K,680K,676K,
18:00,US,Crude Oil Inventories,,1.371M,0.239M,-4.491M,
"Thursday, October 26, 2023",,,,,,,
0:05,US,Fed Chair Powell Speaks,,,,,
15:45,EU,Deposit Facility Rate (Oct),,4.00%,4.00%,4.00%,
15:45,EU,ECB Interest Rate Decision (Oct),,4.50%,4.50%,4.50%,
16:00,US,GDP (QoQ) (Q3),,4.90%,4.30%,2.10%,
16:00,US,Durable Goods Orders (MoM) (Sep),,4.70%,1.70%,-0.10%,
16:00,US,Initial Jobless Claims,,210K,208K,200K,
16:15,EU,ECB Press Conference,,,,,
"Friday, October 27, 2023",,,,,,,
16:00,US,Core PCE Price Index (MoM) (Sep),,0.30%,0.30%,0.10%,
16:00,US,Core PCE Price Index (YoY) (Sep),,3.70%,3.70%,3.80%,
"Tuesday, October 31, 2023",,,,,,,
5:00,CN,Manufacturing PMI (Oct),,49.5,50.2,50.2,
13:30,EU,CPI (YoY) (Oct),,2.90%,3.10%,4.30%,
17:15,US,Chicago PMI (Oct),,44,45,44.1,
17:30,US,CB Consumer Confidence (Oct),,102.6,100,104.3,
"Wednesday, November 1, 2023",,,,,,,
15:45,US,ADP Nonfarm Employment Change (Oct),,113K,150K,89K,
17:30,US,ISM Manufacturing PMI (Oct),,46.7,49,49,
17:30,US,ISM Manufacturing Prices (Oct),,45.1,45,43.8,
17:30,US,JOLTS Job Openings (Sep),,9.553M,9.250M,9.497M,
18:00,US,Crude Oil Inventories,,0.774M,1.261M,1.371M,
21:30,US,Fed Interest Rate Decision,,5.50%,5.50%,5.50%,
21:30,US,FOMC Statement,,,,,
22:00,US,FOMC Press Conference,,,,,
"Thursday, November 2, 2023",,,,,,,
16:00,US,Initial Jobless Claims,,217K,210K,212K,
"Friday, November 3, 2023",,,,,,,
16:00,US,Average Hourly Earnings (MoM) (Oct),,0.20%,0.30%,0.30%,
16:00,US,Nonfarm Payrolls (Oct),,150K,180K,297K,
16:00,US,Unemployment Rate (Oct),,3.90%,3.80%,3.80%,
17:15,US,S&P Global Services PMI (Oct),,50.6,50.9,50.1,
17:30,US,ISM Non-Manufacturing PMI (Oct),,51.8,53,53.6,
17:30,US,ISM Non-Manufacturing Prices (Oct),,58.6,56.6,58.9,
"Wednesday, November 8, 2023",,,,,,,
17:45,US,Fed Chair Powell Speaks,,,,,
21:30,US,10-Year Note Auction,,4.52%,,4.61%,
"Thursday, November 9, 2023",,,,,,,
17:00,US,Initial Jobless Claims,,217K,215K,220K,
21:30,US,30-Year Bond Auction,,4.77%,,4.84%,
22:30,US,Fed Chair Powell Speaks,,,,,
"Tuesday, November 14, 2023",,,,,,,
17:00,US,CPI (MoM) (Oct),,0.00%,0.10%,0.40%,
17:00,US,CPI (YoY) (Oct),,3.20%,3.30%,3.70%,
17:00,US,Core CPI (MoM) (Oct),,0.20%,0.30%,0.30%,
"Wednesday, November 15, 2023",,,,,,,
17:00,US,Core Retail Sales (MoM) (Oct),,0.10%,-0.20%,0.80%,
17:00,US,Retail Sales (MoM) (Oct),,-0.10%,-0.30%,0.90%,
17:00,US,PPI (MoM) (Oct),,-0.50%,0.10%,0.40%,
18:59,US,Crude Oil Inventories,,13.869M,,0.774M,
19:00,US,Crude Oil Inventories,,3.600M,1.793M,13.869M,
"Thursday, November 16, 2023",,,,,,,
17:00,US,Philadelphia Fed Manufacturing Index (Nov),,-5.9,-9,-9,
17:00,US,Initial Jobless Claims,,231K,220K,218K,
"Friday, November 17, 2023",,,,,,,
13:30,EU,CPI (YoY) (Oct),,2.90%,2.90%,4.30%,
"Tuesday, November 21, 2023",,,,,,,
18:30,US,Existing Home Sales (Oct),,3.79M,3.90M,3.95M,
22:30,US,FOMC Meeting Minutes,,,,,
"Wednesday, November 22, 2023",,,,,,,
17:00,US,Durable Goods Orders (MoM) (Oct),,-5.40%,-3.10%,4.00%,
17:00,US,Initial Jobless Claims,,209K,225K,233K,
19:00,US,Crude Oil Inventories,,8.701M,1.160M,3.592M,
"Thursday, November 23, 2023",,,,,,,
All Day,US,United States - Thanksgiving Day,Holiday,,,,
"Friday, November 24, 2023",,,,,,,
,US,United States - Thanksgiving Day - Early close at 13:00,Holiday,,,,
18:15,US,S&P Global Services PMI (Nov),,50.8,50.4,50.6,
"Monday, November 27, 2023",,,,,,,
18:30,US,New Home Sales (Oct),,679K,721K,719K,
"Tuesday, November 28, 2023",,,,,,,
18:30,US,CB Consumer Confidence (Nov),,102,101,99.1,
"Wednesday, November 29, 2023",,,,,,,
17:00,US,GDP (QoQ) (Q3),,5.20%,4.90%,2.10%,
19:00,US,Crude Oil Inventories,,1.609M,-0.933M,8.701M,
"Thursday, November 30, 2023",,,,,,,
5:00,CN,Manufacturing PMI (Nov),,49.4,49.7,49.5,
13:30,EU,CPI (YoY) (Nov),,2.40%,2.70%,2.90%,
17:00,US,Core PCE Price Index (MoM) (Oct),,0.20%,0.20%,0.30%,
17:00,US,Core PCE Price Index (YoY) (Oct),,3.50%,3.50%,3.70%,
17:00,US,Initial Jobless Claims,,218K,220K,211K,
18:15,US,Chicago PMI (Nov),,55.8,45.4,44,
"Friday, December 1, 2023",,,,,,,
18:30,US,ISM Manufacturing Prices (Nov),,49.9,46.2,45.1,
18:30,US,ISM Manufacturing PMI (Nov),,46.7,47.6,46.7,
19:30,US,Fed Chair Powell Speaks,,,,,
22:30,US,Fed Chair Powell Speaks,,,,,
"Tuesday, December 5, 2023",,,,,,,
18:15,US,S&P Global Services PMI (Nov),,50.8,50.8,50.6,
18:30,US,ISM Non-Manufacturing Prices (Nov),,58.3,58,58.6,
18:30,US,JOLTS Job Openings (Oct),,8.733M,9.300M,9.350M,
18:30,US,ISM Non-Manufacturing PMI (Nov),,52.7,52,51.8,
"Wednesday, December 6, 2023",,,,,,,
16:45,US,ADP Nonfarm Employment Change (Nov),,103K,130K,106K,
19:00,US,Crude Oil Inventories,,-4.632M,-1.354M,1.609M,
"Thursday, December 7, 2023",,,,,,,
17:00,US,Initial Jobless Claims,,220K,222K,219K,
"Friday, December 8, 2023",,,,,,,
17:00,US,Nonfarm Payrolls (Nov),,199K,180K,150K,
17:00,US,Average Hourly Earnings (MoM) (Nov),,0.40%,0.30%,0.20%,
17:00,US,Unemployment Rate (Nov),,3.70%,3.90%,3.90%,
"Monday, December 11, 2023",,,,,,,
21:30,US,10-Year Note Auction,,4.30%,,4.52%,
"Tuesday, December 12, 2023",,,,,,,
17:00,US,CPI (MoM) (Nov),,0.10%,0.00%,0.10%,
17:00,US,Core CPI (MoM) (Nov),,0.30%,0.30%,0.20%,
17:00,US,CPI (YoY) (Nov),,3.10%,3.10%,3.20%,
21:30,US,30-Year Bond Auction,,4.34%,,4.77%,
"Wednesday, December 13, 2023",,,,,,,
17:00,US,PPI (MoM) (Nov),,0.00%,0.10%,-0.40%,
19:00,US,Crude Oil Inventories,,-4.259M,-0.650M,-4.632M,
22:30,US,Fed Interest Rate Decision,,5.50%,5.50%,5.50%,
22:30,US,FOMC Economic Projections,,,,,
22:30,US,FOMC Statement,,,,,
23:00,US,FOMC Press Conference,,,,,
"Thursday, December 14, 2023",,,,,,,
16:45,EU,Deposit Facility Rate (Dec),,4.00%,4.00%,4.00%,
16:45,EU,ECB Interest Rate Decision (Dec),,4.50%,4.50%,4.50%,
17:00,US,Retail Sales (MoM) (Nov),,0.30%,-0.10%,-0.20%,
17:00,US,Core Retail Sales (MoM) (Nov),,0.20%,-0.10%,0.00%,
17:00,US,Initial Jobless Claims,,202K,220K,221K,
17:15,EU,ECB Press Conference,,,,,
"Friday, December 15, 2023",,,,,,,
18:15,US,S&P Global Services PMI (Dec),,51.3,50.6,50.8,
"Tuesday, December 19, 2023",,,,,,,
13:30,EU,CPI (YoY) (Nov),,2.40%,2.40%,2.90%,
"Wednesday, December 20, 2023",,,,,,,
18:30,US,Existing Home Sales (Nov),,3.82M,3.78M,3.79M,
18:30,US,CB Consumer Confidence (Dec),,110.7,103.8,101,
19:00,US,Crude Oil Inventories,,2.909M,-2.283M,-4.259M,
"Thursday, December 21, 2023",,,,,,,
17:00,US,GDP (QoQ) (Q3),,4.90%,5.20%,2.10%,
17:00,US,Philadelphia Fed Manufacturing Index (Dec),,-10.5,-3,-5.9,
17:00,US,Initial Jobless Claims,,205K,214K,203K,
"Friday, December 22, 2023",,,,,,,
17:00,US,Durable Goods Orders (MoM) (Nov),,5.40%,1.70%,-5.10%,
17:00,US,Core PCE Price Index (MoM) (Nov),,0.10%,0.20%,0.10%,
17:00,US,Core PCE Price Index (YoY) (Nov),,3.20%,3.30%,3.40%,
18:30,US,New Home Sales (Nov),,590K,695K,672K,
"Monday, December 25, 2023",,,,,,,
All Day,US,United States - Christmas,Holiday,,,,
"Thursday, December 28, 2023",,,,,,,
17:00,US,Initial Jobless Claims,,218K,210K,206K,
19:30,US,Crude Oil Inventories,,-7.114M,-2.704M,2.909M,
"Friday, December 29, 2023",,,,,,,
18:15,US,Chicago PMI (Dec),,46.9,51,55.8,
"Sunday, December 31, 2023",,,,,,,
5:00,CN,Manufacturing PMI (Dec),,49,49.5,49.4,
"Monday, January 1, 2024",,,,,,,
All Day,CN,China - New Year's Day,Holiday,,,,
All Day,US,United States - New Year's Day,Holiday,,,,
"Wednesday, January 3, 2024",,,,,,,
18:30,US,ISM Manufacturing Prices (Dec),,45.2,47.5,49.9,
18:30,US,JOLTS Job Openings (Nov),,8.790M,8.850M,8.852M,
18:30,US,ISM Manufacturing PMI (Dec),,47.4,47.1,46.7,
22:30,US,FOMC Meeting Minutes,,,,,
"Thursday, January 4, 2024",,,,,,,
16:45,US,ADP Nonfarm Employment Change (Dec),,164K,115K,101K,
17:00,US,Initial Jobless Claims,,202K,216K,220K,
18:15,US,S&P Global Services PMI (Dec),,51.4,51.3,50.8,
19:30,US,Crude Oil Inventories,,-5.503M,-3.725M,-7.114M,
"Friday, January 5, 2024",,,,,,,
13:30,EU,CPI (YoY) (Dec),,2.90%,3.00%,2.40%,
17:00,US,Average Hourly Earnings (MoM) (Dec),,0.40%,0.30%,0.40%,
17:00,US,Nonfarm Payrolls (Dec),,216K,170K,182K,
17:00,US,Unemployment Rate (Dec),,3.70%,3.80%,3.70%,
18:30,US,ISM Non-Manufacturing Prices (Dec),,57.4,57.3,58.3,
18:30,US,ISM Non-Manufacturing PMI (Dec),,50.6,52.6,52.7,
"Wednesday, January 10, 2024",,,,,,,
19:00,US,Crude Oil Inventories,,1.338M,-0.675M,-5.503M,
21:30,US,10-Year Note Auction,,4.02%,,4.30%,
"Thursday, January 11, 2024",,,,,,,
17:00,US,CPI (MoM) (Dec),,0.30%,0.20%,0.20%,
17:00,US,CPI (YoY) (Dec),,3.40%,3.20%,3.10%,
17:00,US,Core CPI (MoM) (Dec),,0.30%,0.30%,0.30%,
17:00,US,Initial Jobless Claims,,202K,210K,203K,
21:30,US,30-Year Bond Auction,,4.23%,,4.34%,
"Friday, January 12, 2024",,,,,,,
17:00,US,PPI (MoM) (Dec),,-0.10%,0.10%,-0.10%,
"Monday, January 15, 2024",,,,,,,
All Day,US,"United States - Martin Luther King, Jr. Day",Holiday,,,,
"Wednesday, January 17, 2024",,,,,,,
5:30,CN,GDP (YoY) (Q4),,5.20%,5.30%,4.90%,
13:30,EU,CPI (YoY) (Dec),,2.90%,2.90%,2.40%,
17:00,US,Retail Sales (MoM) (Dec),,0.60%,0.40%,0.30%,
17:00,US,Core Retail Sales (MoM) (Dec),,0.40%,0.20%,0.20%,
"Thursday, January 18, 2024",,,,,,,
17:00,US,Philadelphia Fed Manufacturing Index (Jan),,-10.6,-7,-12.8,
17:00,US,Initial Jobless Claims,,187K,207K,203K,
19:30,US,Crude Oil Inventories,,-2.492M,-0.313M,1.338M,
"Friday, January 19, 2024",,,,,,,
18:30,US,Existing Home Sales (Dec),,3.78M,3.82M,3.82M,
"Wednesday, January 24, 2024",,,,,,,
18:15,US,S&P Global Services PMI (Jan),,52.9,51,51.4,
19:00,US,Crude Oil Inventories,,-9.233M,-2.150M,-2.492M,
"Thursday, January 25, 2024",,,,,,,
16:45,EU,ECB Interest Rate Decision (Jan),,4.50%,4.50%,4.50%,
16:45,EU,Deposit Facility Rate (Jan),,4.00%,4.00%,4.00%,
17:00,US,GDP (QoQ) (Q4),,3.30%,2.00%,4.90%,
17:00,US,Durable Goods Orders (MoM) (Dec),,0.00%,1.10%,5.50%,
17:00,US,Initial Jobless Claims,,214K,200K,189K,
17:15,EU,ECB Press Conference,,,,,
18:30,US,New Home Sales (Dec),,664K,645K,615K,
"Friday, January 26, 2024",,,,,,,
17:00,US,Core PCE Price Index (MoM) (Dec),,0.20%,0.20%,0.10%,
17:00,US,Core PCE Price Index (YoY) (Dec),,2.90%,3.00%,3.20%,
"Tuesday, January 30, 2024",,,,,,,
18:30,US,JOLTS Job Openings (Dec),,9.026M,8.750M,8.925M,
18:30,US,CB Consumer Confidence (Jan),,114.8,114.2,108,
"Wednesday, January 31, 2024",,,,,,,
5:00,CN,Manufacturing PMI (Jan),,49.2,49.2,49,
16:45,US,ADP Nonfarm Employment Change (Jan),,107K,145K,158K,
18:15,US,Chicago PMI (Jan),,46,48,47.2,
19:00,US,Crude Oil Inventories,,1.234M,-0.217M,-9.233M,
22:30,US,Fed Interest Rate Decision,,5.50%,5.50%,5.50%,
22:30,US,FOMC Statement,,,,,
23:00,US,FOMC Press Conference,,,,,
"Thursday, February 1, 2024",,,,,,,
13:30,EU,CPI (YoY) (Jan),,2.80%,2.70%,2.90%,
17:00,US,Initial Jobless Claims,,224K,213K,215K,
18:30,US,ISM Manufacturing PMI (Jan),,49.1,47.2,47.1,
18:30,US,ISM Manufacturing Prices (Jan),,52.9,46,45.2,
"Friday, February 2, 2024",,,,,,,
17:00,US,Nonfarm Payrolls (Jan),,353K,187K,290K,
17:00,US,Unemployment Rate (Jan),,3.70%,3.80%,3.70%,
17:00,US,Average Hourly Earnings (MoM) (Jan),,0.60%,0.30%,0.40%,
"Monday, February 5, 2024",,,,,,,
3:30,US,Fed Chair Powell Speaks,,,,,
18:15,US,S&P Global Services PMI (Jan),,52.5,52.9,51.4,
18:30,US,ISM Non-Manufacturing PMI (Jan),,53.4,52,50.5,
18:30,US,ISM Non-Manufacturing Prices (Jan),,64,56.5,57.4,
"Wednesday, February 7, 2024",,,,,,,
19:00,US,Crude Oil Inventories,,5.520M,1.700M,1.234M,
21:30,US,10-Year Note Auction,,4.09%,,4.02%,
"Thursday, February 8, 2024",,,,,,,
17:00,US,Initial Jobless Claims,,218K,221K,227K,
21:30,US,30-Year Bond Auction,,4.36%,,4.23%,
"Friday, February 9, 2024",,,,,,,
All Day,CN,China - Chinese New Year,Holiday,,,,
"Saturday, February 10, 2024",,,,,,,
All Day,CN,China - Chinese New Year,Holiday,,,,
"Sunday, February 11, 2024",,,,,,,
All Day,CN,China - Chinese New Year,Holiday,,,,
"Monday, February 12, 2024",,,,,,,
All Day,CN,China - Chinese New Year,Holiday,,,,
"Tuesday, February 13, 2024",,,,,,,
All Day,CN,China - Chinese New Year,Holiday,,,,
17:00,US,CPI (MoM) (Jan),,0.30%,0.20%,0.20%,
17:00,US,Core CPI (MoM) (Jan),,0.40%,0.30%,0.30%,
17:00,US,CPI (YoY) (Jan),,3.10%,2.90%,3.40%,
"Wednesday, February 14, 2024",,,,,,,
All Day,CN,China - Chinese New Year,Holiday,,,,
19:00,US,Crude Oil Inventories,,12.018M,3.300M,5.521M,
"Thursday, February 15, 2024",,,,,,,
All Day,CN,China - Chinese New Year,Holiday,,,,
17:00,US,Core Retail Sales (MoM) (Jan),,-0.60%,0.20%,0.40%,
17:00,US,Retail Sales (MoM) (Jan),,-0.80%,-0.20%,0.40%,
17:00,US,Philadelphia Fed Manufacturing Index (Feb),,5.2,-8,-10.6,
17:00,US,Initial Jobless Claims,,212K,219K,220K,
"Friday, February 16, 2024",,,,,,,
All Day,CN,China - Chinese New Year,Holiday,,,,
17:00,US,PPI (MoM) (Jan),,0.30%,0.10%,-0.10%,
"Monday, February 19, 2024",,,,,,,
All Day,US,United States - Washington's Birthday,Holiday,,,,
"Wednesday, February 21, 2024",,,,,,,
22:30,US,FOMC Meeting Minutes,,,,,
"Thursday, February 22, 2024",,,,,,,
13:30,EU,CPI (YoY) (Jan),,2.80%,2.80%,2.90%,
17:00,US,Initial Jobless Claims,,201K,217K,213K,
18:15,US,S&P Global Services PMI (Feb),,51.3,52.4,52.5,
18:30,US,Existing Home Sales (Jan),,4.00M,3.96M,3.88M,
19:30,US,Crude Oil Inventories,,3.514M,3.879M,12.018M,
"Monday, February 26, 2024",,,,,,,
18:30,US,New Home Sales (Jan),,661K,680K,651K,
"Tuesday, February 27, 2024",,,,,,,
17:00,US,Durable Goods Orders (MoM) (Jan),,-6.10%,-4.90%,-0.30%,
18:30,US,CB Consumer Confidence (Feb),,106.7,114.8,110.9,
"Wednesday, February 28, 2024",,,,,,,
17:00,US,GDP (QoQ) (Q4),,3.20%,3.30%,4.90%,
19:00,US,Crude Oil Inventories,,4.199M,3.100M,3.514M,
"Thursday, February 29, 2024",,,,,,,
17:00,US,Core PCE Price Index (YoY) (Jan),,2.80%,2.80%,2.90%,
17:00,US,Core PCE Price Index (MoM) (Jan),,0.40%,0.40%,0.10%,
17:00,US,Initial Jobless Claims,,215K,209K,202K,
18:15,US,Chicago PMI (Feb),,44,48.1,46,
"Friday, March 1, 2024",,,,,,,
5:00,CN,Manufacturing PMI (Feb),,49.1,49.1,49.2,
13:30,EU,CPI (YoY) (Feb),,2.60%,2.50%,2.80%,
18:30,US,ISM Manufacturing PMI (Feb),,47.8,49.5,49.1,
18:30,US,ISM Manufacturing Prices (Feb),,52.5,53.5,52.9,
18:30,US,Fed Monetary Policy Report,,,,,
"Tuesday, March 5, 2024",,,,,,,
18:15,US,S&P Global Services PMI (Feb),,52.3,51.3,52.5,
18:30,US,ISM Non-Manufacturing PMI (Feb),,52.6,53,53.4,
18:30,US,ISM Non-Manufacturing Prices (Feb),,58.6,62,64,
"Wednesday, March 6, 2024",,,,,,,
16:45,US,ADP Nonfarm Employment Change (Feb),,140K,149K,111K,
18:30,US,JOLTS Job Openings (Jan),,8.863M,8.800M,8.889M,
18:30,US,Fed Chair Powell Testifies,,,,,
19:00,US,Crude Oil Inventories,,1.367M,2.400M,4.199M,
"Thursday, March 7, 2024",,,,,,,
16:45,EU,ECB Interest Rate Decision (Mar),,4.50%,4.50%,4.50%,
16:45,EU,Deposit Facility Rate (Mar),,4.00%,4.00%,4.00%,
17:00,US,Initial Jobless Claims,,217K,217K,217K,
17:15,EU,ECB Press Conference,,,,,
18:30,US,Fed Chair Powell Testifies,,,,,
"Friday, March 8, 2024",,,,,,,
5:30,US,U.S. President Biden Speaks,,,,,
17:00,US,Average Hourly Earnings (MoM) (Feb),,0.10%,0.20%,0.50%,
17:00,US,Nonfarm Payrolls (Feb),,275K,198K,256K,
17:00,US,Unemployment Rate (Feb),,3.90%,3.70%,3.70%,
"Tuesday, March 12, 2024",,,,,,,
16:00,US,CPI (MoM) (Feb),,0.40%,0.40%,0.30%,
16:00,US,Core CPI (MoM) (Feb),,0.40%,0.30%,0.40%,
16:00,US,CPI (YoY) (Feb),,3.20%,3.10%,3.10%,
20:30,US,10-Year Note Auction,,4.17%,,4.09%,
"Wednesday, March 13, 2024",,,,,,,
18:00,US,Crude Oil Inventories,,-1.536M,0.900M,1.367M,
20:30,US,30-Year Bond Auction,,4.33%,,4.36%,
"Thursday, March 14, 2024",,,,,,,
16:00,US,Retail Sales (MoM) (Feb),,0.60%,0.80%,-1.10%,
16:00,US,Core Retail Sales (MoM) (Feb),,0.30%,0.50%,-0.80%,
16:00,US,PPI (MoM) (Feb),,0.60%,0.30%,0.30%,
16:00,US,Initial Jobless Claims,,209K,218K,210K,
"Monday, March 18, 2024",,,,,,,
13:30,EU,CPI (YoY) (Feb),,2.60%,2.60%,2.80%,
"Wednesday, March 20, 2024",,,,,,,
18:00,US,Crude Oil Inventories,,-1.952M,-0.900M,-1.536M,
21:30,US,Fed Interest Rate Decision,,5.50%,5.50%,5.50%,
21:30,US,FOMC Economic Projections,,,,,
21:30,US,FOMC Statement,,,,,
22:00,US,FOMC Press Conference,,,,,
"Thursday, March 21, 2024",,,,,,,
16:00,US,Philadelphia Fed Manufacturing Index (Mar),,3.2,-2.6,5.2,
16:00,US,Initial Jobless Claims,,210K,212K,212K,
17:15,US,S&P Global Services PMI (Mar),,51.7,52,52.3,
17:30,US,Existing Home Sales (Feb),,4.38M,3.95M,4.00M,
"Friday, March 22, 2024",,,,,,,
16:30,US,Fed Chair Powell Speaks,,,,,
"Monday, March 25, 2024",,,,,,,
17:30,US,New Home Sales (Feb),,662K,675K,664K,
"Tuesday, March 26, 2024",,,,,,,
16:00,US,Durable Goods Orders (MoM) (Feb),,1.40%,1.20%,-6.90%,
17:30,US,CB Consumer Confidence (Mar),,104.7,106.9,104.8,
"Wednesday, March 27, 2024",,,,,,,
18:00,US,Crude Oil Inventories,,3.165M,-0.700M,-1.952M,
"Thursday, March 28, 2024",,,,,,,
16:00,US,GDP (QoQ) (Q4),,3.40%,3.20%,4.90%,
16:00,US,Initial Jobless Claims,,210K,212K,212K,
17:15,US,Chicago PMI (Mar),,41.4,45.9,44,
"Friday, March 29, 2024",,,,,,,
All Day,US,United States - Good Friday,Holiday,,,,
16:00,US,Core PCE Price Index (MoM) (Feb),,0.30%,0.30%,0.50%,
16:00,US,Core PCE Price Index (YoY) (Feb),,2.80%,2.80%,2.90%,
19:00,US,Fed Chair Powell Speaks,,,,,
"Sunday, March 31, 2024",,,,,,,
5:00,CN,Manufacturing PMI (Mar),,50.8,50.1,49.1,
"Monday, April 1, 2024",,,,,,,
17:30,US,ISM Manufacturing PMI (Mar),,50.3,48.5,47.8,
17:30,US,ISM Manufacturing Prices (Mar),,55.8,53.3,52.5,
"Tuesday, April 2, 2024",,,,,,,
17:30,US,JOLTS Job Openings (Feb),,8.756M,8.760M,8.748M,
"Wednesday, April 3, 2024",,,,,,,
12:30,EU,CPI (YoY) (Mar),,2.40%,2.50%,2.60%,
15:45,US,ADP Nonfarm Employment Change (Mar),,184K,148K,155K,
17:15,US,S&P Global Services PMI (Mar),,51.7,51.7,52.3,
17:30,US,ISM Non-Manufacturing Prices (Mar),,53.4,58.4,58.6,
17:30,US,ISM Non-Manufacturing PMI (Mar),,51.4,52.8,52.6,
18:00,US,Crude Oil Inventories,,3.210M,-0.300M,3.165M,
19:40,US,Fed Chair Powell Speaks,,,,,
"Thursday, April 4, 2024",,,,,,,
All Day,CN,China - Ching Ming Festival,Holiday,,,,
16:00,US,Initial Jobless Claims,,221K,213K,212K,
"Friday, April 5, 2024",,,,,,,
All Day,CN,China - Ching Ming Festival,Holiday,,,,
16:00,US,Average Hourly Earnings (MoM) (Mar),,0.30%,0.30%,0.20%,
16:00,US,Nonfarm Payrolls (Mar),,303K,212K,236K,
16:00,US,Unemployment Rate (Mar),,3.80%,3.90%,3.90%,
"Wednesday, April 10, 2024",,,,,,,
16:00,US,CPI (MoM) (Mar),,0.40%,0.30%,0.40%,
16:00,US,CPI (YoY) (Mar),,3.50%,3.40%,3.20%,
16:00,US,Core CPI (MoM) (Mar),,0.40%,0.30%,0.40%,
18:00,US,Crude Oil Inventories,,5.841M,0.900M,3.210M,
20:30,US,10-Year Note Auction,,4.56%,,4.17%,
21:30,US,FOMC Meeting Minutes,,,,,
"Thursday, April 11, 2024",,,,,,,
15:45,EU,ECB Interest Rate Decision (Apr),,4.50%,4.50%,4.50%,
15:45,EU,Deposit Facility Rate (Apr),,4.00%,4.00%,4.00%,
16:00,US,PPI (MoM) (Mar),,0.20%,0.30%,0.60%,
16:00,US,Initial Jobless Claims,,211K,216K,222K,
16:15,EU,ECB Press Conference,,,,,
20:30,US,30-Year Bond Auction,,4.67%,,4.33%,
"Monday, April 15, 2024",,,,,,,
16:00,US,Retail Sales (MoM) (Mar),,0.70%,0.40%,0.90%,
16:00,US,Core Retail Sales (MoM) (Mar),,1.10%,0.50%,0.60%,
"Tuesday, April 16, 2024",,,,,,,
5:30,CN,GDP (YoY) (Q1),,5.30%,4.80%,5.20%,
20:45,US,Fed Chair Powell Speaks,,,,,
"Wednesday, April 17, 2024",,,,,,,
12:30,EU,CPI (YoY) (Mar),,2.40%,2.40%,2.60%,
18:00,US,Crude Oil Inventories,,2.735M,1.600M,5.841M,
"Thursday, April 18, 2024",,,,,,,
16:00,US,Philadelphia Fed Manufacturing Index (Apr),,15.5,1.5,3.2,
16:00,US,Initial Jobless Claims,,212K,215K,212K,
17:30,US,Existing Home Sales (Mar),,4.19M,4.20M,4.38M,
"Tuesday, April 23, 2024",,,,,,,
17:15,US,S&P Global Services PMI (Apr),,50.9,52,51.7,
17:30,US,New Home Sales (Mar),,693K,668K,637K,
"Wednesday, April 24, 2024",,,,,,,
16:00,US,Durable Goods Orders (MoM) (Mar),,2.60%,2.50%,0.70%,
18:00,US,Crude Oil Inventories,,-6.368M,1.600M,2.735M,
"Thursday, April 25, 2024",,,,,,,
16:00,US,GDP (QoQ) (Q1),,1.60%,2.50%,3.40%,
16:00,US,Initial Jobless Claims,,207K,214K,212K,
"Friday, April 26, 2024",,,,,,,
16:00,US,Core PCE Price Index (MoM) (Mar),,0.30%,0.30%,0.30%,
16:00,US,Core PCE Price Index (YoY) (Mar),,2.80%,2.60%,2.80%,
"Tuesday, April 30, 2024",,,,,,,
5:00,CN,Manufacturing PMI (Apr),,50.4,50.3,50.8,
12:30,EU,CPI (YoY) (Apr),,2.40%,2.40%,2.40%,
17:15,US,Chicago PMI (Apr),,37.9,44.9,41.4,
17:30,US,CB Consumer Confidence (Apr),,97,104,103.1,
"Wednesday, May 1, 2024",,,,,,,
All Day,CN,China - Labor Day,Holiday,,,,
15:45,US,ADP Nonfarm Employment Change (Apr),,192K,179K,208K,
17:30,US,JOLTS Job Openings (Mar),,8.488M,8.680M,8.813M,
17:30,US,ISM Manufacturing Prices (Apr),,60.9,55.5,55.8,
17:30,US,ISM Manufacturing PMI (Apr),,49.2,50,50.3,
18:00,US,Crude Oil Inventories,,7.265M,-2.300M,-6.368M,
21:30,US,Fed Interest Rate Decision,,5.50%,5.50%,5.50%,
21:30,US,FOMC Statement,,,,,
22:00,US,FOMC Press Conference,,,,,
"Thursday, May 2, 2024",,,,,,,
All Day,CN,China - Labor Day,Holiday,,,,
16:00,US,Initial Jobless Claims,,208K,212K,208K,
"Friday, May 3, 2024",,,,,,,
All Day,CN,China - Labor Day,Holiday,,,,
16:00,US,Nonfarm Payrolls (Apr),,175K,238K,310K,
16:00,US,Unemployment Rate (Apr),,3.90%,3.80%,3.80%,
16:00,US,Average Hourly Earnings (MoM) (Apr),,0.20%,0.30%,0.30%,
17:15,US,S&P Global Services PMI (Apr),,51.3,50.9,51.7,
17:30,US,ISM Non-Manufacturing PMI (Apr),,49.4,52,51.4,
17:30,US,ISM Non-Manufacturing Prices (Apr),,59.2,55,53.4,
"Wednesday, May 8, 2024",,,,,,,
18:00,US,Crude Oil Inventories,,-1.362M,-1.430M,7.265M,
20:30,US,10-Year Note Auction,,4.48%,,4.56%,
"Thursday, May 9, 2024",,,,,,,
16:00,US,Initial Jobless Claims,,231K,212K,209K,
20:30,US,30-Year Bond Auction,,4.64%,,4.67%,
"Tuesday, May 14, 2024",,,,,,,
16:00,US,PPI (MoM) (Apr),,0.50%,0.30%,-0.10%,
17:30,US,Fed Chair Powell Speaks,,,,,
"Wednesday, May 15, 2024",,,,,,,
16:00,US,Core Retail Sales (MoM) (Apr),,0.20%,0.20%,0.90%,
16:00,US,Retail Sales (MoM) (Apr),,0.00%,0.40%,0.60%,
16:00,US,CPI (MoM) (Apr),,0.30%,0.40%,0.40%,
16:00,US,Core CPI (MoM) (Apr),,0.30%,0.30%,0.40%,
16:00,US,CPI (YoY) (Apr),,3.40%,3.40%,3.50%,
18:00,US,Crude Oil Inventories,,-2.508M,-0.400M,-1.362M,
"Thursday, May 16, 2024",,,,,,,
16:00,US,Philadelphia Fed Manufacturing Index (May),,4.5,7.7,15.5,
16:00,US,Initial Jobless Claims,,222K,219K,232K,
"Friday, May 17, 2024",,,,,,,
12:30,EU,CPI (YoY) (Apr),,2.40%,2.40%,2.40%,
"Sunday, May 19, 2024",,,,,,,
23:00,US,Fed Chair Powell Speaks,,,,,
"Wednesday, May 22, 2024",,,,,,,
17:30,US,Existing Home Sales (Apr),,4.14M,4.21M,4.22M,
18:00,US,Crude Oil Inventories,,1.825M,-2.400M,-2.508M,
21:30,US,FOMC Meeting Minutes,,,,,
"Thursday, May 23, 2024",,,,,,,
16:00,US,Initial Jobless Claims,,215K,220K,223K,
17:15,US,S&P Global Services PMI (May),,54.8,51.2,51.3,
17:30,US,New Home Sales (Apr),,634K,677K,665K,
"Friday, May 24, 2024",,,,,,,
16:00,US,Durable Goods Orders (MoM) (Apr),,0.70%,-0.90%,0.80%,
"Monday, May 27, 2024",,,,,,,
All Day,US,United States - Memorial Day,Holiday,,,,
"Tuesday, May 28, 2024",,,,,,,
17:30,US,CB Consumer Confidence (May),,102,96,97.5,
"Thursday, May 30, 2024",,,,,,,
16:00,US,GDP (QoQ) (Q1),,1.30%,1.60%,3.40%,
16:00,US,Initial Jobless Claims,,219K,218K,216K,
18:30,US,Crude Oil Inventories,,-4.156M,-1.600M,1.825M,
"Friday, May 31, 2024",,,,,,,
5:00,CN,Manufacturing PMI (May),,49.5,50.5,50.4,
12:30,EU,CPI (YoY) (May),,2.60%,2.50%,2.40%,
16:00,US,Core PCE Price Index (MoM) (Apr),,0.20%,0.30%,0.30%,
16:00,US,Core PCE Price Index (YoY) (Apr),,2.80%,2.80%,2.80%,
17:15,US,Chicago PMI (May),,35.4,41.1,37.9,
"Monday, June 3, 2024",,,,,,,
17:30,US,ISM Manufacturing PMI (May),,48.7,49.8,49.2,
17:30,US,ISM Manufacturing Prices (May),,57,60,60.9,
"Tuesday, June 4, 2024",,,,,,,
17:30,US,JOLTS Job Openings (Apr),,8.059M,8.370M,8.355M,
"Wednesday, June 5, 2024",,,,,,,
15:45,US,ADP Nonfarm Employment Change (May),,152K,173K,188K,
17:15,US,S&P Global Services PMI (May),,54.8,54.8,51.3,
17:30,US,ISM Non-Manufacturing PMI (May),,53.8,51,49.4,
17:30,US,ISM Non-Manufacturing Prices (May),,58.1,59,59.2,
18:00,US,Crude Oil Inventories,,1.233M,-2.100M,-4.156M,
"Thursday, June 6, 2024",,,,,,,
15:45,EU,ECB Interest Rate Decision (Jun),,4.25%,4.25%,4.50%,
15:45,EU,Deposit Facility Rate (Jun),,3.75%,3.75%,4.00%,
16:00,US,Initial Jobless Claims,,229K,220K,221K,
16:15,EU,ECB Press Conference,,,,,
"Friday, June 7, 2024",,,,,,,
16:00,US,Average Hourly Earnings (MoM) (May),,0.40%,0.30%,0.20%,
16:00,US,Nonfarm Payrolls (May),,272K,182K,108K,
16:00,US,Unemployment Rate (May),,4.00%,3.90%,3.90%,
"Monday, June 10, 2024",,,,,,,
All Day,CN,China - Dragon Boat Festival,Holiday,,,,
"Tuesday, June 11, 2024",,,,,,,
20:30,US,10-Year Note Auction,,4.44%,,4.48%,
"Wednesday, June 12, 2024",,,,,,,
16:00,US,CPI (MoM) (May),,0.00%,0.10%,0.30%,
16:00,US,CPI (YoY) (May),,3.30%,3.40%,3.40%,
16:00,US,Core CPI (MoM) (May),,0.20%,0.30%,0.30%,
18:00,US,Crude Oil Inventories,,3.730M,-1.200M,1.233M,
21:30,US,Fed Interest Rate Decision,,5.50%,5.50%,5.50%,
21:30,US,FOMC Economic Projections,,,,,
21:30,US,FOMC Statement,,,,,
22:00,US,FOMC Press Conference,,,,,
"Thursday, June 13, 2024",,,,,,,
16:00,US,PPI (MoM) (May),,-0.20%,0.10%,0.50%,
16:00,US,Initial Jobless Claims,,242K,225K,229K,
20:30,US,30-Year Bond Auction,,4.40%,,4.64%,
"Tuesday, June 18, 2024",,,,,,,
12:30,EU,CPI (YoY) (May),,2.60%,2.60%,2.40%,
16:00,US,Core Retail Sales (MoM) (May),,-0.10%,0.20%,-0.10%,
16:00,US,Retail Sales (MoM) (May),,0.10%,0.30%,-0.20%,
"Wednesday, June 19, 2024",,,,,,,
All Day,US,United States - Juneteenth,Holiday,,,,
"Thursday, June 20, 2024",,,,,,,
16:00,US,Philadelphia Fed Manufacturing Index (Jun),,1.3,4.8,4.5,
16:00,US,Initial Jobless Claims,,238K,235K,243K,
18:30,US,Crude Oil Inventories,,-2.547M,-2.800M,3.730M,
"Friday, June 21, 2024",,,,,,,
17:15,US,S&P Global Services PMI (Jun),,55.1,53.4,54.8,
17:30,US,Existing Home Sales (May),,4.11M,4.08M,4.14M,
"Tuesday, June 25, 2024",,,,,,,
17:30,US,CB Consumer Confidence (Jun),,100.4,100,101.3,
"Wednesday, June 26, 2024",,,,,,,
17:30,US,New Home Sales (May),,619K,636K,698K,
18:00,US,Crude Oil Inventories,,3.591M,-2.600M,-2.547M,
"Thursday, June 27, 2024",,,,,,,
16:00,US,GDP (QoQ) (Q1),,1.40%,1.30%,3.40%,
16:00,US,Durable Goods Orders (MoM) (May),,0.10%,-0.50%,0.20%,
16:00,US,Initial Jobless Claims,,233K,236K,239K,
"Friday, June 28, 2024",,,,,,,
4:30,US,U.S. President Biden Speaks,,,,,
16:00,US,Core PCE Price Index (MoM) (May),,0.10%,0.10%,0.30%,
16:00,US,Core PCE Price Index (YoY) (May),,2.60%,2.60%,2.80%,
17:15,US,Chicago PMI (Jun),,47.4,39.7,35.4,
"Sunday, June 30, 2024",,,,,,,
5:00,CN,Manufacturing PMI (Jun),,49.5,49.5,49.5,
"Monday, July 1, 2024",,,,,,,
17:30,US,ISM Manufacturing PMI (Jun),,48.5,49.2,48.7,
17:30,US,ISM Manufacturing Prices (Jun),,52.1,55.8,57,
"Tuesday, July 2, 2024",,,,,,,
12:30,EU,CPI (YoY) (Jun),,2.50%,2.50%,2.60%,
17:00,US,Fed Chair Powell Speaks,,,,,
17:30,US,JOLTS Job Openings (May),,8.140M,7.960M,7.919M,
"Wednesday, July 3, 2024",,,,,,,
,US,United States - Independence Day - Early close at 13:00,Holiday,,,,
15:45,US,ADP Nonfarm Employment Change (Jun),,150K,163K,157K,
16:00,US,Initial Jobless Claims,,238K,234K,234K,
17:15,US,S&P Global Services PMI (Jun),,55.3,55.1,54.8,
17:30,US,ISM Non-Manufacturing Prices (Jun),,56.3,56.7,58.1,
17:30,US,ISM Non-Manufacturing PMI (Jun),,48.8,52.6,53.8,
18:00,US,Crude Oil Inventories,,-12.157M,-0.400M,3.591M,
21:30,US,FOMC Meeting Minutes,,,,,
"Thursday, July 4, 2024",,,,,,,
All Day,US,United States - Independence Day,Holiday,,,,
"Friday, July 5, 2024",,,,,,,
16:00,US,Average Hourly Earnings (MoM) (Jun),,0.30%,0.30%,0.40%,
16:00,US,Nonfarm Payrolls (Jun),,206K,191K,216K,
16:00,US,Unemployment Rate (Jun),,4.10%,4.00%,4.00%,
18:30,US,Fed Monetary Policy Report,,,,,
"Tuesday, July 9, 2024",,,,,,,
17:30,US,Fed Chair Powell Testifies,,,,,
"Wednesday, July 10, 2024",,,,,,,
17:30,US,Fed Chair Powell Testifies,,,,,
18:00,US,Crude Oil Inventories,,-3.443M,0.700M,-12.157M,
20:30,US,10-Year Note Auction,,4.28%,,4.44%,
"Thursday, July 11, 2024",,,,,,,
16:00,US,CPI (MoM) (Jun),,-0.10%,0.10%,0.00%,
16:00,US,CPI (YoY) (Jun),,3.00%,3.10%,3.30%,
16:00,US,Core CPI (MoM) (Jun),,0.10%,0.20%,0.20%,
16:00,US,Initial Jobless Claims,,222K,236K,239K,
20:30,US,30-Year Bond Auction,,4.41%,,4.40%,
"Friday, July 12, 2024",,,,,,,
16:00,US,PPI (MoM) (Jun),,0.20%,0.10%,0.00%,
"Monday, July 15, 2024",,,,,,,
5:30,CN,GDP (YoY) (Q2),,4.70%,5.10%,5.30%,
20:00,US,Fed Chair Powell Speaks,,,,,
"Tuesday, July 16, 2024",,,,,,,
16:00,US,Retail Sales (MoM) (Jun),,0.00%,-0.30%,0.30%,
16:00,US,Core Retail Sales (MoM) (Jun),,0.40%,0.10%,0.10%,
"Wednesday, July 17, 2024",,,,,,,
12:30,EU,CPI (YoY) (Jun),,2.50%,2.50%,2.60%,
18:00,US,Crude Oil Inventories,,-4.870M,-0.900M,-3.443M,
"Thursday, July 18, 2024",,,,,,,
15:45,EU,ECB Interest Rate Decision (Jul),,4.25%,4.25%,4.25%,
15:45,EU,Deposit Facility Rate (Jul),,3.75%,3.75%,3.75%,
16:00,US,Philadelphia Fed Manufacturing Index (Jul),,13.9,2.7,1.3,
16:00,US,Initial Jobless Claims,,243K,229K,223K,
16:15,EU,ECB Press Conference,,,,,
"Tuesday, July 23, 2024",,,,,,,
17:30,US,Existing Home Sales (Jun),,3.89M,3.99M,4.11M,
"Wednesday, July 24, 2024",,,,,,,
17:15,US,S&P Global Services PMI (Jul),,56,54.7,55.3,
17:30,US,New Home Sales (Jun),,617K,639K,621K,
18:00,US,Crude Oil Inventories,,-3.741M,-2.600M,-4.870M,
"Thursday, July 25, 2024",,,,,,,
3:30,US,U.S. President Biden Speaks,,,,,
16:00,US,GDP (QoQ) (Q2),,2.80%,2.00%,1.40%,
16:00,US,Durable Goods Orders (MoM) (Jun),,-6.60%,0.30%,0.10%,
16:00,US,Initial Jobless Claims,,235K,237K,245K,
"Friday, July 26, 2024",,,,,,,
16:00,US,Core PCE Price Index (MoM) (Jun),,0.20%,0.20%,0.10%,
16:00,US,Core PCE Price Index (YoY) (Jun),,2.60%,2.50%,2.60%,
"Tuesday, July 30, 2024",,,,,,,
17:30,US,JOLTS Job Openings (Jun),,8.184M,8.020M,8.230M,
17:30,US,CB Consumer Confidence (Jul),,100.3,99.7,97.8,
"Wednesday, July 31, 2024",,,,,,,
5:00,CN,Manufacturing PMI (Jul),,49.4,49.4,49.5,
12:30,EU,CPI (YoY) (Jul),,2.60%,2.50%,2.50%,
15:45,US,ADP Nonfarm Employment Change (Jul),,122K,147K,155K,
17:15,US,Chicago PMI (Jul),,45.3,44.8,47.4,
18:00,US,Crude Oil Inventories,,-3.436M,-1.600M,-3.741M,
21:30,US,Fed Interest Rate Decision,,5.50%,5.50%,5.50%,
21:30,US,FOMC Statement,,,,,
22:00,US,FOMC Press Conference,,,,,
"Thursday, August 1, 2024",,,,,,,
16:00,US,Initial Jobless Claims,,249K,236K,235K,
17:30,US,ISM Manufacturing PMI (Jul),,46.8,48.8,48.5,
17:30,US,ISM Manufacturing Prices (Jul),,52.9,51.9,52.1,
"Friday, August 2, 2024",,,,,,,
16:00,US,Nonfarm Payrolls (Jul),,114K,176K,118K,
16:00,US,Unemployment Rate (Jul),,4.30%,4.10%,4.10%,
16:00,US,Average Hourly Earnings (MoM) (Jul),,0.20%,0.30%,0.30%,
"Monday, August 5, 2024",,,,,,,
17:15,US,S&P Global Services PMI (Jul),,55,56,55.3,
17:30,US,ISM Non-Manufacturing Prices (Jul),,57,56,56.3,
17:30,US,ISM Non-Manufacturing PMI (Jul),,51.4,51.4,48.8,
"Wednesday, August 7, 2024",,,,,,,
18:00,US,Crude Oil Inventories,,-3.728M,-1.600M,-3.436M,
20:30,US,10-Year Note Auction,,3.96%,,4.28%,
"Thursday, August 8, 2024",,,,,,,
16:00,US,Initial Jobless Claims,,233K,241K,250K,
20:31,US,30-Year Bond Auction,,4.31%,,4.41%,
"Tuesday, August 13, 2024",,,,,,,
16:00,US,PPI (MoM) (Jul),,0.10%,0.20%,0.20%,
"Wednesday, August 14, 2024",,,,,,,
16:00,US,CPI (MoM) (Jul),,0.20%,0.20%,-0.10%,
16:00,US,Core CPI (MoM) (Jul),,0.20%,0.20%,0.10%,
16:00,US,CPI (YoY) (Jul),,2.90%,3.00%,3.00%,
18:00,US,Crude Oil Inventories,,1.357M,-1.900M,-3.728M,
"Thursday, August 15, 2024",,,,,,,
16:00,US,Retail Sales (MoM) (Jul),,1.00%,0.40%,-0.20%,
16:00,US,Core Retail Sales (MoM) (Jul),,0.40%,0.10%,0.50%,
16:00,US,Philadelphia Fed Manufacturing Index (Aug),,-7,5.4,13.9,
16:00,US,Initial Jobless Claims,,227K,236K,234K,
"Tuesday, August 20, 2024",,,,,,,
12:30,EU,CPI (YoY) (Jul),,2.60%,2.60%,2.50%,
"Wednesday, August 21, 2024",,,,,,,
18:00,US,Crude Oil Inventories,,-4.649M,-2.000M,1.357M,
21:30,US,FOMC Meeting Minutes,,,,,
"Thursday, August 22, 2024",,,,,,,
16:00,US,Initial Jobless Claims,,232K,232K,228K,
17:15,US,S&P Global Services PMI (Aug),,55.2,54,55,
17:30,US,Existing Home Sales (Jul),,3.95M,3.94M,3.90M,
"Friday, August 23, 2024",,,,,,,
17:30,US,New Home Sales (Jul),,739K,624K,668K,
17:30,US,Fed Chair Powell Speaks,,,,,
"Monday, August 26, 2024",,,,,,,
16:00,US,Durable Goods Orders (MoM) (Jul),,9.90%,4.00%,-6.90%,
"Tuesday, August 27, 2024",,,,,,,
17:30,US,CB Consumer Confidence (Aug),,103.3,100.9,101.9,
"Wednesday, August 28, 2024",,,,,,,
18:00,US,Crude Oil Inventories,,-0.846M,-2.700M,-4.649M,
"Thursday, August 29, 2024",,,,,,,
16:00,US,GDP (QoQ) (Q2),,3.00%,2.80%,1.40%,
16:00,US,Initial Jobless Claims,,231K,232K,233K,
"Friday, August 30, 2024",,,,,,,
12:30,EU,CPI (YoY) (Aug),,2.20%,2.20%,2.60%,
16:00,US,Core PCE Price Index (MoM) (Jul),,0.20%,0.20%,0.20%,
16:00,US,Core PCE Price Index (YoY) (Jul),,2.60%,2.70%,2.60%,
17:15,US,Chicago PMI (Aug),,46.1,45,45.3,
"Saturday, August 31, 2024",,,,,,,
5:00,CN,Manufacturing PMI (Aug),,49.1,49.5,49.4,
"Monday, September 2, 2024",,,,,,,
All Day,US,United States - Labor Day,Holiday,,,,
"Tuesday, September 3, 2024",,,,,,,
17:30,US,ISM Manufacturing PMI (Aug),,47.2,47.5,46.8,
17:30,US,ISM Manufacturing Prices (Aug),,54,52.1,52.9,
"Wednesday, September 4, 2024",,,,,,,
17:30,US,JOLTS Job Openings (Jul),,7.673M,8.090M,7.910M,
"Thursday, September 5, 2024",,,,,,,
15:45,US,ADP Nonfarm Employment Change (Aug),,99K,144K,111K,
16:00,US,Initial Jobless Claims,,227K,231K,232K,
17:15,US,S&P Global Services PMI (Aug),,55.7,55.2,55,
17:30,US,ISM Non-Manufacturing PMI (Aug),,51.5,51.3,51.4,
17:30,US,ISM Non-Manufacturing Prices (Aug),,57.3,56,57,
18:30,US,Crude Oil Inventories,,-6.873M,-0.600M,-0.846M,
"Friday, September 6, 2024",,,,,,,
16:00,US,Average Hourly Earnings (MoM) (Aug),,0.40%,0.30%,-0.10%,
16:00,US,Nonfarm Payrolls (Aug),,142K,164K,144K,
16:00,US,Unemployment Rate (Aug),,4.20%,4.20%,4.30%,
"Wednesday, September 11, 2024",,,,,,,
16:00,US,CPI (MoM) (Aug),,0.20%,0.20%,0.20%,
16:00,US,CPI (YoY) (Aug),,2.50%,2.50%,2.90%,
16:00,US,Core CPI (MoM) (Aug),,0.30%,0.20%,0.20%,
18:00,US,Crude Oil Inventories,,0.833M,0.900M,-6.873M,
20:30,US,10-Year Note Auction,,3.65%,,3.96%,
"Thursday, September 12, 2024",,,,,,,
15:45,EU,ECB Interest Rate Decision (Sep),,3.65%,3.65%,4.25%,
15:45,EU,Deposit Facility Rate (Sep),,3.50%,3.50%,3.75%,
16:00,US,PPI (MoM) (Aug),,0.20%,0.10%,0.00%,
16:00,US,Initial Jobless Claims,,230K,227K,228K,
16:15,EU,ECB Press Conference,,,,,
20:30,US,30-Year Bond Auction,,4.02%,,4.31%,
"Monday, September 16, 2024",,,,,,,
All Day,CN,China - Mid-Autumn Festival,Holiday,,,,
"Tuesday, September 17, 2024",,,,,,,
All Day,CN,China - Mid-Autumn Festival,Holiday,,,,
16:00,US,Core Retail Sales (MoM) (Aug),,0.10%,0.20%,0.40%,
16:00,US,Retail Sales (MoM) (Aug),,0.10%,-0.20%,1.10%,
"Wednesday, September 18, 2024",,,,,,,
12:30,EU,CPI (YoY) (Aug),,2.20%,2.20%,2.60%,
18:00,US,Crude Oil Inventories,,-1.630M,-0.200M,0.833M,
21:30,US,Fed Interest Rate Decision,,5.00%,5.25%,5.50%,
21:30,US,FOMC Economic Projections,,,,,
21:30,US,FOMC Statement,,,,,
22:00,US,FOMC Press Conference,,,,,
"Thursday, September 19, 2024",,,,,,,
16:00,US,Philadelphia Fed Manufacturing Index (Sep),,1.7,-0.8,-7,
16:00,US,Initial Jobless Claims,,219K,230K,231K,
17:30,US,Existing Home Sales (Aug),,3.86M,3.92M,3.96M,
"Monday, September 23, 2024",,,,,,,
17:15,US,S&P Global Services PMI (Sep),,55.4,55.3,55.7,
"Tuesday, September 24, 2024",,,,,,,
17:30,US,CB Consumer Confidence (Sep),,98.7,103.9,105.6,
"Wednesday, September 25, 2024",,,,,,,
17:30,US,New Home Sales (Aug),,716K,699K,751K,
18:00,US,Crude Oil Inventories,,-4.471M,-1.300M,-1.630M,
"Thursday, September 26, 2024",,,,,,,
16:00,US,GDP (QoQ) (Q2),,3.00%,3.00%,1.60%,
16:00,US,Durable Goods Orders (MoM) (Aug),,0.00%,-2.80%,9.90%,
16:00,US,Initial Jobless Claims,,218K,224K,222K,
16:50,US,Fed Chair Powell Speaks,,,,,
"Friday, September 27, 2024",,,,,,,
16:00,US,Core PCE Price Index (MoM) (Aug),,0.10%,0.20%,0.20%,
16:00,US,Core PCE Price Index (YoY) (Aug),,2.70%,2.70%,2.60%,
"Monday, September 30, 2024",,,,,,,
5:00,CN,Manufacturing PMI (Sep),,49.8,49.4,49.1,
17:15,US,Chicago PMI (Sep),,46.6,46.1,46.1,
21:25,US,Fed Chair Powell Speaks,,,,,
"Tuesday, October 1, 2024",,,,,,,
All Day,CN,China - National Day,Holiday,,,,
12:30,EU,CPI (YoY) (Sep),,1.80%,1.80%,2.20%,
17:30,US,JOLTS Job Openings (Aug),,8.040M,7.640M,7.711M,
17:30,US,ISM Manufacturing PMI (Sep),,47.2,47.6,47.2,
17:30,US,ISM Manufacturing Prices (Sep),,48.3,53.5,54,
"Wednesday, October 2, 2024",,,,,,,
All Day,CN,China - National Day,Holiday,,,,
15:45,US,ADP Nonfarm Employment Change (Sep),,143K,124K,103K,
18:00,US,Crude Oil Inventories,,3.889M,-1.500M,-4.471M,
"Thursday, October 3, 2024",,,,,,,
All Day,CN,China - National Day,Holiday,,,,
16:00,US,Initial Jobless Claims,,225K,222K,219K,
17:15,US,S&P Global Services PMI (Sep),,55.2,55.4,55.7,
17:30,US,ISM Non-Manufacturing PMI (Sep),,54.9,51.7,51.5,
17:30,US,ISM Non-Manufacturing Prices (Sep),,59.4,56.3,57.3,
"Friday, October 4, 2024",,,,,,,
All Day,CN,China - National Day,Holiday,,,,
16:00,US,Nonfarm Payrolls (Sep),,254K,147K,78K,
16:00,US,Unemployment Rate (Sep),,4.10%,4.20%,4.20%,
16:00,US,Average Hourly Earnings (MoM) (Sep),,0.40%,0.30%,0.50%,
"Monday, October 7, 2024",,,,,,,
All Day,CN,China - National Day,Holiday,,,,
"Wednesday, October 9, 2024",,,,,,,
18:00,US,Crude Oil Inventories,,5.810M,2.000M,3.889M,
20:30,US,10-Year Note Auction,,4.07%,,3.65%,
21:30,US,FOMC Meeting Minutes,,,,,
"Thursday, October 10, 2024",,,,,,,
16:00,US,CPI (MoM) (Sep),,0.20%,0.10%,0.20%,
16:00,US,Core CPI (MoM) (Sep),,0.30%,0.20%,0.30%,
16:00,US,CPI (YoY) (Sep),,2.40%,2.30%,2.50%,
16:00,US,Initial Jobless Claims,,258K,231K,225K,
20:30,US,30-Year Bond Auction,,4.39%,,4.02%,
"Friday, October 11, 2024",,,,,,,
16:00,US,PPI (MoM) (Sep),,0.00%,0.10%,0.20%,
"Thursday, October 17, 2024",,,,,,,
12:30,EU,CPI (YoY) (Sep),,1.70%,1.80%,2.20%,
15:45,EU,ECB Interest Rate Decision (Oct),,3.40%,3.40%,3.65%,
15:45,EU,Deposit Facility Rate (Oct),,3.25%,3.25%,3.50%,
16:00,US,Core Retail Sales (MoM) (Sep),,0.50%,0.10%,0.20%,
16:00,US,Retail Sales (MoM) (Sep),,0.40%,0.30%,0.10%,
16:00,US,Philadelphia Fed Manufacturing Index (Oct),,10.3,4.2,1.7,
16:00,US,Initial Jobless Claims,,241K,241K,260K,
16:15,EU,ECB Press Conference,,,,,
18:30,US,Crude Oil Inventories,,-2.191M,1.800M,5.810M,
"Friday, October 18, 2024",,,,,,,
5:30,CN,GDP (YoY) (Q3),,4.60%,4.60%,4.70%,
"Wednesday, October 23, 2024",,,,,,,
17:30,US,Existing Home Sales (Sep),,3.84M,3.88M,3.88M,
18:00,US,Crude Oil Inventories,,5.474M,0.800M,-2.191M,
"Thursday, October 24, 2024",,,,,,,
16:00,US,Initial Jobless Claims,,227K,243K,242K,
17:15,US,S&P Global Services PMI (Oct),,55.3,55,55.2,
17:30,US,New Home Sales (Sep),,738K,719K,709K,
"Friday, October 25, 2024",,,,,,,
16:00,US,Durable Goods Orders (MoM) (Sep),,-0.80%,-1.10%,-0.80%,
"Tuesday, October 29, 2024",,,,,,,
17:30,US,JOLTS Job Openings (Sep),,7.443M,7.980M,7.861M,
17:30,US,CB Consumer Confidence (Oct),,108.7,99.5,99.2,
"Wednesday, October 30, 2024",,,,,,,
15:45,US,ADP Nonfarm Employment Change (Oct),,233K,110K,159K,
16:00,US,GDP (QoQ) (Q3),,2.80%,3.00%,3.00%,
18:00,US,Crude Oil Inventories,,-0.515M,1.500M,5.474M,
"Thursday, October 31, 2024",,,,,,,
5:00,CN,Manufacturing PMI (Oct),,50.1,49.8,49.8,
13:30,EU,CPI (YoY) (Oct),,2.00%,1.90%,1.70%,
16:00,US,Core PCE Price Index (MoM) (Sep),,0.30%,0.30%,0.20%,
16:00,US,Core PCE Price Index (YoY) (Sep),,2.70%,2.60%,2.70%,
16:00,US,Initial Jobless Claims,,216K,229K,228K,
17:15,US,Chicago PMI (Oct),,41.6,46.9,46.6,
"Friday, November 1, 2024",,,,,,,
16:00,US,Nonfarm Payrolls (Oct),,12K,106K,255K,
16:00,US,Unemployment Rate (Oct),,4.10%,4.10%,4.10%,
16:00,US,Average Hourly Earnings (MoM) (Oct),,0.40%,0.30%,0.30%,
17:30,US,ISM Manufacturing Prices (Oct),,54.8,49.9,48.3,
17:30,US,ISM Manufacturing PMI (Oct),,46.5,47.6,47.2,
"Tuesday, November 5, 2024",,,,,,,
13:30,US,U.S. Presidential Election,,,,,
18:15,US,S&P Global Services PMI (Oct),,55,55.3,55.2,
18:30,US,ISM Non-Manufacturing Prices (Oct),,58.1,58,59.4,
18:30,US,ISM Non-Manufacturing PMI (Oct),,56,53.8,54.9,
21:30,US,10-Year Note Auction,,4.35%,,4.07%,
"Wednesday, November 6, 2024",,,,,,,
19:00,US,Crude Oil Inventories,,2.149M,0.300M,-0.515M,
21:30,US,30-Year Bond Auction,,4.61%,,4.39%,
"Thursday, November 7, 2024",,,,,,,
17:00,US,Initial Jobless Claims,,221K,223K,218K,
22:30,US,Fed Interest Rate Decision,,4.75%,4.75%,5.00%,
22:30,US,FOMC Statement,,,,,
23:00,US,FOMC Press Conference,,,,,
"Wednesday, November 13, 2024",,,,,,,
17:00,US,CPI (YoY) (Oct),,2.60%,2.60%,2.40%,
17:00,US,CPI (MoM) (Oct),,0.20%,0.20%,0.20%,
17:00,US,Core CPI (MoM) (Oct),,0.30%,0.30%,0.30%,
"Thursday, November 14, 2024",,,,,,,
17:00,US,PPI (MoM) (Oct),,0.20%,0.20%,0.10%,
17:00,US,Initial Jobless Claims,,217K,224K,221K,
19:30,US,Crude Oil Inventories,,2.089M,0.400M,2.149M,
23:30,US,Fed Chair Powell Speaks,,,,,
"Friday, November 15, 2024",,,,,,,
17:00,US,Core Retail Sales (MoM) (Oct),,0.10%,0.30%,1.00%,
17:00,US,Retail Sales (MoM) (Oct),,0.40%,0.30%,0.80%,
"Tuesday, November 19, 2024",,,,,,,
13:30,EU,CPI (YoY) (Oct),,2.00%,2.00%,2.00%,
"Wednesday, November 20, 2024",,,,,,,
19:00,US,Crude Oil Inventories,,0.545M,0.400M,2.089M,
"Thursday, November 21, 2024",,,,,,,
17:00,US,Philadelphia Fed Manufacturing Index (Nov),,-5.5,7.4,10.3,
17:00,US,Initial Jobless Claims,,213K,220K,219K,
18:30,US,Existing Home Sales (Oct),,3.96M,3.95M,3.83M,
"Friday, November 22, 2024",,,,,,,
18:15,US,S&P Global Services PMI (Nov),,57,55.2,55,
"Tuesday, November 26, 2024",,,,,,,
18:30,US,CB Consumer Confidence (Nov),,111.7,111.8,109.6,
18:30,US,New Home Sales (Oct),,610K,725K,738K,
22:30,US,FOMC Meeting Minutes,,,,,
"Wednesday, November 27, 2024",,,,,,,
17:00,US,GDP (QoQ) (Q3),,2.80%,2.80%,3.00%,
17:00,US,Durable Goods Orders (MoM) (Oct),,0.20%,-0.80%,-0.40%,
17:00,US,Initial Jobless Claims,,213K,215K,215K,
18:30,US,Core PCE Price Index (MoM) (Oct),,0.30%,0.30%,0.30%,
18:30,US,Core PCE Price Index (YoY) (Oct),,2.80%,2.80%,2.70%,
19:00,US,Crude Oil Inventories,,-1.844M,-1.300M,0.545M,
"Thursday, November 28, 2024",,,,,,,
All Day,US,United States - Thanksgiving Day,Holiday,,,,
"Friday, November 29, 2024",,,,,,,
,US,United States - Thanksgiving Day - Early close at 13:00,Holiday,,,,
13:30,EU,CPI (YoY) (Nov),,2.30%,2.30%,2.00%,
18:15,US,Chicago PMI (Nov),,40.2,44.9,41.6,
"Saturday, November 30, 2024",,,,,,,
5:00,CN,Manufacturing PMI (Nov),,50.3,50.2,50.1,
"Monday, December 2, 2024",,,,,,,
18:30,US,ISM Manufacturing PMI (Nov),,48.4,47.7,46.5,
18:30,US,ISM Manufacturing Prices (Nov),,50.3,55.2,54.8,
"Tuesday, December 3, 2024",,,,,,,
18:30,US,JOLTS Job Openings (Oct),,7.744M,7.510M,7.372M,
"Wednesday, December 4, 2024",,,,,,,
16:45,US,ADP Nonfarm Employment Change (Nov),,146K,166K,184K,
18:15,US,S&P Global Services PMI (Nov),,56.1,57,55,
18:30,US,ISM Non-Manufacturing Prices (Nov),,58.2,56.4,58.1,
18:30,US,ISM Non-Manufacturing PMI (Nov),,52.1,55.5,56,
19:00,US,Crude Oil Inventories,,-5.073M,-1.600M,-1.844M,
22:15,US,Fed Chair Powell Speaks,,,,,
"Thursday, December 5, 2024",,,,,,,
17:00,US,Initial Jobless Claims,,224K,215K,215K,
"Friday, December 6, 2024",,,,,,,
17:00,US,Average Hourly Earnings (MoM) (Nov),,0.40%,0.30%,0.40%,
17:00,US,Nonfarm Payrolls (Nov),,227K,202K,43K,
17:00,US,Unemployment Rate (Nov),,4.20%,4.20%,4.10%,
"Wednesday, December 11, 2024",,,,,,,
17:00,US,CPI (MoM) (Nov),,0.30%,0.30%,0.20%,
17:00,US,CPI (YoY) (Nov),,2.70%,2.70%,2.60%,
17:00,US,Core CPI (MoM) (Nov),,0.30%,0.30%,0.30%,
19:00,US,Crude Oil Inventories,,-1.425M,-1.000M,-5.073M,
21:30,US,10-Year Note Auction,,4.24%,,4.35%,
"Thursday, December 12, 2024",,,,,,,
16:45,EU,ECB Interest Rate Decision (Dec),,3.15%,3.15%,3.40%,
16:45,EU,Deposit Facility Rate (Dec),,3.00%,3.00%,3.25%,
17:00,US,PPI (MoM) (Nov),,0.40%,0.20%,0.30%,
17:00,US,Initial Jobless Claims,,242K,221K,225K,
17:15,EU,ECB Press Conference,,,,,
21:30,US,30-Year Bond Auction,,4.54%,,4.61%,
"Monday, December 16, 2024",,,,,,,
18:15,US,S&P Global Services PMI (Dec),,58.5,55.7,56.1,
"Tuesday, December 17, 2024",,,,,,,
17:00,US,Retail Sales (MoM) (Nov),,0.70%,0.60%,0.50%,
17:00,US,Core Retail Sales (MoM) (Nov),,0.20%,0.40%,0.20%,
"Wednesday, December 18, 2024",,,,,,,
13:30,EU,CPI (YoY) (Nov),,2.20%,2.30%,2.00%,
19:00,US,Crude Oil Inventories,,-0.934M,-1.600M,-1.425M,
22:30,US,Fed Interest Rate Decision,,4.50%,4.50%,4.75%,
22:30,US,FOMC Economic Projections,,,,,
22:30,US,FOMC Statement,,,,,
23:00,US,FOMC Press Conference,,,,,
"Thursday, December 19, 2024",,,,,,,
17:00,US,GDP (QoQ) (Q3),,3.10%,2.80%,3.00%,
17:00,US,Philadelphia Fed Manufacturing Index (Dec),,-16.4,2.9,-5.5,
17:00,US,Initial Jobless Claims,,220K,229K,242K,
18:30,US,Existing Home Sales (Nov),,4.15M,4.09M,3.96M,
"Friday, December 20, 2024",,,,,,,
17:00,US,Core PCE Price Index (YoY) (Nov),,2.80%,2.90%,2.80%,
17:00,US,Core PCE Price Index (MoM) (Nov),,0.10%,0.20%,0.30%,
"Monday, December 23, 2024",,,,,,,
17:00,US,Durable Goods Orders (MoM) (Nov),,-1.10%,-0.30%,0.80%,
18:30,US,CB Consumer Confidence (Dec),,104.7,112.9,112.8,
18:30,US,New Home Sales (Nov),,664K,666K,627K,
"Tuesday, December 24, 2024",,,,,,,
,US,United States - Christmas - Early close at 13:00,Holiday,,,,
"Wednesday, December 25, 2024",,,,,,,
All Day,US,United States - Christmas,Holiday,,,,
"Thursday, December 26, 2024",,,,,,,
17:00,US,Initial Jobless Claims,,219K,223K,220K,
"Friday, December 27, 2024",,,,,,,
21:30,US,Crude Oil Inventories,,-4.237M,-0.700M,-0.934M,
"Monday, December 30, 2024",,,,,,,
18:15,US,Chicago PMI (Dec),,36.9,42.7,40.2,
"Tuesday, December 31, 2024",,,,,,,
5:00,CN,Manufacturing PMI (Dec),,50.1,50.3,50.3,
"Wednesday, January 1, 2025",,,,,,,
All Day,CN,China - New Year's Day,Holiday,,,,
All Day,US,United States - New Year's Day,Holiday,,,,
"Thursday, January 2, 2025",,,,,,,
17:00,US,Initial Jobless Claims,,211K,222K,220K,
19:30,US,Crude Oil Inventories,,-1.178M,-2.400M,-4.237M,
"Friday, January 3, 2025",,,,,,,
18:30,US,ISM Manufacturing Prices (Dec),,52.5,51.5,50.3,
18:30,US,ISM Manufacturing PMI (Dec),,49.3,48.2,48.4,
"Monday, January 6, 2025",,,,,,,
18:15,US,S&P Global Services PMI (Dec),,56.8,58.5,56.1,
"Tuesday, January 7, 2025",,,,,,,
13:30,EU,CPI (YoY) (Dec),,2.40%,2.40%,2.20%,
18:30,US,ISM Non-Manufacturing Prices (Dec),,64.4,57.5,58.2,
18:30,US,ISM Non-Manufacturing PMI (Dec),,54.1,53.5,52.1,
18:30,US,JOLTS Job Openings (Nov),,8.098M,7.730M,7.839M,
21:30,US,10-Year Note Auction,,4.68%,,4.24%,
"Wednesday, January 8, 2025",,,,,,,
16:45,US,ADP Nonfarm Employment Change (Dec),,122K,139K,146K,
17:00,US,Initial Jobless Claims,,201K,214K,211K,
19:00,US,Crude Oil Inventories,,-0.959M,-1.800M,-1.178M,
21:30,US,30-Year Bond Auction,,4.91%,,4.54%,
22:30,US,FOMC Meeting Minutes,,,,,
"Thursday, January 9, 2025",,,,,,,
All Day,US,United States - National Day,Holiday,,,,
"Friday, January 10, 2025",,,,,,,
17:00,US,Average Hourly Earnings (MoM) (Dec),,0.30%,0.30%,0.40%,
17:00,US,Nonfarm Payrolls (Dec),,256K,164K,261K,
17:00,US,Unemployment Rate (Dec),,4.10%,4.20%,4.20%,
"Tuesday, January 14, 2025",,,,,,,
17:00,US,PPI (MoM) (Dec),,0.20%,0.40%,0.40%,
"Wednesday, January 15, 2025",,,,,,,
17:00,US,Core CPI (MoM) (Dec),,0.20%,0.30%,0.30%,
17:00,US,CPI (MoM) (Dec),,0.40%,0.40%,0.30%,
17:00,US,CPI (YoY) (Dec),,2.90%,2.90%,2.70%,
19:00,US,Crude Oil Inventories,,-1.962M,-3.500M,-0.959M,
"Thursday, January 16, 2025",,,,,,,
17:00,US,Retail Sales (MoM) (Dec),,0.40%,0.60%,0.80%,
17:00,US,Core Retail Sales (MoM) (Dec),,0.40%,0.50%,0.20%,
17:00,US,Philadelphia Fed Manufacturing Index (Jan),,44.3,-5,-10.9,
17:00,US,Initial Jobless Claims,,217K,210K,203K,
"Friday, January 17, 2025",,,,,,,
5:30,CN,GDP (YoY) (Q4),,5.40%,5.00%,4.60%,
13:30,EU,CPI (YoY) (Dec),,2.40%,2.40%,2.20%,
"Monday, January 20, 2025",,,,,,,
All Day,US,"United States - Martin Luther King, Jr. Day",Holiday,,,,
20:30,US,U.S. President Trump Speaks,,,,,
"Thursday, January 23, 2025",,,,,,,
17:00,US,Initial Jobless Claims,,223K,221K,217K,
19:30,US,U.S. President Trump Speaks,,,,,
20:30,US,Crude Oil Inventories,,-1.017M,-2.100M,-1.962M,
"Friday, January 24, 2025",,,,,,,
18:15,US,S&P Global Services PMI,,52.8,56.4,56.8,
18:30,US,Existing Home Sales (Dec),,4.24M,4.19M,4.15M,
"Monday, January 27, 2025",,,,,,,
5:00,CN,Manufacturing PMI (Jan),,49.1,50.1,50.1,
18:30,US,New Home Sales (Dec),,698K,669K,674K,
"Tuesday, January 28, 2025",,,,,,,
All Day,CN,China - Chinese New Year,Holiday,,,,
17:00,US,Durable Goods Orders (MoM) (Dec),,-2.20%,0.30%,-2.00%,
18:30,US,CB Consumer Confidence (Jan),,104.1,105.7,109.5,
"Wednesday, January 29, 2025",,,,,,,
All Day,CN,China - Chinese New Year,Holiday,,,,
19:00,US,Crude Oil Inventories,,3.463M,2.200M,-1.017M,
22:30,US,Fed Interest Rate Decision,,4.50%,4.50%,4.50%,
22:30,US,FOMC Statement,,,,,
23:00,US,FOMC Press Conference,,,,,
"Thursday, January 30, 2025",,,,,,,
All Day,CN,China - Chinese New Year,Holiday,,,,
16:45,EU,Deposit Facility Rate (Jan),,2.75%,2.75%,3.00%,
16:45,EU,ECB Interest Rate Decision (Jan),,2.90%,2.90%,3.15%,
17:00,US,GDP (QoQ) (Q4),,2.30%,2.70%,3.10%,
17:00,US,Initial Jobless Claims,,207K,224K,223K,
17:15,EU,ECB Press Conference,,,,,
"Friday, January 31, 2025",,,,,,,
All Day,CN,China - Chinese New Year,Holiday,,,,
17:00,US,Core PCE Price Index (YoY) (Dec),,2.80%,2.80%,2.80%,
17:00,US,Core PCE Price Index (MoM) (Dec),,0.20%,0.20%,0.10%,
18:15,US,Chicago PMI (Jan),,39.5,40.3,36.9,
"Monday, February 3, 2025",,,,,,,
All Day,CN,China - Chinese New Year,Holiday,,,,
13:30,EU,CPI (YoY) (Jan),,2.50%,2.40%,2.40%,
18:30,US,ISM Manufacturing Prices (Jan),,54.9,52.6,52.5,
18:30,US,ISM Manufacturing PMI (Jan),,50.9,49.3,49.2,
"Tuesday, February 4, 2025",,,,,,,
All Day,CN,China - Chinese New Year,Holiday,,,,
18:30,US,JOLTS Job Openings (Dec),,7.600M,8.010M,8.156M,
"Wednesday, February 5, 2025",,,,,,,
16:45,US,ADP Nonfarm Employment Change (Jan),,183K,148K,176K,
18:15,US,S&P Global Services PMI (Jan),,52.9,52.8,56.8,
18:30,US,ISM Non-Manufacturing Prices (Jan),,60.4,,64.4,
18:30,US,ISM Non-Manufacturing PMI (Jan),,52.8,54.2,54,
19:00,US,Crude Oil Inventories,,8.664M,2.400M,3.463M,
"Thursday, February 6, 2025",,,,,,,
17:00,US,Initial Jobless Claims,,219K,214K,208K,
"Friday, February 7, 2025",,,,,,,
17:00,US,Average Hourly Earnings (MoM) (Jan),,0.50%,0.30%,0.30%,
17:00,US,Nonfarm Payrolls (Jan),,143K,169K,323K,
17:00,US,Unemployment Rate (Jan),,4.00%,4.10%,4.10%,
18:30,US,Fed Monetary Policy Report,,,,,
"Tuesday, February 11, 2025",,,,,,,
18:30,US,Fed Chair Powell Testifies,,,,,
"Wednesday, February 12, 2025",,,,,,,
17:00,US,CPI (YoY) (Jan),,3.00%,2.90%,2.90%,
17:00,US,Core CPI (MoM) (Jan),,0.40%,0.30%,0.20%,
17:00,US,CPI (MoM) (Jan),,0.50%,0.30%,0.40%,
18:30,US,Fed Chair Powell Testifies,,,,,
19:00,US,Crude Oil Inventories,,4.070M,2.400M,8.664M,
21:30,US,10-Year Note Auction,,4.63%,,4.68%,
"Thursday, February 13, 2025",,,,,,,
17:00,US,PPI (MoM) (Jan),,0.40%,0.30%,0.50%,
17:00,US,Initial Jobless Claims,,213K,217K,220K,
21:30,US,30-Year Bond Auction,,4.75%,,4.91%,
"Friday, February 14, 2025",,,,,,,
17:00,US,Core Retail Sales (MoM) (Jan),,-0.40%,0.30%,0.70%,
17:00,US,Retail Sales (MoM) (Jan),,-0.90%,-0.20%,0.70%,
"Monday, February 17, 2025",,,,,,,
All Day,US,United States - Washington's Birthday,Holiday,,,,
"Wednesday, February 19, 2025",,,,,,,
5:30,US,U.S. President Trump Speaks,,,,,
22:30,US,FOMC Meeting Minutes,,,,,
"Thursday, February 20, 2025",,,,,,,
17:00,US,Philadelphia Fed Manufacturing Index (Feb),,18.1,19.4,44.3,
17:00,US,Initial Jobless Claims,,219K,215K,214K,
20:30,US,Crude Oil Inventories,,4.633M,3.200M,4.070M,
"Friday, February 21, 2025",,,,,,,
18:15,US,S&P Global Services PMI (Feb),,49.7,53,52.9,
18:15,US,S&P Global Manufacturing PMI (Feb),,51.6,51.3,51.2,
18:30,US,Existing Home Sales (Jan),,4.08M,4.13M,4.29M,
"Monday, February 24, 2025",,,,,,,
13:30,EU,CPI (YoY) (Jan),,2.50%,2.50%,2.40%,
"Tuesday, February 25, 2025",,,,,,,
18:30,US,CB Consumer Confidence (Feb),,98.3,102.7,105.3,
"Wednesday, February 26, 2025",,,,,,,
18:30,US,New Home Sales (Jan),,657K,679K,734K,
18:30,US,Crude Oil Inventories,,-2.332M,2.500M,4.633M,
"Thursday, February 27, 2025",,,,,,,
17:00,US,GDP (QoQ) (Q4),,2.30%,2.30%,3.10%,
17:00,US,Durable Goods Orders (MoM) (Jan),,3.10%,2.00%,-1.80%,
17:00,US,Initial Jobless Claims,,242K,222K,220K,
"Friday, February 28, 2025",,,,,,,
17:00,US,Core PCE Price Index (MoM) (Jan),,0.30%,0.30%,0.20%,
17:00,US,Core PCE Price Index (YoY) (Jan),,2.60%,2.60%,2.90%,
18:15,US,Chicago PMI (Feb),,45.5,40.5,39.5,
"Saturday, March 1, 2025",,,,,,,
5:00,CN,Manufacturing PMI (Feb),,50.2,50,49.1,
"Monday, March 3, 2025",,,,,,,
13:30,EU,CPI (YoY) (Feb),,2.40%,2.30%,2.50%,
18:15,US,S&P Global Manufacturing PMI (Feb),,52.7,51.6,51.2,
18:30,US,ISM Manufacturing Prices (Feb),,62.4,56.2,54.9,
18:30,US,ISM Manufacturing PMI (Feb),,50.3,50.6,50.9,
"Wednesday, March 5, 2025",,,,,,,
5:40,US,U.S. President Trump Speaks,,,,,
16:45,US,ADP Nonfarm Employment Change (Feb),,77K,141K,186K,
18:15,US,S&P Global Services PMI (Feb),,51,49.7,52.9,
18:30,US,ISM Non-Manufacturing Prices (Feb),,62.6,60,60.4,
18:30,US,ISM Non-Manufacturing PMI (Feb),,53.5,52.5,52.8,
19:00,US,Crude Oil Inventories,,3.614M,0.600M,-2.332M,
"Thursday, March 6, 2025",,,,,,,
16:45,EU,Deposit Facility Rate (Mar),,2.50%,2.50%,2.75%,
16:45,EU,ECB Interest Rate Decision (Mar),,2.65%,2.65%,2.90%,
17:00,US,Initial Jobless Claims,,221K,234K,242K,
17:15,EU,ECB Press Conference,,,,,
"Friday, March 7, 2025",,,,,,,
17:00,US,Nonfarm Payrolls (Feb),,151K,159K,111K,
17:00,US,Unemployment Rate (Feb),,4.10%,4.00%,4.00%,
17:00,US,Average Hourly Earnings (MoM) (Feb),,0.30%,0.30%,0.40%,
21:00,US,Fed Chair Powell Speaks,,,,,
22:00,US,U.S. President Trump Speaks,,,,,
"Tuesday, March 11, 2025",,,,,,,
17:30,US,JOLTS Job Openings (Jan),,7.740M,7.650M,7.508M,
"Wednesday, March 12, 2025",,,,,,,
16:00,US,CPI (MoM) (Feb),,0.20%,0.30%,0.50%,
16:00,US,Core CPI (MoM) (Feb),,0.20%,0.30%,0.40%,
16:00,US,CPI (YoY) (Feb),,2.80%,2.90%,3.00%,
17:00,US,Crude Oil Inventories,,1.448M,2.100M,3.614M,
20:30,US,10-Year Note Auction,,4.31%,,4.63%,
"Thursday, March 13, 2025",,,,,,,
16:00,US,PPI (MoM) (Feb),,0.00%,0.30%,0.60%,
16:00,US,Initial Jobless Claims,,220K,226K,222K,
20:30,US,30-Year Bond Auction,,4.62%,,4.75%,
"Monday, March 17, 2025",,,,,,,
16:00,US,Core Retail Sales (MoM) (Feb),,0.30%,0.30%,-0.60%,
16:00,US,Retail Sales (MoM) (Feb),,0.20%,0.60%,-1.20%,
"Wednesday, March 19, 2025",,,,,,,
13:30,EU,CPI (YoY) (Feb),,2.30%,2.40%,2.50%,
17:00,US,Crude Oil Inventories,,1.745M,0.800M,1.448M,
21:30,US,Fed Interest Rate Decision,,4.50%,4.50%,4.50%,
21:30,US,FOMC Economic Projections,,,,,
21:30,US,FOMC Statement,,,,,
22:00,US,FOMC Press Conference,,,,,
"Thursday, March 20, 2025",,,,,,,
16:00,US,Philadelphia Fed Manufacturing Index (Mar),,12.5,8.8,18.1,
16:00,US,Initial Jobless Claims,,223K,224K,221K,
17:30,US,Existing Home Sales (Feb),,4.26M,3.95M,4.09M,
"Monday, March 24, 2025",,,,,,,
17:15,US,S&P Global Services PMI (Mar),,54.3,51.2,51,
17:15,US,S&P Global Manufacturing PMI (Mar),,49.8,51.9,52.7,
"Tuesday, March 25, 2025",,,,,,,
17:30,US,New Home Sales (Feb),,676K,682K,664K,
17:30,US,CB Consumer Confidence (Mar),,92.9,94.2,100.1,
"Wednesday, March 26, 2025",,,,,,,
16:00,US,Durable Goods Orders (MoM) (Feb),,0.90%,-1.10%,3.30%,
18:00,US,Crude Oil Inventories,,-3.341M,1.500M,1.745M,
"Thursday, March 27, 2025",,,,,,,
4:30,US,U.S. President Trump Speaks,,,,,
16:00,US,GDP (QoQ) (Q4),,2.40%,2.30%,3.10%,
16:00,US,Initial Jobless Claims,,224K,225K,225K,
"Friday, March 28, 2025",,,,,,,
16:00,US,Core PCE Price Index (MoM) (Feb),,0.40%,0.30%,0.30%,
16:00,US,Core PCE Price Index (YoY) (Feb),,2.80%,2.70%,2.70%,
"Monday, March 31, 2025",,,,,,,
5:00,CN,Manufacturing PMI (Mar),,50.5,50.4,50.2,
17:15,US,Chicago PMI (Mar),,47.6,45.5,45.5,
"Tuesday, April 1, 2025",,,,,,,
12:30,EU,CPI (YoY) (Mar),,2.20%,2.20%,2.30%,
17:15,US,S&P Global Manufacturing PMI (Mar),,50.2,49.8,52.7,
17:30,US,ISM Manufacturing PMI (Mar),,49,49.5,50.3,
17:30,US,ISM Manufacturing Prices (Mar),,69.4,64.6,62.4,
17:30,US,JOLTS Job Openings (Feb),,7.568M,7.690M,7.762M,
"Wednesday, April 2, 2025",,,,,,,
15:45,US,ADP Nonfarm Employment Change (Mar),,155K,118K,84K,
18:00,US,Crude Oil Inventories,,6.165M,-0.200M,-3.341M,
23:30,US,U.S. President Trump Speaks,,,,,
"Thursday, April 3, 2025",,,,,,,
16:00,US,Initial Jobless Claims,,219K,225K,225K,
17:15,US,S&P Global Services PMI (Mar),,54.4,54.3,51,
17:30,US,ISM Non-Manufacturing Prices (Mar),,60.9,63.1,62.6,
17:30,US,ISM Non-Manufacturing PMI (Mar),,50.8,53,53.5,
"Friday, April 4, 2025",,,,,,,
All Day,CN,China - Ching Ming Festival,Holiday,,,,
16:00,US,Average Hourly Earnings (MoM) (Mar),,0.30%,0.30%,0.20%,
16:00,US,Nonfarm Payrolls (Mar),,228K,137K,102K,
16:00,US,Unemployment Rate (Mar),,4.20%,4.10%,4.10%,
18:55,US,Fed Chair Powell Speaks,,,,,
"Wednesday, April 9, 2025",,,,,,,
18:00,US,Crude Oil Inventories,,2.553M,2.200M,6.165M,
20:30,US,10-Year Note Auction,,4.44%,,4.31%,
21:30,US,FOMC Meeting Minutes,,,,,
"Thursday, April 10, 2025",,,,,,,
16:00,US,CPI (MoM) (Mar),,-0.10%,0.10%,0.20%,
16:00,US,CPI (YoY) (Mar),,2.40%,2.50%,2.80%,
16:00,US,Core CPI (MoM) (Mar),,0.10%,0.30%,0.20%,
16:00,US,Initial Jobless Claims,,223K,223K,219K,
20:30,US,30-Year Bond Auction,,4.81%,,4.62%,
"Friday, April 11, 2025",,,,,,,
16:00,US,PPI (MoM) (Mar),,-0.40%,0.20%,0.10%,
"Wednesday, April 16, 2025",,,,,,,
5:30,CN,GDP (YoY) (Q1),,5.40%,5.20%,5.40%,
12:30,EU,CPI (YoY) (Mar),,2.20%,2.20%,2.30%,
16:00,US,Core Retail Sales (MoM) (Mar),,0.50%,0.40%,0.70%,
16:00,US,Retail Sales (MoM) (Mar),,1.40%,1.30%,0.20%,
18:00,US,Crude Oil Inventories,,0.515M,0.400M,2.553M,
21:00,US,Fed Chair Powell Speaks,,,,,
"Thursday, April 17, 2025",,,,,,,
15:45,EU,Deposit Facility Rate (Apr),,2.25%,2.25%,2.50%,
15:45,EU,ECB Interest Rate Decision (Apr),,2.40%,2.40%,2.65%,
16:00,US,Philadelphia Fed Manufacturing Index (Apr),,-26.4,2.2,12.5,
16:00,US,Initial Jobless Claims,,215K,225K,224K,
16:15,EU,ECB Press Conference,,,,,
"Friday, April 18, 2025",,,,,,,
All Day,US,United States - Good Friday,Holiday,,,,
"Wednesday, April 23, 2025",,,,,,,
17:15,US,S&P Global Services PMI (Apr),,51.4,52.8,54.4,
17:15,US,S&P Global Manufacturing PMI (Apr),,50.7,49,50.2,
17:30,US,New Home Sales (Mar),,724K,684K,674K,
18:00,US,Crude Oil Inventories,,0.244M,-0.700M,0.515M,
"Thursday, April 24, 2025",,,,,,,
16:00,US,Durable Goods Orders (MoM) (Mar),,9.20%,2.10%,0.90%,
16:00,US,Initial Jobless Claims,,222K,222K,216K,
17:30,US,Existing Home Sales (Mar),,4.02M,4.14M,4.27M,
"Tuesday, April 29, 2025",,,,,,,
17:30,US,JOLTS Job Openings (Mar),,7.192M,7.490M,7.480M,
17:30,US,CB Consumer Confidence (Apr),,86,87.7,93.9,
"Wednesday, April 30, 2025",,,,,,,
5:00,CN,Manufacturing PMI (Apr),,49,49.7,50.5,
15:45,US,ADP Nonfarm Employment Change (Apr),,62K,114K,147K,
16:00,US,GDP (QoQ) (Q1),,-0.30%,0.20%,2.40%,
17:15,US,Chicago PMI (Apr),,44.6,45.9,47.6,
17:30,US,Core PCE Price Index (YoY) (Mar),,2.60%,2.60%,3.00%,
17:30,US,Core PCE Price Index (MoM) (Mar),,0.00%,0.10%,0.50%,
18:00,US,Crude Oil Inventories,,-2.696M,0.390M,0.244M,
"Thursday, May 1, 2025",,,,,,,
All Day,CN,China - Labor Day,Holiday,,,,
3:30,US,U.S. President Trump Speaks,,,,,
16:00,US,Initial Jobless Claims,,241K,224K,223K,
17:15,US,S&P Global Manufacturing PMI (Apr),,50.2,50.7,50.2,
17:30,US,ISM Manufacturing Prices (Apr),,69.8,72.9,69.4,
17:30,US,ISM Manufacturing PMI (Apr),,48.7,48,49,
"Friday, May 2, 2025",,,,,,,
All Day,CN,China - Labor Day,Holiday,,,,
12:30,EU,CPI (YoY) (Apr),,2.20%,2.10%,2.20%,
16:00,US,Average Hourly Earnings (MoM) (Apr),,0.20%,0.30%,0.30%,
16:00,US,Nonfarm Payrolls (Apr),,177K,138K,120K,
16:00,US,Unemployment Rate (Apr),,4.20%,4.20%,4.20%,
"Monday, May 5, 2025",,,,,,,
All Day,CN,China - Labor Day,Holiday,,,,
17:15,US,S&P Global Services PMI (Apr),,50.8,51.4,54.4,
17:30,US,ISM Non-Manufacturing Prices (Apr),,65.1,61.2,60.9,
17:30,US,ISM Non-Manufacturing PMI (Apr),,51.6,50.2,50.8,
"Tuesday, May 6, 2025",,,,,,,
20:30,US,10-Year Note Auction,,4.34%,,4.44%,
"Wednesday, May 7, 2025",,,,,,,
18:00,US,Crude Oil Inventories,,-2.032M,-1.700M,-2.696M,
21:30,US,Fed Interest Rate Decision,,4.50%,4.50%,4.50%,
21:30,US,FOMC Statement,,,,,
22:00,US,FOMC Press Conference,,,,,
"Thursday, May 8, 2025",,,,,,,
16:00,US,Initial Jobless Claims,,228K,231K,241K,
20:30,US,30-Year Bond Auction,,4.82%,,4.81%,
"Tuesday, May 13, 2025",,,,,,,
16:00,US,CPI (MoM) (Apr),,0.20%,0.30%,-0.10%,
16:00,US,Core CPI (MoM) (Apr),,0.20%,0.30%,0.10%,
16:00,US,CPI (YoY) (Apr),,2.30%,2.40%,2.40%,
19:00,US,U.S. President Trump Speaks,,,,,
"Wednesday, May 14, 2025",,,,,,,
18:00,US,Crude Oil Inventories,,3.454M,-2.000M,-2.032M,
"Thursday, May 15, 2025",,,,,,,
16:00,US,Retail Sales (MoM) (Apr),,0.10%,0.00%,1.70%,
16:00,US,Core Retail Sales (MoM) (Apr),,0.10%,0.30%,0.80%,
16:00,US,PPI (MoM) (Apr),,-0.50%,0.20%,0.00%,
16:00,US,Philadelphia Fed Manufacturing Index (May),,-4,-11.3,-26.4,
16:00,US,Initial Jobless Claims,,229K,229K,229K,
16:10,US,Fed Chair Powell Speaks,,,,,
"Monday, May 19, 2025",,,,,,,
12:30,EU,CPI (YoY) (Apr),,2.20%,2.20%,2.20%,
"Wednesday, May 21, 2025",,,,,,,
18:00,US,Crude Oil Inventories,,1.328M,-0.900M,3.454M,
"Thursday, May 22, 2025",,,,,,,
16:00,US,Initial Jobless Claims,,227K,230K,229K,
17:15,US,S&P Global Services PMI (May),,52.3,51,50.8,
17:15,US,S&P Global Manufacturing PMI (May),,52.3,49.9,50.2,
17:30,US,Existing Home Sales (Apr),,4.00M,4.15M,4.02M,
"Friday, May 23, 2025",,,,,,,
17:30,US,New Home Sales (Apr),,743K,694K,670K,
"Sunday, May 25, 2025",,,,,,,
22:10,US,Fed Chair Powell Speaks,,,,,
"Monday, May 26, 2025",,,,,,,
All Day,US,United States - Memorial Day,Holiday,,,,
"Tuesday, May 27, 2025",,,,,,,
16:00,US,Durable Goods Orders (MoM) (Apr),,-6.30%,-7.60%,7.60%,
17:30,US,CB Consumer Confidence (May),,98,87.1,85.7,
"Wednesday, May 28, 2025",,,,,,,
21:30,US,FOMC Meeting Minutes,,,,,
"Thursday, May 29, 2025",,,,,,,
16:00,US,GDP (QoQ) (Q1),,-0.20%,-0.30%,2.40%,
16:00,US,Initial Jobless Claims,,240K,229K,226K,
19:30,US,Crude Oil Inventories,,-2.795M,1.000M,1.328M,
"Friday, May 30, 2025",,,,,,,
16:00,US,Core PCE Price Index (MoM) (Apr),,0.10%,0.10%,0.10%,
16:00,US,Core PCE Price Index (YoY) (Apr),,2.50%,2.50%,2.70%,
17:15,US,Chicago PMI (May),,40.5,45.1,44.6,
"Saturday, May 31, 2025",,,,,,,
5:00,CN,Manufacturing PMI (May),,49.5,49.5,49,
"Monday, June 2, 2025",,,,,,,
All Day,CN,China - Dragon Boat Festival,Holiday,,,,
17:15,US,S&P Global Manufacturing PMI (May),,52,52.3,50.2,
17:30,US,ISM Manufacturing PMI (May),,48.5,49.3,48.7,
17:30,US,ISM Manufacturing Prices (May),,69.4,70.2,69.8,
20:30,US,Fed Chair Powell Speaks,,,,,
"Tuesday, June 3, 2025",,,,,,,
12:30,EU,CPI (YoY) (May),,1.90%,2.00%,2.20%,
17:30,US,JOLTS Job Openings (Apr),,7.391M,7.110M,7.200M,
"Wednesday, June 4, 2025",,,,,,,
15:45,US,ADP Nonfarm Employment Change (May),,37K,111K,60K,
17:15,US,S&P Global Services PMI (May),,53.7,52.3,50.8,
17:30,US,ISM Non-Manufacturing Prices (May),,68.7,65.1,65.1,
17:30,US,ISM Non-Manufacturing PMI (May),,49.9,52,51.6,
18:00,US,Crude Oil Inventories,,-4.304M,-2.900M,-2.795M,
"Thursday, June 5, 2025",,,,,,,
15:45,EU,Deposit Facility Rate (Jun),,2.00%,2.00%,2.25%,
15:45,EU,ECB Interest Rate Decision (Jun),,2.15%,2.15%,2.40%,
16:00,US,Initial Jobless Claims,,247K,236K,239K,
16:15,EU,ECB Press Conference,,,,,
"Friday, June 6, 2025",,,,,,,
16:00,US,Average Hourly Earnings (MoM) (May),,0.40%,0.30%,0.20%,
16:00,US,Nonfarm Payrolls (May),,139K,126K,158K,
16:00,US,Unemployment Rate (May),,4.20%,4.20%,4.20%,
"Tuesday, June 10, 2025",,,,,,,
23:30,US,U.S. President Trump Speaks,,,,,
"Wednesday, June 11, 2025",,,,,,,
16:00,US,CPI (MoM) (May),,0.10%,0.20%,0.20%,
16:00,US,CPI (YoY) (May),,2.40%,2.50%,2.30%,
16:00,US,Core CPI (MoM) (May),,0.10%,0.30%,0.20%,
18:00,US,Crude Oil Inventories,,-3.644M,-2.400M,-4.304M,
21:30,US,10-Year Note Auction,,4.42%,,4.34%,
"Thursday, June 12, 2025",,,,,,,
16:00,US,PPI (MoM) (May),,0.10%,0.20%,-0.20%,
16:00,US,Initial Jobless Claims,,248K,242K,248K,
20:30,US,30-Year Bond Auction,,4.84%,,4.82%,
"Tuesday, June 17, 2025",,,,,,,
16:00,US,Core Retail Sales (MoM) (May),,-0.30%,0.20%,0.00%,
16:00,US,Retail Sales (MoM) (May),,-0.90%,-0.50%,-0.10%,
"Wednesday, June 18, 2025",,,,,,,
12:30,EU,CPI (YoY) (May),,1.90%,1.90%,2.20%,
16:00,US,Initial Jobless Claims,,245K,246K,250K,
18:00,US,Crude Oil Inventories,,-11.473M,-2.300M,-3.644M,
21:30,US,Fed Interest Rate Decision,,4.50%,4.50%,4.50%,
21:30,US,FOMC Statement,,,,,
21:30,US,FOMC Economic Projections,,,,,
22:00,US,FOMC Press Conference,,,,,
"Thursday, June 19, 2025",,,,,,,
All Day,US,United States - Juneteenth,Holiday,,,,
"Friday, June 20, 2025",,,,,,,
16:00,US,Philadelphia Fed Manufacturing Index (Jun),,-4,-1.7,-4,
18:30,US,Fed Monetary Policy Report,,,,,
"Sunday, June 22, 2025",,,,,,,
5:30,US,U.S. President Trump Speaks,,,,,
"Monday, June 23, 2025",,,,,,,
17:15,US,S&P Global Services PMI (Jun),,53.1,52.9,53.7,
17:15,US,S&P Global Manufacturing PMI (Jun),,52,51.1,52,
17:30,US,Existing Home Sales (May),,4.03M,3.96M,4.00M,
"Tuesday, June 24, 2025",,,,,,,
17:30,US,CB Consumer Confidence (Jun),,93,99.4,98.4,
17:30,US,Fed Chair Powell Testifies,,,,,
"Wednesday, June 25, 2025",,,,,,,
17:30,US,New Home Sales (May),,623K,694K,722K,
17:30,US,Fed Chair Powell Testifies,,,,,
18:00,US,Crude Oil Inventories,,-5.836M,-1.200M,-11.473M,
"Thursday, June 26, 2025",,,,,,,
16:00,US,GDP (QoQ) (Q1),,-0.50%,-0.20%,2.40%,
16:00,US,Durable Goods Orders (MoM) (May),,16.40%,8.60%,-6.60%,
16:00,US,Initial Jobless Claims,,236K,244K,246K,
"Friday, June 27, 2025",,,,,,,
16:00,US,Core PCE Price Index (MoM) (May),,0.20%,0.10%,0.10%,
16:00,US,Core PCE Price Index (YoY) (May),,2.70%,2.60%,2.60%,
"Monday, June 30, 2025",,,,,,,
5:00,CN,Manufacturing PMI (Jun),,49.7,49.6,49.5,
17:15,US,Chicago PMI (Jun),,40.4,42.7,40.5,
"Tuesday, July 1, 2025",,,,,,,
12:30,EU,CPI (YoY) (Jun),,2.00%,2.00%,1.90%,
17:00,US,Fed Chair Powell Speaks,,,,,
17:15,US,S&P Global Manufacturing PMI (Jun),,52.9,52,52,
17:30,US,ISM Manufacturing PMI (Jun),,49,48.8,48.5,
17:30,US,ISM Manufacturing Prices (Jun),,69.7,69.6,69.4,
17:30,US,JOLTS Job Openings (May),,7.769M,7.320M,7.395M,
"Wednesday, July 2, 2025",,,,,,,
15:45,US,ADP Nonfarm Employment Change (Jun),,-33K,99K,29K,
18:00,US,Crude Oil Inventories,,3.845M,-3.500M,-5.836M,
"Thursday, July 3, 2025",,,,,,,
,US,United States - Independence Day - Early close at 13:00,Holiday,,,,
16:00,US,Nonfarm Payrolls (Jun),,147K,111K,19K,
16:00,US,Unemployment Rate (Jun),,4.10%,4.30%,4.20%,
16:00,US,Average Hourly Earnings (MoM) (Jun),,0.20%,0.30%,0.40%,
16:00,US,Initial Jobless Claims,,233K,240K,237K,
17:15,US,S&P Global Services PMI (Jun),,52.9,53.1,53.1,
17:30,US,ISM Non-Manufacturing PMI (Jun),,50.8,50.8,49.9,
17:30,US,ISM Non-Manufacturing Prices (Jun),,67.5,68.9,68.7,
"Friday, July 4, 2025",,,,,,,
All Day,US,United States - Independence Day,Holiday,,,,
"Wednesday, July 9, 2025",,,,,,,
18:00,US,Crude Oil Inventories,,7.070M,-1.700M,3.845M,
20:30,US,10-Year Note Auction,,4.36%,,4.42%,
21:30,US,FOMC Meeting Minutes,,,,,
"Thursday, July 10, 2025",,,,,,,
16:00,US,Initial Jobless Claims,,227K,236K,232K,
20:30,US,30-Year Bond Auction,,4.89%,,4.84%,
"Tuesday, July 15, 2025",,,,,,,
5:30,CN,GDP (YoY) (Q2),,5.20%,,5.40%,
16:00,US,CPI (MoM) (Jun),,0.30%,0.30%,0.10%,
16:00,US,Core CPI (MoM) (Jun),,0.20%,0.30%,0.10%,
16:00,US,CPI (YoY) (Jun),,2.70%,2.60%,2.40%,
"Wednesday, July 16, 2025",,,,,,,
16:00,US,PPI (MoM) (Jun),,0.00%,0.20%,0.30%,
18:00,US,Crude Oil Inventories,,-3.859M,-1.800M,7.070M,
"Thursday, July 17, 2025",,,,,,,
12:30,EU,CPI (YoY) (Jun),,2.00%,2.00%,1.90%,
16:00,US,Core Retail Sales (MoM) (Jun),,0.50%,0.30%,-0.20%,
16:00,US,Retail Sales (MoM) (Jun),,0.60%,0.10%,-0.90%,
16:00,US,Philadelphia Fed Manufacturing Index (Jul),,15.9,-1.2,-4,
16:00,US,Initial Jobless Claims,,221K,233K,228K,
"Tuesday, July 22, 2025",,,,,,,
16:00,US,Fed Chair Powell Speaks,,,,,
"Wednesday, July 23, 2025",,,,,,,
17:30,US,Existing Home Sales (Jun),,3.93M,4.00M,4.04M,
18:00,US,Crude Oil Inventories,,-3.169M,-1.400M,-3.859M,
"Thursday, July 24, 2025",,,,,,,
15:45,EU,Deposit Facility Rate (Jul),,2.00%,2.00%,2.00%,
15:45,EU,ECB Interest Rate Decision (Jul),,2.15%,2.15%,2.15%,
16:00,US,Initial Jobless Claims,,217K,227K,221K,
16:15,EU,ECB Press Conference,,,,,
17:15,US,S&P Global Services PMI (Jul),,55.2,53,52.9,
17:15,US,S&P Global Manufacturing PMI (Jul),,49.5,52.7,52.9,
17:30,US,New Home Sales (Jun),,627K,649K,623K,
"Friday, July 25, 2025",,,,,,,
16:00,US,Durable Goods Orders (MoM) (Jun),,-9.30%,-10.40%,16.50%,
"Tuesday, July 29, 2025",,,,,,,
17:30,US,JOLTS Job Openings (Jun),,7.437M,7.510M,7.712M,
17:30,US,CB Consumer Confidence (Jul),,97.2,95.9,95.2,
"Wednesday, July 30, 2025",,,,,,,
15:45,US,ADP Nonfarm Employment Change (Jul),,104K,77K,-23K,
16:00,US,GDP (QoQ) (Q2),,3.00%,2.50%,-0.50%,
18:00,US,Crude Oil Inventories,,7.698M,-2.300M,-3.169M,
21:30,US,Fed Interest Rate Decision,,4.50%,4.50%,4.50%,
21:30,US,FOMC Statement,,,,,
22:00,US,FOMC Press Conference,,,,,
"Thursday, July 31, 2025",,,,,,,
5:00,CN,Manufacturing PMI (Jul),,49.3,49.7,49.7,
16:00,US,Core PCE Price Index (MoM) (Jun),,0.30%,0.30%,0.20%,
16:00,US,Core PCE Price Index (YoY) (Jun),,2.80%,2.70%,2.80%,
16:00,US,Initial Jobless Claims,,218K,222K,217K,
17:15,US,Chicago PMI (Jul),,47.1,41.9,40.4,
"Friday, August 1, 2025",,,,,,,
12:30,EU,CPI (YoY) (Jul),,2.00%,1.90%,2.00%,
16:00,US,Average Hourly Earnings (MoM) (Jul),,0.30%,0.30%,0.20%,
16:00,US,Nonfarm Payrolls (Jul),,73K,106K,-13K,
16:00,US,Unemployment Rate (Jul),,4.20%,4.20%,4.10%,
17:15,US,S&P Global Manufacturing PMI (Jul),,49.8,49.5,52.9,
17:30,US,ISM Manufacturing Prices (Jul),,64.8,69.9,69.7,
17:30,US,ISM Manufacturing PMI (Jul),,48,49.5,49,
"Tuesday, August 5, 2025",,,,,,,
15:30,US,U.S. President Trump Speaks,,,,,
17:15,US,S&P Global Services PMI (Jul),,55.7,55.2,52.9,
17:30,US,ISM Non-Manufacturing PMI (Jul),,50.1,51.5,50.8,
17:30,US,ISM Non-Manufacturing Prices (Jul),,69.9,66.5,67.5,
"Wednesday, August 6, 2025",,,,,,,
18:00,US,Crude Oil Inventories,,-3.029M,0.200M,7.698M,
20:30,US,10-Year Note Auction,,4.26%,,4.36%,
"Thursday, August 7, 2025",,,,,,,
16:00,US,Initial Jobless Claims,,226K,221K,219K,
20:30,US,30-Year Bond Auction,,4.81%,,4.89%,
23:30,US,U.S. President Trump Speaks,,,,,
"Tuesday, August 12, 2025",,,,,,,
16:00,US,Core CPI (MoM) (Jul),,0.30%,0.30%,0.20%,
16:00,US,CPI (MoM) (Jul),,0.20%,0.20%,0.30%,
16:00,US,CPI (YoY) (Jul),,2.70%,2.80%,2.70%,
"Wednesday, August 13, 2025",,,,,,,
18:00,US,Crude Oil Inventories,,3.036M,-0.900M,-3.029M,
18:45,US,U.S. President Trump Speaks,,,,,
"Thursday, August 14, 2025",,,,,,,
16:00,US,PPI (MoM) (Jul),,0.90%,0.20%,0.00%,
16:00,US,Initial Jobless Claims,,224K,225K,227K,
20:30,US,U.S. President Trump Speaks,,,,,
"Friday, August 15, 2025",,,,,,,
16:00,US,Core Retail Sales (MoM) (Jul),,0.30%,0.30%,0.80%,
16:00,US,Retail Sales (MoM) (Jul),,0.50%,0.60%,0.90%,
"Wednesday, August 20, 2025",,,,,,,
12:30,EU,CPI (YoY) (Jul),,2.00%,2.00%,2.00%,
18:00,US,Crude Oil Inventories,,-6.014M,-0.800M,3.036M,
21:30,US,FOMC Meeting Minutes,,,,,
"Thursday, August 21, 2025",,,,,,,
16:00,US,Philadelphia Fed Manufacturing Index (Aug),,-0.3,6.8,15.9,
16:00,US,Initial Jobless Claims,,235K,226K,224K,
17:15,US,S&P Global Services PMI (Aug),,55.4,54.2,55.7,
17:15,US,S&P Global Manufacturing PMI (Aug),,53.3,49.7,49.8,
17:30,US,Existing Home Sales (Jul),,4.01M,3.92M,3.93M,
"Friday, August 22, 2025",,,,,,,
17:30,US,Fed Chair Powell Speaks,,,,,
19:30,US,U.S. President Trump Speaks,,,,,
"Monday, August 25, 2025",,,,,,,
17:30,US,New Home Sales (Jul),,652K,635K,656K,
"Tuesday, August 26, 2025",,,,,,,
16:00,US,Durable Goods Orders (MoM) (Jul),,-2.80%,-3.80%,-9.30%,
17:30,US,CB Consumer Confidence (Aug),,97.4,96.4,98.7,
"Wednesday, August 27, 2025",,,,,,,
18:00,US,Crude Oil Inventories,,-2.392M,-1.700M,-6.014M,
"Thursday, August 28, 2025",,,,,,,
16:00,US,GDP (QoQ) (Q2),,3.30%,3.00%,-0.50%,
16:00,US,Initial Jobless Claims,,229K,231K,234K,
"Friday, August 29, 2025",,,,,,,
16:00,US,Core PCE Price Index (YoY) (Jul),,2.90%,2.90%,2.80%,
16:00,US,Core PCE Price Index (MoM) (Jul),,0.30%,0.30%,0.30%,
17:15,US,Chicago PMI (Aug),,41.5,46.6,47.1,
"Sunday, August 31, 2025",,,,,,,
5:00,CN,Manufacturing PMI (Aug),,49.4,49.5,49.3,
"Monday, September 1, 2025",,,,,,,
All Day,US,United States - Labor Day,Holiday,,,,
"Tuesday, September 2, 2025",,,,,,,
12:30,EU,CPI (YoY) (Aug),,2.10%,2.10%,2.00%,
17:15,US,S&P Global Manufacturing PMI (Aug),,53,53.3,49.8,
17:30,US,ISM Manufacturing Prices (Aug),,63.7,65.1,64.8,
17:30,US,ISM Manufacturing PMI (Aug),,48.7,49,48,
21:30,US,U.S. President Trump Speaks,,,,,
"Wednesday, September 3, 2025",,,,,,,
17:30,US,JOLTS Job Openings (Jul),,7.181M,7.380M,7.357M,
"Thursday, September 4, 2025",,,,,,,
15:45,US,ADP Nonfarm Employment Change (Aug),,54K,73K,106K,
16:00,US,Initial Jobless Claims,,237K,230K,229K,
17:15,US,S&P Global Services PMI (Aug),,54.5,55.4,55.7,
17:30,US,ISM Non-Manufacturing Prices (Aug),,69.2,69.5,69.9,
17:30,US,ISM Non-Manufacturing PMI (Aug),,52,50.9,50.1,
19:30,US,Crude Oil Inventories,,2.415M,-2.000M,-2.392M,
"Friday, September 5, 2025",,,,,,,
16:00,US,Average Hourly Earnings (MoM) (Aug),,0.30%,0.30%,0.30%,
16:00,US,Nonfarm Payrolls (Aug),,22K,75K,79K,
16:00,US,Unemployment Rate (Aug),,4.30%,4.30%,4.20%,
"Wednesday, September 10, 2025",,,,,,,
16:00,US,PPI (MoM) (Aug),,-0.10%,0.30%,0.70%,
18:00,US,Crude Oil Inventories,,3.939M,-1.900M,2.415M,
20:30,US,10-Year Note Auction,,4.03%,,4.26%,
"Thursday, September 11, 2025",,,,,,,
15:45,EU,ECB Interest Rate Decision (Sep),,2.15%,2.15%,2.15%,
15:45,EU,Deposit Facility Rate (Sep),,2.00%,2.00%,2.00%,
16:00,US,Core CPI (MoM) (Aug),,0.30%,0.30%,0.30%,
16:00,US,CPI (MoM) (Aug),,0.40%,0.30%,0.20%,
16:00,US,CPI (YoY) (Aug),,2.90%,2.90%,2.70%,
16:00,US,Initial Jobless Claims,,263K,235K,236K,
16:15,EU,ECB Press Conference,,,,,
20:30,US,30-Year Bond Auction,,4.65%,,4.81%,
"Tuesday, September 16, 2025",,,,,,,
16:00,US,Core Retail Sales (MoM) (Aug),,0.70%,0.40%,0.40%,
16:00,US,Retail Sales (MoM) (Aug),,0.60%,0.20%,0.60%,
"Wednesday, September 17, 2025",,,,,,,
12:30,EU,CPI (YoY) (Aug),,2.00%,2.10%,2.00%,
18:00,US,Crude Oil Inventories,,-9.285M,1.400M,3.939M,
21:30,US,Fed Interest Rate Decision,,4.25%,4.25%,4.50%,
21:30,US,FOMC Economic Projections,,,,,
21:30,US,FOMC Statement,,,,,
22:00,US,FOMC Press Conference,,,,,
"Thursday, September 18, 2025",,,,,,,
16:00,US,Philadelphia Fed Manufacturing Index (Sep),,23.2,1.7,-0.3,
16:00,US,Initial Jobless Claims,,231K,241K,264K,
"Tuesday, September 23, 2025",,,,,,,
17:15,US,S&P Global Services PMI (Sep),,53.9,54,54.5,
17:15,US,S&P Global Manufacturing PMI (Sep),,52,52.2,53,
17:20,US,U.S. President Trump Speaks,,,,,
20:05,US,Fed Chair Powell Speaks,,,,,
"Wednesday, September 24, 2025",,,,,,,
2:50,US,U.S. President Trump Speaks,,,,,
17:30,US,New Home Sales (Aug),,800K,650K,664K,
18:00,US,Crude Oil Inventories,,-0.607M,0.800M,-9.285M,
"Thursday, September 25, 2025",,,,,,,
16:00,US,GDP (QoQ) (Q2),,3.80%,3.30%,-0.50%,
16:00,US,Durable Goods Orders (MoM) (Aug),,2.90%,-0.30%,-2.70%,
16:00,US,Initial Jobless Claims,,218K,233K,232K,
17:30,US,Existing Home Sales (Aug),,4.00M,3.96M,4.01M,
"Friday, September 26, 2025",,,,,,,
16:00,US,Core PCE Price Index (MoM) (Aug),,0.20%,0.20%,0.20%,
16:00,US,Core PCE Price Index (YoY) (Aug),,2.90%,2.90%,2.90%,
"Monday, September 29, 2025",,,,,,,
20:45,US,U.S. President Trump Speaks,,,,,
"Tuesday, September 30, 2025",,,,,,,
5:00,CN,Manufacturing PMI (Sep),,49.8,49.6,49.4,
17:15,US,Chicago PMI (Sep),,40.6,43.4,41.5,
17:30,US,JOLTS Job Openings (Aug),,7.227M,7.190M,7.208M,
17:30,US,CB Consumer Confidence (Sep),,94.2,96,97.8,
18:30,US,U.S. President Trump Speaks,,,,,
"Wednesday, October 1, 2025",,,,,,,
All Day,CN,China - National Day,Holiday,,,,
12:30,EU,CPI (YoY) (Sep),,2.20%,2.20%,2.00%,
15:45,US,ADP Nonfarm Employment Change (Sep),,-32K,52K,-3K,
17:15,US,S&P Global Manufacturing PMI (Sep),,52,52,53,
17:30,US,ISM Manufacturing PMI (Sep),,49.1,49,48.7,
17:30,US,ISM Manufacturing Prices (Sep),,61.9,62.7,63.7,
18:00,US,Crude Oil Inventories,,1.792M,1.500M,-0.607M,
"Thursday, October 2, 2025",,,,,,,
All Day,CN,China - National Day,Holiday,,,,
"Friday, October 3, 2025",,,,,,,
All Day,CN,China - National Day,Holiday,,,,
17:15,US,S&P Global Services PMI (Sep),,54.2,53.9,54.5,
17:30,US,ISM Non-Manufacturing Prices (Sep),,69.4,68,69.2,
17:30,US,ISM Non-Manufacturing PMI (Sep),,50,51.8,52,
"Monday, October 6, 2025",,,,,,,
All Day,CN,China - National Day,Holiday,,,,
"Tuesday, October 7, 2025",,,,,,,
All Day,CN,China - National Day,Holiday,,,,
"Wednesday, October 8, 2025",,,,,,,
All Day,CN,China - Mid-Autumn Festival,Holiday,,,,
18:00,US,Crude Oil Inventories,,3.715M,2.250M,1.792M,
20:30,US,10-Year Note Auction,,4.12%,,4.03%,
21:30,US,FOMC Meeting Minutes,,,,,
"Thursday, October 9, 2025",,,,,,,
16:00,US,Fed Chair Powell Speaks,,,,,
20:30,US,30-Year Bond Auction,,4.73%,,4.65%,
"Tuesday, October 14, 2025",,,,,,,
19:50,US,Fed Chair Powell Speaks,,,,,
"Thursday, October 16, 2025",,,,,,,
16:00,US,Philadelphia Fed Manufacturing Index (Oct),,-12.8,8.6,23.2,
19:30,US,Crude Oil Inventories,,3.524M,0.300M,3.715M,
"Friday, October 17, 2025",,,,,,,
12:30,EU,CPI (YoY) (Sep),,2.20%,2.20%,2.00%,
"Monday, October 20, 2025",,,,,,,
5:30,CN,GDP (YoY) (Q3),,4.80%,4.70%,5.20%,
"Wednesday, October 22, 2025",,,,,,,
18:00,US,Crude Oil Inventories,,-0.961M,2.200M,3.524M,
"Thursday, October 23, 2025",,,,,,,
17:30,US,Existing Home Sales (Sep),,4.06M,4.06M,4.00M,
"Friday, October 24, 2025",,,,,,,
16:00,US,CPI (MoM) (Sep),,0.30%,0.40%,0.40%,
16:00,US,Core CPI (MoM) (Sep),,0.20%,0.30%,0.30%,
16:00,US,CPI (YoY) (Sep),,3.00%,3.10%,2.90%,
17:15,US,S&P Global Services PMI (Oct),,55.2,53.5,54.2,
17:15,US,S&P Global Manufacturing PMI (Oct),,52.2,51.9,52,
"Tuesday, October 28, 2025",,,,,,,
17:30,US,CB Consumer Confidence (Oct),,94.6,93.4,95.6,
"Wednesday, October 29, 2025",,,,,,,
18:00,US,Crude Oil Inventories,,-6.858M,-0.900M,-0.961M,
21:30,US,Fed Interest Rate Decision,,4.00%,4.00%,4.25%,
21:30,US,FOMC Statement,,,,,
22:00,US,FOMC Press Conference,,,,,
"Thursday, October 30, 2025",,,,,,,
16:45,EU,Deposit Facility Rate (Oct),,2.00%,2.00%,2.00%,
16:45,EU,ECB Interest Rate Decision (Oct),,2.15%,2.15%,2.15%,
17:15,EU,ECB Press Conference,,,,,
"Friday, October 31, 2025",,,,,,,
5:00,CN,Manufacturing PMI (Oct),,49,49.6,49.8,
13:30,EU,CPI (YoY) (Oct),,2.10%,2.10%,2.20%,
17:15,US,Chicago PMI (Oct),,43.8,42.3,40.6,
"Monday, November 3, 2025",,,,,,,
18:15,US,S&P Global Manufacturing PMI (Oct),,52.5,52.2,52.2,
18:30,US,ISM Manufacturing Prices (Oct),,58,62.4,61.9,
18:30,US,ISM Manufacturing PMI (Oct),,48.7,49.4,49.1,
"Wednesday, November 5, 2025",,,,,,,
16:45,US,ADP Nonfarm Employment Change (Oct),,42K,32K,-29K,
18:15,US,S&P Global Services PMI (Oct),,54.8,55.2,54.2,
18:30,US,ISM Non-Manufacturing Prices (Oct),,70,68,69.4,
18:30,US,ISM Non-Manufacturing PMI (Oct),,52.4,50.7,50,
19:00,US,Crude Oil Inventories,,5.202M,-2.500M,-6.858M,
21:30,US,U.S. President Trump Speaks,,,,,
"Wednesday, November 12, 2025",,,,,,,
21:30,US,10-Year Note Auction,,4.07%,,4.12%,
"Thursday, November 13, 2025",,,,,,,
20:30,US,Crude Oil Inventories,,6.413M,1.000M,5.202M,
21:30,US,30-Year Bond Auction,,4.69%,,4.73%,
"Tuesday, November 18, 2025",,,,,,,
11:40,US,Initial Jobless Claims,,232K,223K,219K,
"Wednesday, November 19, 2025",,,,,,,
13:30,EU,CPI (YoY) (Oct),,2.10%,2.10%,2.20%,
19:00,US,Crude Oil Inventories,,-3.426M,-0.600M,6.413M,
22:30,US,FOMC Meeting Minutes,,,,,
"Thursday, November 20, 2025",,,,,,,
16:54,US,Initial Jobless Claims,,224K,223K,219K,
16:55,US,Initial Jobless Claims,,235K,227K,224K,
16:56,US,Initial Jobless Claims,,220K,,235K,
16:57,US,Initial Jobless Claims,,220K,,232K,
16:58,US,Initial Jobless Claims,,229K,,220K,
16:59,US,Initial Jobless Claims,,228K,,229K,
17:00,US,Philadelphia Fed Manufacturing Index (Nov),,-1.7,1,-12.8,
17:00,US,Average Hourly Earnings (MoM) (Sep),,0.20%,0.30%,0.40%,
17:00,US,Nonfarm Payrolls (Sep),,119K,53K,-4K,
17:00,US,Unemployment Rate (Sep),,4.40%,4.30%,4.30%,
17:00,US,Initial Jobless Claims,,220K,,228K,
18:30,US,Existing Home Sales (Oct),,4.10M,4.08M,4.05M,
"Friday, November 21, 2025",,,,,,,
18:15,US,S&P Global Services PMI (Nov),,55,54.6,54.8,
18:15,US,S&P Global Manufacturing PMI (Nov),,51.9,52,52.5,
"Tuesday, November 25, 2025",,,,,,,
17:00,US,PPI (MoM) (Sep),,0.30%,0.30%,-0.10%,
17:00,US,Retail Sales (MoM) (Sep),,0.20%,0.40%,0.60%,
17:00,US,Core Retail Sales (MoM) (Sep),,0.30%,0.30%,0.60%,
18:30,US,CB Consumer Confidence (Nov),,88.7,93.5,95.5,
"Wednesday, November 26, 2025",,,,,,,
17:00,US,Durable Goods Orders (MoM) (Sep),,0.50%,0.50%,3.00%,
17:00,US,Initial Jobless Claims,,216K,226K,222K,
18:15,US,Chicago PMI (Nov),,36.3,44.3,43.8,
19:00,US,Crude Oil Inventories,,2.774M,-1.300M,-3.426M,
"Thursday, November 27, 2025",,,,,,,
All Day,US,United States - Thanksgiving Day,Holiday,,,,
"Friday, November 28, 2025",,,,,,,
,US,United States - Thanksgiving Day - Early close at 13:00,Holiday,,,,
"Sunday, November 30, 2025",,,,,,,
5:00,CN,Manufacturing PMI (Nov),,49.2,49.2,49,
"Monday, December 1, 2025",,,,,,,
18:15,US,S&P Global Manufacturing PMI (Nov),,52.2,51.9,52.5,
18:30,US,ISM Manufacturing PMI (Nov),,48.2,49,48.7,
18:30,US,ISM Manufacturing Prices (Nov),,58.5,59.5,58,
"Tuesday, December 2, 2025",,,,,,,
4:30,US,Fed Chair Powell Speaks,,,,,
13:30,EU,CPI (YoY) (Nov),,2.20%,2.10%,2.10%,
"Wednesday, December 3, 2025",,,,,,,
16:45,US,ADP Nonfarm Employment Change (Nov),,-32K,5K,47K,
18:15,US,S&P Global Services PMI (Nov),,54.1,55,54.8,
18:30,US,ISM Non-Manufacturing PMI (Nov),,52.6,52,52.4,
18:30,US,ISM Non-Manufacturing Prices (Nov),,65.4,68,70,
19:00,US,Crude Oil Inventories,,0.574M,-1.900M,2.774M,
23:00,US,U.S. President Trump Speaks,,,,,
"Thursday, December 4, 2025",,,,,,,
17:00,US,Initial Jobless Claims,,191K,219K,218K,
"Friday, December 5, 2025",,,,,,,
18:30,US,Core PCE Price Index (MoM) (Sep),,0.20%,0.20%,0.20%,
18:30,US,Core PCE Price Index (YoY) (Sep),,2.80%,2.90%,2.90%,
"Tuesday, December 9, 2025",,,,,,,
18:30,US,JOLTS Job Openings (Sep),,7.658M,7.200M,7.227M,
18:31,US,JOLTS Job Openings (Oct),,7.670M,,7.658M,
21:30,US,10-Year Note Auction,,4.18%,,4.07%,
"Wednesday, December 10, 2025",,,,,,,
19:00,US,Crude Oil Inventories,,-1.812M,-1.200M,0.574M,
22:30,US,Fed Interest Rate Decision,,3.75%,3.75%,4.00%,
22:30,US,FOMC Economic Projections,,,,,
22:30,US,FOMC Statement,,,,,
23:00,US,FOMC Press Conference,,,,,
"Thursday, December 11, 2025",,,,,,,
17:00,US,Initial Jobless Claims,,236K,220K,192K,
21:30,US,30-Year Bond Auction,,4.77%,,4.69%,
"Friday, December 12, 2025",,,,,,,
4:45,US,U.S. President Trump Speaks,,,,,
"Tuesday, December 16, 2025",,,,,,,
16:59,US,Nonfarm Payrolls (Oct),,-105K,,108K,
16:59,US,Average Hourly Earnings (MoM) (Oct),,0.40%,,0.20%,
17:00,US,Average Hourly Earnings (MoM) (Nov),,0.10%,0.30%,0.40%,
17:00,US,Nonfarm Payrolls (Nov),,64K,51K,-105K,
17:00,US,Unemployment Rate (Nov),,4.60%,4.50%,4.40%,
17:00,US,Core Retail Sales (MoM) (Oct),,0.40%,0.20%,0.10%,
17:00,US,Retail Sales (MoM) (Oct),,0.00%,0.10%,0.10%,
18:15,US,S&P Global Services PMI (Dec),,52.9,54,54.1,
18:15,US,S&P Global Manufacturing PMI (Dec),,51.8,52,52.2,
"Wednesday, December 17, 2025",,,,,,,
13:30,EU,CPI (YoY) (Nov),,2.10%,2.20%,2.10%,
19:00,US,Crude Oil Inventories,,-1.274M,-2.400M,-1.812M,
"Thursday, December 18, 2025",,,,,,,
5:30,US,U.S. President Trump Speaks,,,,,
16:45,EU,Deposit Facility Rate (Dec),,2.00%,2.00%,2.00%,
16:45,EU,ECB Interest Rate Decision (Dec),,2.15%,2.15%,2.15%,
17:00,US,CPI (YoY) (Nov),,2.70%,3.10%,3.00%,
17:00,US,Philadelphia Fed Manufacturing Index (Dec),,-10.2,2.5,-1.7,
17:00,US,Initial Jobless Claims,,224K,224K,237K,
17:15,EU,ECB Press Conference,,,,,
"Friday, December 19, 2025",,,,,,,
18:30,US,Existing Home Sales (Nov),,4.13M,4.15M,4.11M,
"Saturday, December 20, 2025",,,,,,,
5:30,US,U.S. President Trump Speaks,,,,,
"Tuesday, December 23, 2025",,,,,,,
17:00,US,GDP (QoQ) (Q3),,4.30%,3.30%,3.80%,
17:00,US,Durable Goods Orders (MoM) (Oct),,-2.20%,-1.50%,0.70%,
18:30,US,CB Consumer Confidence (Dec),,89.1,91.7,92.9,
"Wednesday, December 24, 2025",,,,,,,
,US,United States - Christmas - Early close at 13:00,Holiday,,,,
17:00,US,Initial Jobless Claims,,214K,224K,224K,
"Thursday, December 25, 2025",,,,,,,
All Day,US,United States - Christmas,Holiday,,,,
"Tuesday, December 30, 2025",,,,,,,
1:30,US,Crude Oil Inventories,,0.405M,-2.000M,-1.274M,
18:15,US,Chicago PMI (Dec),,43.5,39.8,36.3,
22:30,US,FOMC Meeting Minutes,,,,,
"Wednesday, December 31, 2025",,,,,,,
5:00,CN,Manufacturing PMI (Dec),,50.1,49.2,49.2,
17:00,US,Initial Jobless Claims,,199K,219K,215K,
19:00,US,Crude Oil Inventories,,-1.934M,0.500M,0.405M,
"Thursday, January 1, 2026",,,,,,,
All Day,CN,China - New Year's Day,Holiday,,,,
All Day,US,United States - New Year's Day,Holiday,,,,
"Friday, January 2, 2026",,,,,,,
All Day,CN,China - New Year's Day,Holiday,,,,
All Day,CN,China - New Year's Day,Holiday,,,,
18:15,US,S&P Global Manufacturing PMI (Dec),,51.8,51.8,52.2,
"Monday, January 5, 2026",,,,,,,
18:30,US,ISM Manufacturing Prices (Dec),,58.5,59,58.5,
18:30,US,ISM Manufacturing PMI (Dec),,47.9,48.3,48.2,
"Tuesday, January 6, 2026",,,,,,,
18:15,US,S&P Global Services PMI (Dec),,52.5,52.9,54.1,
"Wednesday, January 7, 2026",,,,,,,
13:30,EU,CPI (YoY) (Dec),,2.00%,2.00%,2.10%,
16:45,US,ADP Nonfarm Employment Change (Dec),,41K,49K,-29K,
18:30,US,ISM Non-Manufacturing Prices (Dec),,64.3,64.9,65.4,
18:30,US,ISM Non-Manufacturing PMI (Dec),,54.4,52.2,52.6,
18:30,US,JOLTS Job Openings (Nov),,7.146M,7.610M,7.449M,
19:00,US,Crude Oil Inventories,,-3.832M,-1.200M,-1.934M,
"Thursday, January 8, 2026",,,,,,,
17:00,US,Initial Jobless Claims,,208K,213K,200K,
"Friday, January 9, 2026",,,,,,,
17:00,US,Average Hourly Earnings (MoM) (Dec),,0.30%,0.30%,0.20%,
17:00,US,Nonfarm Payrolls (Dec),,50K,66K,56K,
17:00,US,Unemployment Rate (Dec),,4.40%,4.50%,4.50%,
"Monday, January 12, 2026",,,,,,,
21:30,US,10-Year Note Auction,,4.17%,,4.18%,
"Tuesday, January 13, 2026",,,,,,,
17:00,US,CPI (MoM) (Dec),,0.30%,0.30%,0.30%,
17:00,US,CPI (YoY) (Dec),,2.70%,2.70%,2.70%,
17:00,US,Core CPI (MoM) (Dec),,0.20%,0.30%,0.20%,
18:29,US,New Home Sales (Sep),,738K,,711K,
18:30,US,New Home Sales (Oct),,737K,716K,738K,
21:30,US,30-Year Bond Auction,,4.83%,,4.77%,
22:30,US,U.S. President Trump Speaks,,,,,
"Wednesday, January 14, 2026",,,,,,,
16:59,US,PPI (MoM) (Oct),,0.10%,,0.60%,
17:00,US,Retail Sales (MoM) (Nov),,0.60%,0.50%,-0.10%,
17:00,US,Core Retail Sales (MoM) (Nov),,0.50%,0.40%,0.20%,
17:00,US,PPI (MoM) (Nov),,0.20%,0.20%,0.60%,
18:30,US,Existing Home Sales (Dec),,4.35M,4.21M,4.14M,
19:00,US,Crude Oil Inventories,,3.391M,-1.700M,-3.832M,
"Thursday, January 15, 2026",,,,,,,
17:00,US,Philadelphia Fed Manufacturing Index (Jan),,12.6,-1.6,-8.8,
17:00,US,Initial Jobless Claims,,198K,215K,207K,
"Monday, January 19, 2026",,,,,,,
All Day,US,"United States - Martin Luther King, Jr. Day",Holiday,,,,
5:30,CN,GDP (YoY) (Q4),,4.50%,4.50%,4.80%,
13:30,EU,CPI (YoY) (Dec),,1.90%,2.00%,2.10%,
"Wednesday, January 21, 2026",,,,,,,
17:00,US,U.S. President Trump Speaks,,,,,
"Thursday, January 22, 2026",,,,,,,
17:00,US,GDP (QoQ) (Q3),,4.40%,4.30%,3.80%,
17:00,US,Initial Jobless Claims,,200K,209K,199K,
18:29,US,Core PCE Price Index (MoM) (Oct),,0.20%,,0.20%,
18:29,US,Core PCE Price Index (YoY) (Oct),,2.70%,,2.80%,
18:30,US,Core PCE Price Index (MoM) (Nov),,0.20%,0.20%,0.20%,
18:30,US,Core PCE Price Index (YoY) (Nov),,2.80%,2.80%,2.70%,
20:30,US,Crude Oil Inventories,,3.602M,-1.000M,3.391M,
"Friday, January 23, 2026",,,,,,,
18:15,US,S&P Global Services PMI (Jan),,52.5,52.9,52.5,
18:15,US,S&P Global Manufacturing PMI (Jan),,51.9,51.9,51.8,
"Monday, January 26, 2026",,,,,,,
17:00,US,Durable Goods Orders (MoM) (Nov),,5.30%,3.10%,-2.10%,
"Tuesday, January 27, 2026",,,,,,,
18:30,US,CB Consumer Confidence (Jan),,84.5,90.6,94.2,
"Wednesday, January 28, 2026",,,,,,,
0:30,US,U.S. President Trump Speaks,,,,,
19:00,US,Crude Oil Inventories,,-2.295M,-0.200M,3.602M,
22:30,US,Fed Interest Rate Decision,,3.75%,3.75%,3.75%,
22:30,US,FOMC Statement,,,,,
23:00,US,FOMC Press Conference,,,,,
"Thursday, January 29, 2026",,,,,,,
17:00,US,Initial Jobless Claims,,209K,206K,210K,
"Friday, January 30, 2026",,,,,,,
1:00,US,U.S. President Trump Speaks,,,,,
17:00,US,PPI (MoM) (Dec),,0.50%,0.20%,0.20%,
18:15,US,Chicago PMI (Jan),,54,43.5,42.7,
"Saturday, January 31, 2026",,,,,,,
5:00,CN,Manufacturing PMI (Jan),,49.3,50.1,50.1,
"Monday, February 2, 2026",,,,,,,
18:15,US,S&P Global Manufacturing PMI (Jan),,52.4,51.9,51.9,
18:30,US,ISM Manufacturing Prices (Jan),,59,59.3,58.5,
18:30,US,ISM Manufacturing PMI (Jan),,52.6,48.5,47.9,
"Wednesday, February 4, 2026",,,,,,,
13:30,EU,CPI (YoY) (Jan),,1.70%,1.70%,2.00%,
16:45,US,ADP Nonfarm Employment Change (Jan),,22K,46K,37K,
18:15,US,S&P Global Services PMI (Jan),,52.7,52.5,52.5,
18:30,US,ISM Non-Manufacturing Prices (Jan),,66.6,65,65.1,
18:30,US,ISM Non-Manufacturing PMI (Jan),,53.8,53.5,53.8,
19:00,US,Crude Oil Inventories,,-3.455M,-2.000M,-2.295M,
"Thursday, February 5, 2026",,,,,,,
16:45,EU,Deposit Facility Rate (Feb),,2.00%,2.00%,2.00%,
16:45,EU,ECB Interest Rate Decision (Feb),,2.15%,2.15%,2.15%,
17:00,US,Initial Jobless Claims,,231K,212K,209K,
17:15,EU,ECB Press Conference,,,,,
18:30,US,JOLTS Job Openings (Dec),,6.542M,7.200M,6.928M,
"Friday, February 6, 2026",,,,,,,
3:30,US,U.S. President Trump Speaks,,,,,
"Tuesday, February 10, 2026",,,,,,,
17:00,US,Retail Sales (MoM) (Dec),,0.00%,0.40%,0.60%,
17:00,US,Core Retail Sales (MoM) (Dec),,0.00%,0.30%,0.40%,
"Wednesday, February 11, 2026",,,,,,,
17:00,US,Average Hourly Earnings (MoM) (Jan),,0.40%,0.30%,0.10%,
17:00,US,Nonfarm Payrolls (Jan),,130K,66K,48K,
17:00,US,Unemployment Rate (Jan),,4.30%,4.40%,4.40%,
19:00,US,Crude Oil Inventories,,8.530M,-0.200M,-3.455M,
21:30,US,10-Year Note Auction,,4.18%,,4.17%,
"Thursday, February 12, 2026",,,,,,,
17:00,US,Initial Jobless Claims,,227K,222K,232K,
18:30,US,Existing Home Sales (Jan),,3.91M,4.16M,4.27M,
21:30,US,30-Year Bond Auction,,4.75%,,4.83%,
"Friday, February 13, 2026",,,,,,,
17:00,US,CPI (MoM) (Jan),,0.20%,0.30%,0.30%,
17:00,US,CPI (YoY) (Jan),,2.40%,2.50%,2.70%,
17:00,US,Core CPI (MoM) (Jan),,0.30%,0.30%,0.20%,
"Monday, February 16, 2026",,,,,,,
All Day,CN,China - Chinese New Year,Holiday,,,,
All Day,US,United States - Washington's Birthday,Holiday,,,,
"Tuesday, February 17, 2026",,,,,,,
All Day,CN,China - Chinese New Year,Holiday,,,,
"Wednesday, February 18, 2026",,,,,,,
All Day,CN,China - Chinese New Year,Holiday,,,,
17:00,US,Durable Goods Orders (MoM) (Dec),,-1.40%,-1.80%,5.40%,
22:30,US,FOMC Meeting Minutes,,,,,
"Thursday, February 19, 2026",,,,,,,
All Day,CN,China - Chinese New Year,Holiday,,,,
17:00,US,Philadelphia Fed Manufacturing Index (Feb),,16.3,7.5,12.6,
17:00,US,Initial Jobless Claims,,206K,223K,229K,
20:30,US,Crude Oil Inventories,,-9.014M,1.700M,8.530M,
"Friday, February 20, 2026",,,,,,,
All Day,CN,China - Chinese New Year,Holiday,,,,
17:00,US,Core PCE Price Index (MoM) (Dec),,0.40%,0.30%,0.20%,
17:00,US,GDP (QoQ) (Q4),,1.40%,2.80%,4.40%,
17:00,US,Core PCE Price Index (YoY) (Dec),,3.00%,2.90%,2.80%,
18:15,US,S&P Global Services PMI (Feb),,52.3,53,52.7,
18:15,US,S&P Global Manufacturing PMI (Feb),,51.2,52.4,52.4,
18:29,US,New Home Sales (Nov),,758K,,737K,
18:30,US,New Home Sales (Dec),,745K,732K,656K,
21:15,US,U.S. President Trump Speaks,,,,,
"Monday, February 23, 2026",,,,,,,
All Day,CN,China - Chinese New Year,Holiday,,,,
"Tuesday, February 24, 2026",,,,,,,
18:30,US,CB Consumer Confidence (Feb),,91.2,87.4,89,
"Wednesday, February 25, 2026",,,,,,,
5:30,US,U.S. President Trump Speaks,,,,,
13:30,EU,CPI (YoY) (Jan),,1.70%,1.70%,1.90%,
19:00,US,Crude Oil Inventories,,15.989M,1.800M,-9.014M,
"Thursday, February 26, 2026",,,,,,,
17:00,US,Initial Jobless Claims,,212K,217K,208K,
"Friday, February 27, 2026",,,,,,,
17:00,US,PPI (MoM) (Jan),,0.50%,0.30%,0.40%,
18:15,US,Chicago PMI (Feb),,57.7,52,54,
"Monday, March 2, 2026",,,,,,,
18:15,US,S&P Global Manufacturing PMI,,51.6,51.2,51.2,
18:15,US,S&P Global Manufacturing PMI (Feb),,51.6,51.2,51.2,
18:30,US,ISM Manufacturing PMI (Feb),,52.4,51.7,52.6,
18:30,US,ISM Manufacturing Prices (Feb),,70.5,60.6,59,
19:30,US,U.S. President Trump Speaks,,,,,
"Tuesday, March 3, 2026",,,,,,,
13:30,EU,CPI (YoY) (Feb),,1.90%,1.70%,1.70%,
"Wednesday, March 4, 2026",,,,,,,
5:00,CN,Manufacturing PMI (Feb),,49,49.1,49.3,
16:45,US,ADP Nonfarm Employment Change (Feb),,63K,50K,11K,
18:15,US,S&P Global Services PMI,,51.7,52.3,52.7,
18:15,US,S&P Global Services PMI (Feb),,51.7,52.3,52.7,
18:30,US,ISM Non-Manufacturing Prices (Feb),,63,68.3,66.6,
18:30,US,ISM Non-Manufacturing PMI (Feb),,56.1,53.5,53.8,
19:00,US,Crude Oil Inventories,,3.475M,3.000M,15.989M,
"Thursday, March 5, 2026",,,,,,,
17:00,US,Initial Jobless Claims,,213K,215K,213K,
"Friday, March 6, 2026",,,,,,,
17:00,US,Nonfarm Payrolls (Feb),,-92K,58K,126K,
17:00,US,Unemployment Rate (Feb),,4.40%,4.30%,4.30%,
17:00,US,Average Hourly Earnings (MoM) (Feb),,0.40%,0.30%,0.40%,
17:00,US,Retail Sales (MoM) (Jan),,-0.20%,-0.30%,0.00%,
17:00,US,Core Retail Sales (MoM) (Jan),,0.00%,0.10%,0.00%,
"Tuesday, March 10, 2026",,,,,,,
17:30,US,Existing Home Sales (Feb),,4.09M,3.89M,4.02M,
"Wednesday, March 11, 2026",,,,,,,
16:00,US,CPI (MoM) (Feb),,0.30%,0.30%,0.20%,
16:00,US,CPI (YoY) (Feb),,2.40%,2.40%,2.40%,
16:00,US,Core CPI (MoM) (Feb),,0.20%,0.20%,0.30%,
18:00,US,Crude Oil Inventories,,3.824M,2.800M,3.475M,
20:30,US,10-Year Note Auction,,4.22%,,4.18%,
23:55,US,U.S. President Trump Speaks,,,,,
"Thursday, March 12, 2026",,,,,,,
16:00,US,Initial Jobless Claims,,213K,214K,214K,
20:30,US,30-Year Bond Auction,,4.87%,,4.75%,
"Friday, March 13, 2026",,,,,,,
16:00,US,GDP (QoQ) (Q4),,0.70%,1.40%,4.40%,
16:00,US,Core PCE Price Index (MoM) (Jan),,0.40%,0.40%,0.40%,
16:00,US,Core PCE Price Index (YoY) (Jan),,3.10%,3.10%,3.00%,
16:00,US,Durable Goods Orders (MoM) (Jan),,0.00%,1.10%,-0.90%,
17:30,US,JOLTS Job Openings (Jan),,6.946M,6.760M,6.550M,
"Monday, March 16, 2026",,,,,,,
19:00,US,U.S. President Trump Speaks,,,,,
"Tuesday, March 17, 2026",,,,,,,
19:00,US,U.S. President Trump Speaks,,,,,
"Wednesday, March 18, 2026",,,,,,,
13:30,EU,CPI (YoY) (Feb),,1.90%,1.90%,1.70%,
16:00,US,PPI (MoM) (Feb),,0.70%,0.30%,0.50%,
18:00,US,Crude Oil Inventories,,6.156M,-1.500M,3.824M,
21:30,US,Fed Interest Rate Decision,,3.75%,3.75%,3.75%,
21:30,US,FOMC Economic Projections,,,,,
21:30,US,FOMC Statement,,,,,
22:00,US,FOMC Press Conference,,,,,
"Thursday, March 19, 2026",,,,,,,
16:00,US,Philadelphia Fed Manufacturing Index (Mar),,18.1,8.3,16.3,
16:00,US,Initial Jobless Claims,,205K,215K,213K,
16:45,EU,Deposit Facility Rate (Mar),,2.00%,2.00%,2.00%,
16:45,EU,ECB Interest Rate Decision (Mar),,2.15%,2.15%,2.15%,
17:15,EU,ECB Press Conference,,,,,
17:30,US,New Home Sales (Jan),,587K,722K,712K,
"Saturday, March 21, 2026",,,,,,,
18:00,US,Fed Chair Powell Speaks,,,,,
"Monday, March 23, 2026",,,,,,,
17:00,US,U.S. President Trump Speaks,,,,,
"Tuesday, March 24, 2026",,,,,,,
17:15,US,S&P Global Manufacturing PMI (Mar),,52.4,51.5,51.6,
17:15,US,S&P Global Services PMI (Mar),,51.1,52,51.7,
"Wednesday, March 25, 2026",,,,,,,
18:00,US,Crude Oil Inventories,,6.926M,-1.300M,6.156M,
"Thursday, March 26, 2026",,,,,,,
2:50,US,U.S. President Trump Speaks,,,,,
16:00,US,Initial Jobless Claims,,210K,211K,205K,
22:30,US,U.S. President Trump Speaks,,,,,
23:30,US,U.S. President Trump Speaks,,,,,
"Saturday, March 28, 2026",,,,,,,
1:00,US,U.S. President Trump Speaks,,,,,
"Monday, March 30, 2026",,,,,,,
2:00,US,U.S. President Trump Speaks,,,,,
18:00,US,Fed Chair Powell Speaks,,,,,
"Tuesday, March 31, 2026",,,,,,,
5:00,CN,Manufacturing PMI (Mar),,50.4,50.1,49,
12:30,EU,CPI (YoY) (Mar),,2.50%,2.60%,1.90%,
17:15,US,Chicago PMI (Mar),,52.8,54.8,57.7,
17:30,US,CB Consumer Confidence (Mar),,91.8,87.8,91,
17:30,US,JOLTS Job Openings (Feb),,6.882M,6.890M,7.240M,
"Wednesday, April 1, 2026",,,,,,,
15:45,US,ADP Nonfarm Employment Change (Mar),,62K,41K,66K,
16:00,US,Retail Sales (MoM) (Feb),,0.60%,0.50%,-0.10%,
16:00,US,Core Retail Sales (MoM) (Feb),,0.50%,0.30%,0.00%,
17:15,US,S&P Global Manufacturing PMI (Mar),,52.3,52.4,51.6,
17:30,US,ISM Manufacturing PMI (Mar),,52.7,52.3,52.4,
17:30,US,ISM Manufacturing Prices (Mar),,78.3,74,70.5,
18:00,US,Crude Oil Inventories,,5.451M,1.800M,6.926M,
"Thursday, April 2, 2026",,,,,,,
4:30,US,U.S. President Trump Speaks,,,,,
16:00,US,Initial Jobless Claims,,202K,212K,211K,
"Friday, April 3, 2026",,,,,,,
All Day,US,United States - Good Friday,Holiday,,,,
16:00,US,Average Hourly Earnings (MoM) (Mar),,0.20%,0.30%,0.40%,
16:00,US,Nonfarm Payrolls (Mar),,178K,65K,-133K,
16:00,US,Unemployment Rate (Mar),,4.30%,4.40%,4.40%,
17:15,US,S&P Global Services PMI (Mar),,49.8,51.1,51.7,
"Monday, April 6, 2026",,,,,,,
All Day,CN,China - Ching Ming Festival,Holiday,,,,
17:30,US,ISM Non-Manufacturing Prices (Mar),,70.7,67,63,
17:30,US,ISM Non-Manufacturing PMI (Mar),,54,54.8,56.1,
20:30,US,U.S. President Trump Speaks,,,,,
"Tuesday, April 7, 2026",,,,,,,
16:00,US,Durable Goods Orders (MoM) (Feb),,-1.40%,-1.10%,-0.50%,
"Wednesday, April 8, 2026",,,,,,,
18:00,US,Crude Oil Inventories,,3.081M,-1.000M,5.451M,
20:30,US,10-Year Note Auction,,4.28%,,4.22%,
21:30,US,FOMC Meeting Minutes,,,,,
"Thursday, April 9, 2026",,,,,,,
16:00,US,Core PCE Price Index (MoM) (Feb),,0.40%,0.40%,0.40%,
16:00,US,Core PCE Price Index (YoY) (Feb),,3.00%,3.00%,3.10%,
16:00,US,GDP (QoQ) (Q4),,0.50%,0.70%,4.40%,
16:00,US,Initial Jobless Claims,,219K,210K,203K,
20:30,US,30-Year Bond Auction,,4.88%,,4.87%,
"Friday, April 10, 2026",,,,,,,
16:00,US,CPI (MoM) (Mar),,0.90%,1.00%,0.30%,
16:00,US,Core CPI (MoM) (Mar),,0.20%,0.30%,0.20%,
16:00,US,CPI (YoY) (Mar),,3.30%,3.40%,2.40%,
"Monday, April 13, 2026",,,,,,,
17:30,US,Existing Home Sales (Mar),,3.98M,4.07M,4.13M,
"Tuesday, April 14, 2026",,,,,,,
16:00,US,PPI (MoM) (Mar),,0.50%,1.10%,0.50%,
"Wednesday, April 15, 2026",,,,,,,
13:30,US,U.S. President Trump Speaks,,,,,
13:30,US,U.S. President Trump Speaks,,,,,
18:00,US,Crude Oil Inventories,,-0.913M,2.100M,3.081M,
"Thursday, April 16, 2026",,,,,,,
5:30,CN,GDP (YoY) (Q1),,5.00%,4.80%,4.50%,
12:30,EU,CPI (YoY) (Mar),,2.60%,2.50%,1.90%,
16:00,US,Philadelphia Fed Manufacturing Index (Apr),,26.7,10.3,18.1,
16:00,US,Initial Jobless Claims,,207K,213K,218K,
"Friday, April 17, 2026",,,,,,,
2:30,US,U.S. President Trump Speaks,,,,,
21:30,US,U.S. President Trump Speaks,,,,,
"Tuesday, April 21, 2026",,,,,,,
16:00,US,Retail Sales (MoM) (Mar),,1.70%,1.40%,0.70%,
16:00,US,Core Retail Sales (MoM) (Mar),,1.90%,1.40%,0.70%,
16:00,US,U.S. President Trump Speaks,,,,,
"Wednesday, April 22, 2026",,,,,,,
18:00,US,Crude Oil Inventories,,1.925M,-1.900M,-0.913M,
"Thursday, April 23, 2026",,,,,,,
16:00,US,Initial Jobless Claims,,214K,211K,208K,
17:15,US,S&P Global Services PMI (Apr),,51.3,50.5,49.8,
17:15,US,S&P Global Manufacturing PMI (Apr),,54,52.5,52.3,
"Saturday, April 25, 2026",,,,,,,
19:30,US,U.S. President Trump Speaks,,,,,
"Sunday, April 26, 2026",,,,,,,
6:15,US,U.S. President Trump Speaks,,,,,
"Monday, April 27, 2026",,,,,,,
2:30,US,U.S. President Trump Speaks,,,,,
"Tuesday, April 28, 2026",,,,,,,
17:30,US,CB Consumer Confidence (Apr),,92.8,89,92.2,
"Wednesday, April 29, 2026",,,,,,,
16:00,US,Durable Goods Orders (MoM) (Mar),,0.80%,0.40%,-1.20%,
18:00,US,Crude Oil Inventories,,-6.234M,0.300M,1.925M,
21:30,US,Fed Interest Rate Decision,,3.75%,3.75%,3.75%,
21:30,US,FOMC Statement,,,,,
22:00,US,FOMC Press Conference,,,,,
"Thursday, April 30, 2026",,,,,,,
5:00,CN,Manufacturing PMI (Apr),,50.3,50.1,50.4,
12:30,EU,CPI (YoY) (Apr),,3.00%,3.00%,2.60%,
15:45,EU,ECB Interest Rate Decision (Apr),,2.15%,2.15%,2.15%,
15:45,EU,Deposit Facility Rate (Apr),,2.00%,2.00%,2.00%,
16:00,US,GDP (QoQ) (Q1),,2.00%,2.20%,0.50%,
16:00,US,Core PCE Price Index (YoY) (Mar),,3.20%,3.20%,3.00%,
16:00,US,Core PCE Price Index (MoM) (Mar),,0.30%,0.30%,0.40%,
16:00,US,Initial Jobless Claims,,189K,213K,215K,
16:15,EU,ECB Press Conference,,,,,
17:15,US,Chicago PMI (Apr),,49.2,54.8,52.8,
"Friday, May 1, 2026",,,,,,,
All Day,CN,China - Labor Day,Holiday,,,,
17:15,US,S&P Global Manufacturing PMI (Apr),,54.5,54,54,
17:30,US,ISM Manufacturing PMI (Apr),,52.7,53.1,52.7,
17:30,US,ISM Manufacturing Prices (Apr),,84.6,80,78.3,
22:30,US,U.S. President Trump Speaks,,,,,
"Monday, May 4, 2026",,,,,,,
All Day,CN,China - Labor Day,Holiday,,,,
"Tuesday, May 5, 2026",,,,,,,
All Day,CN,China - Labor Day,Holiday,,,,
17:15,US,S&P Global Services PMI (Apr),,51,51.3,49.8,
17:29,US,New Home Sales (Feb),,635K,,583K,
17:30,US,New Home Sales (Mar),,682K,652K,635K,
17:30,US,JOLTS Job Openings (Mar),,6.866M,6.860M,6.922M,
17:30,US,ISM Non-Manufacturing Prices (Apr),,70.7,73.7,70.7,
17:30,US,ISM Non-Manufacturing PMI (Apr),,53.6,53.7,54,
"Wednesday, May 6, 2026",,,,,,,
15:45,US,ADP Nonfarm Employment Change (Apr),,109K,118K,61K,
18:00,US,Crude Oil Inventories,,-2.313M,-3.400M,-6.234M,
"Thursday, May 7, 2026",,,,,,,
16:00,US,Initial Jobless Claims,,200K,205K,190K,
"Friday, May 8, 2026",,,,,,,
16:00,US,Average Hourly Earnings (MoM) (Apr),,0.20%,0.30%,0.20%,
16:00,US,Nonfarm Payrolls (Apr),,115K,65K,185K,
16:00,US,Unemployment Rate (Apr),,4.30%,4.30%,4.30%,
19:30,US,U.S. President Trump Speaks,,,,,
"Monday, May 11, 2026",,,,,,,
17:30,US,Existing Home Sales (Apr),,4.02M,4.05M,4.01M,
"Tuesday, May 12, 2026",,,,,,,
16:00,US,CPI (MoM) (Apr),,0.60%,0.60%,0.90%,
16:00,US,CPI (YoY) (Apr),,3.80%,3.70%,3.30%,
16:00,US,Core CPI (MoM) (Apr),,0.40%,0.30%,0.20%,
20:30,US,10-Year Note Auction,,4.47%,,4.28%,
"Wednesday, May 13, 2026",,,,,,,
16:00,US,PPI (MoM) (Apr),,1.40%,0.50%,0.70%,
18:00,US,Crude Oil Inventories,,-4.306M,-2.000M,-2.313M,
20:30,US,30-Year Bond Auction,,5.05%,,4.88%,
"Thursday, May 14, 2026",,,,,,,
16:00,US,Retail Sales (MoM) (Apr),,0.50%,0.50%,1.60%,
16:00,US,Core Retail Sales (MoM) (Apr),,0.70%,0.70%,1.90%,
16:00,US,Initial Jobless Claims,,211K,205K,199K,
"Wednesday, May 20, 2026",,,,,,,
12:30,EU,CPI (YoY) (Apr),,3.00%,3.00%,2.60%,
18:00,US,Crude Oil Inventories,,-7.863M,-2.500M,-4.306M,
21:30,US,FOMC Meeting Minutes,,,,,
"Thursday, May 21, 2026",,,,,,,
16:00,US,Philadelphia Fed Manufacturing Index (May),,-0.4,17.6,26.7,
16:00,US,Initial Jobless Claims,,209K,210K,212K,
17:15,US,S&P Global Manufacturing PMI (May),,55.3,53.8,54.5,
17:15,US,S&P Global Services PMI (May),,50.9,51.1,51,
"Monday, May 25, 2026",,,,,,,
All Day,US,United States - Memorial Day,Holiday,,,,
"Tuesday, May 26, 2026",,,,,,,
17:30,US,CB Consumer Confidence (May),,93.1,91.9,93.8,
"Wednesday, May 27, 2026",,,,,,,
20:30,EU,ECB Press Conference,,,,,
"Thursday, May 28, 2026",,,,,,,
16:00,US,Core PCE Price Index (MoM) (Apr),,0.20%,0.30%,0.30%,
16:00,US,Core PCE Price Index (YoY) (Apr),,3.30%,3.30%,3.20%,
16:00,US,GDP (QoQ) (Q1),,1.60%,2.00%,0.50%,
16:00,US,Durable Goods Orders (MoM) (Apr),,7.90%,4.00%,1.30%,
16:00,US,Initial Jobless Claims,,215K,211K,210K,
17:30,US,New Home Sales (Apr),,622K,661K,663K,
19:30,US,Crude Oil Inventories,,-3.327M,-3.800M,-7.863M,
"Friday, May 29, 2026",,,,,,,
17:15,US,Chicago PMI (May),,62.7,50.6,49.2,
"Sunday, May 31, 2026",,,,,,,
5:00,CN,Manufacturing PMI (May),,50,50.2,50.3,
"Monday, June 1, 2026",,,,,,,
4:00,US,Fed Chair Powell Speaks,,,,,
17:15,US,S&P Global Manufacturing PMI (May),,55.1,55.3,54.5,
17:30,US,ISM Manufacturing PMI (May),,54,53.3,52.7,
17:30,US,ISM Manufacturing Prices (May),,82.1,85.3,84.6,
"Tuesday, June 2, 2026",,,,,,,
12:30,EU,CPI (YoY) (May),,3.20%,3.20%,3.00%,
17:30,US,JOLTS Job Openings (Apr),,7.618M,6.860M,6.887M,
"Wednesday, June 3, 2026",,,,,,,
15:45,US,ADP Nonfarm Employment Change (May),,122K,118K,105K,
17:15,US,S&P Global Services PMI (May),,50.7,50.9,50.9,
17:30,US,ISM Non-Manufacturing Prices (May),,71.3,72.3,70.7,
17:30,US,ISM Non-Manufacturing PMI (May),,54.5,53.7,53.6,
18:00,US,Crude Oil Inventories,,-7.974M,-2.900M,-3.327M,
"Thursday, June 4, 2026",,,,,,,
16:00,US,Initial Jobless Claims,,225K,214K,212K,
22:30,US,U.S. President Trump Speaks,,,,,
"Friday, June 5, 2026",,,,,,,
16:00,US,Average Hourly Earnings (MoM) (May),,0.30%,0.30%,0.20%,
16:00,US,Nonfarm Payrolls (May),,172K,85K,179K,
16:00,US,Unemployment Rate (May),,4.30%,4.30%,4.30%,
"Tuesday, June 9, 2026",,,,,,,
17:30,US,Existing Home Sales (May),,4.17M,4.07M,4.04M,
"Wednesday, June 10, 2026",,,,,,,
16:00,US,CPI (MoM) (May),,0.50%,0.50%,0.60%,
16:00,US,Core CPI (MoM) (May),,0.20%,0.30%,0.40%,
16:00,US,CPI (YoY) (May),,4.20%,4.20%,3.80%,
18:00,US,Crude Oil Inventories,,-7.227M,-3.000M,-7.974M,
20:30,US,10-Year Note Auction,,4.54%,,4.47%,
"Thursday, June 11, 2026",,,,,,,
15:45,EU,Deposit Facility Rate (Jun),,2.25%,2.25%,2.00%,
15:45,EU,ECB Interest Rate Decision (Jun),,2.40%,2.40%,2.15%,
16:00,US,PPI (MoM) (May),,1.10%,0.70%,1.10%,
16:00,US,Initial Jobless Claims,,229K,220K,225K,
16:15,EU,ECB Press Conference,,,,,
"Wednesday, June 17, 2026",,,,,,,
12:30,EU,CPI (YoY) (May),,3.20%,3.20%,3.00%,
16:00,US,Retail Sales (MoM) (May),,0.90%,0.50%,0.40%,
16:00,US,Core Retail Sales (MoM) (May),,0.80%,0.60%,0.70%,
18:00,US,Crude Oil Inventories,,-8.263M,-3.600M,-7.227M,
18:15,US,U.S. President Trump Speaks,,,,,
21:30,US,Fed Interest Rate Decision,,3.75%,3.75%,3.75%,
21:30,US,FOMC Statement,,,,,
21:30,US,FOMC Economic Projections,,,,,
22:00,US,FOMC Press Conference,,,,,
"Thursday, June 18, 2026",,,,,,,
16:00,US,Philadelphia Fed Manufacturing Index (Jun),,10.3,9.8,-0.4,
16:00,US,Initial Jobless Claims,,226K,225K,230K,
"Friday, June 19, 2026",,,,,,,
All Day,CN,China - Dragon Boat Festival,Holiday,,,,
All Day,US,United States - Juneteenth,Holiday,,,,
"Tuesday, June 23, 2026",,,,,,,
17:15,US,S&P Global Services PMI (Jun),,51.3,51.1,50.7,
17:15,US,S&P Global Manufacturing PMI (Jun),,55.7,54.6,55.1,
21:35,US,U.S. President Trump Speaks,,,,,
"Wednesday, June 24, 2026",,,,,,,
17:30,US,New Home Sales (May),,580K,638K,626K,
18:00,US,Crude Oil Inventories,,-6.088M,-3.900M,-8.263M,
"Thursday, June 25, 2026",,,,,,,
4:00,US,U.S. President Trump Speaks,,,,,
16:00,US,Core PCE Price Index (YoY) (May),,3.40%,3.40%,3.30%,
16:00,US,Core PCE Price Index (MoM) (May),,0.30%,0.30%,0.30%,
16:00,US,GDP (QoQ) (Q1),,2.10%,1.60%,0.50%,
16:00,US,Durable Goods Orders (MoM) (May),,-4.50%,-5.00%,8.50%,
16:00,US,Initial Jobless Claims,,215K,225K,227K,
"Friday, June 26, 2026",,,,,,,
21:00,US,U.S. President Trump Speaks,,,,,
"Tuesday, June 30, 2026",,,,,,,
5:00,CN,Manufacturing PMI (Jun),,50.3,50.1,50,
17:15,US,Chicago PMI (Jun),,56.7,55.7,62.7,
17:30,US,JOLTS Job Openings (May),,7.594M,7.280M,7.585M,
17:30,US,CB Consumer Confidence (Jun),,91.2,94.4,90.6,
"Wednesday, July 1, 2026",,,,,,,
12:30,EU,CPI (YoY) (Jun),,2.80%,3.00%,3.20%,
15:45,US,ADP Nonfarm Employment Change (Jun),,98K,118K,122K,
17:15,US,S&P Global Manufacturing PMI (Jun),,53.9,55.7,55.1,
17:30,US,ISM Manufacturing PMI (Jun),,53.3,53.8,54,
17:30,US,ISM Manufacturing Prices (Jun),,73,77.7,82.1,
18:00,US,Crude Oil Inventories,,-3.775M,-2.900M,-6.088M,
22:45,US,U.S. President Trump Speaks,,,,,
"Thursday, July 2, 2026",,,,,,,
16:00,US,Nonfarm Payrolls (Jun),,57K,114K,129K,
16:00,US,Unemployment Rate (Jun),,4.20%,4.30%,4.30%,
16:00,US,Average Hourly Earnings (MoM) (Jun),,0.30%,0.30%,0.30%,
16:00,US,Initial Jobless Claims,,215K,219K,216K,
"Friday, July 3, 2026",,,,,,,
All Day,US,United States - Independence Day,Holiday,,,,
"Monday, July 6, 2026",,,,,,,
17:15,US,S&P Global Services PMI (Jun),,51.2,51.3,51.3,
17:30,US,ISM Non-Manufacturing Prices (Jun),,67.7,67.5,71.3,
17:30,US,ISM Non-Manufacturing PMI (Jun),,54,54.2,54.5,
"Wednesday, July 8, 2026",,,,,,,
18:00,US,Crude Oil Inventories,,2.998M,-1.900M,-3.775M,
20:30,US,10-Year Note Auction,,4.58%,,4.54%,
21:30,US,FOMC Meeting Minutes,,,,,
"Thursday, July 9, 2026",,,,,,,
16:00,US,Initial Jobless Claims,,215K,218K,217K,
17:30,US,Existing Home Sales (Jun),,4.09M,4.19M,4.19M,
20:31,US,30-Year Bond Auction,,5.06%,,5.05%,
"Friday, July 10, 2026",,,,,,,
18:30,US,Fed Monetary Policy Report,,,,,
"Tuesday, July 14, 2026",,,,,,,
16:00,US,CPI (MoM) (Jun),,-0.40%,-0.10%,0.50%,
16:00,US,Core CPI (MoM) (Jun),,0.00%,0.20%,0.20%,
16:00,US,CPI (YoY) (Jun),,3.50%,3.80%,4.20%,
"Wednesday, July 15, 2026",,,,,,,
5:30,CN,GDP (YoY) (Q2),,4.30%,4.50%,5.00%,
16:00,US,PPI (MoM) (Jun),,-0.30%,0.00%,0.60%,
18:00,US,Crude Oil Inventories,,-1.692M,-1.800M,2.998M,
"Thursday, July 16, 2026",,,,,,,
16:00,US,Retail Sales (MoM) (Jun),,0.20%,0.20%,1.00%,
16:00,US,Core Retail Sales (MoM) (Jun),,-0.20%,0.00%,1.00%,
16:00,US,Philadelphia Fed Manufacturing Index (Jul),,41.4,12.7,10.3,
16:00,US,Initial Jobless Claims,,208K,216K,216K,
"Friday, July 17, 2026",,,,,,,
4:30,US,U.S. President Trump Speaks,,,,,
12:30,EU,CPI (YoY) (Jun),,2.80%,2.80%,3.20%,
"Wednesday, July 22, 2026",,,,,,,
18:00,US,Crude Oil Inventories,,2.010M,-2.000M,-1.692M,
22:30,US,U.S. President Trump Speaks,,,,,
"Thursday, July 23, 2026",,,,,,,
15:45,EU,ECB Interest Rate Decision (Jul),,2.40%,2.40%,2.40%,
15:45,EU,Deposit Facility Rate (Jul),,2.25%,2.25%,2.25%,
16:00,US,Initial Jobless Claims,,187K,211K,209K,
16:15,EU,ECB Press Conference,,,,,
"Friday, July 24, 2026",,,,,,,
17:15,US,S&P Global Manufacturing PMI (Jul),,53.8,54.4,53.9,
17:15,US,S&P Global Services PMI (Jul),,53.6,51.3,51.2,
17:30,US,New Home Sales (Jun),,628K,609K,618K,
"Saturday, July 25, 2026",,,,,,,
4:25,US,U.S. President Trump Speaks,,,,,
"Monday, July 27, 2026",,,,,,,
16:00,US,Durable Goods Orders (MoM) (Jun),,,1.60%,-4.50%,
"Tuesday, July 28, 2026",,,,,,,
17:30,US,CB Consumer Confidence (Jul),,,92.1,91.2,
"Wednesday, July 29, 2026",,,,,,,
18:00,US,Crude Oil Inventories,,,,2.010M,
21:30,US,Fed Interest Rate Decision,,,3.75%,3.75%,
21:30,US,FOMC Statement,,,,,
22:00,US,FOMC Press Conference,,,,,
"Thursday, July 30, 2026",,,,,,,
16:00,US,Core PCE Price Index (MoM) (Jun),,,,0.30%,
16:00,US,Core PCE Price Index (YoY) (Jun),,,,3.40%,
16:00,US,GDP (QoQ) (Q2),,,2.30%,2.10%,
16:00,US,Initial Jobless Claims,,,,187K,
"Friday, July 31, 2026",,,,,,,
5:00,CN,Manufacturing PMI (Jul),,,49.9,50.3,
12:30,EU,CPI (YoY) (Jul),,,2.90%,2.80%,
17:15,US,Chicago PMI (Jul),,,,56.7,
"Monday, August 3, 2026",,,,,,,
17:15,US,S&P Global Manufacturing PMI (Jul),,,,53.8,
17:30,US,ISM Manufacturing PMI (Jul),,,,53.3,
17:30,US,ISM Manufacturing Prices (Jul),,,,73,
"Tuesday, August 4, 2026",,,,,,,
17:30,US,JOLTS Job Openings (Jun),,,,7.594M,
"Wednesday, August 5, 2026",,,,,,,
15:45,US,ADP Nonfarm Employment Change (Jul),,,,98K,
17:15,US,S&P Global Services PMI (Jul),,,,53.6,
17:30,US,ISM Non-Manufacturing Prices (Jul),,,,67.7,
17:30,US,ISM Non-Manufacturing PMI (Jul),,,,54,
"Friday, August 7, 2026",,,,,,,
16:00,US,Average Hourly Earnings (MoM) (Jul),,,,0.30%,
16:00,US,Nonfarm Payrolls (Jul),,,,57K,
16:00,US,Unemployment Rate (Jul),,,,4.20%,
