fold,train_start_utc,train_end_exclusive_utc,context,config_id,trades,net_pnl_usd,profit_factor,worst_sampled_segment_pf,eligible,selection_score,selected,parameters_json
2023-01 to 2023-06,2019-09-06T00:00:00+00:00,2023-01-01T00:00:00+00:00,BEAR_BREAKOUT,BEAR_BREAKOUT-LS01,116,-49.537542,0.349414,0.193339,False,,False,"{""atr_ratio_max"":2.2,""atr_ratio_min"":0.45,""bb_width_percentile_max"":0.35,""breakout_range_atr"":0.8,""cci_level"":50.0,""context"":""BEAR_BREAKOUT"",""direction"":""SHORT"",""ema_touch_atr"":0.5,""max_hold_bars"":96,""range_adx_max"":24.0,""range_ema_separation_atr"":0.15,""require_confirmation_break"":false,""require_vwap"":true,""rsi_level"":50.0,""rsi_reclaim"":48.0,""setup"":""breakout"",""stop_atr"":1.0,""target_rr"":1.5,""trend_adx_min"":14.0,""trend_ema_separation_atr"":0.05,""trigger_mode"":""RSI_MACD"",""vwap_distance_atr"":0.4}"
2023-01 to 2023-06,2019-09-06T00:00:00+00:00,2023-01-01T00:00:00+00:00,BEAR_BREAKOUT,BEAR_BREAKOUT-LS02,103,-48.511981,0.287453,0.153821,False,,False,"{""atr_ratio_max"":2.2,""atr_ratio_min"":0.3,""bb_width_percentile_max"":0.35,""breakout_range_atr"":1.0,""cci_level"":50.0,""context"":""BEAR_BREAKOUT"",""direction"":""SHORT"",""ema_touch_atr"":0.5,""max_hold_bars"":72,""range_adx_max"":16.0,""range_ema_separation_atr"":0.5,""require_confirmation_break"":true,""require_vwap"":true,""rsi_level"":60.0,""rsi_reclaim"":52.0,""setup"":""breakout"",""stop_atr"":1.0,""target_rr"":1.25,""trend_adx_min"":14.0,""trend_ema_separation_atr"":0.05,""trigger_mode"":""ALL_THREE"",""vwap_distance_atr"":0.4}"
2023-01 to 2023-06,2019-09-06T00:00:00+00:00,2023-01-01T00:00:00+00:00,BEAR_BREAKOUT,BEAR_BREAKOUT-LS03,163,-61.6569,0.364155,0.278218,False,,False,"{""atr_ratio_max"":2.2,""atr_ratio_min"":0.3,""bb_width_percentile_max"":0.5,""breakout_range_atr"":1.0,""cci_level"":100.0,""context"":""BEAR_BREAKOUT"",""direction"":""SHORT"",""ema_touch_atr"":0.5,""max_hold_bars"":96,""range_adx_max"":20.0,""range_ema_separation_atr"":0.3,""require_confirmation_break"":false,""require_vwap"":true,""rsi_level"":50.0,""rsi_reclaim"":50.0,""setup"":""breakout"",""stop_atr"":1.5,""target_rr"":1.5,""trend_adx_min"":14.0,""trend_ema_separation_atr"":0.0,""trigger_mode"":""CCI_MACD"",""vwap_distance_atr"":0.0}"
2023-01 to 2023-06,2019-09-06T00:00:00+00:00,2023-01-01T00:00:00+00:00,BEAR_BREAKOUT,BEAR_BREAKOUT-LS04,35,-20.550481,0.32957,0.0,False,,False,"{""atr_ratio_max"":1.8,""atr_ratio_min"":0.45,""bb_width_percentile_max"":0.2,""breakout_range_atr"":1.0,""cci_level"":0.0,""context"":""BEAR_BREAKOUT"",""direction"":""SHORT"",""ema_touch_atr"":0.0,""max_hold_bars"":72,""range_adx_max"":20.0,""range_ema_separation_atr"":0.5,""require_confirmation_break"":true,""require_vwap"":true,""rsi_level"":50.0,""rsi_reclaim"":50.0,""setup"":""breakout"",""stop_atr"":1.5,""target_rr"":1.75,""trend_adx_min"":22.0,""trend_ema_separation_atr"":0.15,""trigger_mode"":""ALL_THREE"",""vwap_distance_atr"":0.4}"
2023-01 to 2023-06,2019-09-06T00:00:00+00:00,2023-01-01T00:00:00+00:00,BEAR_BREAKOUT,BEAR_BREAKOUT-LS05,94,-47.484954,0.279275,0.091937,False,,False,"{""atr_ratio_max"":2.6,""atr_ratio_min"":0.3,""bb_width_percentile_max"":0.35,""breakout_range_atr"":0.6,""cci_level"":100.0,""context"":""BEAR_BREAKOUT"",""direction"":""SHORT"",""ema_touch_atr"":0.0,""max_hold_bars"":48,""range_adx_max"":24.0,""range_ema_separation_atr"":0.15,""require_confirmation_break"":true,""require_vwap"":true,""rsi_level"":50.0,""rsi_reclaim"":50.0,""setup"":""breakout"",""stop_atr"":1.0,""target_rr"":1.5,""trend_adx_min"":18.0,""trend_ema_separation_atr"":0.05,""trigger_mode"":""ALL_THREE"",""vwap_distance_atr"":0.4}"
2023-01 to 2023-06,2019-09-06T00:00:00+00:00,2023-01-01T00:00:00+00:00,BEAR_BREAKOUT,BEAR_BREAKOUT-LS06,444,-95.013318,0.310209,0.284499,False,,False,"{""atr_ratio_max"":1.8,""atr_ratio_min"":0.45,""bb_width_percentile_max"":0.5,""breakout_range_atr"":0.6,""cci_level"":0.0,""context"":""BEAR_BREAKOUT"",""direction"":""SHORT"",""ema_touch_atr"":0.0,""max_hold_bars"":72,""range_adx_max"":24.0,""range_ema_separation_atr"":0.5,""require_confirmation_break"":false,""require_vwap"":false,""rsi_level"":60.0,""rsi_reclaim"":48.0,""setup"":""breakout"",""stop_atr"":1.25,""target_rr"":1.75,""trend_adx_min"":14.0,""trend_ema_separation_atr"":0.15,""trigger_mode"":""RSI_CCI"",""vwap_distance_atr"":0.2}"
2023-01 to 2023-06,2019-09-06T00:00:00+00:00,2023-01-01T00:00:00+00:00,BEAR_BREAKOUT,BEAR_BREAKOUT-LS07,330,-89.176007,0.341395,0.276508,False,,False,"{""atr_ratio_max"":1.8,""atr_ratio_min"":0.65,""bb_width_percentile_max"":0.5,""breakout_range_atr"":1.0,""cci_level"":100.0,""context"":""BEAR_BREAKOUT"",""direction"":""SHORT"",""ema_touch_atr"":0.25,""max_hold_bars"":96,""range_adx_max"":24.0,""range_ema_separation_atr"":0.3,""require_confirmation_break"":false,""require_vwap"":false,""rsi_level"":60.0,""rsi_reclaim"":48.0,""setup"":""breakout"",""stop_atr"":1.5,""target_rr"":1.75,""trend_adx_min"":18.0,""trend_ema_separation_atr"":0.05,""trigger_mode"":""RSI_CCI"",""vwap_distance_atr"":0.0}"
2023-01 to 2023-06,2019-09-06T00:00:00+00:00,2023-01-01T00:00:00+00:00,BEAR_BREAKOUT,BEAR_BREAKOUT-LS08,91,-48.840524,0.287076,0.058997,False,,False,"{""atr_ratio_max"":2.2,""atr_ratio_min"":0.3,""bb_width_percentile_max"":0.35,""breakout_range_atr"":0.8,""cci_level"":50.0,""context"":""BEAR_BREAKOUT"",""direction"":""SHORT"",""ema_touch_atr"":0.25,""max_hold_bars"":72,""range_adx_max"":16.0,""range_ema_separation_atr"":0.5,""require_confirmation_break"":false,""require_vwap"":false,""rsi_level"":50.0,""rsi_reclaim"":48.0,""setup"":""breakout"",""stop_atr"":1.0,""target_rr"":1.75,""trend_adx_min"":18.0,""trend_ema_separation_atr"":0.0,""trigger_mode"":""CCI_MACD"",""vwap_distance_atr"":0.0}"
2023-01 to 2023-06,2019-09-06T00:00:00+00:00,2023-01-01T00:00:00+00:00,BEAR_BREAKOUT,BEAR_BREAKOUT-LS09,174,-61.142967,0.363217,0.253771,False,,False,"{""atr_ratio_max"":2.6,""atr_ratio_min"":0.65,""bb_width_percentile_max"":0.5,""breakout_range_atr"":0.8,""cci_level"":0.0,""context"":""BEAR_BREAKOUT"",""direction"":""SHORT"",""ema_touch_atr"":0.0,""max_hold_bars"":48,""range_adx_max"":16.0,""range_ema_separation_atr"":0.15,""require_confirmation_break"":true,""require_vwap"":true,""rsi_level"":55.0,""rsi_reclaim"":48.0,""setup"":""breakout"",""stop_atr"":1.25,""target_rr"":1.25,""trend_adx_min"":14.0,""trend_ema_separation_atr"":0.0,""trigger_mode"":""RSI_MACD"",""vwap_distance_atr"":0.0}"
2023-01 to 2023-06,2019-09-06T00:00:00+00:00,2023-01-01T00:00:00+00:00,BEAR_BREAKOUT,BEAR_BREAKOUT-LS10,53,-26.877251,0.333535,0.092407,False,,False,"{""atr_ratio_max"":1.8,""atr_ratio_min"":0.65,""bb_width_percentile_max"":0.2,""breakout_range_atr"":0.6,""cci_level"":0.0,""context"":""BEAR_BREAKOUT"",""direction"":""SHORT"",""ema_touch_atr"":0.0,""max_hold_bars"":48,""range_adx_max"":16.0,""range_ema_separation_atr"":0.15,""require_confirmation_break"":false,""require_vwap"":true,""rsi_level"":60.0,""rsi_reclaim"":52.0,""setup"":""breakout"",""stop_atr"":1.25,""target_rr"":1.75,""trend_adx_min"":18.0,""trend_ema_separation_atr"":0.05,""trigger_mode"":""RSI_MACD"",""vwap_distance_atr"":0.2}"
2023-01 to 2023-06,2019-09-06T00:00:00+00:00,2023-01-01T00:00:00+00:00,BEAR_BREAKOUT,BEAR_BREAKOUT-LS11,69,-34.543193,0.293442,0.177622,False,,False,"{""atr_ratio_max"":2.2,""atr_ratio_min"":0.3,""bb_width_percentile_max"":0.2,""breakout_range_atr"":1.0,""cci_level"":50.0,""context"":""BEAR_BREAKOUT"",""direction"":""SHORT"",""ema_touch_atr"":0.5,""max_hold_bars"":72,""range_adx_max"":16.0,""range_ema_separation_atr"":0.15,""require_confirmation_break"":true,""require_vwap"":true,""rsi_level"":55.0,""rsi_reclaim"":50.0,""setup"":""breakout"",""stop_atr"":1.25,""target_rr"":1.25,""trend_adx_min"":14.0,""trend_ema_separation_atr"":0.0,""trigger_mode"":""ALL_THREE"",""vwap_distance_atr"":0.0}"
2023-01 to 2023-06,2019-09-06T00:00:00+00:00,2023-01-01T00:00:00+00:00,BEAR_BREAKOUT,BEAR_BREAKOUT-LS12,63,-34.095933,0.296111,0.110901,False,,False,"{""atr_ratio_max"":1.8,""atr_ratio_min"":0.45,""bb_width_percentile_max"":0.35,""breakout_range_atr"":0.6,""cci_level"":100.0,""context"":""BEAR_BREAKOUT"",""direction"":""SHORT"",""ema_touch_atr"":0.25,""max_hold_bars"":96,""range_adx_max"":20.0,""range_ema_separation_atr"":0.5,""require_confirmation_break"":false,""require_vwap"":false,""rsi_level"":60.0,""rsi_reclaim"":52.0,""setup"":""breakout"",""stop_atr"":1.5,""target_rr"":1.25,""trend_adx_min"":22.0,""trend_ema_separation_atr"":0.15,""trigger_mode"":""CCI_MACD"",""vwap_distance_atr"":0.2}"
2023-01 to 2023-06,2019-09-06T00:00:00+00:00,2023-01-01T00:00:00+00:00,BEAR_BREAKOUT,BEAR_BREAKOUT-LS13,284,-85.825814,0.314139,0.244946,False,,False,"{""atr_ratio_max"":2.6,""atr_ratio_min"":0.45,""bb_width_percentile_max"":0.5,""breakout_range_atr"":0.8,""cci_level"":0.0,""context"":""BEAR_BREAKOUT"",""direction"":""SHORT"",""ema_touch_atr"":0.25,""max_hold_bars"":96,""range_adx_max"":20.0,""range_ema_separation_atr"":0.3,""require_confirmation_break"":true,""require_vwap"":false,""rsi_level"":55.0,""rsi_reclaim"":52.0,""setup"":""breakout"",""stop_atr"":1.25,""target_rr"":1.5,""trend_adx_min"":22.0,""trend_ema_separation_atr"":0.05,""trigger_mode"":""RSI_CCI"",""vwap_distance_atr"":0.2}"
2023-01 to 2023-06,2019-09-06T00:00:00+00:00,2023-01-01T00:00:00+00:00,BEAR_BREAKOUT,BEAR_BREAKOUT-LS14,382,-91.385293,0.332087,0.288771,False,,False,"{""atr_ratio_max"":2.6,""atr_ratio_min"":0.65,""bb_width_percentile_max"":0.5,""breakout_range_atr"":0.6,""cci_level"":100.0,""context"":""BEAR_BREAKOUT"",""direction"":""SHORT"",""ema_touch_atr"":0.25,""max_hold_bars"":48,""range_adx_max"":20.0,""range_ema_separation_atr"":0.3,""require_confirmation_break"":false,""require_vwap"":true,""rsi_level"":50.0,""rsi_reclaim"":52.0,""setup"":""breakout"",""stop_atr"":1.0,""target_rr"":1.75,""trend_adx_min"":18.0,""trend_ema_separation_atr"":0.15,""trigger_mode"":""RSI_CCI"",""vwap_distance_atr"":0.2}"
2023-01 to 2023-06,2019-09-06T00:00:00+00:00,2023-01-01T00:00:00+00:00,BEAR_BREAKOUT,BEAR_BREAKOUT-LS15,40,-21.1526,0.288642,0.0,False,,False,"{""atr_ratio_max"":2.6,""atr_ratio_min"":0.45,""bb_width_percentile_max"":0.2,""breakout_range_atr"":0.6,""cci_level"":50.0,""context"":""BEAR_BREAKOUT"",""direction"":""SHORT"",""ema_touch_atr"":0.25,""max_hold_bars"":48,""range_adx_max"":24.0,""range_ema_separation_atr"":0.5,""require_confirmation_break"":true,""require_vwap"":false,""rsi_level"":55.0,""rsi_reclaim"":50.0,""setup"":""breakout"",""stop_atr"":1.5,""target_rr"":1.25,""trend_adx_min"":22.0,""trend_ema_separation_atr"":0.15,""trigger_mode"":""RSI_MACD"",""vwap_distance_atr"":0.4}"
2023-01 to 2023-06,2019-09-06T00:00:00+00:00,2023-01-01T00:00:00+00:00,BEAR_BREAKOUT,BEAR_BREAKOUT-LS16,53,-28.784986,0.286041,0.071755,False,,False,"{""atr_ratio_max"":2.6,""atr_ratio_min"":0.65,""bb_width_percentile_max"":0.2,""breakout_range_atr"":0.8,""cci_level"":0.0,""context"":""BEAR_BREAKOUT"",""direction"":""SHORT"",""ema_touch_atr"":0.5,""max_hold_bars"":48,""range_adx_max"":20.0,""range_ema_separation_atr"":0.3,""require_confirmation_break"":true,""require_vwap"":false,""rsi_level"":55.0,""rsi_reclaim"":50.0,""setup"":""breakout"",""stop_atr"":1.0,""target_rr"":1.5,""trend_adx_min"":18.0,""trend_ema_separation_atr"":0.0,""trigger_mode"":""RSI_MACD"",""vwap_distance_atr"":0.2}"
2023-01 to 2023-06,2019-09-06T00:00:00+00:00,2023-01-01T00:00:00+00:00,BEAR_BREAKOUT,BEAR_BREAKOUT-LS17,35,-22.106324,0.272116,0.0,False,,False,"{""atr_ratio_max"":1.8,""atr_ratio_min"":0.65,""bb_width_percentile_max"":0.2,""breakout_range_atr"":1.0,""cci_level"":50.0,""context"":""BEAR_BREAKOUT"",""direction"":""SHORT"",""ema_touch_atr"":0.5,""max_hold_bars"":72,""range_adx_max"":16.0,""range_ema_separation_atr"":0.3,""require_confirmation_break"":true,""require_vwap"":false,""rsi_level"":60.0,""rsi_reclaim"":52.0,""setup"":""breakout"",""stop_atr"":1.5,""target_rr"":1.5,""trend_adx_min"":22.0,""trend_ema_separation_atr"":0.0,""trigger_mode"":""CCI_MACD"",""vwap_distance_atr"":0.0}"
2023-01 to 2023-06,2019-09-06T00:00:00+00:00,2023-01-01T00:00:00+00:00,BEAR_BREAKOUT,BEAR_BREAKOUT-LS18,179,-68.664349,0.297526,0.273489,False,,False,"{""atr_ratio_max"":2.2,""atr_ratio_min"":0.3,""bb_width_percentile_max"":0.35,""breakout_range_atr"":0.8,""cci_level"":100.0,""context"":""BEAR_BREAKOUT"",""direction"":""SHORT"",""ema_touch_atr"":0.0,""max_hold_bars"":96,""range_adx_max"":24.0,""range_ema_separation_atr"":0.15,""require_confirmation_break"":false,""require_vwap"":false,""rsi_level"":55.0,""rsi_reclaim"":48.0,""setup"":""breakout"",""stop_atr"":1.25,""target_rr"":1.25,""trend_adx_min"":22.0,""trend_ema_separation_atr"":0.15,""trigger_mode"":""RSI_CCI"",""vwap_distance_atr"":0.4}"
2023-01 to 2023-06,2019-09-06T00:00:00+00:00,2023-01-01T00:00:00+00:00,BEAR_PULLBACK,BEAR_PULLBACK-LS01,253,-78.21371,0.344176,0.255704,False,,False,"{""atr_ratio_max"":2.2,""atr_ratio_min"":0.45,""bb_width_percentile_max"":0.2,""breakout_range_atr"":0.6,""cci_level"":0.0,""context"":""BEAR_PULLBACK"",""direction"":""SHORT"",""ema_touch_atr"":0.25,""max_hold_bars"":48,""range_adx_max"":20.0,""range_ema_separation_atr"":0.15,""require_confirmation_break"":false,""require_vwap"":false,""rsi_level"":55.0,""rsi_reclaim"":50.0,""setup"":""pullback"",""stop_atr"":1.5,""target_rr"":1.5,""trend_adx_min"":18.0,""trend_ema_separation_atr"":0.15,""trigger_mode"":""ALL_THREE"",""vwap_distance_atr"":0.2}"
2023-01 to 2023-06,2019-09-06T00:00:00+00:00,2023-01-01T00:00:00+00:00,BEAR_PULLBACK,BEAR_PULLBACK-LS02,407,-90.686426,0.329387,0.289159,False,,False,"{""atr_ratio_max"":1.8,""atr_ratio_min"":0.3,""bb_width_percentile_max"":0.2,""breakout_range_atr"":0.8,""cci_level"":-50.0,""context"":""BEAR_PULLBACK"",""direction"":""SHORT"",""ema_touch_atr"":0.5,""max_hold_bars"":48,""range_adx_max"":24.0,""range_ema_separation_atr"":0.15,""require_confirmation_break"":false,""require_vwap"":false,""rsi_level"":50.0,""rsi_reclaim"":48.0,""setup"":""pullback"",""stop_atr"":1.0,""target_rr"":1.25,""trend_adx_min"":14.0,""trend_ema_separation_atr"":0.15,""trigger_mode"":""CCI_MACD"",""vwap_distance_atr"":0.0}"
2023-01 to 2023-06,2019-09-06T00:00:00+00:00,2023-01-01T00:00:00+00:00,BEAR_PULLBACK,BEAR_PULLBACK-LS03,37,-20.425305,0.383227,0.200069,False,,False,"{""atr_ratio_max"":2.2,""atr_ratio_min"":0.3,""bb_width_percentile_max"":0.2,""breakout_range_atr"":0.8,""cci_level"":0.0,""context"":""BEAR_PULLBACK"",""direction"":""SHORT"",""ema_touch_atr"":0.5,""max_hold_bars"":72,""range_adx_max"":16.0,""range_ema_separation_atr"":0.3,""require_confirmation_break"":true,""require_vwap"":true,""rsi_level"":55.0,""rsi_reclaim"":48.0,""setup"":""pullback"",""stop_atr"":1.25,""target_rr"":1.75,""trend_adx_min"":22.0,""trend_ema_separation_atr"":0.05,""trigger_mode"":""RSI_CCI"",""vwap_distance_atr"":0.2}"
2023-01 to 2023-06,2019-09-06T00:00:00+00:00,2023-01-01T00:00:00+00:00,BEAR_PULLBACK,BEAR_PULLBACK-LS04,135,-56.401384,0.392103,0.32264,False,,False,"{""atr_ratio_max"":2.6,""atr_ratio_min"":0.65,""bb_width_percentile_max"":0.35,""breakout_range_atr"":0.8,""cci_level"":25.0,""context"":""BEAR_PULLBACK"",""direction"":""SHORT"",""ema_touch_atr"":0.25,""max_hold_bars"":48,""range_adx_max"":20.0,""range_ema_separation_atr"":0.5,""require_confirmation_break"":true,""require_vwap"":true,""rsi_level"":50.0,""rsi_reclaim"":52.0,""setup"":""pullback"",""stop_atr"":1.0,""target_rr"":1.75,""trend_adx_min"":14.0,""trend_ema_separation_atr"":0.0,""trigger_mode"":""CCI_MACD"",""vwap_distance_atr"":0.4}"
2023-01 to 2023-06,2019-09-06T00:00:00+00:00,2023-01-01T00:00:00+00:00,BEAR_PULLBACK,BEAR_PULLBACK-LS05,121,-58.951232,0.272406,0.254559,False,,False,"{""atr_ratio_max"":2.2,""atr_ratio_min"":0.45,""bb_width_percentile_max"":0.2,""breakout_range_atr"":1.0,""cci_level"":-50.0,""context"":""BEAR_PULLBACK"",""direction"":""SHORT"",""ema_touch_atr"":0.0,""max_hold_bars"":96,""range_adx_max"":16.0,""range_ema_separation_atr"":0.3,""require_confirmation_break"":false,""require_vwap"":false,""rsi_level"":45.0,""rsi_reclaim"":50.0,""setup"":""pullback"",""stop_atr"":1.25,""target_rr"":1.25,""trend_adx_min"":22.0,""trend_ema_separation_atr"":0.0,""trigger_mode"":""CCI_MACD"",""vwap_distance_atr"":0.0}"
2023-01 to 2023-06,2019-09-06T00:00:00+00:00,2023-01-01T00:00:00+00:00,BEAR_PULLBACK,BEAR_PULLBACK-LS06,263,-76.456103,0.384831,0.25308,False,,False,"{""atr_ratio_max"":1.8,""atr_ratio_min"":0.45,""bb_width_percentile_max"":0.5,""breakout_range_atr"":1.0,""cci_level"":25.0,""context"":""BEAR_PULLBACK"",""direction"":""SHORT"",""ema_touch_atr"":0.0,""max_hold_bars"":72,""range_adx_max"":20.0,""range_ema_separation_atr"":0.5,""require_confirmation_break"":true,""require_vwap"":false,""rsi_level"":55.0,""rsi_reclaim"":50.0,""setup"":""pullback"",""stop_atr"":1.25,""target_rr"":1.25,""trend_adx_min"":14.0,""trend_ema_separation_atr"":0.05,""trigger_mode"":""ALL_THREE"",""vwap_distance_atr"":0.2}"
2023-01 to 2023-06,2019-09-06T00:00:00+00:00,2023-01-01T00:00:00+00:00,BEAR_PULLBACK,BEAR_PULLBACK-LS07,201,-67.755354,0.361874,0.292812,False,,False,"{""atr_ratio_max"":2.6,""atr_ratio_min"":0.3,""bb_width_percentile_max"":0.2,""breakout_range_atr"":1.0,""cci_level"":0.0,""context"":""BEAR_PULLBACK"",""direction"":""SHORT"",""ema_touch_atr"":0.25,""max_hold_bars"":72,""range_adx_max"":16.0,""range_ema_separation_atr"":0.15,""require_confirmation_break"":true,""require_vwap"":false,""rsi_level"":50.0,""rsi_reclaim"":52.0,""setup"":""pullback"",""stop_atr"":1.25,""target_rr"":1.25,""trend_adx_min"":18.0,""trend_ema_separation_atr"":0.05,""trigger_mode"":""RSI_CCI"",""vwap_distance_atr"":0.4}"
2023-01 to 2023-06,2019-09-06T00:00:00+00:00,2023-01-01T00:00:00+00:00,BEAR_PULLBACK,BEAR_PULLBACK-LS08,29,-17.988236,0.339795,0.308028,False,,False,"{""atr_ratio_max"":1.8,""atr_ratio_min"":0.65,""bb_width_percentile_max"":0.35,""breakout_range_atr"":0.6,""cci_level"":-50.0,""context"":""BEAR_PULLBACK"",""direction"":""SHORT"",""ema_touch_atr"":0.5,""max_hold_bars"":72,""range_adx_max"":24.0,""range_ema_separation_atr"":0.3,""require_confirmation_break"":false,""require_vwap"":true,""rsi_level"":55.0,""rsi_reclaim"":50.0,""setup"":""pullback"",""stop_atr"":1.0,""target_rr"":1.75,""trend_adx_min"":22.0,""trend_ema_separation_atr"":0.15,""trigger_mode"":""RSI_CCI"",""vwap_distance_atr"":0.0}"
2023-01 to 2023-06,2019-09-06T00:00:00+00:00,2023-01-01T00:00:00+00:00,BEAR_PULLBACK,BEAR_PULLBACK-LS09,32,-13.544605,0.463247,0.316765,False,,False,"{""atr_ratio_max"":1.8,""atr_ratio_min"":0.3,""bb_width_percentile_max"":0.5,""breakout_range_atr"":0.6,""cci_level"":0.0,""context"":""BEAR_PULLBACK"",""direction"":""SHORT"",""ema_touch_atr"":0.25,""max_hold_bars"":48,""range_adx_max"":24.0,""range_ema_separation_atr"":0.3,""require_confirmation_break"":true,""require_vwap"":true,""rsi_level"":50.0,""rsi_reclaim"":50.0,""setup"":""pullback"",""stop_atr"":1.25,""target_rr"":1.5,""trend_adx_min"":22.0,""trend_ema_separation_atr"":0.0,""trigger_mode"":""RSI_CCI"",""vwap_distance_atr"":0.2}"
2023-01 to 2023-06,2019-09-06T00:00:00+00:00,2023-01-01T00:00:00+00:00,BEAR_PULLBACK,BEAR_PULLBACK-LS10,69,-25.823916,0.501941,0.315757,False,,False,"{""atr_ratio_max"":2.2,""atr_ratio_min"":0.45,""bb_width_percentile_max"":0.5,""breakout_range_atr"":0.6,""cci_level"":25.0,""context"":""BEAR_PULLBACK"",""direction"":""SHORT"",""ema_touch_atr"":0.25,""max_hold_bars"":96,""range_adx_max"":20.0,""range_ema_separation_atr"":0.5,""require_confirmation_break"":false,""require_vwap"":true,""rsi_level"":50.0,""rsi_reclaim"":48.0,""setup"":""pullback"",""stop_atr"":1.25,""target_rr"":1.25,""trend_adx_min"":18.0,""trend_ema_separation_atr"":0.05,""trigger_mode"":""RSI_CCI"",""vwap_distance_atr"":0.2}"
2023-01 to 2023-06,2019-09-06T00:00:00+00:00,2023-01-01T00:00:00+00:00,BEAR_PULLBACK,BEAR_PULLBACK-LS11,44,-18.039601,0.51066,0.373452,False,,False,"{""atr_ratio_max"":2.2,""atr_ratio_min"":0.65,""bb_width_percentile_max"":0.35,""breakout_range_atr"":1.0,""cci_level"":25.0,""context"":""BEAR_PULLBACK"",""direction"":""SHORT"",""ema_touch_atr"":0.0,""max_hold_bars"":96,""range_adx_max"":24.0,""range_ema_separation_atr"":0.15,""require_confirmation_break"":false,""require_vwap"":false,""rsi_level"":45.0,""rsi_reclaim"":52.0,""setup"":""pullback"",""stop_atr"":1.5,""target_rr"":1.5,""trend_adx_min"":14.0,""trend_ema_separation_atr"":0.05,""trigger_mode"":""ALL_THREE"",""vwap_distance_atr"":0.4}"
2023-01 to 2023-06,2019-09-06T00:00:00+00:00,2023-01-01T00:00:00+00:00,BEAR_PULLBACK,BEAR_PULLBACK-LS12,13,-7.608188,0.364101,,False,,False,"{""atr_ratio_max"":1.8,""atr_ratio_min"":0.65,""bb_width_percentile_max"":0.35,""breakout_range_atr"":0.8,""cci_level"":25.0,""context"":""BEAR_PULLBACK"",""direction"":""SHORT"",""ema_touch_atr"":0.5,""max_hold_bars"":72,""range_adx_max"":20.0,""range_ema_separation_atr"":0.15,""require_confirmation_break"":true,""require_vwap"":true,""rsi_level"":45.0,""rsi_reclaim"":52.0,""setup"":""pullback"",""stop_atr"":1.0,""target_rr"":1.5,""trend_adx_min"":18.0,""trend_ema_separation_atr"":0.15,""trigger_mode"":""ALL_THREE"",""vwap_distance_atr"":0.0}"
2023-01 to 2023-06,2019-09-06T00:00:00+00:00,2023-01-01T00:00:00+00:00,BEAR_PULLBACK,BEAR_PULLBACK-LS13,394,-90.924044,0.359854,0.276511,False,,False,"{""atr_ratio_max"":2.6,""atr_ratio_min"":0.45,""bb_width_percentile_max"":0.2,""breakout_range_atr"":0.6,""cci_level"":-50.0,""context"":""BEAR_PULLBACK"",""direction"":""SHORT"",""ema_touch_atr"":0.0,""max_hold_bars"":72,""range_adx_max"":16.0,""range_ema_separation_atr"":0.15,""require_confirmation_break"":false,""require_vwap"":false,""rsi_level"":50.0,""rsi_reclaim"":48.0,""setup"":""pullback"",""stop_atr"":1.5,""target_rr"":1.75,""trend_adx_min"":18.0,""trend_ema_separation_atr"":0.05,""trigger_mode"":""RSI_MACD"",""vwap_distance_atr"":0.4}"
2023-01 to 2023-06,2019-09-06T00:00:00+00:00,2023-01-01T00:00:00+00:00,BEAR_PULLBACK,BEAR_PULLBACK-LS14,236,-80.047462,0.30725,0.247346,False,,False,"{""atr_ratio_max"":2.6,""atr_ratio_min"":0.65,""bb_width_percentile_max"":0.35,""breakout_range_atr"":0.6,""cci_level"":-50.0,""context"":""BEAR_PULLBACK"",""direction"":""SHORT"",""ema_touch_atr"":0.5,""max_hold_bars"":48,""range_adx_max"":20.0,""range_ema_separation_atr"":0.5,""require_confirmation_break"":false,""require_vwap"":true,""rsi_level"":55.0,""rsi_reclaim"":52.0,""setup"":""pullback"",""stop_atr"":1.0,""target_rr"":1.5,""trend_adx_min"":14.0,""trend_ema_separation_atr"":0.15,""trigger_mode"":""RSI_MACD"",""vwap_distance_atr"":0.4}"
2023-01 to 2023-06,2019-09-06T00:00:00+00:00,2023-01-01T00:00:00+00:00,BEAR_PULLBACK,BEAR_PULLBACK-LS15,320,-84.277166,0.392306,0.34428,False,,False,"{""atr_ratio_max"":2.6,""atr_ratio_min"":0.45,""bb_width_percentile_max"":0.5,""breakout_range_atr"":0.8,""cci_level"":0.0,""context"":""BEAR_PULLBACK"",""direction"":""SHORT"",""ema_touch_atr"":0.0,""max_hold_bars"":96,""range_adx_max"":16.0,""range_ema_separation_atr"":0.3,""require_confirmation_break"":true,""require_vwap"":false,""rsi_level"":55.0,""rsi_reclaim"":48.0,""setup"":""pullback"",""stop_atr"":1.5,""target_rr"":1.75,""trend_adx_min"":14.0,""trend_ema_separation_atr"":0.0,""trigger_mode"":""CCI_MACD"",""vwap_distance_atr"":0.0}"
2023-01 to 2023-06,2019-09-06T00:00:00+00:00,2023-01-01T00:00:00+00:00,BEAR_PULLBACK,BEAR_PULLBACK-LS16,79,-36.200637,0.413473,0.238049,False,,False,"{""atr_ratio_max"":2.2,""atr_ratio_min"":0.3,""bb_width_percentile_max"":0.5,""breakout_range_atr"":0.8,""cci_level"":25.0,""context"":""BEAR_PULLBACK"",""direction"":""SHORT"",""ema_touch_atr"":0.0,""max_hold_bars"":48,""range_adx_max"":16.0,""range_ema_separation_atr"":0.5,""require_confirmation_break"":true,""require_vwap"":false,""rsi_level"":45.0,""rsi_reclaim"":52.0,""setup"":""pullback"",""stop_atr"":1.0,""target_rr"":1.75,""trend_adx_min"":18.0,""trend_ema_separation_atr"":0.0,""trigger_mode"":""RSI_MACD"",""vwap_distance_atr"":0.0}"
2023-01 to 2023-06,2019-09-06T00:00:00+00:00,2023-01-01T00:00:00+00:00,BEAR_PULLBACK,BEAR_PULLBACK-LS17,26,-26.291373,0.138305,0.080684,False,,False,"{""atr_ratio_max"":2.6,""atr_ratio_min"":0.3,""bb_width_percentile_max"":0.5,""breakout_range_atr"":1.0,""cci_level"":0.0,""context"":""BEAR_PULLBACK"",""direction"":""SHORT"",""ema_touch_atr"":0.5,""max_hold_bars"":96,""range_adx_max"":24.0,""range_ema_separation_atr"":0.5,""require_confirmation_break"":true,""require_vwap"":true,""rsi_level"":45.0,""rsi_reclaim"":50.0,""setup"":""pullback"",""stop_atr"":1.5,""target_rr"":1.5,""trend_adx_min"":22.0,""trend_ema_separation_atr"":0.0,""trigger_mode"":""RSI_MACD"",""vwap_distance_atr"":0.2}"
2023-01 to 2023-06,2019-09-06T00:00:00+00:00,2023-01-01T00:00:00+00:00,BEAR_PULLBACK,BEAR_PULLBACK-LS18,27,-23.881807,0.156897,0.0,False,,False,"{""atr_ratio_max"":1.8,""atr_ratio_min"":0.65,""bb_width_percentile_max"":0.35,""breakout_range_atr"":1.0,""cci_level"":-50.0,""context"":""BEAR_PULLBACK"",""direction"":""SHORT"",""ema_touch_atr"":0.25,""max_hold_bars"":96,""range_adx_max"":24.0,""range_ema_separation_atr"":0.3,""require_confirmation_break"":false,""require_vwap"":true,""rsi_level"":45.0,""rsi_reclaim"":48.0,""setup"":""pullback"",""stop_atr"":1.5,""target_rr"":1.25,""trend_adx_min"":22.0,""trend_ema_separation_atr"":0.15,""trigger_mode"":""RSI_MACD"",""vwap_distance_atr"":0.4}"
2023-01 to 2023-06,2019-09-06T00:00:00+00:00,2023-01-01T00:00:00+00:00,BULL_BREAKOUT,BULL_BREAKOUT-LS01,176,-71.489885,0.313853,0.144177,False,,False,"{""atr_ratio_max"":2.2,""atr_ratio_min"":0.45,""bb_width_percentile_max"":0.5,""breakout_range_atr"":1.0,""cci_level"":0.0,""context"":""BULL_BREAKOUT"",""direction"":""LONG"",""ema_touch_atr"":0.25,""max_hold_bars"":48,""range_adx_max"":16.0,""range_ema_separation_atr"":0.15,""require_confirmation_break"":false,""require_vwap"":false,""rsi_level"":50.0,""rsi_reclaim"":52.0,""setup"":""breakout"",""stop_atr"":1.25,""target_rr"":1.75,""trend_adx_min"":14.0,""trend_ema_separation_atr"":0.05,""trigger_mode"":""CCI_MACD"",""vwap_distance_atr"":0.2}"
2023-01 to 2023-06,2019-09-06T00:00:00+00:00,2023-01-01T00:00:00+00:00,BULL_BREAKOUT,BULL_BREAKOUT-LS02,50,-28.035957,0.293674,0.079061,False,,False,"{""atr_ratio_max"":2.2,""atr_ratio_min"":0.3,""bb_width_percentile_max"":0.2,""breakout_range_atr"":1.0,""cci_level"":0.0,""context"":""BULL_BREAKOUT"",""direction"":""LONG"",""ema_touch_atr"":0.5,""max_hold_bars"":48,""range_adx_max"":20.0,""range_ema_separation_atr"":0.5,""require_confirmation_break"":true,""require_vwap"":false,""rsi_level"":60.0,""rsi_reclaim"":52.0,""setup"":""breakout"",""stop_atr"":1.0,""target_rr"":1.75,""trend_adx_min"":18.0,""trend_ema_separation_atr"":0.05,""trigger_mode"":""RSI_MACD"",""vwap_distance_atr"":0.2}"
2023-01 to 2023-06,2019-09-06T00:00:00+00:00,2023-01-01T00:00:00+00:00,BULL_BREAKOUT,BULL_BREAKOUT-LS03,132,-57.891135,0.255352,0.145772,False,,False,"{""atr_ratio_max"":1.8,""atr_ratio_min"":0.3,""bb_width_percentile_max"":0.2,""breakout_range_atr"":1.0,""cci_level"":0.0,""context"":""BULL_BREAKOUT"",""direction"":""LONG"",""ema_touch_atr"":0.5,""max_hold_bars"":48,""range_adx_max"":16.0,""range_ema_separation_atr"":0.5,""require_confirmation_break"":true,""require_vwap"":true,""rsi_level"":50.0,""rsi_reclaim"":50.0,""setup"":""breakout"",""stop_atr"":1.5,""target_rr"":1.25,""trend_adx_min"":18.0,""trend_ema_separation_atr"":0.0,""trigger_mode"":""RSI_CCI"",""vwap_distance_atr"":0.2}"
2023-01 to 2023-06,2019-09-06T00:00:00+00:00,2023-01-01T00:00:00+00:00,BULL_BREAKOUT,BULL_BREAKOUT-LS04,255,-79.490209,0.346723,0.294011,False,,False,"{""atr_ratio_max"":2.6,""atr_ratio_min"":0.65,""bb_width_percentile_max"":0.35,""breakout_range_atr"":0.8,""cci_level"":50.0,""context"":""BULL_BREAKOUT"",""direction"":""LONG"",""ema_touch_atr"":0.0,""max_hold_bars"":72,""range_adx_max"":24.0,""range_ema_separation_atr"":0.5,""require_confirmation_break"":true,""require_vwap"":false,""rsi_level"":50.0,""rsi_reclaim"":52.0,""setup"":""breakout"",""stop_atr"":1.5,""target_rr"":1.5,""trend_adx_min"":18.0,""trend_ema_separation_atr"":0.15,""trigger_mode"":""RSI_CCI"",""vwap_distance_atr"":0.4}"
2023-01 to 2023-06,2019-09-06T00:00:00+00:00,2023-01-01T00:00:00+00:00,BULL_BREAKOUT,BULL_BREAKOUT-LS05,69,-36.20788,0.354334,0.325938,False,,False,"{""atr_ratio_max"":1.8,""atr_ratio_min"":0.3,""bb_width_percentile_max"":0.35,""breakout_range_atr"":0.6,""cci_level"":100.0,""context"":""BULL_BREAKOUT"",""direction"":""LONG"",""ema_touch_atr"":0.0,""max_hold_bars"":72,""range_adx_max"":24.0,""range_ema_separation_atr"":0.5,""require_confirmation_break"":true,""require_vwap"":false,""rsi_level"":55.0,""rsi_reclaim"":52.0,""setup"":""breakout"",""stop_atr"":1.0,""target_rr"":1.75,""trend_adx_min"":22.0,""trend_ema_separation_atr"":0.0,""trigger_mode"":""CCI_MACD"",""vwap_distance_atr"":0.4}"
2023-01 to 2023-06,2019-09-06T00:00:00+00:00,2023-01-01T00:00:00+00:00,BULL_BREAKOUT,BULL_BREAKOUT-LS06,179,-69.61516,0.314338,0.186071,False,,False,"{""atr_ratio_max"":2.6,""atr_ratio_min"":0.45,""bb_width_percentile_max"":0.5,""breakout_range_atr"":0.8,""cci_level"":50.0,""context"":""BULL_BREAKOUT"",""direction"":""LONG"",""ema_touch_atr"":0.5,""max_hold_bars"":48,""range_adx_max"":20.0,""range_ema_separation_atr"":0.15,""require_confirmation_break"":false,""require_vwap"":true,""rsi_level"":60.0,""rsi_reclaim"":50.0,""setup"":""breakout"",""stop_atr"":1.25,""target_rr"":1.5,""trend_adx_min"":14.0,""trend_ema_separation_atr"":0.15,""trigger_mode"":""ALL_THREE"",""vwap_distance_atr"":0.2}"
2023-01 to 2023-06,2019-09-06T00:00:00+00:00,2023-01-01T00:00:00+00:00,BULL_BREAKOUT,BULL_BREAKOUT-LS07,35,-19.459781,0.324864,0.290212,False,,False,"{""atr_ratio_max"":2.2,""atr_ratio_min"":0.45,""bb_width_percentile_max"":0.2,""breakout_range_atr"":0.6,""cci_level"":50.0,""context"":""BULL_BREAKOUT"",""direction"":""LONG"",""ema_touch_atr"":0.25,""max_hold_bars"":96,""range_adx_max"":16.0,""range_ema_separation_atr"":0.3,""require_confirmation_break"":false,""require_vwap"":true,""rsi_level"":60.0,""rsi_reclaim"":50.0,""setup"":""breakout"",""stop_atr"":1.25,""target_rr"":1.5,""trend_adx_min"":22.0,""trend_ema_separation_atr"":0.0,""trigger_mode"":""ALL_THREE"",""vwap_distance_atr"":0.0}"
2023-01 to 2023-06,2019-09-06T00:00:00+00:00,2023-01-01T00:00:00+00:00,BULL_BREAKOUT,BULL_BREAKOUT-LS08,185,-69.582757,0.288081,0.237288,False,,False,"{""atr_ratio_max"":2.6,""atr_ratio_min"":0.45,""bb_width_percentile_max"":0.35,""breakout_range_atr"":0.6,""cci_level"":100.0,""context"":""BULL_BREAKOUT"",""direction"":""LONG"",""ema_touch_atr"":0.25,""max_hold_bars"":72,""range_adx_max"":16.0,""range_ema_separation_atr"":0.15,""require_confirmation_break"":false,""require_vwap"":true,""rsi_level"":50.0,""rsi_reclaim"":48.0,""setup"":""breakout"",""stop_atr"":1.0,""target_rr"":1.25,""trend_adx_min"":22.0,""trend_ema_separation_atr"":0.15,""trigger_mode"":""RSI_CCI"",""vwap_distance_atr"":0.0}"
2023-01 to 2023-06,2019-09-06T00:00:00+00:00,2023-01-01T00:00:00+00:00,BULL_BREAKOUT,BULL_BREAKOUT-LS09,34,-18.46383,0.361838,0.297174,False,,False,"{""atr_ratio_max"":2.2,""atr_ratio_min"":0.65,""bb_width_percentile_max"":0.2,""breakout_range_atr"":0.6,""cci_level"":100.0,""context"":""BULL_BREAKOUT"",""direction"":""LONG"",""ema_touch_atr"":0.0,""max_hold_bars"":72,""range_adx_max"":20.0,""range_ema_separation_atr"":0.3,""require_confirmation_break"":false,""require_vwap"":false,""rsi_level"":55.0,""rsi_reclaim"":50.0,""setup"":""breakout"",""stop_atr"":1.25,""target_rr"":1.75,""trend_adx_min"":22.0,""trend_ema_separation_atr"":0.0,""trigger_mode"":""RSI_MACD"",""vwap_distance_atr"":0.0}"
2023-01 to 2023-06,2019-09-06T00:00:00+00:00,2023-01-01T00:00:00+00:00,BULL_BREAKOUT,BULL_BREAKOUT-LS10,90,-50.577198,0.223735,0.135138,False,,False,"{""atr_ratio_max"":1.8,""atr_ratio_min"":0.3,""bb_width_percentile_max"":0.2,""breakout_range_atr"":0.8,""cci_level"":0.0,""context"":""BULL_BREAKOUT"",""direction"":""LONG"",""ema_touch_atr"":0.5,""max_hold_bars"":48,""range_adx_max"":16.0,""range_ema_separation_atr"":0.5,""require_confirmation_break"":false,""require_vwap"":false,""rsi_level"":50.0,""rsi_reclaim"":48.0,""setup"":""breakout"",""stop_atr"":1.5,""target_rr"":1.25,""trend_adx_min"":14.0,""trend_ema_separation_atr"":0.0,""trigger_mode"":""CCI_MACD"",""vwap_distance_atr"":0.0}"
2023-01 to 2023-06,2019-09-06T00:00:00+00:00,2023-01-01T00:00:00+00:00,BULL_BREAKOUT,BULL_BREAKOUT-LS11,371,-92.408454,0.264663,0.252595,False,,False,"{""atr_ratio_max"":2.6,""atr_ratio_min"":0.65,""bb_width_percentile_max"":0.35,""breakout_range_atr"":0.8,""cci_level"":0.0,""context"":""BULL_BREAKOUT"",""direction"":""LONG"",""ema_touch_atr"":0.5,""max_hold_bars"":96,""range_adx_max"":16.0,""range_ema_separation_atr"":0.3,""require_confirmation_break"":false,""require_vwap"":false,""rsi_level"":55.0,""rsi_reclaim"":48.0,""setup"":""breakout"",""stop_atr"":1.0,""target_rr"":1.25,""trend_adx_min"":14.0,""trend_ema_separation_atr"":0.05,""trigger_mode"":""RSI_CCI"",""vwap_distance_atr"":0.0}"
2023-01 to 2023-06,2019-09-06T00:00:00+00:00,2023-01-01T00:00:00+00:00,BULL_BREAKOUT,BULL_BREAKOUT-LS12,279,-79.186622,0.321693,0.250281,False,,False,"{""atr_ratio_max"":2.2,""atr_ratio_min"":0.45,""bb_width_percentile_max"":0.35,""breakout_range_atr"":0.6,""cci_level"":50.0,""context"":""BULL_BREAKOUT"",""direction"":""LONG"",""ema_touch_atr"":0.0,""max_hold_bars"":96,""range_adx_max"":24.0,""range_ema_separation_atr"":0.3,""require_confirmation_break"":true,""require_vwap"":true,""rsi_level"":50.0,""rsi_reclaim"":50.0,""setup"":""breakout"",""stop_atr"":1.0,""target_rr"":1.25,""trend_adx_min"":18.0,""trend_ema_separation_atr"":0.15,""trigger_mode"":""RSI_CCI"",""vwap_distance_atr"":0.2}"
2023-01 to 2023-06,2019-09-06T00:00:00+00:00,2023-01-01T00:00:00+00:00,BULL_BREAKOUT,BULL_BREAKOUT-LS13,175,-69.688676,0.35808,0.210871,False,,False,"{""atr_ratio_max"":1.8,""atr_ratio_min"":0.3,""bb_width_percentile_max"":0.5,""breakout_range_atr"":0.8,""cci_level"":50.0,""context"":""BULL_BREAKOUT"",""direction"":""LONG"",""ema_touch_atr"":0.5,""max_hold_bars"":96,""range_adx_max"":24.0,""range_ema_separation_atr"":0.5,""require_confirmation_break"":false,""require_vwap"":false,""rsi_level"":60.0,""rsi_reclaim"":52.0,""setup"":""breakout"",""stop_atr"":1.0,""target_rr"":1.75,""trend_adx_min"":14.0,""trend_ema_separation_atr"":0.05,""trigger_mode"":""RSI_MACD"",""vwap_distance_atr"":0.4}"
2023-01 to 2023-06,2019-09-06T00:00:00+00:00,2023-01-01T00:00:00+00:00,BULL_BREAKOUT,BULL_BREAKOUT-LS14,34,-18.047351,0.340376,0.243041,False,,False,"{""atr_ratio_max"":2.2,""atr_ratio_min"":0.3,""bb_width_percentile_max"":0.2,""breakout_range_atr"":0.8,""cci_level"":100.0,""context"":""BULL_BREAKOUT"",""direction"":""LONG"",""ema_touch_atr"":0.25,""max_hold_bars"":96,""range_adx_max"":24.0,""range_ema_separation_atr"":0.3,""require_confirmation_break"":true,""require_vwap"":true,""rsi_level"":55.0,""rsi_reclaim"":52.0,""setup"":""breakout"",""stop_atr"":1.5,""target_rr"":1.5,""trend_adx_min"":22.0,""trend_ema_separation_atr"":0.15,""trigger_mode"":""CCI_MACD"",""vwap_distance_atr"":0.4}"
2023-01 to 2023-06,2019-09-06T00:00:00+00:00,2023-01-01T00:00:00+00:00,BULL_BREAKOUT,BULL_BREAKOUT-LS15,118,-60.800296,0.228684,0.151741,False,,False,"{""atr_ratio_max"":2.6,""atr_ratio_min"":0.65,""bb_width_percentile_max"":0.35,""breakout_range_atr"":1.0,""cci_level"":100.0,""context"":""BULL_BREAKOUT"",""direction"":""LONG"",""ema_touch_atr"":0.25,""max_hold_bars"":96,""range_adx_max"":20.0,""range_ema_separation_atr"":0.3,""require_confirmation_break"":true,""require_vwap"":true,""rsi_level"":60.0,""rsi_reclaim"":48.0,""setup"":""breakout"",""stop_atr"":1.25,""target_rr"":1.25,""trend_adx_min"":14.0,""trend_ema_separation_atr"":0.05,""trigger_mode"":""RSI_MACD"",""vwap_distance_atr"":0.4}"
2023-01 to 2023-06,2019-09-06T00:00:00+00:00,2023-01-01T00:00:00+00:00,BULL_BREAKOUT,BULL_BREAKOUT-LS16,78,-41.014883,0.337734,0.097294,False,,False,"{""atr_ratio_max"":1.8,""atr_ratio_min"":0.65,""bb_width_percentile_max"":0.5,""breakout_range_atr"":1.0,""cci_level"":100.0,""context"":""BULL_BREAKOUT"",""direction"":""LONG"",""ema_touch_atr"":0.25,""max_hold_bars"":72,""range_adx_max"":20.0,""range_ema_separation_atr"":0.15,""require_confirmation_break"":true,""require_vwap"":true,""rsi_level"":55.0,""rsi_reclaim"":48.0,""setup"":""breakout"",""stop_atr"":1.5,""target_rr"":1.75,""trend_adx_min"":22.0,""trend_ema_separation_atr"":0.15,""trigger_mode"":""ALL_THREE"",""vwap_distance_atr"":0.2}"
2023-01 to 2023-06,2019-09-06T00:00:00+00:00,2023-01-01T00:00:00+00:00,BULL_BREAKOUT,BULL_BREAKOUT-LS17,145,-58.493335,0.386923,0.186378,False,,False,"{""atr_ratio_max"":2.6,""atr_ratio_min"":0.45,""bb_width_percentile_max"":0.5,""breakout_range_atr"":0.6,""cci_level"":50.0,""context"":""BULL_BREAKOUT"",""direction"":""LONG"",""ema_touch_atr"":0.0,""max_hold_bars"":72,""range_adx_max"":20.0,""range_ema_separation_atr"":0.15,""require_confirmation_break"":true,""require_vwap"":true,""rsi_level"":55.0,""rsi_reclaim"":48.0,""setup"":""breakout"",""stop_atr"":1.5,""target_rr"":1.5,""trend_adx_min"":18.0,""trend_ema_separation_atr"":0.05,""trigger_mode"":""RSI_MACD"",""vwap_distance_atr"":0.4}"
2023-01 to 2023-06,2019-09-06T00:00:00+00:00,2023-01-01T00:00:00+00:00,BULL_BREAKOUT,BULL_BREAKOUT-LS18,116,-56.323502,0.285079,0.115323,False,,False,"{""atr_ratio_max"":1.8,""atr_ratio_min"":0.65,""bb_width_percentile_max"":0.5,""breakout_range_atr"":1.0,""cci_level"":0.0,""context"":""BULL_BREAKOUT"",""direction"":""LONG"",""ema_touch_atr"":0.0,""max_hold_bars"":48,""range_adx_max"":24.0,""range_ema_separation_atr"":0.15,""require_confirmation_break"":false,""require_vwap"":false,""rsi_level"":60.0,""rsi_reclaim"":50.0,""setup"":""breakout"",""stop_atr"":1.25,""target_rr"":1.5,""trend_adx_min"":18.0,""trend_ema_separation_atr"":0.0,""trigger_mode"":""ALL_THREE"",""vwap_distance_atr"":0.0}"
2023-01 to 2023-06,2019-09-06T00:00:00+00:00,2023-01-01T00:00:00+00:00,BULL_PULLBACK,BULL_PULLBACK-LS01,124,-56.327719,0.295546,0.187234,False,,False,"{""atr_ratio_max"":2.6,""atr_ratio_min"":0.65,""bb_width_percentile_max"":0.35,""breakout_range_atr"":0.8,""cci_level"":0.0,""context"":""BULL_PULLBACK"",""direction"":""LONG"",""ema_touch_atr"":0.25,""max_hold_bars"":72,""range_adx_max"":24.0,""range_ema_separation_atr"":0.5,""require_confirmation_break"":false,""require_vwap"":true,""rsi_level"":50.0,""rsi_reclaim"":50.0,""setup"":""pullback"",""stop_atr"":1.0,""target_rr"":1.25,""trend_adx_min"":14.0,""trend_ema_separation_atr"":0.0,""trigger_mode"":""CCI_MACD"",""vwap_distance_atr"":0.4}"
2023-01 to 2023-06,2019-09-06T00:00:00+00:00,2023-01-01T00:00:00+00:00,BULL_PULLBACK,BULL_PULLBACK-LS02,21,-13.657603,0.315919,0.024029,False,,False,"{""atr_ratio_max"":2.6,""atr_ratio_min"":0.3,""bb_width_percentile_max"":0.35,""breakout_range_atr"":0.6,""cci_level"":0.0,""context"":""BULL_PULLBACK"",""direction"":""LONG"",""ema_touch_atr"":0.0,""max_hold_bars"":48,""range_adx_max"":16.0,""range_ema_separation_atr"":0.5,""require_confirmation_break"":true,""require_vwap"":false,""rsi_level"":45.0,""rsi_reclaim"":50.0,""setup"":""pullback"",""stop_atr"":1.0,""target_rr"":1.75,""trend_adx_min"":22.0,""trend_ema_separation_atr"":0.05,""trigger_mode"":""RSI_CCI"",""vwap_distance_atr"":0.4}"
2023-01 to 2023-06,2019-09-06T00:00:00+00:00,2023-01-01T00:00:00+00:00,BULL_PULLBACK,BULL_PULLBACK-LS03,248,-78.097644,0.333976,0.135957,False,,False,"{""atr_ratio_max"":2.2,""atr_ratio_min"":0.3,""bb_width_percentile_max"":0.35,""breakout_range_atr"":1.0,""cci_level"":25.0,""context"":""BULL_PULLBACK"",""direction"":""LONG"",""ema_touch_atr"":0.0,""max_hold_bars"":96,""range_adx_max"":20.0,""range_ema_separation_atr"":0.15,""require_confirmation_break"":true,""require_vwap"":false,""rsi_level"":55.0,""rsi_reclaim"":52.0,""setup"":""pullback"",""stop_atr"":1.25,""target_rr"":1.75,""trend_adx_min"":14.0,""trend_ema_separation_atr"":0.0,""trigger_mode"":""RSI_CCI"",""vwap_distance_atr"":0.0}"
2023-01 to 2023-06,2019-09-06T00:00:00+00:00,2023-01-01T00:00:00+00:00,BULL_PULLBACK,BULL_PULLBACK-LS04,50,-28.778106,0.372136,0.15528,False,,False,"{""atr_ratio_max"":2.2,""atr_ratio_min"":0.65,""bb_width_percentile_max"":0.35,""breakout_range_atr"":0.8,""cci_level"":25.0,""context"":""BULL_PULLBACK"",""direction"":""LONG"",""ema_touch_atr"":0.0,""max_hold_bars"":96,""range_adx_max"":16.0,""range_ema_separation_atr"":0.3,""require_confirmation_break"":true,""require_vwap"":true,""rsi_level"":45.0,""rsi_reclaim"":48.0,""setup"":""pullback"",""stop_atr"":1.5,""target_rr"":1.75,""trend_adx_min"":18.0,""trend_ema_separation_atr"":0.15,""trigger_mode"":""CCI_MACD"",""vwap_distance_atr"":0.4}"
2023-01 to 2023-06,2019-09-06T00:00:00+00:00,2023-01-01T00:00:00+00:00,BULL_PULLBACK,BULL_PULLBACK-LS05,324,-84.290957,0.348338,0.266088,False,,False,"{""atr_ratio_max"":1.8,""atr_ratio_min"":0.65,""bb_width_percentile_max"":0.2,""breakout_range_atr"":1.0,""cci_level"":25.0,""context"":""BULL_PULLBACK"",""direction"":""LONG"",""ema_touch_atr"":0.25,""max_hold_bars"":48,""range_adx_max"":16.0,""range_ema_separation_atr"":0.3,""require_confirmation_break"":false,""require_vwap"":false,""rsi_level"":55.0,""rsi_reclaim"":48.0,""setup"":""pullback"",""stop_atr"":1.5,""target_rr"":1.5,""trend_adx_min"":14.0,""trend_ema_separation_atr"":0.0,""trigger_mode"":""CCI_MACD"",""vwap_distance_atr"":0.0}"
2023-01 to 2023-06,2019-09-06T00:00:00+00:00,2023-01-01T00:00:00+00:00,BULL_PULLBACK,BULL_PULLBACK-LS06,120,-53.989597,0.291434,0.188781,False,,False,"{""atr_ratio_max"":2.6,""atr_ratio_min"":0.45,""bb_width_percentile_max"":0.2,""breakout_range_atr"":1.0,""cci_level"":0.0,""context"":""BULL_PULLBACK"",""direction"":""LONG"",""ema_touch_atr"":0.5,""max_hold_bars"":48,""range_adx_max"":24.0,""range_ema_separation_atr"":0.15,""require_confirmation_break"":true,""require_vwap"":true,""rsi_level"":55.0,""rsi_reclaim"":50.0,""setup"":""pullback"",""stop_atr"":1.25,""target_rr"":1.25,""trend_adx_min"":14.0,""trend_ema_separation_atr"":0.0,""trigger_mode"":""CCI_MACD"",""vwap_distance_atr"":0.2}"
2023-01 to 2023-06,2019-09-06T00:00:00+00:00,2023-01-01T00:00:00+00:00,BULL_PULLBACK,BULL_PULLBACK-LS07,24,-11.960263,0.37618,0.162881,False,,False,"{""atr_ratio_max"":2.6,""atr_ratio_min"":0.45,""bb_width_percentile_max"":0.5,""breakout_range_atr"":1.0,""cci_level"":25.0,""context"":""BULL_PULLBACK"",""direction"":""LONG"",""ema_touch_atr"":0.25,""max_hold_bars"":48,""range_adx_max"":16.0,""range_ema_separation_atr"":0.3,""require_confirmation_break"":false,""require_vwap"":true,""rsi_level"":50.0,""rsi_reclaim"":50.0,""setup"":""pullback"",""stop_atr"":1.5,""target_rr"":1.5,""trend_adx_min"":22.0,""trend_ema_separation_atr"":0.05,""trigger_mode"":""ALL_THREE"",""vwap_distance_atr"":0.2}"
2023-01 to 2023-06,2019-09-06T00:00:00+00:00,2023-01-01T00:00:00+00:00,BULL_PULLBACK,BULL_PULLBACK-LS08,124,-50.756658,0.370432,0.232378,False,,False,"{""atr_ratio_max"":1.8,""atr_ratio_min"":0.45,""bb_width_percentile_max"":0.35,""breakout_range_atr"":0.6,""cci_level"":0.0,""context"":""BULL_PULLBACK"",""direction"":""LONG"",""ema_touch_atr"":0.5,""max_hold_bars"":96,""range_adx_max"":20.0,""range_ema_separation_atr"":0.3,""require_confirmation_break"":true,""require_vwap"":true,""rsi_level"":55.0,""rsi_reclaim"":48.0,""setup"":""pullback"",""stop_atr"":1.25,""target_rr"":1.25,""trend_adx_min"":18.0,""trend_ema_separation_atr"":0.05,""trigger_mode"":""RSI_MACD"",""vwap_distance_atr"":0.4}"
2023-01 to 2023-06,2019-09-06T00:00:00+00:00,2023-01-01T00:00:00+00:00,BULL_PULLBACK,BULL_PULLBACK-LS09,13,-10.497238,0.265359,0.0,False,,False,"{""atr_ratio_max"":1.8,""atr_ratio_min"":0.3,""bb_width_percentile_max"":0.5,""breakout_range_atr"":0.6,""cci_level"":25.0,""context"":""BULL_PULLBACK"",""direction"":""LONG"",""ema_touch_atr"":0.5,""max_hold_bars"":48,""range_adx_max"":24.0,""range_ema_separation_atr"":0.15,""require_confirmation_break"":true,""require_vwap"":false,""rsi_level"":45.0,""rsi_reclaim"":52.0,""setup"":""pullback"",""stop_atr"":1.0,""target_rr"":1.75,""trend_adx_min"":22.0,""trend_ema_separation_atr"":0.05,""trigger_mode"":""ALL_THREE"",""vwap_distance_atr"":0.2}"
2023-01 to 2023-06,2019-09-06T00:00:00+00:00,2023-01-01T00:00:00+00:00,BULL_PULLBACK,BULL_PULLBACK-LS10,59,-34.139892,0.277666,0.065356,False,,False,"{""atr_ratio_max"":2.2,""atr_ratio_min"":0.65,""bb_width_percentile_max"":0.2,""breakout_range_atr"":0.8,""cci_level"":-50.0,""context"":""BULL_PULLBACK"",""direction"":""LONG"",""ema_touch_atr"":0.5,""max_hold_bars"":96,""range_adx_max"":20.0,""range_ema_separation_atr"":0.3,""require_confirmation_break"":true,""require_vwap"":true,""rsi_level"":50.0,""rsi_reclaim"":48.0,""setup"":""pullback"",""stop_atr"":1.25,""target_rr"":1.25,""trend_adx_min"":14.0,""trend_ema_separation_atr"":0.15,""trigger_mode"":""RSI_CCI"",""vwap_distance_atr"":0.2}"
2023-01 to 2023-06,2019-09-06T00:00:00+00:00,2023-01-01T00:00:00+00:00,BULL_PULLBACK,BULL_PULLBACK-LS11,92,-37.416905,0.445126,0.222294,False,,False,"{""atr_ratio_max"":1.8,""atr_ratio_min"":0.65,""bb_width_percentile_max"":0.5,""breakout_range_atr"":0.6,""cci_level"":-50.0,""context"":""BULL_PULLBACK"",""direction"":""LONG"",""ema_touch_atr"":0.25,""max_hold_bars"":72,""range_adx_max"":16.0,""range_ema_separation_atr"":0.5,""require_confirmation_break"":false,""require_vwap"":false,""rsi_level"":55.0,""rsi_reclaim"":48.0,""setup"":""pullback"",""stop_atr"":1.5,""target_rr"":1.75,""trend_adx_min"":22.0,""trend_ema_separation_atr"":0.15,""trigger_mode"":""RSI_CCI"",""vwap_distance_atr"":0.0}"
2023-01 to 2023-06,2019-09-06T00:00:00+00:00,2023-01-01T00:00:00+00:00,BULL_PULLBACK,BULL_PULLBACK-LS12,17,-6.71557,0.546547,0.668592,False,,False,"{""atr_ratio_max"":2.6,""atr_ratio_min"":0.3,""bb_width_percentile_max"":0.2,""breakout_range_atr"":0.8,""cci_level"":-50.0,""context"":""BULL_PULLBACK"",""direction"":""LONG"",""ema_touch_atr"":0.5,""max_hold_bars"":96,""range_adx_max"":20.0,""range_ema_separation_atr"":0.5,""require_confirmation_break"":false,""require_vwap"":true,""rsi_level"":45.0,""rsi_reclaim"":52.0,""setup"":""pullback"",""stop_atr"":1.5,""target_rr"":1.75,""trend_adx_min"":22.0,""trend_ema_separation_atr"":0.15,""trigger_mode"":""RSI_MACD"",""vwap_distance_atr"":0.2}"
2023-01 to 2023-06,2019-09-06T00:00:00+00:00,2023-01-01T00:00:00+00:00,BULL_PULLBACK,BULL_PULLBACK-LS13,140,-55.948984,0.357502,0.275116,False,,False,"{""atr_ratio_max"":2.6,""atr_ratio_min"":0.3,""bb_width_percentile_max"":0.2,""breakout_range_atr"":0.8,""cci_level"":0.0,""context"":""BULL_PULLBACK"",""direction"":""LONG"",""ema_touch_atr"":0.0,""max_hold_bars"":72,""range_adx_max"":24.0,""range_ema_separation_atr"":0.15,""require_confirmation_break"":false,""require_vwap"":false,""rsi_level"":50.0,""rsi_reclaim"":52.0,""setup"":""pullback"",""stop_atr"":1.5,""target_rr"":1.25,""trend_adx_min"":18.0,""trend_ema_separation_atr"":0.05,""trigger_mode"":""ALL_THREE"",""vwap_distance_atr"":0.0}"
2023-01 to 2023-06,2019-09-06T00:00:00+00:00,2023-01-01T00:00:00+00:00,BULL_PULLBACK,BULL_PULLBACK-LS14,59,-41.724319,0.22146,0.099468,False,,False,"{""atr_ratio_max"":1.8,""atr_ratio_min"":0.45,""bb_width_percentile_max"":0.5,""breakout_range_atr"":1.0,""cci_level"":-50.0,""context"":""BULL_PULLBACK"",""direction"":""LONG"",""ema_touch_atr"":0.0,""max_hold_bars"":48,""range_adx_max"":20.0,""range_ema_separation_atr"":0.3,""require_confirmation_break"":true,""require_vwap"":false,""rsi_level"":45.0,""rsi_reclaim"":50.0,""setup"":""pullback"",""stop_atr"":1.25,""target_rr"":1.5,""trend_adx_min"":18.0,""trend_ema_separation_atr"":0.15,""trigger_mode"":""ALL_THREE"",""vwap_distance_atr"":0.2}"
2023-01 to 2023-06,2019-09-06T00:00:00+00:00,2023-01-01T00:00:00+00:00,BULL_PULLBACK,BULL_PULLBACK-LS15,326,-88.770394,0.334384,0.289382,False,,False,"{""atr_ratio_max"":2.2,""atr_ratio_min"":0.45,""bb_width_percentile_max"":0.5,""breakout_range_atr"":0.6,""cci_level"":-50.0,""context"":""BULL_PULLBACK"",""direction"":""LONG"",""ema_touch_atr"":0.5,""max_hold_bars"":72,""range_adx_max"":20.0,""range_ema_separation_atr"":0.5,""require_confirmation_break"":false,""require_vwap"":false,""rsi_level"":55.0,""rsi_reclaim"":50.0,""setup"":""pullback"",""stop_atr"":1.0,""target_rr"":1.5,""trend_adx_min"":14.0,""trend_ema_separation_atr"":0.15,""trigger_mode"":""RSI_CCI"",""vwap_distance_atr"":0.4}"
2023-01 to 2023-06,2019-09-06T00:00:00+00:00,2023-01-01T00:00:00+00:00,BULL_PULLBACK,BULL_PULLBACK-LS16,98,-46.530546,0.353676,0.222412,False,,False,"{""atr_ratio_max"":2.2,""atr_ratio_min"":0.65,""bb_width_percentile_max"":0.2,""breakout_range_atr"":0.8,""cci_level"":-50.0,""context"":""BULL_PULLBACK"",""direction"":""LONG"",""ema_touch_atr"":0.0,""max_hold_bars"":72,""range_adx_max"":24.0,""range_ema_separation_atr"":0.5,""require_confirmation_break"":false,""require_vwap"":true,""rsi_level"":50.0,""rsi_reclaim"":48.0,""setup"":""pullback"",""stop_atr"":1.0,""target_rr"":1.5,""trend_adx_min"":18.0,""trend_ema_separation_atr"":0.05,""trigger_mode"":""RSI_MACD"",""vwap_distance_atr"":0.4}"
2023-01 to 2023-06,2019-09-06T00:00:00+00:00,2023-01-01T00:00:00+00:00,BULL_PULLBACK,BULL_PULLBACK-LS17,38,-17.639083,0.392024,0.180928,False,,False,"{""atr_ratio_max"":1.8,""atr_ratio_min"":0.45,""bb_width_percentile_max"":0.5,""breakout_range_atr"":1.0,""cci_level"":25.0,""context"":""BULL_PULLBACK"",""direction"":""LONG"",""ema_touch_atr"":0.25,""max_hold_bars"":72,""range_adx_max"":24.0,""range_ema_separation_atr"":0.15,""require_confirmation_break"":true,""require_vwap"":true,""rsi_level"":50.0,""rsi_reclaim"":52.0,""setup"":""pullback"",""stop_atr"":1.0,""target_rr"":1.25,""trend_adx_min"":22.0,""trend_ema_separation_atr"":0.0,""trigger_mode"":""RSI_MACD"",""vwap_distance_atr"":0.0}"
2023-01 to 2023-06,2019-09-06T00:00:00+00:00,2023-01-01T00:00:00+00:00,BULL_PULLBACK,BULL_PULLBACK-LS18,91,-45.844361,0.353646,0.199159,False,,False,"{""atr_ratio_max"":2.2,""atr_ratio_min"":0.3,""bb_width_percentile_max"":0.35,""breakout_range_atr"":0.6,""cci_level"":0.0,""context"":""BULL_PULLBACK"",""direction"":""LONG"",""ema_touch_atr"":0.25,""max_hold_bars"":96,""range_adx_max"":16.0,""range_ema_separation_atr"":0.15,""require_confirmation_break"":false,""require_vwap"":false,""rsi_level"":45.0,""rsi_reclaim"":52.0,""setup"":""pullback"",""stop_atr"":1.25,""target_rr"":1.5,""trend_adx_min"":18.0,""trend_ema_separation_atr"":0.0,""trigger_mode"":""RSI_MACD"",""vwap_distance_atr"":0.0}"
2023-01 to 2023-06,2019-09-06T00:00:00+00:00,2023-01-01T00:00:00+00:00,RANGE_REVERSION,RANGE_REVERSION-LS01,1,-1.503314,0.0,,False,,False,"{""atr_ratio_max"":2.6,""atr_ratio_min"":0.3,""bb_width_percentile_max"":0.5,""breakout_range_atr"":1.0,""cci_level"":50.0,""context"":""RANGE_REVERSION"",""direction"":""BOTH"",""ema_touch_atr"":0.5,""max_hold_bars"":96,""range_adx_max"":24.0,""range_ema_separation_atr"":0.5,""require_confirmation_break"":true,""require_vwap"":true,""rsi_level"":35.0,""rsi_reclaim"":35.0,""setup"":""reversion"",""stop_atr"":1.0,""target_rr"":1.75,""trend_adx_min"":18.0,""trend_ema_separation_atr"":0.0,""trigger_mode"":""RSI_CCI"",""vwap_distance_atr"":0.4}"
2023-01 to 2023-06,2019-09-06T00:00:00+00:00,2023-01-01T00:00:00+00:00,RANGE_REVERSION,RANGE_REVERSION-LS02,4,-1.029368,0.682575,,False,,False,"{""atr_ratio_max"":1.8,""atr_ratio_min"":0.3,""bb_width_percentile_max"":0.2,""breakout_range_atr"":0.8,""cci_level"":75.0,""context"":""RANGE_REVERSION"",""direction"":""BOTH"",""ema_touch_atr"":0.0,""max_hold_bars"":72,""range_adx_max"":24.0,""range_ema_separation_atr"":0.3,""require_confirmation_break"":true,""require_vwap"":false,""rsi_level"":40.0,""rsi_reclaim"":45.0,""setup"":""reversion"",""stop_atr"":1.25,""target_rr"":1.5,""trend_adx_min"":22.0,""trend_ema_separation_atr"":0.15,""trigger_mode"":""RSI_CCI"",""vwap_distance_atr"":0.2}"
2023-01 to 2023-06,2019-09-06T00:00:00+00:00,2023-01-01T00:00:00+00:00,RANGE_REVERSION,RANGE_REVERSION-LS03,3,0.38691,1.277241,,False,,False,"{""atr_ratio_max"":1.8,""atr_ratio_min"":0.3,""bb_width_percentile_max"":0.2,""breakout_range_atr"":1.0,""cci_level"":50.0,""context"":""RANGE_REVERSION"",""direction"":""BOTH"",""ema_touch_atr"":0.0,""max_hold_bars"":48,""range_adx_max"":20.0,""range_ema_separation_atr"":0.15,""require_confirmation_break"":false,""require_vwap"":false,""rsi_level"":30.0,""rsi_reclaim"":45.0,""setup"":""reversion"",""stop_atr"":1.25,""target_rr"":1.25,""trend_adx_min"":14.0,""trend_ema_separation_atr"":0.05,""trigger_mode"":""CCI_MACD"",""vwap_distance_atr"":0.0}"
2023-01 to 2023-06,2019-09-06T00:00:00+00:00,2023-01-01T00:00:00+00:00,RANGE_REVERSION,RANGE_REVERSION-LS04,0,0.0,,,False,,False,"{""atr_ratio_max"":2.2,""atr_ratio_min"":0.45,""bb_width_percentile_max"":0.35,""breakout_range_atr"":0.8,""cci_level"":75.0,""context"":""RANGE_REVERSION"",""direction"":""BOTH"",""ema_touch_atr"":0.25,""max_hold_bars"":96,""range_adx_max"":20.0,""range_ema_separation_atr"":0.15,""require_confirmation_break"":true,""require_vwap"":false,""rsi_level"":35.0,""rsi_reclaim"":40.0,""setup"":""reversion"",""stop_atr"":1.25,""target_rr"":1.75,""trend_adx_min"":14.0,""trend_ema_separation_atr"":0.05,""trigger_mode"":""RSI_CCI"",""vwap_distance_atr"":0.0}"
2023-01 to 2023-06,2019-09-06T00:00:00+00:00,2023-01-01T00:00:00+00:00,RANGE_REVERSION,RANGE_REVERSION-LS05,4,-0.228865,0.922216,,False,,False,"{""atr_ratio_max"":2.6,""atr_ratio_min"":0.3,""bb_width_percentile_max"":0.2,""breakout_range_atr"":0.6,""cci_level"":50.0,""context"":""RANGE_REVERSION"",""direction"":""BOTH"",""ema_touch_atr"":0.25,""max_hold_bars"":96,""range_adx_max"":24.0,""range_ema_separation_atr"":0.15,""require_confirmation_break"":false,""require_vwap"":true,""rsi_level"":30.0,""rsi_reclaim"":35.0,""setup"":""reversion"",""stop_atr"":1.25,""target_rr"":1.75,""trend_adx_min"":14.0,""trend_ema_separation_atr"":0.0,""trigger_mode"":""RSI_MACD"",""vwap_distance_atr"":0.4}"
2023-01 to 2023-06,2019-09-06T00:00:00+00:00,2023-01-01T00:00:00+00:00,RANGE_REVERSION,RANGE_REVERSION-LS06,1,1.413247,,,False,,False,"{""atr_ratio_max"":1.8,""atr_ratio_min"":0.65,""bb_width_percentile_max"":0.35,""breakout_range_atr"":0.8,""cci_level"":100.0,""context"":""RANGE_REVERSION"",""direction"":""BOTH"",""ema_touch_atr"":0.25,""max_hold_bars"":72,""range_adx_max"":16.0,""range_ema_separation_atr"":0.15,""require_confirmation_break"":false,""require_vwap"":true,""rsi_level"":40.0,""rsi_reclaim"":35.0,""setup"":""reversion"",""stop_atr"":1.5,""target_rr"":1.75,""trend_adx_min"":22.0,""trend_ema_separation_atr"":0.15,""trigger_mode"":""CCI_MACD"",""vwap_distance_atr"":0.4}"
2023-01 to 2023-06,2019-09-06T00:00:00+00:00,2023-01-01T00:00:00+00:00,RANGE_REVERSION,RANGE_REVERSION-LS07,0,0.0,,,False,,False,"{""atr_ratio_max"":2.2,""atr_ratio_min"":0.45,""bb_width_percentile_max"":0.35,""breakout_range_atr"":1.0,""cci_level"":100.0,""context"":""RANGE_REVERSION"",""direction"":""BOTH"",""ema_touch_atr"":0.5,""max_hold_bars"":72,""range_adx_max"":16.0,""range_ema_separation_atr"":0.5,""require_confirmation_break"":false,""require_vwap"":false,""rsi_level"":35.0,""rsi_reclaim"":40.0,""setup"":""reversion"",""stop_atr"":1.0,""target_rr"":1.5,""trend_adx_min"":14.0,""trend_ema_separation_atr"":0.05,""trigger_mode"":""ALL_THREE"",""vwap_distance_atr"":0.4}"
2023-01 to 2023-06,2019-09-06T00:00:00+00:00,2023-01-01T00:00:00+00:00,RANGE_REVERSION,RANGE_REVERSION-LS08,0,0.0,,,False,,False,"{""atr_ratio_max"":2.2,""atr_ratio_min"":0.65,""bb_width_percentile_max"":0.5,""breakout_range_atr"":0.6,""cci_level"":50.0,""context"":""RANGE_REVERSION"",""direction"":""BOTH"",""ema_touch_atr"":0.0,""max_hold_bars"":96,""range_adx_max"":24.0,""range_ema_separation_atr"":0.3,""require_confirmation_break"":true,""require_vwap"":false,""rsi_level"":35.0,""rsi_reclaim"":40.0,""setup"":""reversion"",""stop_atr"":1.5,""target_rr"":1.25,""trend_adx_min"":22.0,""trend_ema_separation_atr"":0.05,""trigger_mode"":""RSI_CCI"",""vwap_distance_atr"":0.0}"
2023-01 to 2023-06,2019-09-06T00:00:00+00:00,2023-01-01T00:00:00+00:00,RANGE_REVERSION,RANGE_REVERSION-LS09,1,-1.503314,0.0,,False,,False,"{""atr_ratio_max"":2.6,""atr_ratio_min"":0.3,""bb_width_percentile_max"":0.35,""breakout_range_atr"":0.8,""cci_level"":75.0,""context"":""RANGE_REVERSION"",""direction"":""BOTH"",""ema_touch_atr"":0.0,""max_hold_bars"":96,""range_adx_max"":20.0,""range_ema_separation_atr"":0.5,""require_confirmation_break"":false,""require_vwap"":true,""rsi_level"":30.0,""rsi_reclaim"":45.0,""setup"":""reversion"",""stop_atr"":1.5,""target_rr"":1.5,""trend_adx_min"":18.0,""trend_ema_separation_atr"":0.05,""trigger_mode"":""RSI_MACD"",""vwap_distance_atr"":0.2}"
2023-01 to 2023-06,2019-09-06T00:00:00+00:00,2023-01-01T00:00:00+00:00,RANGE_REVERSION,RANGE_REVERSION-LS10,60,-25.404093,0.436453,0.189886,False,,False,"{""atr_ratio_max"":1.8,""atr_ratio_min"":0.45,""bb_width_percentile_max"":0.2,""breakout_range_atr"":1.0,""cci_level"":100.0,""context"":""RANGE_REVERSION"",""direction"":""BOTH"",""ema_touch_atr"":0.25,""max_hold_bars"":96,""range_adx_max"":20.0,""range_ema_separation_atr"":0.3,""require_confirmation_break"":false,""require_vwap"":true,""rsi_level"":40.0,""rsi_reclaim"":35.0,""setup"":""reversion"",""stop_atr"":1.0,""target_rr"":1.25,""trend_adx_min"":22.0,""trend_ema_separation_atr"":0.15,""trigger_mode"":""RSI_MACD"",""vwap_distance_atr"":0.0}"
2023-01 to 2023-06,2019-09-06T00:00:00+00:00,2023-01-01T00:00:00+00:00,RANGE_REVERSION,RANGE_REVERSION-LS11,3,1.077669,1.616166,,False,,False,"{""atr_ratio_max"":1.8,""atr_ratio_min"":0.65,""bb_width_percentile_max"":0.5,""breakout_range_atr"":0.6,""cci_level"":100.0,""context"":""RANGE_REVERSION"",""direction"":""BOTH"",""ema_touch_atr"":0.5,""max_hold_bars"":48,""range_adx_max"":20.0,""range_ema_separation_atr"":0.3,""require_confirmation_break"":true,""require_vwap"":false,""rsi_level"":30.0,""rsi_reclaim"":35.0,""setup"":""reversion"",""stop_atr"":1.25,""target_rr"":1.75,""trend_adx_min"":22.0,""trend_ema_separation_atr"":0.05,""trigger_mode"":""RSI_MACD"",""vwap_distance_atr"":0.4}"
2023-01 to 2023-06,2019-09-06T00:00:00+00:00,2023-01-01T00:00:00+00:00,RANGE_REVERSION,RANGE_REVERSION-LS12,9,0.903811,1.273004,,False,,False,"{""atr_ratio_max"":2.2,""atr_ratio_min"":0.65,""bb_width_percentile_max"":0.2,""breakout_range_atr"":1.0,""cci_level"":50.0,""context"":""RANGE_REVERSION"",""direction"":""BOTH"",""ema_touch_atr"":0.0,""max_hold_bars"":72,""range_adx_max"":24.0,""range_ema_separation_atr"":0.15,""require_confirmation_break"":false,""require_vwap"":true,""rsi_level"":35.0,""rsi_reclaim"":40.0,""setup"":""reversion"",""stop_atr"":1.0,""target_rr"":1.25,""trend_adx_min"":18.0,""trend_ema_separation_atr"":0.0,""trigger_mode"":""RSI_MACD"",""vwap_distance_atr"":0.2}"
2023-01 to 2023-06,2019-09-06T00:00:00+00:00,2023-01-01T00:00:00+00:00,RANGE_REVERSION,RANGE_REVERSION-LS13,8,-3.548883,0.483581,,False,,False,"{""atr_ratio_max"":2.6,""atr_ratio_min"":0.65,""bb_width_percentile_max"":0.35,""breakout_range_atr"":0.6,""cci_level"":75.0,""context"":""RANGE_REVERSION"",""direction"":""BOTH"",""ema_touch_atr"":0.25,""max_hold_bars"":48,""range_adx_max"":20.0,""range_ema_separation_atr"":0.3,""require_confirmation_break"":true,""require_vwap"":false,""rsi_level"":40.0,""rsi_reclaim"":40.0,""setup"":""reversion"",""stop_atr"":1.5,""target_rr"":1.5,""trend_adx_min"":18.0,""trend_ema_separation_atr"":0.15,""trigger_mode"":""CCI_MACD"",""vwap_distance_atr"":0.0}"
2023-01 to 2023-06,2019-09-06T00:00:00+00:00,2023-01-01T00:00:00+00:00,RANGE_REVERSION,RANGE_REVERSION-LS14,3,2.714065,,,False,,False,"{""atr_ratio_max"":2.2,""atr_ratio_min"":0.65,""bb_width_percentile_max"":0.5,""breakout_range_atr"":0.8,""cci_level"":75.0,""context"":""RANGE_REVERSION"",""direction"":""BOTH"",""ema_touch_atr"":0.5,""max_hold_bars"":72,""range_adx_max"":16.0,""range_ema_separation_atr"":0.5,""require_confirmation_break"":true,""require_vwap"":true,""rsi_level"":40.0,""rsi_reclaim"":35.0,""setup"":""reversion"",""stop_atr"":1.25,""target_rr"":1.25,""trend_adx_min"":14.0,""trend_ema_separation_atr"":0.0,""trigger_mode"":""CCI_MACD"",""vwap_distance_atr"":0.4}"
2023-01 to 2023-06,2019-09-06T00:00:00+00:00,2023-01-01T00:00:00+00:00,RANGE_REVERSION,RANGE_REVERSION-LS15,0,0.0,,,False,,False,"{""atr_ratio_max"":2.6,""atr_ratio_min"":0.45,""bb_width_percentile_max"":0.2,""breakout_range_atr"":0.6,""cci_level"":100.0,""context"":""RANGE_REVERSION"",""direction"":""BOTH"",""ema_touch_atr"":0.5,""max_hold_bars"":48,""range_adx_max"":16.0,""range_ema_separation_atr"":0.3,""require_confirmation_break"":true,""require_vwap"":true,""rsi_level"":30.0,""rsi_reclaim"":40.0,""setup"":""reversion"",""stop_atr"":1.0,""target_rr"":1.5,""trend_adx_min"":22.0,""trend_ema_separation_atr"":0.0,""trigger_mode"":""ALL_THREE"",""vwap_distance_atr"":0.2}"
2023-01 to 2023-06,2019-09-06T00:00:00+00:00,2023-01-01T00:00:00+00:00,RANGE_REVERSION,RANGE_REVERSION-LS16,2,-0.284487,0.832431,,False,,False,"{""atr_ratio_max"":1.8,""atr_ratio_min"":0.45,""bb_width_percentile_max"":0.5,""breakout_range_atr"":1.0,""cci_level"":50.0,""context"":""RANGE_REVERSION"",""direction"":""BOTH"",""ema_touch_atr"":0.5,""max_hold_bars"":48,""range_adx_max"":24.0,""range_ema_separation_atr"":0.5,""require_confirmation_break"":true,""require_vwap"":true,""rsi_level"":40.0,""rsi_reclaim"":45.0,""setup"":""reversion"",""stop_atr"":1.5,""target_rr"":1.75,""trend_adx_min"":18.0,""trend_ema_separation_atr"":0.15,""trigger_mode"":""ALL_THREE"",""vwap_distance_atr"":0.2}"
2023-01 to 2023-06,2019-09-06T00:00:00+00:00,2023-01-01T00:00:00+00:00,RANGE_REVERSION,RANGE_REVERSION-LS17,0,0.0,,,False,,False,"{""atr_ratio_max"":2.2,""atr_ratio_min"":0.3,""bb_width_percentile_max"":0.5,""breakout_range_atr"":0.6,""cci_level"":100.0,""context"":""RANGE_REVERSION"",""direction"":""BOTH"",""ema_touch_atr"":0.0,""max_hold_bars"":48,""range_adx_max"":16.0,""range_ema_separation_atr"":0.15,""require_confirmation_break"":false,""require_vwap"":false,""rsi_level"":30.0,""rsi_reclaim"":45.0,""setup"":""reversion"",""stop_atr"":1.5,""target_rr"":1.25,""trend_adx_min"":18.0,""trend_ema_separation_atr"":0.0,""trigger_mode"":""RSI_CCI"",""vwap_distance_atr"":0.0}"
2023-01 to 2023-06,2019-09-06T00:00:00+00:00,2023-01-01T00:00:00+00:00,RANGE_REVERSION,RANGE_REVERSION-LS18,0,0.0,,,False,,False,"{""atr_ratio_max"":2.6,""atr_ratio_min"":0.45,""bb_width_percentile_max"":0.35,""breakout_range_atr"":0.8,""cci_level"":75.0,""context"":""RANGE_REVERSION"",""direction"":""BOTH"",""ema_touch_atr"":0.25,""max_hold_bars"":72,""range_adx_max"":16.0,""range_ema_separation_atr"":0.5,""require_confirmation_break"":false,""require_vwap"":false,""rsi_level"":35.0,""rsi_reclaim"":45.0,""setup"":""reversion"",""stop_atr"":1.0,""target_rr"":1.5,""trend_adx_min"":14.0,""trend_ema_separation_atr"":0.15,""trigger_mode"":""ALL_THREE"",""vwap_distance_atr"":0.2}"
2023-07 to 2023-12,2019-09-06T00:00:00+00:00,2023-07-01T00:00:00+00:00,BEAR_BREAKOUT,BEAR_BREAKOUT-LS01,130,-55.346675,0.329389,0.144968,False,,False,"{""atr_ratio_max"":2.2,""atr_ratio_min"":0.45,""bb_width_percentile_max"":0.35,""breakout_range_atr"":0.8,""cci_level"":50.0,""context"":""BEAR_BREAKOUT"",""direction"":""SHORT"",""ema_touch_atr"":0.5,""max_hold_bars"":96,""range_adx_max"":24.0,""range_ema_separation_atr"":0.15,""require_confirmation_break"":false,""require_vwap"":true,""rsi_level"":50.0,""rsi_reclaim"":48.0,""setup"":""breakout"",""stop_atr"":1.0,""target_rr"":1.5,""trend_adx_min"":14.0,""trend_ema_separation_atr"":0.05,""trigger_mode"":""RSI_MACD"",""vwap_distance_atr"":0.4}"
2023-07 to 2023-12,2019-09-06T00:00:00+00:00,2023-07-01T00:00:00+00:00,BEAR_BREAKOUT,BEAR_BREAKOUT-LS02,117,-54.175896,0.273922,0.157959,False,,False,"{""atr_ratio_max"":2.2,""atr_ratio_min"":0.3,""bb_width_percentile_max"":0.35,""breakout_range_atr"":1.0,""cci_level"":50.0,""context"":""BEAR_BREAKOUT"",""direction"":""SHORT"",""ema_touch_atr"":0.5,""max_hold_bars"":72,""range_adx_max"":16.0,""range_ema_separation_atr"":0.5,""require_confirmation_break"":true,""require_vwap"":true,""rsi_level"":60.0,""rsi_reclaim"":52.0,""setup"":""breakout"",""stop_atr"":1.0,""target_rr"":1.25,""trend_adx_min"":14.0,""trend_ema_separation_atr"":0.05,""trigger_mode"":""ALL_THREE"",""vwap_distance_atr"":0.4}"
2023-07 to 2023-12,2019-09-06T00:00:00+00:00,2023-07-01T00:00:00+00:00,BEAR_BREAKOUT,BEAR_BREAKOUT-LS03,181,-66.374529,0.355234,0.231552,False,,False,"{""atr_ratio_max"":2.2,""atr_ratio_min"":0.3,""bb_width_percentile_max"":0.5,""breakout_range_atr"":1.0,""cci_level"":100.0,""context"":""BEAR_BREAKOUT"",""direction"":""SHORT"",""ema_touch_atr"":0.5,""max_hold_bars"":96,""range_adx_max"":20.0,""range_ema_separation_atr"":0.3,""require_confirmation_break"":false,""require_vwap"":true,""rsi_level"":50.0,""rsi_reclaim"":50.0,""setup"":""breakout"",""stop_atr"":1.5,""target_rr"":1.5,""trend_adx_min"":14.0,""trend_ema_separation_atr"":0.0,""trigger_mode"":""CCI_MACD"",""vwap_distance_atr"":0.0}"
2023-07 to 2023-12,2019-09-06T00:00:00+00:00,2023-07-01T00:00:00+00:00,BEAR_BREAKOUT,BEAR_BREAKOUT-LS04,42,-25.906465,0.280879,0.089187,False,,False,"{""atr_ratio_max"":1.8,""atr_ratio_min"":0.45,""bb_width_percentile_max"":0.2,""breakout_range_atr"":1.0,""cci_level"":0.0,""context"":""BEAR_BREAKOUT"",""direction"":""SHORT"",""ema_touch_atr"":0.0,""max_hold_bars"":72,""range_adx_max"":20.0,""range_ema_separation_atr"":0.5,""require_confirmation_break"":true,""require_vwap"":true,""rsi_level"":50.0,""rsi_reclaim"":50.0,""setup"":""breakout"",""stop_atr"":1.5,""target_rr"":1.75,""trend_adx_min"":22.0,""trend_ema_separation_atr"":0.15,""trigger_mode"":""ALL_THREE"",""vwap_distance_atr"":0.4}"
2023-07 to 2023-12,2019-09-06T00:00:00+00:00,2023-07-01T00:00:00+00:00,BEAR_BREAKOUT,BEAR_BREAKOUT-LS05,106,-51.421021,0.275742,0.119231,False,,False,"{""atr_ratio_max"":2.6,""atr_ratio_min"":0.3,""bb_width_percentile_max"":0.35,""breakout_range_atr"":0.6,""cci_level"":100.0,""context"":""BEAR_BREAKOUT"",""direction"":""SHORT"",""ema_touch_atr"":0.0,""max_hold_bars"":48,""range_adx_max"":24.0,""range_ema_separation_atr"":0.15,""require_confirmation_break"":true,""require_vwap"":true,""rsi_level"":50.0,""rsi_reclaim"":50.0,""setup"":""breakout"",""stop_atr"":1.0,""target_rr"":1.5,""trend_adx_min"":18.0,""trend_ema_separation_atr"":0.05,""trigger_mode"":""ALL_THREE"",""vwap_distance_atr"":0.4}"
2023-07 to 2023-12,2019-09-06T00:00:00+00:00,2023-07-01T00:00:00+00:00,BEAR_BREAKOUT,BEAR_BREAKOUT-LS06,444,-95.013318,0.310209,0.144923,False,,False,"{""atr_ratio_max"":1.8,""atr_ratio_min"":0.45,""bb_width_percentile_max"":0.5,""breakout_range_atr"":0.6,""cci_level"":0.0,""context"":""BEAR_BREAKOUT"",""direction"":""SHORT"",""ema_touch_atr"":0.0,""max_hold_bars"":72,""range_adx_max"":24.0,""range_ema_separation_atr"":0.5,""require_confirmation_break"":false,""require_vwap"":false,""rsi_level"":60.0,""rsi_reclaim"":48.0,""setup"":""breakout"",""stop_atr"":1.25,""target_rr"":1.75,""trend_adx_min"":14.0,""trend_ema_separation_atr"":0.15,""trigger_mode"":""RSI_CCI"",""vwap_distance_atr"":0.2}"
2023-07 to 2023-12,2019-09-06T00:00:00+00:00,2023-07-01T00:00:00+00:00,BEAR_BREAKOUT,BEAR_BREAKOUT-LS07,371,-91.478349,0.342218,0.285029,False,,False,"{""atr_ratio_max"":1.8,""atr_ratio_min"":0.65,""bb_width_percentile_max"":0.5,""breakout_range_atr"":1.0,""cci_level"":100.0,""context"":""BEAR_BREAKOUT"",""direction"":""SHORT"",""ema_touch_atr"":0.25,""max_hold_bars"":96,""range_adx_max"":24.0,""range_ema_separation_atr"":0.3,""require_confirmation_break"":false,""require_vwap"":false,""rsi_level"":60.0,""rsi_reclaim"":48.0,""setup"":""breakout"",""stop_atr"":1.5,""target_rr"":1.75,""trend_adx_min"":18.0,""trend_ema_separation_atr"":0.05,""trigger_mode"":""RSI_CCI"",""vwap_distance_atr"":0.0}"
2023-07 to 2023-12,2019-09-06T00:00:00+00:00,2023-07-01T00:00:00+00:00,BEAR_BREAKOUT,BEAR_BREAKOUT-LS08,102,-53.072685,0.277608,0.094341,False,,False,"{""atr_ratio_max"":2.2,""atr_ratio_min"":0.3,""bb_width_percentile_max"":0.35,""breakout_range_atr"":0.8,""cci_level"":50.0,""context"":""BEAR_BREAKOUT"",""direction"":""SHORT"",""ema_touch_atr"":0.25,""max_hold_bars"":72,""range_adx_max"":16.0,""range_ema_separation_atr"":0.5,""require_confirmation_break"":false,""require_vwap"":false,""rsi_level"":50.0,""rsi_reclaim"":48.0,""setup"":""breakout"",""stop_atr"":1.0,""target_rr"":1.75,""trend_adx_min"":18.0,""trend_ema_separation_atr"":0.0,""trigger_mode"":""CCI_MACD"",""vwap_distance_atr"":0.0}"
2023-07 to 2023-12,2019-09-06T00:00:00+00:00,2023-07-01T00:00:00+00:00,BEAR_BREAKOUT,BEAR_BREAKOUT-LS09,191,-65.467599,0.357727,0.288557,False,,False,"{""atr_ratio_max"":2.6,""atr_ratio_min"":0.65,""bb_width_percentile_max"":0.5,""breakout_range_atr"":0.8,""cci_level"":0.0,""context"":""BEAR_BREAKOUT"",""direction"":""SHORT"",""ema_touch_atr"":0.0,""max_hold_bars"":48,""range_adx_max"":16.0,""range_ema_separation_atr"":0.15,""require_confirmation_break"":true,""require_vwap"":true,""rsi_level"":55.0,""rsi_reclaim"":48.0,""setup"":""breakout"",""stop_atr"":1.25,""target_rr"":1.25,""trend_adx_min"":14.0,""trend_ema_separation_atr"":0.0,""trigger_mode"":""RSI_MACD"",""vwap_distance_atr"":0.0}"
2023-07 to 2023-12,2019-09-06T00:00:00+00:00,2023-07-01T00:00:00+00:00,BEAR_BREAKOUT,BEAR_BREAKOUT-LS10,62,-31.581892,0.314666,0.146508,False,,False,"{""atr_ratio_max"":1.8,""atr_ratio_min"":0.65,""bb_width_percentile_max"":0.2,""breakout_range_atr"":0.6,""cci_level"":0.0,""context"":""BEAR_BREAKOUT"",""direction"":""SHORT"",""ema_touch_atr"":0.0,""max_hold_bars"":48,""range_adx_max"":16.0,""range_ema_separation_atr"":0.15,""require_confirmation_break"":false,""require_vwap"":true,""rsi_level"":60.0,""rsi_reclaim"":52.0,""setup"":""breakout"",""stop_atr"":1.25,""target_rr"":1.75,""trend_adx_min"":18.0,""trend_ema_separation_atr"":0.05,""trigger_mode"":""RSI_MACD"",""vwap_distance_atr"":0.2}"
2023-07 to 2023-12,2019-09-06T00:00:00+00:00,2023-07-01T00:00:00+00:00,BEAR_BREAKOUT,BEAR_BREAKOUT-LS11,80,-40.32296,0.270484,0.177055,False,,False,"{""atr_ratio_max"":2.2,""atr_ratio_min"":0.3,""bb_width_percentile_max"":0.2,""breakout_range_atr"":1.0,""cci_level"":50.0,""context"":""BEAR_BREAKOUT"",""direction"":""SHORT"",""ema_touch_atr"":0.5,""max_hold_bars"":72,""range_adx_max"":16.0,""range_ema_separation_atr"":0.15,""require_confirmation_break"":true,""require_vwap"":true,""rsi_level"":55.0,""rsi_reclaim"":50.0,""setup"":""breakout"",""stop_atr"":1.25,""target_rr"":1.25,""trend_adx_min"":14.0,""trend_ema_separation_atr"":0.0,""trigger_mode"":""ALL_THREE"",""vwap_distance_atr"":0.0}"
2023-07 to 2023-12,2019-09-06T00:00:00+00:00,2023-07-01T00:00:00+00:00,BEAR_BREAKOUT,BEAR_BREAKOUT-LS12,72,-36.985471,0.301511,0.149441,False,,False,"{""atr_ratio_max"":1.8,""atr_ratio_min"":0.45,""bb_width_percentile_max"":0.35,""breakout_range_atr"":0.6,""cci_level"":100.0,""context"":""BEAR_BREAKOUT"",""direction"":""SHORT"",""ema_touch_atr"":0.25,""max_hold_bars"":96,""range_adx_max"":20.0,""range_ema_separation_atr"":0.5,""require_confirmation_break"":false,""require_vwap"":false,""rsi_level"":60.0,""rsi_reclaim"":52.0,""setup"":""breakout"",""stop_atr"":1.5,""target_rr"":1.25,""trend_adx_min"":22.0,""trend_ema_separation_atr"":0.15,""trigger_mode"":""CCI_MACD"",""vwap_distance_atr"":0.2}"
2023-07 to 2023-12,2019-09-06T00:00:00+00:00,2023-07-01T00:00:00+00:00,BEAR_BREAKOUT,BEAR_BREAKOUT-LS13,326,-88.949545,0.315227,0.259576,False,,False,"{""atr_ratio_max"":2.6,""atr_ratio_min"":0.45,""bb_width_percentile_max"":0.5,""breakout_range_atr"":0.8,""cci_level"":0.0,""context"":""BEAR_BREAKOUT"",""direction"":""SHORT"",""ema_touch_atr"":0.25,""max_hold_bars"":96,""range_adx_max"":20.0,""range_ema_separation_atr"":0.3,""require_confirmation_break"":true,""require_vwap"":false,""rsi_level"":55.0,""rsi_reclaim"":52.0,""setup"":""breakout"",""stop_atr"":1.25,""target_rr"":1.5,""trend_adx_min"":22.0,""trend_ema_separation_atr"":0.05,""trigger_mode"":""RSI_CCI"",""vwap_distance_atr"":0.2}"
2023-07 to 2023-12,2019-09-06T00:00:00+00:00,2023-07-01T00:00:00+00:00,BEAR_BREAKOUT,BEAR_BREAKOUT-LS14,431,-93.748692,0.331506,0.234438,False,,False,"{""atr_ratio_max"":2.6,""atr_ratio_min"":0.65,""bb_width_percentile_max"":0.5,""breakout_range_atr"":0.6,""cci_level"":100.0,""context"":""BEAR_BREAKOUT"",""direction"":""SHORT"",""ema_touch_atr"":0.25,""max_hold_bars"":48,""range_adx_max"":20.0,""range_ema_separation_atr"":0.3,""require_confirmation_break"":false,""require_vwap"":true,""rsi_level"":50.0,""rsi_reclaim"":52.0,""setup"":""breakout"",""stop_atr"":1.0,""target_rr"":1.75,""trend_adx_min"":18.0,""trend_ema_separation_atr"":0.15,""trigger_mode"":""RSI_CCI"",""vwap_distance_atr"":0.2}"
2023-07 to 2023-12,2019-09-06T00:00:00+00:00,2023-07-01T00:00:00+00:00,BEAR_BREAKOUT,BEAR_BREAKOUT-LS15,48,-25.233765,0.281301,0.071834,False,,False,"{""atr_ratio_max"":2.6,""atr_ratio_min"":0.45,""bb_width_percentile_max"":0.2,""breakout_range_atr"":0.6,""cci_level"":50.0,""context"":""BEAR_BREAKOUT"",""direction"":""SHORT"",""ema_touch_atr"":0.25,""max_hold_bars"":48,""range_adx_max"":24.0,""range_ema_separation_atr"":0.5,""require_confirmation_break"":true,""require_vwap"":false,""rsi_level"":55.0,""rsi_reclaim"":50.0,""setup"":""breakout"",""stop_atr"":1.5,""target_rr"":1.25,""trend_adx_min"":22.0,""trend_ema_separation_atr"":0.15,""trigger_mode"":""RSI_MACD"",""vwap_distance_atr"":0.4}"
2023-07 to 2023-12,2019-09-06T00:00:00+00:00,2023-07-01T00:00:00+00:00,BEAR_BREAKOUT,BEAR_BREAKOUT-LS16,61,-34.252238,0.25365,0.070608,False,,False,"{""atr_ratio_max"":2.6,""atr_ratio_min"":0.65,""bb_width_percentile_max"":0.2,""breakout_range_atr"":0.8,""cci_level"":0.0,""context"":""BEAR_BREAKOUT"",""direction"":""SHORT"",""ema_touch_atr"":0.5,""max_hold_bars"":48,""range_adx_max"":20.0,""range_ema_separation_atr"":0.3,""require_confirmation_break"":true,""require_vwap"":false,""rsi_level"":55.0,""rsi_reclaim"":50.0,""setup"":""breakout"",""stop_atr"":1.0,""target_rr"":1.5,""trend_adx_min"":18.0,""trend_ema_separation_atr"":0.0,""trigger_mode"":""RSI_MACD"",""vwap_distance_atr"":0.2}"
2023-07 to 2023-12,2019-09-06T00:00:00+00:00,2023-07-01T00:00:00+00:00,BEAR_BREAKOUT,BEAR_BREAKOUT-LS17,41,-27.180541,0.23351,0.074728,False,,False,"{""atr_ratio_max"":1.8,""atr_ratio_min"":0.65,""bb_width_percentile_max"":0.2,""breakout_range_atr"":1.0,""cci_level"":50.0,""context"":""BEAR_BREAKOUT"",""direction"":""SHORT"",""ema_touch_atr"":0.5,""max_hold_bars"":72,""range_adx_max"":16.0,""range_ema_separation_atr"":0.3,""require_confirmation_break"":true,""require_vwap"":false,""rsi_level"":60.0,""rsi_reclaim"":52.0,""setup"":""breakout"",""stop_atr"":1.5,""target_rr"":1.5,""trend_adx_min"":22.0,""trend_ema_separation_atr"":0.0,""trigger_mode"":""CCI_MACD"",""vwap_distance_atr"":0.0}"
2023-07 to 2023-12,2019-09-06T00:00:00+00:00,2023-07-01T00:00:00+00:00,BEAR_BREAKOUT,BEAR_BREAKOUT-LS18,204,-72.000283,0.303245,0.267815,False,,False,"{""atr_ratio_max"":2.2,""atr_ratio_min"":0.3,""bb_width_percentile_max"":0.35,""breakout_range_atr"":0.8,""cci_level"":100.0,""context"":""BEAR_BREAKOUT"",""direction"":""SHORT"",""ema_touch_atr"":0.0,""max_hold_bars"":96,""range_adx_max"":24.0,""range_ema_separation_atr"":0.15,""require_confirmation_break"":false,""require_vwap"":false,""rsi_level"":55.0,""rsi_reclaim"":48.0,""setup"":""breakout"",""stop_atr"":1.25,""target_rr"":1.25,""trend_adx_min"":22.0,""trend_ema_separation_atr"":0.15,""trigger_mode"":""RSI_CCI"",""vwap_distance_atr"":0.4}"
2023-07 to 2023-12,2019-09-06T00:00:00+00:00,2023-07-01T00:00:00+00:00,BEAR_PULLBACK,BEAR_PULLBACK-LS01,285,-83.841284,0.333337,0.185521,False,,False,"{""atr_ratio_max"":2.2,""atr_ratio_min"":0.45,""bb_width_percentile_max"":0.2,""breakout_range_atr"":0.6,""cci_level"":0.0,""context"":""BEAR_PULLBACK"",""direction"":""SHORT"",""ema_touch_atr"":0.25,""max_hold_bars"":48,""range_adx_max"":20.0,""range_ema_separation_atr"":0.15,""require_confirmation_break"":false,""require_vwap"":false,""rsi_level"":55.0,""rsi_reclaim"":50.0,""setup"":""pullback"",""stop_atr"":1.5,""target_rr"":1.5,""trend_adx_min"":18.0,""trend_ema_separation_atr"":0.15,""trigger_mode"":""ALL_THREE"",""vwap_distance_atr"":0.2}"
2023-07 to 2023-12,2019-09-06T00:00:00+00:00,2023-07-01T00:00:00+00:00,BEAR_PULLBACK,BEAR_PULLBACK-LS02,463,-93.484932,0.328827,0.27291,False,,False,"{""atr_ratio_max"":1.8,""atr_ratio_min"":0.3,""bb_width_percentile_max"":0.2,""breakout_range_atr"":0.8,""cci_level"":-50.0,""context"":""BEAR_PULLBACK"",""direction"":""SHORT"",""ema_touch_atr"":0.5,""max_hold_bars"":48,""range_adx_max"":24.0,""range_ema_separation_atr"":0.15,""require_confirmation_break"":false,""require_vwap"":false,""rsi_level"":50.0,""rsi_reclaim"":48.0,""setup"":""pullback"",""stop_atr"":1.0,""target_rr"":1.25,""trend_adx_min"":14.0,""trend_ema_separation_atr"":0.15,""trigger_mode"":""CCI_MACD"",""vwap_distance_atr"":0.0}"
2023-07 to 2023-12,2019-09-06T00:00:00+00:00,2023-07-01T00:00:00+00:00,BEAR_PULLBACK,BEAR_PULLBACK-LS03,46,-29.097257,0.321251,0.181069,False,,False,"{""atr_ratio_max"":2.2,""atr_ratio_min"":0.3,""bb_width_percentile_max"":0.2,""breakout_range_atr"":0.8,""cci_level"":0.0,""context"":""BEAR_PULLBACK"",""direction"":""SHORT"",""ema_touch_atr"":0.5,""max_hold_bars"":72,""range_adx_max"":16.0,""range_ema_separation_atr"":0.3,""require_confirmation_break"":true,""require_vwap"":true,""rsi_level"":55.0,""rsi_reclaim"":48.0,""setup"":""pullback"",""stop_atr"":1.25,""target_rr"":1.75,""trend_adx_min"":22.0,""trend_ema_separation_atr"":0.05,""trigger_mode"":""RSI_CCI"",""vwap_distance_atr"":0.2}"
2023-07 to 2023-12,2019-09-06T00:00:00+00:00,2023-07-01T00:00:00+00:00,BEAR_PULLBACK,BEAR_PULLBACK-LS04,152,-62.163115,0.385377,0.238304,False,,False,"{""atr_ratio_max"":2.6,""atr_ratio_min"":0.65,""bb_width_percentile_max"":0.35,""breakout_range_atr"":0.8,""cci_level"":25.0,""context"":""BEAR_PULLBACK"",""direction"":""SHORT"",""ema_touch_atr"":0.25,""max_hold_bars"":48,""range_adx_max"":20.0,""range_ema_separation_atr"":0.5,""require_confirmation_break"":true,""require_vwap"":true,""rsi_level"":50.0,""rsi_reclaim"":52.0,""setup"":""pullback"",""stop_atr"":1.0,""target_rr"":1.75,""trend_adx_min"":14.0,""trend_ema_separation_atr"":0.0,""trigger_mode"":""CCI_MACD"",""vwap_distance_atr"":0.4}"
2023-07 to 2023-12,2019-09-06T00:00:00+00:00,2023-07-01T00:00:00+00:00,BEAR_PULLBACK,BEAR_PULLBACK-LS05,134,-61.324432,0.279294,0.225058,False,,False,"{""atr_ratio_max"":2.2,""atr_ratio_min"":0.45,""bb_width_percentile_max"":0.2,""breakout_range_atr"":1.0,""cci_level"":-50.0,""context"":""BEAR_PULLBACK"",""direction"":""SHORT"",""ema_touch_atr"":0.0,""max_hold_bars"":96,""range_adx_max"":16.0,""range_ema_separation_atr"":0.3,""require_confirmation_break"":false,""require_vwap"":false,""rsi_level"":45.0,""rsi_reclaim"":50.0,""setup"":""pullback"",""stop_atr"":1.25,""target_rr"":1.25,""trend_adx_min"":22.0,""trend_ema_separation_atr"":0.0,""trigger_mode"":""CCI_MACD"",""vwap_distance_atr"":0.0}"
2023-07 to 2023-12,2019-09-06T00:00:00+00:00,2023-07-01T00:00:00+00:00,BEAR_PULLBACK,BEAR_PULLBACK-LS06,298,-82.157824,0.377511,0.276487,False,,False,"{""atr_ratio_max"":1.8,""atr_ratio_min"":0.45,""bb_width_percentile_max"":0.5,""breakout_range_atr"":1.0,""cci_level"":25.0,""context"":""BEAR_PULLBACK"",""direction"":""SHORT"",""ema_touch_atr"":0.0,""max_hold_bars"":72,""range_adx_max"":20.0,""range_ema_separation_atr"":0.5,""require_confirmation_break"":true,""require_vwap"":false,""rsi_level"":55.0,""rsi_reclaim"":50.0,""setup"":""pullback"",""stop_atr"":1.25,""target_rr"":1.25,""trend_adx_min"":14.0,""trend_ema_separation_atr"":0.05,""trigger_mode"":""ALL_THREE"",""vwap_distance_atr"":0.2}"
2023-07 to 2023-12,2019-09-06T00:00:00+00:00,2023-07-01T00:00:00+00:00,BEAR_PULLBACK,BEAR_PULLBACK-LS07,225,-73.920456,0.349142,0.254236,False,,False,"{""atr_ratio_max"":2.6,""atr_ratio_min"":0.3,""bb_width_percentile_max"":0.2,""breakout_range_atr"":1.0,""cci_level"":0.0,""context"":""BEAR_PULLBACK"",""direction"":""SHORT"",""ema_touch_atr"":0.25,""max_hold_bars"":72,""range_adx_max"":16.0,""range_ema_separation_atr"":0.15,""require_confirmation_break"":true,""require_vwap"":false,""rsi_level"":50.0,""rsi_reclaim"":52.0,""setup"":""pullback"",""stop_atr"":1.25,""target_rr"":1.25,""trend_adx_min"":18.0,""trend_ema_separation_atr"":0.05,""trigger_mode"":""RSI_CCI"",""vwap_distance_atr"":0.4}"
2023-07 to 2023-12,2019-09-06T00:00:00+00:00,2023-07-01T00:00:00+00:00,BEAR_PULLBACK,BEAR_PULLBACK-LS08,34,-20.112549,0.362828,0.262073,False,,False,"{""atr_ratio_max"":1.8,""atr_ratio_min"":0.65,""bb_width_percentile_max"":0.35,""breakout_range_atr"":0.6,""cci_level"":-50.0,""context"":""BEAR_PULLBACK"",""direction"":""SHORT"",""ema_touch_atr"":0.5,""max_hold_bars"":72,""range_adx_max"":24.0,""range_ema_separation_atr"":0.3,""require_confirmation_break"":false,""require_vwap"":true,""rsi_level"":55.0,""rsi_reclaim"":50.0,""setup"":""pullback"",""stop_atr"":1.0,""target_rr"":1.75,""trend_adx_min"":22.0,""trend_ema_separation_atr"":0.15,""trigger_mode"":""RSI_CCI"",""vwap_distance_atr"":0.0}"
2023-07 to 2023-12,2019-09-06T00:00:00+00:00,2023-07-01T00:00:00+00:00,BEAR_PULLBACK,BEAR_PULLBACK-LS09,38,-19.472756,0.393757,0.225988,False,,False,"{""atr_ratio_max"":1.8,""atr_ratio_min"":0.3,""bb_width_percentile_max"":0.5,""breakout_range_atr"":0.6,""cci_level"":0.0,""context"":""BEAR_PULLBACK"",""direction"":""SHORT"",""ema_touch_atr"":0.25,""max_hold_bars"":48,""range_adx_max"":24.0,""range_ema_separation_atr"":0.3,""require_confirmation_break"":true,""require_vwap"":true,""rsi_level"":50.0,""rsi_reclaim"":50.0,""setup"":""pullback"",""stop_atr"":1.25,""target_rr"":1.5,""trend_adx_min"":22.0,""trend_ema_separation_atr"":0.0,""trigger_mode"":""RSI_CCI"",""vwap_distance_atr"":0.2}"
2023-07 to 2023-12,2019-09-06T00:00:00+00:00,2023-07-01T00:00:00+00:00,BEAR_PULLBACK,BEAR_PULLBACK-LS10,78,-32.567047,0.455618,0.126674,False,,False,"{""atr_ratio_max"":2.2,""atr_ratio_min"":0.45,""bb_width_percentile_max"":0.5,""breakout_range_atr"":0.6,""cci_level"":25.0,""context"":""BEAR_PULLBACK"",""direction"":""SHORT"",""ema_touch_atr"":0.25,""max_hold_bars"":96,""range_adx_max"":20.0,""range_ema_separation_atr"":0.5,""require_confirmation_break"":false,""require_vwap"":true,""rsi_level"":50.0,""rsi_reclaim"":48.0,""setup"":""pullback"",""stop_atr"":1.25,""target_rr"":1.25,""trend_adx_min"":18.0,""trend_ema_separation_atr"":0.05,""trigger_mode"":""RSI_CCI"",""vwap_distance_atr"":0.2}"
2023-07 to 2023-12,2019-09-06T00:00:00+00:00,2023-07-01T00:00:00+00:00,BEAR_PULLBACK,BEAR_PULLBACK-LS11,53,-29.516354,0.400274,0.153912,False,,False,"{""atr_ratio_max"":2.2,""atr_ratio_min"":0.65,""bb_width_percentile_max"":0.35,""breakout_range_atr"":1.0,""cci_level"":25.0,""context"":""BEAR_PULLBACK"",""direction"":""SHORT"",""ema_touch_atr"":0.0,""max_hold_bars"":96,""range_adx_max"":24.0,""range_ema_separation_atr"":0.15,""require_confirmation_break"":false,""require_vwap"":false,""rsi_level"":45.0,""rsi_reclaim"":52.0,""setup"":""pullback"",""stop_atr"":1.5,""target_rr"":1.5,""trend_adx_min"":14.0,""trend_ema_separation_atr"":0.05,""trigger_mode"":""ALL_THREE"",""vwap_distance_atr"":0.4}"
2023-07 to 2023-12,2019-09-06T00:00:00+00:00,2023-07-01T00:00:00+00:00,BEAR_PULLBACK,BEAR_PULLBACK-LS12,17,-13.573472,0.242964,0.0,False,,False,"{""atr_ratio_max"":1.8,""atr_ratio_min"":0.65,""bb_width_percentile_max"":0.35,""breakout_range_atr"":0.8,""cci_level"":25.0,""context"":""BEAR_PULLBACK"",""direction"":""SHORT"",""ema_touch_atr"":0.5,""max_hold_bars"":72,""range_adx_max"":20.0,""range_ema_separation_atr"":0.15,""require_confirmation_break"":true,""require_vwap"":true,""rsi_level"":45.0,""rsi_reclaim"":52.0,""setup"":""pullback"",""stop_atr"":1.0,""target_rr"":1.5,""trend_adx_min"":18.0,""trend_ema_separation_atr"":0.15,""trigger_mode"":""ALL_THREE"",""vwap_distance_atr"":0.0}"
2023-07 to 2023-12,2019-09-06T00:00:00+00:00,2023-07-01T00:00:00+00:00,BEAR_PULLBACK,BEAR_PULLBACK-LS13,440,-93.069839,0.36,0.271573,False,,False,"{""atr_ratio_max"":2.6,""atr_ratio_min"":0.45,""bb_width_percentile_max"":0.2,""breakout_range_atr"":0.6,""cci_level"":-50.0,""context"":""BEAR_PULLBACK"",""direction"":""SHORT"",""ema_touch_atr"":0.0,""max_hold_bars"":72,""range_adx_max"":16.0,""range_ema_separation_atr"":0.15,""require_confirmation_break"":false,""require_vwap"":false,""rsi_level"":50.0,""rsi_reclaim"":48.0,""setup"":""pullback"",""stop_atr"":1.5,""target_rr"":1.75,""trend_adx_min"":18.0,""trend_ema_separation_atr"":0.05,""trigger_mode"":""RSI_MACD"",""vwap_distance_atr"":0.4}"
2023-07 to 2023-12,2019-09-06T00:00:00+00:00,2023-07-01T00:00:00+00:00,BEAR_PULLBACK,BEAR_PULLBACK-LS14,266,-83.765779,0.308942,0.234657,False,,False,"{""atr_ratio_max"":2.6,""atr_ratio_min"":0.65,""bb_width_percentile_max"":0.35,""breakout_range_atr"":0.6,""cci_level"":-50.0,""context"":""BEAR_PULLBACK"",""direction"":""SHORT"",""ema_touch_atr"":0.5,""max_hold_bars"":48,""range_adx_max"":20.0,""range_ema_separation_atr"":0.5,""require_confirmation_break"":false,""require_vwap"":true,""rsi_level"":55.0,""rsi_reclaim"":52.0,""setup"":""pullback"",""stop_atr"":1.0,""target_rr"":1.5,""trend_adx_min"":14.0,""trend_ema_separation_atr"":0.15,""trigger_mode"":""RSI_MACD"",""vwap_distance_atr"":0.4}"
2023-07 to 2023-12,2019-09-06T00:00:00+00:00,2023-07-01T00:00:00+00:00,BEAR_PULLBACK,BEAR_PULLBACK-LS15,364,-88.629949,0.389213,0.311115,False,,False,"{""atr_ratio_max"":2.6,""atr_ratio_min"":0.45,""bb_width_percentile_max"":0.5,""breakout_range_atr"":0.8,""cci_level"":0.0,""context"":""BEAR_PULLBACK"",""direction"":""SHORT"",""ema_touch_atr"":0.0,""max_hold_bars"":96,""range_adx_max"":16.0,""range_ema_separation_atr"":0.3,""require_confirmation_break"":true,""require_vwap"":false,""rsi_level"":55.0,""rsi_reclaim"":48.0,""setup"":""pullback"",""stop_atr"":1.5,""target_rr"":1.75,""trend_adx_min"":14.0,""trend_ema_separation_atr"":0.0,""trigger_mode"":""CCI_MACD"",""vwap_distance_atr"":0.0}"
2023-07 to 2023-12,2019-09-06T00:00:00+00:00,2023-07-01T00:00:00+00:00,BEAR_PULLBACK,BEAR_PULLBACK-LS16,94,-41.543838,0.415823,0.206908,False,,False,"{""atr_ratio_max"":2.2,""atr_ratio_min"":0.3,""bb_width_percentile_max"":0.5,""breakout_range_atr"":0.8,""cci_level"":25.0,""context"":""BEAR_PULLBACK"",""direction"":""SHORT"",""ema_touch_atr"":0.0,""max_hold_bars"":48,""range_adx_max"":16.0,""range_ema_separation_atr"":0.5,""require_confirmation_break"":true,""require_vwap"":false,""rsi_level"":45.0,""rsi_reclaim"":52.0,""setup"":""pullback"",""stop_atr"":1.0,""target_rr"":1.75,""trend_adx_min"":18.0,""trend_ema_separation_atr"":0.0,""trigger_mode"":""RSI_MACD"",""vwap_distance_atr"":0.0}"
2023-07 to 2023-12,2019-09-06T00:00:00+00:00,2023-07-01T00:00:00+00:00,BEAR_PULLBACK,BEAR_PULLBACK-LS17,35,-32.650688,0.14993,0.0,False,,False,"{""atr_ratio_max"":2.6,""atr_ratio_min"":0.3,""bb_width_percentile_max"":0.5,""breakout_range_atr"":1.0,""cci_level"":0.0,""context"":""BEAR_PULLBACK"",""direction"":""SHORT"",""ema_touch_atr"":0.5,""max_hold_bars"":96,""range_adx_max"":24.0,""range_ema_separation_atr"":0.5,""require_confirmation_break"":true,""require_vwap"":true,""rsi_level"":45.0,""rsi_reclaim"":50.0,""setup"":""pullback"",""stop_atr"":1.5,""target_rr"":1.5,""trend_adx_min"":22.0,""trend_ema_separation_atr"":0.0,""trigger_mode"":""RSI_MACD"",""vwap_distance_atr"":0.2}"
2023-07 to 2023-12,2019-09-06T00:00:00+00:00,2023-07-01T00:00:00+00:00,BEAR_PULLBACK,BEAR_PULLBACK-LS18,34,-28.679268,0.1659,0.0,False,,False,"{""atr_ratio_max"":1.8,""atr_ratio_min"":0.65,""bb_width_percentile_max"":0.35,""breakout_range_atr"":1.0,""cci_level"":-50.0,""context"":""BEAR_PULLBACK"",""direction"":""SHORT"",""ema_touch_atr"":0.25,""max_hold_bars"":96,""range_adx_max"":24.0,""range_ema_separation_atr"":0.3,""require_confirmation_break"":false,""require_vwap"":true,""rsi_level"":45.0,""rsi_reclaim"":48.0,""setup"":""pullback"",""stop_atr"":1.5,""target_rr"":1.25,""trend_adx_min"":22.0,""trend_ema_separation_atr"":0.15,""trigger_mode"":""RSI_MACD"",""vwap_distance_atr"":0.4}"
2023-07 to 2023-12,2019-09-06T00:00:00+00:00,2023-07-01T00:00:00+00:00,BULL_BREAKOUT,BULL_BREAKOUT-LS01,208,-79.438171,0.302184,0.263204,False,,False,"{""atr_ratio_max"":2.2,""atr_ratio_min"":0.45,""bb_width_percentile_max"":0.5,""breakout_range_atr"":1.0,""cci_level"":0.0,""context"":""BULL_BREAKOUT"",""direction"":""LONG"",""ema_touch_atr"":0.25,""max_hold_bars"":48,""range_adx_max"":16.0,""range_ema_separation_atr"":0.15,""require_confirmation_break"":false,""require_vwap"":false,""rsi_level"":50.0,""rsi_reclaim"":52.0,""setup"":""breakout"",""stop_atr"":1.25,""target_rr"":1.75,""trend_adx_min"":14.0,""trend_ema_separation_atr"":0.05,""trigger_mode"":""CCI_MACD"",""vwap_distance_atr"":0.2}"
2023-07 to 2023-12,2019-09-06T00:00:00+00:00,2023-07-01T00:00:00+00:00,BULL_BREAKOUT,BULL_BREAKOUT-LS02,61,-34.095505,0.284316,0.150163,False,,False,"{""atr_ratio_max"":2.2,""atr_ratio_min"":0.3,""bb_width_percentile_max"":0.2,""breakout_range_atr"":1.0,""cci_level"":0.0,""context"":""BULL_BREAKOUT"",""direction"":""LONG"",""ema_touch_atr"":0.5,""max_hold_bars"":48,""range_adx_max"":20.0,""range_ema_separation_atr"":0.5,""require_confirmation_break"":true,""require_vwap"":false,""rsi_level"":60.0,""rsi_reclaim"":52.0,""setup"":""breakout"",""stop_atr"":1.0,""target_rr"":1.75,""trend_adx_min"":18.0,""trend_ema_separation_atr"":0.05,""trigger_mode"":""RSI_MACD"",""vwap_distance_atr"":0.2}"
2023-07 to 2023-12,2019-09-06T00:00:00+00:00,2023-07-01T00:00:00+00:00,BULL_BREAKOUT,BULL_BREAKOUT-LS03,154,-61.555239,0.269557,0.095157,False,,False,"{""atr_ratio_max"":1.8,""atr_ratio_min"":0.3,""bb_width_percentile_max"":0.2,""breakout_range_atr"":1.0,""cci_level"":0.0,""context"":""BULL_BREAKOUT"",""direction"":""LONG"",""ema_touch_atr"":0.5,""max_hold_bars"":48,""range_adx_max"":16.0,""range_ema_separation_atr"":0.5,""require_confirmation_break"":true,""require_vwap"":true,""rsi_level"":50.0,""rsi_reclaim"":50.0,""setup"":""breakout"",""stop_atr"":1.5,""target_rr"":1.25,""trend_adx_min"":18.0,""trend_ema_separation_atr"":0.0,""trigger_mode"":""RSI_CCI"",""vwap_distance_atr"":0.2}"
2023-07 to 2023-12,2019-09-06T00:00:00+00:00,2023-07-01T00:00:00+00:00,BULL_BREAKOUT,BULL_BREAKOUT-LS04,296,-84.146357,0.344445,0.277379,False,,False,"{""atr_ratio_max"":2.6,""atr_ratio_min"":0.65,""bb_width_percentile_max"":0.35,""breakout_range_atr"":0.8,""cci_level"":50.0,""context"":""BULL_BREAKOUT"",""direction"":""LONG"",""ema_touch_atr"":0.0,""max_hold_bars"":72,""range_adx_max"":24.0,""range_ema_separation_atr"":0.5,""require_confirmation_break"":true,""require_vwap"":false,""rsi_level"":50.0,""rsi_reclaim"":52.0,""setup"":""breakout"",""stop_atr"":1.5,""target_rr"":1.5,""trend_adx_min"":18.0,""trend_ema_separation_atr"":0.15,""trigger_mode"":""RSI_CCI"",""vwap_distance_atr"":0.4}"
2023-07 to 2023-12,2019-09-06T00:00:00+00:00,2023-07-01T00:00:00+00:00,BULL_BREAKOUT,BULL_BREAKOUT-LS05,85,-42.524332,0.344563,0.25306,False,,False,"{""atr_ratio_max"":1.8,""atr_ratio_min"":0.3,""bb_width_percentile_max"":0.35,""breakout_range_atr"":0.6,""cci_level"":100.0,""context"":""BULL_BREAKOUT"",""direction"":""LONG"",""ema_touch_atr"":0.0,""max_hold_bars"":72,""range_adx_max"":24.0,""range_ema_separation_atr"":0.5,""require_confirmation_break"":true,""require_vwap"":false,""rsi_level"":55.0,""rsi_reclaim"":52.0,""setup"":""breakout"",""stop_atr"":1.0,""target_rr"":1.75,""trend_adx_min"":22.0,""trend_ema_separation_atr"":0.0,""trigger_mode"":""CCI_MACD"",""vwap_distance_atr"":0.4}"
2023-07 to 2023-12,2019-09-06T00:00:00+00:00,2023-07-01T00:00:00+00:00,BULL_BREAKOUT,BULL_BREAKOUT-LS06,213,-77.116117,0.30748,0.240056,False,,False,"{""atr_ratio_max"":2.6,""atr_ratio_min"":0.45,""bb_width_percentile_max"":0.5,""breakout_range_atr"":0.8,""cci_level"":50.0,""context"":""BULL_BREAKOUT"",""direction"":""LONG"",""ema_touch_atr"":0.5,""max_hold_bars"":48,""range_adx_max"":20.0,""range_ema_separation_atr"":0.15,""require_confirmation_break"":false,""require_vwap"":true,""rsi_level"":60.0,""rsi_reclaim"":50.0,""setup"":""breakout"",""stop_atr"":1.25,""target_rr"":1.5,""trend_adx_min"":14.0,""trend_ema_separation_atr"":0.15,""trigger_mode"":""ALL_THREE"",""vwap_distance_atr"":0.2}"
2023-07 to 2023-12,2019-09-06T00:00:00+00:00,2023-07-01T00:00:00+00:00,BULL_BREAKOUT,BULL_BREAKOUT-LS07,46,-23.959507,0.336074,0.126527,False,,False,"{""atr_ratio_max"":2.2,""atr_ratio_min"":0.45,""bb_width_percentile_max"":0.2,""breakout_range_atr"":0.6,""cci_level"":50.0,""context"":""BULL_BREAKOUT"",""direction"":""LONG"",""ema_touch_atr"":0.25,""max_hold_bars"":96,""range_adx_max"":16.0,""range_ema_separation_atr"":0.3,""require_confirmation_break"":false,""require_vwap"":true,""rsi_level"":60.0,""rsi_reclaim"":50.0,""setup"":""breakout"",""stop_atr"":1.25,""target_rr"":1.5,""trend_adx_min"":22.0,""trend_ema_separation_atr"":0.0,""trigger_mode"":""ALL_THREE"",""vwap_distance_atr"":0.0}"
2023-07 to 2023-12,2019-09-06T00:00:00+00:00,2023-07-01T00:00:00+00:00,BULL_BREAKOUT,BULL_BREAKOUT-LS08,219,-76.438675,0.280744,0.237457,False,,False,"{""atr_ratio_max"":2.6,""atr_ratio_min"":0.45,""bb_width_percentile_max"":0.35,""breakout_range_atr"":0.6,""cci_level"":100.0,""context"":""BULL_BREAKOUT"",""direction"":""LONG"",""ema_touch_atr"":0.25,""max_hold_bars"":72,""range_adx_max"":16.0,""range_ema_separation_atr"":0.15,""require_confirmation_break"":false,""require_vwap"":true,""rsi_level"":50.0,""rsi_reclaim"":48.0,""setup"":""breakout"",""stop_atr"":1.0,""target_rr"":1.25,""trend_adx_min"":22.0,""trend_ema_separation_atr"":0.15,""trigger_mode"":""RSI_CCI"",""vwap_distance_atr"":0.0}"
2023-07 to 2023-12,2019-09-06T00:00:00+00:00,2023-07-01T00:00:00+00:00,BULL_BREAKOUT,BULL_BREAKOUT-LS09,44,-21.896724,0.384705,0.1526,False,,False,"{""atr_ratio_max"":2.2,""atr_ratio_min"":0.65,""bb_width_percentile_max"":0.2,""breakout_range_atr"":0.6,""cci_level"":100.0,""context"":""BULL_BREAKOUT"",""direction"":""LONG"",""ema_touch_atr"":0.0,""max_hold_bars"":72,""range_adx_max"":20.0,""range_ema_separation_atr"":0.3,""require_confirmation_break"":false,""require_vwap"":false,""rsi_level"":55.0,""rsi_reclaim"":50.0,""setup"":""breakout"",""stop_atr"":1.25,""target_rr"":1.75,""trend_adx_min"":22.0,""trend_ema_separation_atr"":0.0,""trigger_mode"":""RSI_MACD"",""vwap_distance_atr"":0.0}"
2023-07 to 2023-12,2019-09-06T00:00:00+00:00,2023-07-01T00:00:00+00:00,BULL_BREAKOUT,BULL_BREAKOUT-LS10,106,-53.455925,0.247015,0.192135,False,,False,"{""atr_ratio_max"":1.8,""atr_ratio_min"":0.3,""bb_width_percentile_max"":0.2,""breakout_range_atr"":0.8,""cci_level"":0.0,""context"":""BULL_BREAKOUT"",""direction"":""LONG"",""ema_touch_atr"":0.5,""max_hold_bars"":48,""range_adx_max"":16.0,""range_ema_separation_atr"":0.5,""require_confirmation_break"":false,""require_vwap"":false,""rsi_level"":50.0,""rsi_reclaim"":48.0,""setup"":""breakout"",""stop_atr"":1.5,""target_rr"":1.25,""trend_adx_min"":14.0,""trend_ema_separation_atr"":0.0,""trigger_mode"":""CCI_MACD"",""vwap_distance_atr"":0.0}"
2023-07 to 2023-12,2019-09-06T00:00:00+00:00,2023-07-01T00:00:00+00:00,BULL_BREAKOUT,BULL_BREAKOUT-LS11,427,-94.729019,0.265071,0.242625,False,,False,"{""atr_ratio_max"":2.6,""atr_ratio_min"":0.65,""bb_width_percentile_max"":0.35,""breakout_range_atr"":0.8,""cci_level"":0.0,""context"":""BULL_BREAKOUT"",""direction"":""LONG"",""ema_touch_atr"":0.5,""max_hold_bars"":96,""range_adx_max"":16.0,""range_ema_separation_atr"":0.3,""require_confirmation_break"":false,""require_vwap"":false,""rsi_level"":55.0,""rsi_reclaim"":48.0,""setup"":""breakout"",""stop_atr"":1.0,""target_rr"":1.25,""trend_adx_min"":14.0,""trend_ema_separation_atr"":0.05,""trigger_mode"":""RSI_CCI"",""vwap_distance_atr"":0.0}"
2023-07 to 2023-12,2019-09-06T00:00:00+00:00,2023-07-01T00:00:00+00:00,BULL_BREAKOUT,BULL_BREAKOUT-LS12,323,-84.690591,0.317224,0.237819,False,,False,"{""atr_ratio_max"":2.2,""atr_ratio_min"":0.45,""bb_width_percentile_max"":0.35,""breakout_range_atr"":0.6,""cci_level"":50.0,""context"":""BULL_BREAKOUT"",""direction"":""LONG"",""ema_touch_atr"":0.0,""max_hold_bars"":96,""range_adx_max"":24.0,""range_ema_separation_atr"":0.3,""require_confirmation_break"":true,""require_vwap"":true,""rsi_level"":50.0,""rsi_reclaim"":50.0,""setup"":""breakout"",""stop_atr"":1.0,""target_rr"":1.25,""trend_adx_min"":18.0,""trend_ema_separation_atr"":0.15,""trigger_mode"":""RSI_CCI"",""vwap_distance_atr"":0.2}"
2023-07 to 2023-12,2019-09-06T00:00:00+00:00,2023-07-01T00:00:00+00:00,BULL_BREAKOUT,BULL_BREAKOUT-LS13,208,-78.268366,0.343347,0.229727,False,,False,"{""atr_ratio_max"":1.8,""atr_ratio_min"":0.3,""bb_width_percentile_max"":0.5,""breakout_range_atr"":0.8,""cci_level"":50.0,""context"":""BULL_BREAKOUT"",""direction"":""LONG"",""ema_touch_atr"":0.5,""max_hold_bars"":96,""range_adx_max"":24.0,""range_ema_separation_atr"":0.5,""require_confirmation_break"":false,""require_vwap"":false,""rsi_level"":60.0,""rsi_reclaim"":52.0,""setup"":""breakout"",""stop_atr"":1.0,""target_rr"":1.75,""trend_adx_min"":14.0,""trend_ema_separation_atr"":0.05,""trigger_mode"":""RSI_MACD"",""vwap_distance_atr"":0.4}"
2023-07 to 2023-12,2019-09-06T00:00:00+00:00,2023-07-01T00:00:00+00:00,BULL_BREAKOUT,BULL_BREAKOUT-LS14,43,-21.842726,0.350495,0.108659,False,,False,"{""atr_ratio_max"":2.2,""atr_ratio_min"":0.3,""bb_width_percentile_max"":0.2,""breakout_range_atr"":0.8,""cci_level"":100.0,""context"":""BULL_BREAKOUT"",""direction"":""LONG"",""ema_touch_atr"":0.25,""max_hold_bars"":96,""range_adx_max"":24.0,""range_ema_separation_atr"":0.3,""require_confirmation_break"":true,""require_vwap"":true,""rsi_level"":55.0,""rsi_reclaim"":52.0,""setup"":""breakout"",""stop_atr"":1.5,""target_rr"":1.5,""trend_adx_min"":22.0,""trend_ema_separation_atr"":0.15,""trigger_mode"":""CCI_MACD"",""vwap_distance_atr"":0.4}"
2023-07 to 2023-12,2019-09-06T00:00:00+00:00,2023-07-01T00:00:00+00:00,BULL_BREAKOUT,BULL_BREAKOUT-LS15,140,-66.518239,0.233493,0.182066,False,,False,"{""atr_ratio_max"":2.6,""atr_ratio_min"":0.65,""bb_width_percentile_max"":0.35,""breakout_range_atr"":1.0,""cci_level"":100.0,""context"":""BULL_BREAKOUT"",""direction"":""LONG"",""ema_touch_atr"":0.25,""max_hold_bars"":96,""range_adx_max"":20.0,""range_ema_separation_atr"":0.3,""require_confirmation_break"":true,""require_vwap"":true,""rsi_level"":60.0,""rsi_reclaim"":48.0,""setup"":""breakout"",""stop_atr"":1.25,""target_rr"":1.25,""trend_adx_min"":14.0,""trend_ema_separation_atr"":0.05,""trigger_mode"":""RSI_MACD"",""vwap_distance_atr"":0.4}"
2023-07 to 2023-12,2019-09-06T00:00:00+00:00,2023-07-01T00:00:00+00:00,BULL_BREAKOUT,BULL_BREAKOUT-LS16,92,-49.874089,0.310595,0.219836,False,,False,"{""atr_ratio_max"":1.8,""atr_ratio_min"":0.65,""bb_width_percentile_max"":0.5,""breakout_range_atr"":1.0,""cci_level"":100.0,""context"":""BULL_BREAKOUT"",""direction"":""LONG"",""ema_touch_atr"":0.25,""max_hold_bars"":72,""range_adx_max"":20.0,""range_ema_separation_atr"":0.15,""require_confirmation_break"":true,""require_vwap"":true,""rsi_level"":55.0,""rsi_reclaim"":48.0,""setup"":""breakout"",""stop_atr"":1.5,""target_rr"":1.75,""trend_adx_min"":22.0,""trend_ema_separation_atr"":0.15,""trigger_mode"":""ALL_THREE"",""vwap_distance_atr"":0.2}"
2023-07 to 2023-12,2019-09-06T00:00:00+00:00,2023-07-01T00:00:00+00:00,BULL_BREAKOUT,BULL_BREAKOUT-LS17,172,-67.385246,0.36733,0.20635,False,,False,"{""atr_ratio_max"":2.6,""atr_ratio_min"":0.45,""bb_width_percentile_max"":0.5,""breakout_range_atr"":0.6,""cci_level"":50.0,""context"":""BULL_BREAKOUT"",""direction"":""LONG"",""ema_touch_atr"":0.0,""max_hold_bars"":72,""range_adx_max"":20.0,""range_ema_separation_atr"":0.15,""require_confirmation_break"":true,""require_vwap"":true,""rsi_level"":55.0,""rsi_reclaim"":48.0,""setup"":""breakout"",""stop_atr"":1.5,""target_rr"":1.5,""trend_adx_min"":18.0,""trend_ema_separation_atr"":0.05,""trigger_mode"":""RSI_MACD"",""vwap_distance_atr"":0.4}"
2023-07 to 2023-12,2019-09-06T00:00:00+00:00,2023-07-01T00:00:00+00:00,BULL_BREAKOUT,BULL_BREAKOUT-LS18,135,-64.317541,0.270214,0.193286,False,,False,"{""atr_ratio_max"":1.8,""atr_ratio_min"":0.65,""bb_width_percentile_max"":0.5,""breakout_range_atr"":1.0,""cci_level"":0.0,""context"":""BULL_BREAKOUT"",""direction"":""LONG"",""ema_touch_atr"":0.0,""max_hold_bars"":48,""range_adx_max"":24.0,""range_ema_separation_atr"":0.15,""require_confirmation_break"":false,""require_vwap"":false,""rsi_level"":60.0,""rsi_reclaim"":50.0,""setup"":""breakout"",""stop_atr"":1.25,""target_rr"":1.5,""trend_adx_min"":18.0,""trend_ema_separation_atr"":0.0,""trigger_mode"":""ALL_THREE"",""vwap_distance_atr"":0.0}"
2023-07 to 2023-12,2019-09-06T00:00:00+00:00,2023-07-01T00:00:00+00:00,BULL_PULLBACK,BULL_PULLBACK-LS01,149,-63.406475,0.294616,0.210733,False,,False,"{""atr_ratio_max"":2.6,""atr_ratio_min"":0.65,""bb_width_percentile_max"":0.35,""breakout_range_atr"":0.8,""cci_level"":0.0,""context"":""BULL_PULLBACK"",""direction"":""LONG"",""ema_touch_atr"":0.25,""max_hold_bars"":72,""range_adx_max"":24.0,""range_ema_separation_atr"":0.5,""require_confirmation_break"":false,""require_vwap"":true,""rsi_level"":50.0,""rsi_reclaim"":50.0,""setup"":""pullback"",""stop_atr"":1.0,""target_rr"":1.25,""trend_adx_min"":14.0,""trend_ema_separation_atr"":0.0,""trigger_mode"":""CCI_MACD"",""vwap_distance_atr"":0.4}"
2023-07 to 2023-12,2019-09-06T00:00:00+00:00,2023-07-01T00:00:00+00:00,BULL_PULLBACK,BULL_PULLBACK-LS02,26,-17.842774,0.295856,0.024029,False,,False,"{""atr_ratio_max"":2.6,""atr_ratio_min"":0.3,""bb_width_percentile_max"":0.35,""breakout_range_atr"":0.6,""cci_level"":0.0,""context"":""BULL_PULLBACK"",""direction"":""LONG"",""ema_touch_atr"":0.0,""max_hold_bars"":48,""range_adx_max"":16.0,""range_ema_separation_atr"":0.5,""require_confirmation_break"":true,""require_vwap"":false,""rsi_level"":45.0,""rsi_reclaim"":50.0,""setup"":""pullback"",""stop_atr"":1.0,""target_rr"":1.75,""trend_adx_min"":22.0,""trend_ema_separation_atr"":0.05,""trigger_mode"":""RSI_CCI"",""vwap_distance_atr"":0.4}"
2023-07 to 2023-12,2019-09-06T00:00:00+00:00,2023-07-01T00:00:00+00:00,BULL_PULLBACK,BULL_PULLBACK-LS03,290,-83.652768,0.335545,0.153567,False,,False,"{""atr_ratio_max"":2.2,""atr_ratio_min"":0.3,""bb_width_percentile_max"":0.35,""breakout_range_atr"":1.0,""cci_level"":25.0,""context"":""BULL_PULLBACK"",""direction"":""LONG"",""ema_touch_atr"":0.0,""max_hold_bars"":96,""range_adx_max"":20.0,""range_ema_separation_atr"":0.15,""require_confirmation_break"":true,""require_vwap"":false,""rsi_level"":55.0,""rsi_reclaim"":52.0,""setup"":""pullback"",""stop_atr"":1.25,""target_rr"":1.75,""trend_adx_min"":14.0,""trend_ema_separation_atr"":0.0,""trigger_mode"":""RSI_CCI"",""vwap_distance_atr"":0.0}"
2023-07 to 2023-12,2019-09-06T00:00:00+00:00,2023-07-01T00:00:00+00:00,BULL_PULLBACK,BULL_PULLBACK-LS04,61,-33.453549,0.37625,0.255783,False,,False,"{""atr_ratio_max"":2.2,""atr_ratio_min"":0.65,""bb_width_percentile_max"":0.35,""breakout_range_atr"":0.8,""cci_level"":25.0,""context"":""BULL_PULLBACK"",""direction"":""LONG"",""ema_touch_atr"":0.0,""max_hold_bars"":96,""range_adx_max"":16.0,""range_ema_separation_atr"":0.3,""require_confirmation_break"":true,""require_vwap"":true,""rsi_level"":45.0,""rsi_reclaim"":48.0,""setup"":""pullback"",""stop_atr"":1.5,""target_rr"":1.75,""trend_adx_min"":18.0,""trend_ema_separation_atr"":0.15,""trigger_mode"":""CCI_MACD"",""vwap_distance_atr"":0.4}"
2023-07 to 2023-12,2019-09-06T00:00:00+00:00,2023-07-01T00:00:00+00:00,BULL_PULLBACK,BULL_PULLBACK-LS05,381,-87.736813,0.356396,0.307659,False,,False,"{""atr_ratio_max"":1.8,""atr_ratio_min"":0.65,""bb_width_percentile_max"":0.2,""breakout_range_atr"":1.0,""cci_level"":25.0,""context"":""BULL_PULLBACK"",""direction"":""LONG"",""ema_touch_atr"":0.25,""max_hold_bars"":48,""range_adx_max"":16.0,""range_ema_separation_atr"":0.3,""require_confirmation_break"":false,""require_vwap"":false,""rsi_level"":55.0,""rsi_reclaim"":48.0,""setup"":""pullback"",""stop_atr"":1.5,""target_rr"":1.5,""trend_adx_min"":14.0,""trend_ema_separation_atr"":0.0,""trigger_mode"":""CCI_MACD"",""vwap_distance_atr"":0.0}"
2023-07 to 2023-12,2019-09-06T00:00:00+00:00,2023-07-01T00:00:00+00:00,BULL_PULLBACK,BULL_PULLBACK-LS06,146,-61.299524,0.294093,0.211804,False,,False,"{""atr_ratio_max"":2.6,""atr_ratio_min"":0.45,""bb_width_percentile_max"":0.2,""breakout_range_atr"":1.0,""cci_level"":0.0,""context"":""BULL_PULLBACK"",""direction"":""LONG"",""ema_touch_atr"":0.5,""max_hold_bars"":48,""range_adx_max"":24.0,""range_ema_separation_atr"":0.15,""require_confirmation_break"":true,""require_vwap"":true,""rsi_level"":55.0,""rsi_reclaim"":50.0,""setup"":""pullback"",""stop_atr"":1.25,""target_rr"":1.25,""trend_adx_min"":14.0,""trend_ema_separation_atr"":0.0,""trigger_mode"":""CCI_MACD"",""vwap_distance_atr"":0.2}"
2023-07 to 2023-12,2019-09-06T00:00:00+00:00,2023-07-01T00:00:00+00:00,BULL_PULLBACK,BULL_PULLBACK-LS07,33,-19.089801,0.322666,0.0,False,,False,"{""atr_ratio_max"":2.6,""atr_ratio_min"":0.45,""bb_width_percentile_max"":0.5,""breakout_range_atr"":1.0,""cci_level"":25.0,""context"":""BULL_PULLBACK"",""direction"":""LONG"",""ema_touch_atr"":0.25,""max_hold_bars"":48,""range_adx_max"":16.0,""range_ema_separation_atr"":0.3,""require_confirmation_break"":false,""require_vwap"":true,""rsi_level"":50.0,""rsi_reclaim"":50.0,""setup"":""pullback"",""stop_atr"":1.5,""target_rr"":1.5,""trend_adx_min"":22.0,""trend_ema_separation_atr"":0.05,""trigger_mode"":""ALL_THREE"",""vwap_distance_atr"":0.2}"
2023-07 to 2023-12,2019-09-06T00:00:00+00:00,2023-07-01T00:00:00+00:00,BULL_PULLBACK,BULL_PULLBACK-LS08,153,-59.012331,0.3668,0.334528,False,,False,"{""atr_ratio_max"":1.8,""atr_ratio_min"":0.45,""bb_width_percentile_max"":0.35,""breakout_range_atr"":0.6,""cci_level"":0.0,""context"":""BULL_PULLBACK"",""direction"":""LONG"",""ema_touch_atr"":0.5,""max_hold_bars"":96,""range_adx_max"":20.0,""range_ema_separation_atr"":0.3,""require_confirmation_break"":true,""require_vwap"":true,""rsi_level"":55.0,""rsi_reclaim"":48.0,""setup"":""pullback"",""stop_atr"":1.25,""target_rr"":1.25,""trend_adx_min"":18.0,""trend_ema_separation_atr"":0.05,""trigger_mode"":""RSI_MACD"",""vwap_distance_atr"":0.4}"
2023-07 to 2023-12,2019-09-06T00:00:00+00:00,2023-07-01T00:00:00+00:00,BULL_PULLBACK,BULL_PULLBACK-LS09,17,-10.884715,0.365165,0.0,False,,False,"{""atr_ratio_max"":1.8,""atr_ratio_min"":0.3,""bb_width_percentile_max"":0.5,""breakout_range_atr"":0.6,""cci_level"":25.0,""context"":""BULL_PULLBACK"",""direction"":""LONG"",""ema_touch_atr"":0.5,""max_hold_bars"":48,""range_adx_max"":24.0,""range_ema_separation_atr"":0.15,""require_confirmation_break"":true,""require_vwap"":false,""rsi_level"":45.0,""rsi_reclaim"":52.0,""setup"":""pullback"",""stop_atr"":1.0,""target_rr"":1.75,""trend_adx_min"":22.0,""trend_ema_separation_atr"":0.05,""trigger_mode"":""ALL_THREE"",""vwap_distance_atr"":0.2}"
2023-07 to 2023-12,2019-09-06T00:00:00+00:00,2023-07-01T00:00:00+00:00,BULL_PULLBACK,BULL_PULLBACK-LS10,75,-44.111444,0.257028,0.148297,False,,False,"{""atr_ratio_max"":2.2,""atr_ratio_min"":0.65,""bb_width_percentile_max"":0.2,""breakout_range_atr"":0.8,""cci_level"":-50.0,""context"":""BULL_PULLBACK"",""direction"":""LONG"",""ema_touch_atr"":0.5,""max_hold_bars"":96,""range_adx_max"":20.0,""range_ema_separation_atr"":0.3,""require_confirmation_break"":true,""require_vwap"":true,""rsi_level"":50.0,""rsi_reclaim"":48.0,""setup"":""pullback"",""stop_atr"":1.25,""target_rr"":1.25,""trend_adx_min"":14.0,""trend_ema_separation_atr"":0.15,""trigger_mode"":""RSI_CCI"",""vwap_distance_atr"":0.2}"
2023-07 to 2023-12,2019-09-06T00:00:00+00:00,2023-07-01T00:00:00+00:00,BULL_PULLBACK,BULL_PULLBACK-LS11,105,-44.763912,0.414977,0.198203,False,,False,"{""atr_ratio_max"":1.8,""atr_ratio_min"":0.65,""bb_width_percentile_max"":0.5,""breakout_range_atr"":0.6,""cci_level"":-50.0,""context"":""BULL_PULLBACK"",""direction"":""LONG"",""ema_touch_atr"":0.25,""max_hold_bars"":72,""range_adx_max"":16.0,""range_ema_separation_atr"":0.5,""require_confirmation_break"":false,""require_vwap"":false,""rsi_level"":55.0,""rsi_reclaim"":48.0,""setup"":""pullback"",""stop_atr"":1.5,""target_rr"":1.75,""trend_adx_min"":22.0,""trend_ema_separation_atr"":0.15,""trigger_mode"":""RSI_CCI"",""vwap_distance_atr"":0.0}"
2023-07 to 2023-12,2019-09-06T00:00:00+00:00,2023-07-01T00:00:00+00:00,BULL_PULLBACK,BULL_PULLBACK-LS12,23,-15.193997,0.347569,0.151141,False,,False,"{""atr_ratio_max"":2.6,""atr_ratio_min"":0.3,""bb_width_percentile_max"":0.2,""breakout_range_atr"":0.8,""cci_level"":-50.0,""context"":""BULL_PULLBACK"",""direction"":""LONG"",""ema_touch_atr"":0.5,""max_hold_bars"":96,""range_adx_max"":20.0,""range_ema_separation_atr"":0.5,""require_confirmation_break"":false,""require_vwap"":true,""rsi_level"":45.0,""rsi_reclaim"":52.0,""setup"":""pullback"",""stop_atr"":1.5,""target_rr"":1.75,""trend_adx_min"":22.0,""trend_ema_separation_atr"":0.15,""trigger_mode"":""RSI_MACD"",""vwap_distance_atr"":0.2}"
2023-07 to 2023-12,2019-09-06T00:00:00+00:00,2023-07-01T00:00:00+00:00,BULL_PULLBACK,BULL_PULLBACK-LS13,167,-63.407362,0.347364,0.252086,False,,False,"{""atr_ratio_max"":2.6,""atr_ratio_min"":0.3,""bb_width_percentile_max"":0.2,""breakout_range_atr"":0.8,""cci_level"":0.0,""context"":""BULL_PULLBACK"",""direction"":""LONG"",""ema_touch_atr"":0.0,""max_hold_bars"":72,""range_adx_max"":24.0,""range_ema_separation_atr"":0.15,""require_confirmation_break"":false,""require_vwap"":false,""rsi_level"":50.0,""rsi_reclaim"":52.0,""setup"":""pullback"",""stop_atr"":1.5,""target_rr"":1.25,""trend_adx_min"":18.0,""trend_ema_separation_atr"":0.05,""trigger_mode"":""ALL_THREE"",""vwap_distance_atr"":0.0}"
2023-07 to 2023-12,2019-09-06T00:00:00+00:00,2023-07-01T00:00:00+00:00,BULL_PULLBACK,BULL_PULLBACK-LS14,70,-47.163606,0.217777,0.140124,False,,False,"{""atr_ratio_max"":1.8,""atr_ratio_min"":0.45,""bb_width_percentile_max"":0.5,""breakout_range_atr"":1.0,""cci_level"":-50.0,""context"":""BULL_PULLBACK"",""direction"":""LONG"",""ema_touch_atr"":0.0,""max_hold_bars"":48,""range_adx_max"":20.0,""range_ema_separation_atr"":0.3,""require_confirmation_break"":true,""require_vwap"":false,""rsi_level"":45.0,""rsi_reclaim"":50.0,""setup"":""pullback"",""stop_atr"":1.25,""target_rr"":1.5,""trend_adx_min"":18.0,""trend_ema_separation_atr"":0.15,""trigger_mode"":""ALL_THREE"",""vwap_distance_atr"":0.2}"
2023-07 to 2023-12,2019-09-06T00:00:00+00:00,2023-07-01T00:00:00+00:00,BULL_PULLBACK,BULL_PULLBACK-LS15,382,-92.633307,0.332915,0.303947,False,,False,"{""atr_ratio_max"":2.2,""atr_ratio_min"":0.45,""bb_width_percentile_max"":0.5,""breakout_range_atr"":0.6,""cci_level"":-50.0,""context"":""BULL_PULLBACK"",""direction"":""LONG"",""ema_touch_atr"":0.5,""max_hold_bars"":72,""range_adx_max"":20.0,""range_ema_separation_atr"":0.5,""require_confirmation_break"":false,""require_vwap"":false,""rsi_level"":55.0,""rsi_reclaim"":50.0,""setup"":""pullback"",""stop_atr"":1.0,""target_rr"":1.5,""trend_adx_min"":14.0,""trend_ema_separation_atr"":0.15,""trigger_mode"":""RSI_CCI"",""vwap_distance_atr"":0.4}"
2023-07 to 2023-12,2019-09-06T00:00:00+00:00,2023-07-01T00:00:00+00:00,BULL_PULLBACK,BULL_PULLBACK-LS16,121,-55.56102,0.340515,0.165325,False,,False,"{""atr_ratio_max"":2.2,""atr_ratio_min"":0.65,""bb_width_percentile_max"":0.2,""breakout_range_atr"":0.8,""cci_level"":-50.0,""context"":""BULL_PULLBACK"",""direction"":""LONG"",""ema_touch_atr"":0.0,""max_hold_bars"":72,""range_adx_max"":24.0,""range_ema_separation_atr"":0.5,""require_confirmation_break"":false,""require_vwap"":true,""rsi_level"":50.0,""rsi_reclaim"":48.0,""setup"":""pullback"",""stop_atr"":1.0,""target_rr"":1.5,""trend_adx_min"":18.0,""trend_ema_separation_atr"":0.05,""trigger_mode"":""RSI_MACD"",""vwap_distance_atr"":0.4}"
2023-07 to 2023-12,2019-09-06T00:00:00+00:00,2023-07-01T00:00:00+00:00,BULL_PULLBACK,BULL_PULLBACK-LS17,49,-24.55435,0.364643,0.0,False,,False,"{""atr_ratio_max"":1.8,""atr_ratio_min"":0.45,""bb_width_percentile_max"":0.5,""breakout_range_atr"":1.0,""cci_level"":25.0,""context"":""BULL_PULLBACK"",""direction"":""LONG"",""ema_touch_atr"":0.25,""max_hold_bars"":72,""range_adx_max"":24.0,""range_ema_separation_atr"":0.15,""require_confirmation_break"":true,""require_vwap"":true,""rsi_level"":50.0,""rsi_reclaim"":52.0,""setup"":""pullback"",""stop_atr"":1.0,""target_rr"":1.25,""trend_adx_min"":22.0,""trend_ema_separation_atr"":0.0,""trigger_mode"":""RSI_MACD"",""vwap_distance_atr"":0.0}"
2023-07 to 2023-12,2019-09-06T00:00:00+00:00,2023-07-01T00:00:00+00:00,BULL_PULLBACK,BULL_PULLBACK-LS18,106,-51.994913,0.340472,0.153547,False,,False,"{""atr_ratio_max"":2.2,""atr_ratio_min"":0.3,""bb_width_percentile_max"":0.35,""breakout_range_atr"":0.6,""cci_level"":0.0,""context"":""BULL_PULLBACK"",""direction"":""LONG"",""ema_touch_atr"":0.25,""max_hold_bars"":96,""range_adx_max"":16.0,""range_ema_separation_atr"":0.15,""require_confirmation_break"":false,""require_vwap"":false,""rsi_level"":45.0,""rsi_reclaim"":52.0,""setup"":""pullback"",""stop_atr"":1.25,""target_rr"":1.5,""trend_adx_min"":18.0,""trend_ema_separation_atr"":0.0,""trigger_mode"":""RSI_MACD"",""vwap_distance_atr"":0.0}"
2023-07 to 2023-12,2019-09-06T00:00:00+00:00,2023-07-01T00:00:00+00:00,RANGE_REVERSION,RANGE_REVERSION-LS01,1,-1.503314,0.0,,False,,False,"{""atr_ratio_max"":2.6,""atr_ratio_min"":0.3,""bb_width_percentile_max"":0.5,""breakout_range_atr"":1.0,""cci_level"":50.0,""context"":""RANGE_REVERSION"",""direction"":""BOTH"",""ema_touch_atr"":0.5,""max_hold_bars"":96,""range_adx_max"":24.0,""range_ema_separation_atr"":0.5,""require_confirmation_break"":true,""require_vwap"":true,""rsi_level"":35.0,""rsi_reclaim"":35.0,""setup"":""reversion"",""stop_atr"":1.0,""target_rr"":1.75,""trend_adx_min"":18.0,""trend_ema_separation_atr"":0.0,""trigger_mode"":""RSI_CCI"",""vwap_distance_atr"":0.4}"
2023-07 to 2023-12,2019-09-06T00:00:00+00:00,2023-07-01T00:00:00+00:00,RANGE_REVERSION,RANGE_REVERSION-LS02,6,-3.839717,0.365674,,False,,False,"{""atr_ratio_max"":1.8,""atr_ratio_min"":0.3,""bb_width_percentile_max"":0.2,""breakout_range_atr"":0.8,""cci_level"":75.0,""context"":""RANGE_REVERSION"",""direction"":""BOTH"",""ema_touch_atr"":0.0,""max_hold_bars"":72,""range_adx_max"":24.0,""range_ema_separation_atr"":0.3,""require_confirmation_break"":true,""require_vwap"":false,""rsi_level"":40.0,""rsi_reclaim"":45.0,""setup"":""reversion"",""stop_atr"":1.25,""target_rr"":1.5,""trend_adx_min"":22.0,""trend_ema_separation_atr"":0.15,""trigger_mode"":""RSI_CCI"",""vwap_distance_atr"":0.2}"
2023-07 to 2023-12,2019-09-06T00:00:00+00:00,2023-07-01T00:00:00+00:00,RANGE_REVERSION,RANGE_REVERSION-LS03,3,0.38691,1.277241,,False,,False,"{""atr_ratio_max"":1.8,""atr_ratio_min"":0.3,""bb_width_percentile_max"":0.2,""breakout_range_atr"":1.0,""cci_level"":50.0,""context"":""RANGE_REVERSION"",""direction"":""BOTH"",""ema_touch_atr"":0.0,""max_hold_bars"":48,""range_adx_max"":20.0,""range_ema_separation_atr"":0.15,""require_confirmation_break"":false,""require_vwap"":false,""rsi_level"":30.0,""rsi_reclaim"":45.0,""setup"":""reversion"",""stop_atr"":1.25,""target_rr"":1.25,""trend_adx_min"":14.0,""trend_ema_separation_atr"":0.05,""trigger_mode"":""CCI_MACD"",""vwap_distance_atr"":0.0}"
2023-07 to 2023-12,2019-09-06T00:00:00+00:00,2023-07-01T00:00:00+00:00,RANGE_REVERSION,RANGE_REVERSION-LS04,0,0.0,,,False,,False,"{""atr_ratio_max"":2.2,""atr_ratio_min"":0.45,""bb_width_percentile_max"":0.35,""breakout_range_atr"":0.8,""cci_level"":75.0,""context"":""RANGE_REVERSION"",""direction"":""BOTH"",""ema_touch_atr"":0.25,""max_hold_bars"":96,""range_adx_max"":20.0,""range_ema_separation_atr"":0.15,""require_confirmation_break"":true,""require_vwap"":false,""rsi_level"":35.0,""rsi_reclaim"":40.0,""setup"":""reversion"",""stop_atr"":1.25,""target_rr"":1.75,""trend_adx_min"":14.0,""trend_ema_separation_atr"":0.05,""trigger_mode"":""RSI_CCI"",""vwap_distance_atr"":0.0}"
2023-07 to 2023-12,2019-09-06T00:00:00+00:00,2023-07-01T00:00:00+00:00,RANGE_REVERSION,RANGE_REVERSION-LS05,5,0.26486,1.090018,,False,,False,"{""atr_ratio_max"":2.6,""atr_ratio_min"":0.3,""bb_width_percentile_max"":0.2,""breakout_range_atr"":0.6,""cci_level"":50.0,""context"":""RANGE_REVERSION"",""direction"":""BOTH"",""ema_touch_atr"":0.25,""max_hold_bars"":96,""range_adx_max"":24.0,""range_ema_separation_atr"":0.15,""require_confirmation_break"":false,""require_vwap"":true,""rsi_level"":30.0,""rsi_reclaim"":35.0,""setup"":""reversion"",""stop_atr"":1.25,""target_rr"":1.75,""trend_adx_min"":14.0,""trend_ema_separation_atr"":0.0,""trigger_mode"":""RSI_MACD"",""vwap_distance_atr"":0.4}"
2023-07 to 2023-12,2019-09-06T00:00:00+00:00,2023-07-01T00:00:00+00:00,RANGE_REVERSION,RANGE_REVERSION-LS06,2,-0.345546,0.803532,,False,,False,"{""atr_ratio_max"":1.8,""atr_ratio_min"":0.65,""bb_width_percentile_max"":0.35,""breakout_range_atr"":0.8,""cci_level"":100.0,""context"":""RANGE_REVERSION"",""direction"":""BOTH"",""ema_touch_atr"":0.25,""max_hold_bars"":72,""range_adx_max"":16.0,""range_ema_separation_atr"":0.15,""require_confirmation_break"":false,""require_vwap"":true,""rsi_level"":40.0,""rsi_reclaim"":35.0,""setup"":""reversion"",""stop_atr"":1.5,""target_rr"":1.75,""trend_adx_min"":22.0,""trend_ema_separation_atr"":0.15,""trigger_mode"":""CCI_MACD"",""vwap_distance_atr"":0.4}"
2023-07 to 2023-12,2019-09-06T00:00:00+00:00,2023-07-01T00:00:00+00:00,RANGE_REVERSION,RANGE_REVERSION-LS07,0,0.0,,,False,,False,"{""atr_ratio_max"":2.2,""atr_ratio_min"":0.45,""bb_width_percentile_max"":0.35,""breakout_range_atr"":1.0,""cci_level"":100.0,""context"":""RANGE_REVERSION"",""direction"":""BOTH"",""ema_touch_atr"":0.5,""max_hold_bars"":72,""range_adx_max"":16.0,""range_ema_separation_atr"":0.5,""require_confirmation_break"":false,""require_vwap"":false,""rsi_level"":35.0,""rsi_reclaim"":40.0,""setup"":""reversion"",""stop_atr"":1.0,""target_rr"":1.5,""trend_adx_min"":14.0,""trend_ema_separation_atr"":0.05,""trigger_mode"":""ALL_THREE"",""vwap_distance_atr"":0.4}"
2023-07 to 2023-12,2019-09-06T00:00:00+00:00,2023-07-01T00:00:00+00:00,RANGE_REVERSION,RANGE_REVERSION-LS08,1,-1.424765,0.0,,False,,False,"{""atr_ratio_max"":2.2,""atr_ratio_min"":0.65,""bb_width_percentile_max"":0.5,""breakout_range_atr"":0.6,""cci_level"":50.0,""context"":""RANGE_REVERSION"",""direction"":""BOTH"",""ema_touch_atr"":0.0,""max_hold_bars"":96,""range_adx_max"":24.0,""range_ema_separation_atr"":0.3,""require_confirmation_break"":true,""require_vwap"":false,""rsi_level"":35.0,""rsi_reclaim"":40.0,""setup"":""reversion"",""stop_atr"":1.5,""target_rr"":1.25,""trend_adx_min"":22.0,""trend_ema_separation_atr"":0.05,""trigger_mode"":""RSI_CCI"",""vwap_distance_atr"":0.0}"
2023-07 to 2023-12,2019-09-06T00:00:00+00:00,2023-07-01T00:00:00+00:00,RANGE_REVERSION,RANGE_REVERSION-LS09,1,-1.503314,0.0,,False,,False,"{""atr_ratio_max"":2.6,""atr_ratio_min"":0.3,""bb_width_percentile_max"":0.35,""breakout_range_atr"":0.8,""cci_level"":75.0,""context"":""RANGE_REVERSION"",""direction"":""BOTH"",""ema_touch_atr"":0.0,""max_hold_bars"":96,""range_adx_max"":20.0,""range_ema_separation_atr"":0.5,""require_confirmation_break"":false,""require_vwap"":true,""rsi_level"":30.0,""rsi_reclaim"":45.0,""setup"":""reversion"",""stop_atr"":1.5,""target_rr"":1.5,""trend_adx_min"":18.0,""trend_ema_separation_atr"":0.05,""trigger_mode"":""RSI_MACD"",""vwap_distance_atr"":0.2}"
2023-07 to 2023-12,2019-09-06T00:00:00+00:00,2023-07-01T00:00:00+00:00,RANGE_REVERSION,RANGE_REVERSION-LS10,69,-31.472618,0.398404,0.111515,False,,False,"{""atr_ratio_max"":1.8,""atr_ratio_min"":0.45,""bb_width_percentile_max"":0.2,""breakout_range_atr"":1.0,""cci_level"":100.0,""context"":""RANGE_REVERSION"",""direction"":""BOTH"",""ema_touch_atr"":0.25,""max_hold_bars"":96,""range_adx_max"":20.0,""range_ema_separation_atr"":0.3,""require_confirmation_break"":false,""require_vwap"":true,""rsi_level"":40.0,""rsi_reclaim"":35.0,""setup"":""reversion"",""stop_atr"":1.0,""target_rr"":1.25,""trend_adx_min"":22.0,""trend_ema_separation_atr"":0.15,""trigger_mode"":""RSI_MACD"",""vwap_distance_atr"":0.0}"
2023-07 to 2023-12,2019-09-06T00:00:00+00:00,2023-07-01T00:00:00+00:00,RANGE_REVERSION,RANGE_REVERSION-LS11,3,1.077669,1.616166,,False,,False,"{""atr_ratio_max"":1.8,""atr_ratio_min"":0.65,""bb_width_percentile_max"":0.5,""breakout_range_atr"":0.6,""cci_level"":100.0,""context"":""RANGE_REVERSION"",""direction"":""BOTH"",""ema_touch_atr"":0.5,""max_hold_bars"":48,""range_adx_max"":20.0,""range_ema_separation_atr"":0.3,""require_confirmation_break"":true,""require_vwap"":false,""rsi_level"":30.0,""rsi_reclaim"":35.0,""setup"":""reversion"",""stop_atr"":1.25,""target_rr"":1.75,""trend_adx_min"":22.0,""trend_ema_separation_atr"":0.05,""trigger_mode"":""RSI_MACD"",""vwap_distance_atr"":0.4}"
2023-07 to 2023-12,2019-09-06T00:00:00+00:00,2023-07-01T00:00:00+00:00,RANGE_REVERSION,RANGE_REVERSION-LS12,11,2.620871,1.791657,,False,,False,"{""atr_ratio_max"":2.2,""atr_ratio_min"":0.65,""bb_width_percentile_max"":0.2,""breakout_range_atr"":1.0,""cci_level"":50.0,""context"":""RANGE_REVERSION"",""direction"":""BOTH"",""ema_touch_atr"":0.0,""max_hold_bars"":72,""range_adx_max"":24.0,""range_ema_separation_atr"":0.15,""require_confirmation_break"":false,""require_vwap"":true,""rsi_level"":35.0,""rsi_reclaim"":40.0,""setup"":""reversion"",""stop_atr"":1.0,""target_rr"":1.25,""trend_adx_min"":18.0,""trend_ema_separation_atr"":0.0,""trigger_mode"":""RSI_MACD"",""vwap_distance_atr"":0.2}"
2023-07 to 2023-12,2019-09-06T00:00:00+00:00,2023-07-01T00:00:00+00:00,RANGE_REVERSION,RANGE_REVERSION-LS13,8,-3.548883,0.483581,,False,,False,"{""atr_ratio_max"":2.6,""atr_ratio_min"":0.65,""bb_width_percentile_max"":0.35,""breakout_range_atr"":0.6,""cci_level"":75.0,""context"":""RANGE_REVERSION"",""direction"":""BOTH"",""ema_touch_atr"":0.25,""max_hold_bars"":48,""range_adx_max"":20.0,""range_ema_separation_atr"":0.3,""require_confirmation_break"":true,""require_vwap"":false,""rsi_level"":40.0,""rsi_reclaim"":40.0,""setup"":""reversion"",""stop_atr"":1.5,""target_rr"":1.5,""trend_adx_min"":18.0,""trend_ema_separation_atr"":0.15,""trigger_mode"":""CCI_MACD"",""vwap_distance_atr"":0.0}"
2023-07 to 2023-12,2019-09-06T00:00:00+00:00,2023-07-01T00:00:00+00:00,RANGE_REVERSION,RANGE_REVERSION-LS14,3,2.714065,,,False,,False,"{""atr_ratio_max"":2.2,""atr_ratio_min"":0.65,""bb_width_percentile_max"":0.5,""breakout_range_atr"":0.8,""cci_level"":75.0,""context"":""RANGE_REVERSION"",""direction"":""BOTH"",""ema_touch_atr"":0.5,""max_hold_bars"":72,""range_adx_max"":16.0,""range_ema_separation_atr"":0.5,""require_confirmation_break"":true,""require_vwap"":true,""rsi_level"":40.0,""rsi_reclaim"":35.0,""setup"":""reversion"",""stop_atr"":1.25,""target_rr"":1.25,""trend_adx_min"":14.0,""trend_ema_separation_atr"":0.0,""trigger_mode"":""CCI_MACD"",""vwap_distance_atr"":0.4}"
2023-07 to 2023-12,2019-09-06T00:00:00+00:00,2023-07-01T00:00:00+00:00,RANGE_REVERSION,RANGE_REVERSION-LS15,0,0.0,,,False,,False,"{""atr_ratio_max"":2.6,""atr_ratio_min"":0.45,""bb_width_percentile_max"":0.2,""breakout_range_atr"":0.6,""cci_level"":100.0,""context"":""RANGE_REVERSION"",""direction"":""BOTH"",""ema_touch_atr"":0.5,""max_hold_bars"":48,""range_adx_max"":16.0,""range_ema_separation_atr"":0.3,""require_confirmation_break"":true,""require_vwap"":true,""rsi_level"":30.0,""rsi_reclaim"":40.0,""setup"":""reversion"",""stop_atr"":1.0,""target_rr"":1.5,""trend_adx_min"":22.0,""trend_ema_separation_atr"":0.0,""trigger_mode"":""ALL_THREE"",""vwap_distance_atr"":0.2}"
2023-07 to 2023-12,2019-09-06T00:00:00+00:00,2023-07-01T00:00:00+00:00,RANGE_REVERSION,RANGE_REVERSION-LS16,2,-0.284487,0.832431,,False,,False,"{""atr_ratio_max"":1.8,""atr_ratio_min"":0.45,""bb_width_percentile_max"":0.5,""breakout_range_atr"":1.0,""cci_level"":50.0,""context"":""RANGE_REVERSION"",""direction"":""BOTH"",""ema_touch_atr"":0.5,""max_hold_bars"":48,""range_adx_max"":24.0,""range_ema_separation_atr"":0.5,""require_confirmation_break"":true,""require_vwap"":true,""rsi_level"":40.0,""rsi_reclaim"":45.0,""setup"":""reversion"",""stop_atr"":1.5,""target_rr"":1.75,""trend_adx_min"":18.0,""trend_ema_separation_atr"":0.15,""trigger_mode"":""ALL_THREE"",""vwap_distance_atr"":0.2}"
2023-07 to 2023-12,2019-09-06T00:00:00+00:00,2023-07-01T00:00:00+00:00,RANGE_REVERSION,RANGE_REVERSION-LS17,0,0.0,,,False,,False,"{""atr_ratio_max"":2.2,""atr_ratio_min"":0.3,""bb_width_percentile_max"":0.5,""breakout_range_atr"":0.6,""cci_level"":100.0,""context"":""RANGE_REVERSION"",""direction"":""BOTH"",""ema_touch_atr"":0.0,""max_hold_bars"":48,""range_adx_max"":16.0,""range_ema_separation_atr"":0.15,""require_confirmation_break"":false,""require_vwap"":false,""rsi_level"":30.0,""rsi_reclaim"":45.0,""setup"":""reversion"",""stop_atr"":1.5,""target_rr"":1.25,""trend_adx_min"":18.0,""trend_ema_separation_atr"":0.0,""trigger_mode"":""RSI_CCI"",""vwap_distance_atr"":0.0}"
2023-07 to 2023-12,2019-09-06T00:00:00+00:00,2023-07-01T00:00:00+00:00,RANGE_REVERSION,RANGE_REVERSION-LS18,0,0.0,,,False,,False,"{""atr_ratio_max"":2.6,""atr_ratio_min"":0.45,""bb_width_percentile_max"":0.35,""breakout_range_atr"":0.8,""cci_level"":75.0,""context"":""RANGE_REVERSION"",""direction"":""BOTH"",""ema_touch_atr"":0.25,""max_hold_bars"":72,""range_adx_max"":16.0,""range_ema_separation_atr"":0.5,""require_confirmation_break"":false,""require_vwap"":false,""rsi_level"":35.0,""rsi_reclaim"":45.0,""setup"":""reversion"",""stop_atr"":1.0,""target_rr"":1.5,""trend_adx_min"":14.0,""trend_ema_separation_atr"":0.15,""trigger_mode"":""ALL_THREE"",""vwap_distance_atr"":0.2}"
2024-01 to 2024-06,2019-09-06T00:00:00+00:00,2024-01-01T00:00:00+00:00,BEAR_BREAKOUT,BEAR_BREAKOUT-LS01,144,-58.028117,0.3337,0.214574,False,,False,"{""atr_ratio_max"":2.2,""atr_ratio_min"":0.45,""bb_width_percentile_max"":0.35,""breakout_range_atr"":0.8,""cci_level"":50.0,""context"":""BEAR_BREAKOUT"",""direction"":""SHORT"",""ema_touch_atr"":0.5,""max_hold_bars"":96,""range_adx_max"":24.0,""range_ema_separation_atr"":0.15,""require_confirmation_break"":false,""require_vwap"":true,""rsi_level"":50.0,""rsi_reclaim"":48.0,""setup"":""breakout"",""stop_atr"":1.0,""target_rr"":1.5,""trend_adx_min"":14.0,""trend_ema_separation_atr"":0.05,""trigger_mode"":""RSI_MACD"",""vwap_distance_atr"":0.4}"
2024-01 to 2024-06,2019-09-06T00:00:00+00:00,2024-01-01T00:00:00+00:00,BEAR_BREAKOUT,BEAR_BREAKOUT-LS02,126,-57.428599,0.269442,0.145871,False,,False,"{""atr_ratio_max"":2.2,""atr_ratio_min"":0.3,""bb_width_percentile_max"":0.35,""breakout_range_atr"":1.0,""cci_level"":50.0,""context"":""BEAR_BREAKOUT"",""direction"":""SHORT"",""ema_touch_atr"":0.5,""max_hold_bars"":72,""range_adx_max"":16.0,""range_ema_separation_atr"":0.5,""require_confirmation_break"":true,""require_vwap"":true,""rsi_level"":60.0,""rsi_reclaim"":52.0,""setup"":""breakout"",""stop_atr"":1.0,""target_rr"":1.25,""trend_adx_min"":14.0,""trend_ema_separation_atr"":0.05,""trigger_mode"":""ALL_THREE"",""vwap_distance_atr"":0.4}"
2024-01 to 2024-06,2019-09-06T00:00:00+00:00,2024-01-01T00:00:00+00:00,BEAR_BREAKOUT,BEAR_BREAKOUT-LS03,196,-69.520304,0.352441,0.245497,False,,False,"{""atr_ratio_max"":2.2,""atr_ratio_min"":0.3,""bb_width_percentile_max"":0.5,""breakout_range_atr"":1.0,""cci_level"":100.0,""context"":""BEAR_BREAKOUT"",""direction"":""SHORT"",""ema_touch_atr"":0.5,""max_hold_bars"":96,""range_adx_max"":20.0,""range_ema_separation_atr"":0.3,""require_confirmation_break"":false,""require_vwap"":true,""rsi_level"":50.0,""rsi_reclaim"":50.0,""setup"":""breakout"",""stop_atr"":1.5,""target_rr"":1.5,""trend_adx_min"":14.0,""trend_ema_separation_atr"":0.0,""trigger_mode"":""CCI_MACD"",""vwap_distance_atr"":0.0}"
2024-01 to 2024-06,2019-09-06T00:00:00+00:00,2024-01-01T00:00:00+00:00,BEAR_BREAKOUT,BEAR_BREAKOUT-LS04,46,-30.220428,0.250841,0.001576,False,,False,"{""atr_ratio_max"":1.8,""atr_ratio_min"":0.45,""bb_width_percentile_max"":0.2,""breakout_range_atr"":1.0,""cci_level"":0.0,""context"":""BEAR_BREAKOUT"",""direction"":""SHORT"",""ema_touch_atr"":0.0,""max_hold_bars"":72,""range_adx_max"":20.0,""range_ema_separation_atr"":0.5,""require_confirmation_break"":true,""require_vwap"":true,""rsi_level"":50.0,""rsi_reclaim"":50.0,""setup"":""breakout"",""stop_atr"":1.5,""target_rr"":1.75,""trend_adx_min"":22.0,""trend_ema_separation_atr"":0.15,""trigger_mode"":""ALL_THREE"",""vwap_distance_atr"":0.4}"
2024-01 to 2024-06,2019-09-06T00:00:00+00:00,2024-01-01T00:00:00+00:00,BEAR_BREAKOUT,BEAR_BREAKOUT-LS05,117,-54.861907,0.268039,0.168873,False,,False,"{""atr_ratio_max"":2.6,""atr_ratio_min"":0.3,""bb_width_percentile_max"":0.35,""breakout_range_atr"":0.6,""cci_level"":100.0,""context"":""BEAR_BREAKOUT"",""direction"":""SHORT"",""ema_touch_atr"":0.0,""max_hold_bars"":48,""range_adx_max"":24.0,""range_ema_separation_atr"":0.15,""require_confirmation_break"":true,""require_vwap"":true,""rsi_level"":50.0,""rsi_reclaim"":50.0,""setup"":""breakout"",""stop_atr"":1.0,""target_rr"":1.5,""trend_adx_min"":18.0,""trend_ema_separation_atr"":0.05,""trigger_mode"":""ALL_THREE"",""vwap_distance_atr"":0.4}"
2024-01 to 2024-06,2019-09-06T00:00:00+00:00,2024-01-01T00:00:00+00:00,BEAR_BREAKOUT,BEAR_BREAKOUT-LS06,444,-95.013318,0.310209,0.287252,False,,False,"{""atr_ratio_max"":1.8,""atr_ratio_min"":0.45,""bb_width_percentile_max"":0.5,""breakout_range_atr"":0.6,""cci_level"":0.0,""context"":""BEAR_BREAKOUT"",""direction"":""SHORT"",""ema_touch_atr"":0.0,""max_hold_bars"":72,""range_adx_max"":24.0,""range_ema_separation_atr"":0.5,""require_confirmation_break"":false,""require_vwap"":false,""rsi_level"":60.0,""rsi_reclaim"":48.0,""setup"":""breakout"",""stop_atr"":1.25,""target_rr"":1.75,""trend_adx_min"":14.0,""trend_ema_separation_atr"":0.15,""trigger_mode"":""RSI_CCI"",""vwap_distance_atr"":0.2}"
2024-01 to 2024-06,2019-09-06T00:00:00+00:00,2024-01-01T00:00:00+00:00,BEAR_BREAKOUT,BEAR_BREAKOUT-LS07,404,-92.74512,0.342581,0.31987,False,,False,"{""atr_ratio_max"":1.8,""atr_ratio_min"":0.65,""bb_width_percentile_max"":0.5,""breakout_range_atr"":1.0,""cci_level"":100.0,""context"":""BEAR_BREAKOUT"",""direction"":""SHORT"",""ema_touch_atr"":0.25,""max_hold_bars"":96,""range_adx_max"":24.0,""range_ema_separation_atr"":0.3,""require_confirmation_break"":false,""require_vwap"":false,""rsi_level"":60.0,""rsi_reclaim"":48.0,""setup"":""breakout"",""stop_atr"":1.5,""target_rr"":1.75,""trend_adx_min"":18.0,""trend_ema_separation_atr"":0.05,""trigger_mode"":""RSI_CCI"",""vwap_distance_atr"":0.0}"
2024-01 to 2024-06,2019-09-06T00:00:00+00:00,2024-01-01T00:00:00+00:00,BEAR_BREAKOUT,BEAR_BREAKOUT-LS08,113,-55.998915,0.278694,0.161143,False,,False,"{""atr_ratio_max"":2.2,""atr_ratio_min"":0.3,""bb_width_percentile_max"":0.35,""breakout_range_atr"":0.8,""cci_level"":50.0,""context"":""BEAR_BREAKOUT"",""direction"":""SHORT"",""ema_touch_atr"":0.25,""max_hold_bars"":72,""range_adx_max"":16.0,""range_ema_separation_atr"":0.5,""require_confirmation_break"":false,""require_vwap"":false,""rsi_level"":50.0,""rsi_reclaim"":48.0,""setup"":""breakout"",""stop_atr"":1.0,""target_rr"":1.75,""trend_adx_min"":18.0,""trend_ema_separation_atr"":0.0,""trigger_mode"":""CCI_MACD"",""vwap_distance_atr"":0.0}"
2024-01 to 2024-06,2019-09-06T00:00:00+00:00,2024-01-01T00:00:00+00:00,BEAR_BREAKOUT,BEAR_BREAKOUT-LS09,212,-69.752489,0.349547,0.249591,False,,False,"{""atr_ratio_max"":2.6,""atr_ratio_min"":0.65,""bb_width_percentile_max"":0.5,""breakout_range_atr"":0.8,""cci_level"":0.0,""context"":""BEAR_BREAKOUT"",""direction"":""SHORT"",""ema_touch_atr"":0.0,""max_hold_bars"":48,""range_adx_max"":16.0,""range_ema_separation_atr"":0.15,""require_confirmation_break"":true,""require_vwap"":true,""rsi_level"":55.0,""rsi_reclaim"":48.0,""setup"":""breakout"",""stop_atr"":1.25,""target_rr"":1.25,""trend_adx_min"":14.0,""trend_ema_separation_atr"":0.0,""trigger_mode"":""RSI_MACD"",""vwap_distance_atr"":0.0}"
2024-01 to 2024-06,2019-09-06T00:00:00+00:00,2024-01-01T00:00:00+00:00,BEAR_BREAKOUT,BEAR_BREAKOUT-LS10,68,-35.183918,0.291853,0.104115,False,,False,"{""atr_ratio_max"":1.8,""atr_ratio_min"":0.65,""bb_width_percentile_max"":0.2,""breakout_range_atr"":0.6,""cci_level"":0.0,""context"":""BEAR_BREAKOUT"",""direction"":""SHORT"",""ema_touch_atr"":0.0,""max_hold_bars"":48,""range_adx_max"":16.0,""range_ema_separation_atr"":0.15,""require_confirmation_break"":false,""require_vwap"":true,""rsi_level"":60.0,""rsi_reclaim"":52.0,""setup"":""breakout"",""stop_atr"":1.25,""target_rr"":1.75,""trend_adx_min"":18.0,""trend_ema_separation_atr"":0.05,""trigger_mode"":""RSI_MACD"",""vwap_distance_atr"":0.2}"
2024-01 to 2024-06,2019-09-06T00:00:00+00:00,2024-01-01T00:00:00+00:00,BEAR_BREAKOUT,BEAR_BREAKOUT-LS11,87,-42.355451,0.279435,0.180998,False,,False,"{""atr_ratio_max"":2.2,""atr_ratio_min"":0.3,""bb_width_percentile_max"":0.2,""breakout_range_atr"":1.0,""cci_level"":50.0,""context"":""BEAR_BREAKOUT"",""direction"":""SHORT"",""ema_touch_atr"":0.5,""max_hold_bars"":72,""range_adx_max"":16.0,""range_ema_separation_atr"":0.15,""require_confirmation_break"":true,""require_vwap"":true,""rsi_level"":55.0,""rsi_reclaim"":50.0,""setup"":""breakout"",""stop_atr"":1.25,""target_rr"":1.25,""trend_adx_min"":14.0,""trend_ema_separation_atr"":0.0,""trigger_mode"":""ALL_THREE"",""vwap_distance_atr"":0.0}"
2024-01 to 2024-06,2019-09-06T00:00:00+00:00,2024-01-01T00:00:00+00:00,BEAR_BREAKOUT,BEAR_BREAKOUT-LS12,81,-41.695766,0.283226,0.180053,False,,False,"{""atr_ratio_max"":1.8,""atr_ratio_min"":0.45,""bb_width_percentile_max"":0.35,""breakout_range_atr"":0.6,""cci_level"":100.0,""context"":""BEAR_BREAKOUT"",""direction"":""SHORT"",""ema_touch_atr"":0.25,""max_hold_bars"":96,""range_adx_max"":20.0,""range_ema_separation_atr"":0.5,""require_confirmation_break"":false,""require_vwap"":false,""rsi_level"":60.0,""rsi_reclaim"":52.0,""setup"":""breakout"",""stop_atr"":1.5,""target_rr"":1.25,""trend_adx_min"":22.0,""trend_ema_separation_atr"":0.15,""trigger_mode"":""CCI_MACD"",""vwap_distance_atr"":0.2}"
2024-01 to 2024-06,2019-09-06T00:00:00+00:00,2024-01-01T00:00:00+00:00,BEAR_BREAKOUT,BEAR_BREAKOUT-LS13,355,-91.120442,0.312312,0.272923,False,,False,"{""atr_ratio_max"":2.6,""atr_ratio_min"":0.45,""bb_width_percentile_max"":0.5,""breakout_range_atr"":0.8,""cci_level"":0.0,""context"":""BEAR_BREAKOUT"",""direction"":""SHORT"",""ema_touch_atr"":0.25,""max_hold_bars"":96,""range_adx_max"":20.0,""range_ema_separation_atr"":0.3,""require_confirmation_break"":true,""require_vwap"":false,""rsi_level"":55.0,""rsi_reclaim"":52.0,""setup"":""breakout"",""stop_atr"":1.25,""target_rr"":1.5,""trend_adx_min"":22.0,""trend_ema_separation_atr"":0.05,""trigger_mode"":""RSI_CCI"",""vwap_distance_atr"":0.2}"
2024-01 to 2024-06,2019-09-06T00:00:00+00:00,2024-01-01T00:00:00+00:00,BEAR_BREAKOUT,BEAR_BREAKOUT-LS14,478,-94.847889,0.332095,0.301801,False,,False,"{""atr_ratio_max"":2.6,""atr_ratio_min"":0.65,""bb_width_percentile_max"":0.5,""breakout_range_atr"":0.6,""cci_level"":100.0,""context"":""BEAR_BREAKOUT"",""direction"":""SHORT"",""ema_touch_atr"":0.25,""max_hold_bars"":48,""range_adx_max"":20.0,""range_ema_separation_atr"":0.3,""require_confirmation_break"":false,""require_vwap"":true,""rsi_level"":50.0,""rsi_reclaim"":52.0,""setup"":""breakout"",""stop_atr"":1.0,""target_rr"":1.75,""trend_adx_min"":18.0,""trend_ema_separation_atr"":0.15,""trigger_mode"":""RSI_CCI"",""vwap_distance_atr"":0.2}"
2024-01 to 2024-06,2019-09-06T00:00:00+00:00,2024-01-01T00:00:00+00:00,BEAR_BREAKOUT,BEAR_BREAKOUT-LS15,53,-28.937479,0.254459,0.12538,False,,False,"{""atr_ratio_max"":2.6,""atr_ratio_min"":0.45,""bb_width_percentile_max"":0.2,""breakout_range_atr"":0.6,""cci_level"":50.0,""context"":""BEAR_BREAKOUT"",""direction"":""SHORT"",""ema_touch_atr"":0.25,""max_hold_bars"":48,""range_adx_max"":24.0,""range_ema_separation_atr"":0.5,""require_confirmation_break"":true,""require_vwap"":false,""rsi_level"":55.0,""rsi_reclaim"":50.0,""setup"":""breakout"",""stop_atr"":1.5,""target_rr"":1.25,""trend_adx_min"":22.0,""trend_ema_separation_atr"":0.15,""trigger_mode"":""RSI_MACD"",""vwap_distance_atr"":0.4}"
2024-01 to 2024-06,2019-09-06T00:00:00+00:00,2024-01-01T00:00:00+00:00,BEAR_BREAKOUT,BEAR_BREAKOUT-LS16,67,-37.714664,0.235856,0.011119,False,,False,"{""atr_ratio_max"":2.6,""atr_ratio_min"":0.65,""bb_width_percentile_max"":0.2,""breakout_range_atr"":0.8,""cci_level"":0.0,""context"":""BEAR_BREAKOUT"",""direction"":""SHORT"",""ema_touch_atr"":0.5,""max_hold_bars"":48,""range_adx_max"":20.0,""range_ema_separation_atr"":0.3,""require_confirmation_break"":true,""require_vwap"":false,""rsi_level"":55.0,""rsi_reclaim"":50.0,""setup"":""breakout"",""stop_atr"":1.0,""target_rr"":1.5,""trend_adx_min"":18.0,""trend_ema_separation_atr"":0.0,""trigger_mode"":""RSI_MACD"",""vwap_distance_atr"":0.2}"
2024-01 to 2024-06,2019-09-06T00:00:00+00:00,2024-01-01T00:00:00+00:00,BEAR_BREAKOUT,BEAR_BREAKOUT-LS17,45,-31.420127,0.208574,0.001602,False,,False,"{""atr_ratio_max"":1.8,""atr_ratio_min"":0.65,""bb_width_percentile_max"":0.2,""breakout_range_atr"":1.0,""cci_level"":50.0,""context"":""BEAR_BREAKOUT"",""direction"":""SHORT"",""ema_touch_atr"":0.5,""max_hold_bars"":72,""range_adx_max"":16.0,""range_ema_separation_atr"":0.3,""require_confirmation_break"":true,""require_vwap"":false,""rsi_level"":60.0,""rsi_reclaim"":52.0,""setup"":""breakout"",""stop_atr"":1.5,""target_rr"":1.5,""trend_adx_min"":22.0,""trend_ema_separation_atr"":0.0,""trigger_mode"":""CCI_MACD"",""vwap_distance_atr"":0.0}"
2024-01 to 2024-06,2019-09-06T00:00:00+00:00,2024-01-01T00:00:00+00:00,BEAR_BREAKOUT,BEAR_BREAKOUT-LS18,222,-75.178253,0.299593,0.283747,False,,False,"{""atr_ratio_max"":2.2,""atr_ratio_min"":0.3,""bb_width_percentile_max"":0.35,""breakout_range_atr"":0.8,""cci_level"":100.0,""context"":""BEAR_BREAKOUT"",""direction"":""SHORT"",""ema_touch_atr"":0.0,""max_hold_bars"":96,""range_adx_max"":24.0,""range_ema_separation_atr"":0.15,""require_confirmation_break"":false,""require_vwap"":false,""rsi_level"":55.0,""rsi_reclaim"":48.0,""setup"":""breakout"",""stop_atr"":1.25,""target_rr"":1.25,""trend_adx_min"":22.0,""trend_ema_separation_atr"":0.15,""trigger_mode"":""RSI_CCI"",""vwap_distance_atr"":0.4}"
2024-01 to 2024-06,2019-09-06T00:00:00+00:00,2024-01-01T00:00:00+00:00,BEAR_PULLBACK,BEAR_PULLBACK-LS01,313,-87.287974,0.329125,0.177718,False,,False,"{""atr_ratio_max"":2.2,""atr_ratio_min"":0.45,""bb_width_percentile_max"":0.2,""breakout_range_atr"":0.6,""cci_level"":0.0,""context"":""BEAR_PULLBACK"",""direction"":""SHORT"",""ema_touch_atr"":0.25,""max_hold_bars"":48,""range_adx_max"":20.0,""range_ema_separation_atr"":0.15,""require_confirmation_break"":false,""require_vwap"":false,""rsi_level"":55.0,""rsi_reclaim"":50.0,""setup"":""pullback"",""stop_atr"":1.5,""target_rr"":1.5,""trend_adx_min"":18.0,""trend_ema_separation_atr"":0.15,""trigger_mode"":""ALL_THREE"",""vwap_distance_atr"":0.2}"
2024-01 to 2024-06,2019-09-06T00:00:00+00:00,2024-01-01T00:00:00+00:00,BEAR_PULLBACK,BEAR_PULLBACK-LS02,495,-94.64027,0.328463,0.313019,False,,False,"{""atr_ratio_max"":1.8,""atr_ratio_min"":0.3,""bb_width_percentile_max"":0.2,""breakout_range_atr"":0.8,""cci_level"":-50.0,""context"":""BEAR_PULLBACK"",""direction"":""SHORT"",""ema_touch_atr"":0.5,""max_hold_bars"":48,""range_adx_max"":24.0,""range_ema_separation_atr"":0.15,""require_confirmation_break"":false,""require_vwap"":false,""rsi_level"":50.0,""rsi_reclaim"":48.0,""setup"":""pullback"",""stop_atr"":1.0,""target_rr"":1.25,""trend_adx_min"":14.0,""trend_ema_separation_atr"":0.15,""trigger_mode"":""CCI_MACD"",""vwap_distance_atr"":0.0}"
2024-01 to 2024-06,2019-09-06T00:00:00+00:00,2024-01-01T00:00:00+00:00,BEAR_PULLBACK,BEAR_PULLBACK-LS03,51,-32.763363,0.296705,0.164418,False,,False,"{""atr_ratio_max"":2.2,""atr_ratio_min"":0.3,""bb_width_percentile_max"":0.2,""breakout_range_atr"":0.8,""cci_level"":0.0,""context"":""BEAR_PULLBACK"",""direction"":""SHORT"",""ema_touch_atr"":0.5,""max_hold_bars"":72,""range_adx_max"":16.0,""range_ema_separation_atr"":0.3,""require_confirmation_break"":true,""require_vwap"":true,""rsi_level"":55.0,""rsi_reclaim"":48.0,""setup"":""pullback"",""stop_atr"":1.25,""target_rr"":1.75,""trend_adx_min"":22.0,""trend_ema_separation_atr"":0.05,""trigger_mode"":""RSI_CCI"",""vwap_distance_atr"":0.2}"
2024-01 to 2024-06,2019-09-06T00:00:00+00:00,2024-01-01T00:00:00+00:00,BEAR_PULLBACK,BEAR_PULLBACK-LS04,167,-66.729751,0.375714,0.310018,False,,False,"{""atr_ratio_max"":2.6,""atr_ratio_min"":0.65,""bb_width_percentile_max"":0.35,""breakout_range_atr"":0.8,""cci_level"":25.0,""context"":""BEAR_PULLBACK"",""direction"":""SHORT"",""ema_touch_atr"":0.25,""max_hold_bars"":48,""range_adx_max"":20.0,""range_ema_separation_atr"":0.5,""require_confirmation_break"":true,""require_vwap"":true,""rsi_level"":50.0,""rsi_reclaim"":52.0,""setup"":""pullback"",""stop_atr"":1.0,""target_rr"":1.75,""trend_adx_min"":14.0,""trend_ema_separation_atr"":0.0,""trigger_mode"":""CCI_MACD"",""vwap_distance_atr"":0.4}"
2024-01 to 2024-06,2019-09-06T00:00:00+00:00,2024-01-01T00:00:00+00:00,BEAR_PULLBACK,BEAR_PULLBACK-LS05,141,-64.326087,0.272275,0.23136,False,,False,"{""atr_ratio_max"":2.2,""atr_ratio_min"":0.45,""bb_width_percentile_max"":0.2,""breakout_range_atr"":1.0,""cci_level"":-50.0,""context"":""BEAR_PULLBACK"",""direction"":""SHORT"",""ema_touch_atr"":0.0,""max_hold_bars"":96,""range_adx_max"":16.0,""range_ema_separation_atr"":0.3,""require_confirmation_break"":false,""require_vwap"":false,""rsi_level"":45.0,""rsi_reclaim"":50.0,""setup"":""pullback"",""stop_atr"":1.25,""target_rr"":1.25,""trend_adx_min"":22.0,""trend_ema_separation_atr"":0.0,""trigger_mode"":""CCI_MACD"",""vwap_distance_atr"":0.0}"
2024-01 to 2024-06,2019-09-06T00:00:00+00:00,2024-01-01T00:00:00+00:00,BEAR_PULLBACK,BEAR_PULLBACK-LS06,323,-84.352354,0.377043,0.287148,False,,False,"{""atr_ratio_max"":1.8,""atr_ratio_min"":0.45,""bb_width_percentile_max"":0.5,""breakout_range_atr"":1.0,""cci_level"":25.0,""context"":""BEAR_PULLBACK"",""direction"":""SHORT"",""ema_touch_atr"":0.0,""max_hold_bars"":72,""range_adx_max"":20.0,""range_ema_separation_atr"":0.5,""require_confirmation_break"":true,""require_vwap"":false,""rsi_level"":55.0,""rsi_reclaim"":50.0,""setup"":""pullback"",""stop_atr"":1.25,""target_rr"":1.25,""trend_adx_min"":14.0,""trend_ema_separation_atr"":0.05,""trigger_mode"":""ALL_THREE"",""vwap_distance_atr"":0.2}"
2024-01 to 2024-06,2019-09-06T00:00:00+00:00,2024-01-01T00:00:00+00:00,BEAR_PULLBACK,BEAR_PULLBACK-LS07,242,-77.919232,0.340033,0.182712,False,,False,"{""atr_ratio_max"":2.6,""atr_ratio_min"":0.3,""bb_width_percentile_max"":0.2,""breakout_range_atr"":1.0,""cci_level"":0.0,""context"":""BEAR_PULLBACK"",""direction"":""SHORT"",""ema_touch_atr"":0.25,""max_hold_bars"":72,""range_adx_max"":16.0,""range_ema_separation_atr"":0.15,""require_confirmation_break"":true,""require_vwap"":false,""rsi_level"":50.0,""rsi_reclaim"":52.0,""setup"":""pullback"",""stop_atr"":1.25,""target_rr"":1.25,""trend_adx_min"":18.0,""trend_ema_separation_atr"":0.05,""trigger_mode"":""RSI_CCI"",""vwap_distance_atr"":0.4}"
2024-01 to 2024-06,2019-09-06T00:00:00+00:00,2024-01-01T00:00:00+00:00,BEAR_PULLBACK,BEAR_PULLBACK-LS08,37,-22.412084,0.339326,0.0,False,,False,"{""atr_ratio_max"":1.8,""atr_ratio_min"":0.65,""bb_width_percentile_max"":0.35,""breakout_range_atr"":0.6,""cci_level"":-50.0,""context"":""BEAR_PULLBACK"",""direction"":""SHORT"",""ema_touch_atr"":0.5,""max_hold_bars"":72,""range_adx_max"":24.0,""range_ema_separation_atr"":0.3,""require_confirmation_break"":false,""require_vwap"":true,""rsi_level"":55.0,""rsi_reclaim"":50.0,""setup"":""pullback"",""stop_atr"":1.0,""target_rr"":1.75,""trend_adx_min"":22.0,""trend_ema_separation_atr"":0.15,""trigger_mode"":""RSI_CCI"",""vwap_distance_atr"":0.0}"
2024-01 to 2024-06,2019-09-06T00:00:00+00:00,2024-01-01T00:00:00+00:00,BEAR_PULLBACK,BEAR_PULLBACK-LS09,43,-23.578228,0.349133,0.175068,False,,False,"{""atr_ratio_max"":1.8,""atr_ratio_min"":0.3,""bb_width_percentile_max"":0.5,""breakout_range_atr"":0.6,""cci_level"":0.0,""context"":""BEAR_PULLBACK"",""direction"":""SHORT"",""ema_touch_atr"":0.25,""max_hold_bars"":48,""range_adx_max"":24.0,""range_ema_separation_atr"":0.3,""require_confirmation_break"":true,""require_vwap"":true,""rsi_level"":50.0,""rsi_reclaim"":50.0,""setup"":""pullback"",""stop_atr"":1.25,""target_rr"":1.5,""trend_adx_min"":22.0,""trend_ema_separation_atr"":0.0,""trigger_mode"":""RSI_CCI"",""vwap_distance_atr"":0.2}"
2024-01 to 2024-06,2019-09-06T00:00:00+00:00,2024-01-01T00:00:00+00:00,BEAR_PULLBACK,BEAR_PULLBACK-LS10,83,-35.796255,0.437143,0.206261,False,,False,"{""atr_ratio_max"":2.2,""atr_ratio_min"":0.45,""bb_width_percentile_max"":0.5,""breakout_range_atr"":0.6,""cci_level"":25.0,""context"":""BEAR_PULLBACK"",""direction"":""SHORT"",""ema_touch_atr"":0.25,""max_hold_bars"":96,""range_adx_max"":20.0,""range_ema_separation_atr"":0.5,""require_confirmation_break"":false,""require_vwap"":true,""rsi_level"":50.0,""rsi_reclaim"":48.0,""setup"":""pullback"",""stop_atr"":1.25,""target_rr"":1.25,""trend_adx_min"":18.0,""trend_ema_separation_atr"":0.05,""trigger_mode"":""RSI_CCI"",""vwap_distance_atr"":0.2}"
2024-01 to 2024-06,2019-09-06T00:00:00+00:00,2024-01-01T00:00:00+00:00,BEAR_PULLBACK,BEAR_PULLBACK-LS11,57,-30.234914,0.412438,0.210631,False,,False,"{""atr_ratio_max"":2.2,""atr_ratio_min"":0.65,""bb_width_percentile_max"":0.35,""breakout_range_atr"":1.0,""cci_level"":25.0,""context"":""BEAR_PULLBACK"",""direction"":""SHORT"",""ema_touch_atr"":0.0,""max_hold_bars"":96,""range_adx_max"":24.0,""range_ema_separation_atr"":0.15,""require_confirmation_break"":false,""require_vwap"":false,""rsi_level"":45.0,""rsi_reclaim"":52.0,""setup"":""pullback"",""stop_atr"":1.5,""target_rr"":1.5,""trend_adx_min"":14.0,""trend_ema_separation_atr"":0.05,""trigger_mode"":""ALL_THREE"",""vwap_distance_atr"":0.4}"
2024-01 to 2024-06,2019-09-06T00:00:00+00:00,2024-01-01T00:00:00+00:00,BEAR_PULLBACK,BEAR_PULLBACK-LS12,19,-14.924811,0.228488,0.008642,False,,False,"{""atr_ratio_max"":1.8,""atr_ratio_min"":0.65,""bb_width_percentile_max"":0.35,""breakout_range_atr"":0.8,""cci_level"":25.0,""context"":""BEAR_PULLBACK"",""direction"":""SHORT"",""ema_touch_atr"":0.5,""max_hold_bars"":72,""range_adx_max"":20.0,""range_ema_separation_atr"":0.15,""require_confirmation_break"":true,""require_vwap"":true,""rsi_level"":45.0,""rsi_reclaim"":52.0,""setup"":""pullback"",""stop_atr"":1.0,""target_rr"":1.5,""trend_adx_min"":18.0,""trend_ema_separation_atr"":0.15,""trigger_mode"":""ALL_THREE"",""vwap_distance_atr"":0.0}"
2024-01 to 2024-06,2019-09-06T00:00:00+00:00,2024-01-01T00:00:00+00:00,BEAR_PULLBACK,BEAR_PULLBACK-LS13,480,-94.73041,0.359041,0.310096,False,,False,"{""atr_ratio_max"":2.6,""atr_ratio_min"":0.45,""bb_width_percentile_max"":0.2,""breakout_range_atr"":0.6,""cci_level"":-50.0,""context"":""BEAR_PULLBACK"",""direction"":""SHORT"",""ema_touch_atr"":0.0,""max_hold_bars"":72,""range_adx_max"":16.0,""range_ema_separation_atr"":0.15,""require_confirmation_break"":false,""require_vwap"":false,""rsi_level"":50.0,""rsi_reclaim"":48.0,""setup"":""pullback"",""stop_atr"":1.5,""target_rr"":1.75,""trend_adx_min"":18.0,""trend_ema_separation_atr"":0.05,""trigger_mode"":""RSI_MACD"",""vwap_distance_atr"":0.4}"
2024-01 to 2024-06,2019-09-06T00:00:00+00:00,2024-01-01T00:00:00+00:00,BEAR_PULLBACK,BEAR_PULLBACK-LS14,297,-86.635022,0.308018,0.296775,False,,False,"{""atr_ratio_max"":2.6,""atr_ratio_min"":0.65,""bb_width_percentile_max"":0.35,""breakout_range_atr"":0.6,""cci_level"":-50.0,""context"":""BEAR_PULLBACK"",""direction"":""SHORT"",""ema_touch_atr"":0.5,""max_hold_bars"":48,""range_adx_max"":20.0,""range_ema_separation_atr"":0.5,""require_confirmation_break"":false,""require_vwap"":true,""rsi_level"":55.0,""rsi_reclaim"":52.0,""setup"":""pullback"",""stop_atr"":1.0,""target_rr"":1.5,""trend_adx_min"":14.0,""trend_ema_separation_atr"":0.15,""trigger_mode"":""RSI_MACD"",""vwap_distance_atr"":0.4}"
2024-01 to 2024-06,2019-09-06T00:00:00+00:00,2024-01-01T00:00:00+00:00,BEAR_PULLBACK,BEAR_PULLBACK-LS15,400,-90.695272,0.388915,0.310233,False,,False,"{""atr_ratio_max"":2.6,""atr_ratio_min"":0.45,""bb_width_percentile_max"":0.5,""breakout_range_atr"":0.8,""cci_level"":0.0,""context"":""BEAR_PULLBACK"",""direction"":""SHORT"",""ema_touch_atr"":0.0,""max_hold_bars"":96,""range_adx_max"":16.0,""range_ema_separation_atr"":0.3,""require_confirmation_break"":true,""require_vwap"":false,""rsi_level"":55.0,""rsi_reclaim"":48.0,""setup"":""pullback"",""stop_atr"":1.5,""target_rr"":1.75,""trend_adx_min"":14.0,""trend_ema_separation_atr"":0.0,""trigger_mode"":""CCI_MACD"",""vwap_distance_atr"":0.0}"
2024-01 to 2024-06,2019-09-06T00:00:00+00:00,2024-01-01T00:00:00+00:00,BEAR_PULLBACK,BEAR_PULLBACK-LS16,100,-45.26743,0.395272,0.291282,False,,False,"{""atr_ratio_max"":2.2,""atr_ratio_min"":0.3,""bb_width_percentile_max"":0.5,""breakout_range_atr"":0.8,""cci_level"":25.0,""context"":""BEAR_PULLBACK"",""direction"":""SHORT"",""ema_touch_atr"":0.0,""max_hold_bars"":48,""range_adx_max"":16.0,""range_ema_separation_atr"":0.5,""require_confirmation_break"":true,""require_vwap"":false,""rsi_level"":45.0,""rsi_reclaim"":52.0,""setup"":""pullback"",""stop_atr"":1.0,""target_rr"":1.75,""trend_adx_min"":18.0,""trend_ema_separation_atr"":0.0,""trigger_mode"":""RSI_MACD"",""vwap_distance_atr"":0.0}"
2024-01 to 2024-06,2019-09-06T00:00:00+00:00,2024-01-01T00:00:00+00:00,BEAR_PULLBACK,BEAR_PULLBACK-LS17,37,-32.860429,0.164986,0.0,False,,False,"{""atr_ratio_max"":2.6,""atr_ratio_min"":0.3,""bb_width_percentile_max"":0.5,""breakout_range_atr"":1.0,""cci_level"":0.0,""context"":""BEAR_PULLBACK"",""direction"":""SHORT"",""ema_touch_atr"":0.5,""max_hold_bars"":96,""range_adx_max"":24.0,""range_ema_separation_atr"":0.5,""require_confirmation_break"":true,""require_vwap"":true,""rsi_level"":45.0,""rsi_reclaim"":50.0,""setup"":""pullback"",""stop_atr"":1.5,""target_rr"":1.5,""trend_adx_min"":22.0,""trend_ema_separation_atr"":0.0,""trigger_mode"":""RSI_MACD"",""vwap_distance_atr"":0.2}"
2024-01 to 2024-06,2019-09-06T00:00:00+00:00,2024-01-01T00:00:00+00:00,BEAR_PULLBACK,BEAR_PULLBACK-LS18,35,-28.06923,0.183643,0.0,False,,False,"{""atr_ratio_max"":1.8,""atr_ratio_min"":0.65,""bb_width_percentile_max"":0.35,""breakout_range_atr"":1.0,""cci_level"":-50.0,""context"":""BEAR_PULLBACK"",""direction"":""SHORT"",""ema_touch_atr"":0.25,""max_hold_bars"":96,""range_adx_max"":24.0,""range_ema_separation_atr"":0.3,""require_confirmation_break"":false,""require_vwap"":true,""rsi_level"":45.0,""rsi_reclaim"":48.0,""setup"":""pullback"",""stop_atr"":1.5,""target_rr"":1.25,""trend_adx_min"":22.0,""trend_ema_separation_atr"":0.15,""trigger_mode"":""RSI_MACD"",""vwap_distance_atr"":0.4}"
2024-01 to 2024-06,2019-09-06T00:00:00+00:00,2024-01-01T00:00:00+00:00,BULL_BREAKOUT,BULL_BREAKOUT-LS01,221,-82.028427,0.298482,0.202367,False,,False,"{""atr_ratio_max"":2.2,""atr_ratio_min"":0.45,""bb_width_percentile_max"":0.5,""breakout_range_atr"":1.0,""cci_level"":0.0,""context"":""BULL_BREAKOUT"",""direction"":""LONG"",""ema_touch_atr"":0.25,""max_hold_bars"":48,""range_adx_max"":16.0,""range_ema_separation_atr"":0.15,""require_confirmation_break"":false,""require_vwap"":false,""rsi_level"":50.0,""rsi_reclaim"":52.0,""setup"":""breakout"",""stop_atr"":1.25,""target_rr"":1.75,""trend_adx_min"":14.0,""trend_ema_separation_atr"":0.05,""trigger_mode"":""CCI_MACD"",""vwap_distance_atr"":0.2}"
2024-01 to 2024-06,2019-09-06T00:00:00+00:00,2024-01-01T00:00:00+00:00,BULL_BREAKOUT,BULL_BREAKOUT-LS02,66,-35.473736,0.301482,0.16648,False,,False,"{""atr_ratio_max"":2.2,""atr_ratio_min"":0.3,""bb_width_percentile_max"":0.2,""breakout_range_atr"":1.0,""cci_level"":0.0,""context"":""BULL_BREAKOUT"",""direction"":""LONG"",""ema_touch_atr"":0.5,""max_hold_bars"":48,""range_adx_max"":20.0,""range_ema_separation_atr"":0.5,""require_confirmation_break"":true,""require_vwap"":false,""rsi_level"":60.0,""rsi_reclaim"":52.0,""setup"":""breakout"",""stop_atr"":1.0,""target_rr"":1.75,""trend_adx_min"":18.0,""trend_ema_separation_atr"":0.05,""trigger_mode"":""RSI_MACD"",""vwap_distance_atr"":0.2}"
2024-01 to 2024-06,2019-09-06T00:00:00+00:00,2024-01-01T00:00:00+00:00,BULL_BREAKOUT,BULL_BREAKOUT-LS03,165,-64.726039,0.267679,0.147748,False,,False,"{""atr_ratio_max"":1.8,""atr_ratio_min"":0.3,""bb_width_percentile_max"":0.2,""breakout_range_atr"":1.0,""cci_level"":0.0,""context"":""BULL_BREAKOUT"",""direction"":""LONG"",""ema_touch_atr"":0.5,""max_hold_bars"":48,""range_adx_max"":16.0,""range_ema_separation_atr"":0.5,""require_confirmation_break"":true,""require_vwap"":true,""rsi_level"":50.0,""rsi_reclaim"":50.0,""setup"":""breakout"",""stop_atr"":1.5,""target_rr"":1.25,""trend_adx_min"":18.0,""trend_ema_separation_atr"":0.0,""trigger_mode"":""RSI_CCI"",""vwap_distance_atr"":0.2}"
2024-01 to 2024-06,2019-09-06T00:00:00+00:00,2024-01-01T00:00:00+00:00,BULL_BREAKOUT,BULL_BREAKOUT-LS04,315,-86.737585,0.340859,0.261283,False,,False,"{""atr_ratio_max"":2.6,""atr_ratio_min"":0.65,""bb_width_percentile_max"":0.35,""breakout_range_atr"":0.8,""cci_level"":50.0,""context"":""BULL_BREAKOUT"",""direction"":""LONG"",""ema_touch_atr"":0.0,""max_hold_bars"":72,""range_adx_max"":24.0,""range_ema_separation_atr"":0.5,""require_confirmation_break"":true,""require_vwap"":false,""rsi_level"":50.0,""rsi_reclaim"":52.0,""setup"":""breakout"",""stop_atr"":1.5,""target_rr"":1.5,""trend_adx_min"":18.0,""trend_ema_separation_atr"":0.15,""trigger_mode"":""RSI_CCI"",""vwap_distance_atr"":0.4}"
2024-01 to 2024-06,2019-09-06T00:00:00+00:00,2024-01-01T00:00:00+00:00,BULL_BREAKOUT,BULL_BREAKOUT-LS05,88,-45.542724,0.329246,0.286503,False,,False,"{""atr_ratio_max"":1.8,""atr_ratio_min"":0.3,""bb_width_percentile_max"":0.35,""breakout_range_atr"":0.6,""cci_level"":100.0,""context"":""BULL_BREAKOUT"",""direction"":""LONG"",""ema_touch_atr"":0.0,""max_hold_bars"":72,""range_adx_max"":24.0,""range_ema_separation_atr"":0.5,""require_confirmation_break"":true,""require_vwap"":false,""rsi_level"":55.0,""rsi_reclaim"":52.0,""setup"":""breakout"",""stop_atr"":1.0,""target_rr"":1.75,""trend_adx_min"":22.0,""trend_ema_separation_atr"":0.0,""trigger_mode"":""CCI_MACD"",""vwap_distance_atr"":0.4}"
2024-01 to 2024-06,2019-09-06T00:00:00+00:00,2024-01-01T00:00:00+00:00,BULL_BREAKOUT,BULL_BREAKOUT-LS06,226,-79.588737,0.305034,0.254468,False,,False,"{""atr_ratio_max"":2.6,""atr_ratio_min"":0.45,""bb_width_percentile_max"":0.5,""breakout_range_atr"":0.8,""cci_level"":50.0,""context"":""BULL_BREAKOUT"",""direction"":""LONG"",""ema_touch_atr"":0.5,""max_hold_bars"":48,""range_adx_max"":20.0,""range_ema_separation_atr"":0.15,""require_confirmation_break"":false,""require_vwap"":true,""rsi_level"":60.0,""rsi_reclaim"":50.0,""setup"":""breakout"",""stop_atr"":1.25,""target_rr"":1.5,""trend_adx_min"":14.0,""trend_ema_separation_atr"":0.15,""trigger_mode"":""ALL_THREE"",""vwap_distance_atr"":0.2}"
2024-01 to 2024-06,2019-09-06T00:00:00+00:00,2024-01-01T00:00:00+00:00,BULL_BREAKOUT,BULL_BREAKOUT-LS07,48,-26.285478,0.315724,0.118223,False,,False,"{""atr_ratio_max"":2.2,""atr_ratio_min"":0.45,""bb_width_percentile_max"":0.2,""breakout_range_atr"":0.6,""cci_level"":50.0,""context"":""BULL_BREAKOUT"",""direction"":""LONG"",""ema_touch_atr"":0.25,""max_hold_bars"":96,""range_adx_max"":16.0,""range_ema_separation_atr"":0.3,""require_confirmation_break"":false,""require_vwap"":true,""rsi_level"":60.0,""rsi_reclaim"":50.0,""setup"":""breakout"",""stop_atr"":1.25,""target_rr"":1.5,""trend_adx_min"":22.0,""trend_ema_separation_atr"":0.0,""trigger_mode"":""ALL_THREE"",""vwap_distance_atr"":0.0}"
2024-01 to 2024-06,2019-09-06T00:00:00+00:00,2024-01-01T00:00:00+00:00,BULL_BREAKOUT,BULL_BREAKOUT-LS08,233,-80.016497,0.274142,0.174757,False,,False,"{""atr_ratio_max"":2.6,""atr_ratio_min"":0.45,""bb_width_percentile_max"":0.35,""breakout_range_atr"":0.6,""cci_level"":100.0,""context"":""BULL_BREAKOUT"",""direction"":""LONG"",""ema_touch_atr"":0.25,""max_hold_bars"":72,""range_adx_max"":16.0,""range_ema_separation_atr"":0.15,""require_confirmation_break"":false,""require_vwap"":true,""rsi_level"":50.0,""rsi_reclaim"":48.0,""setup"":""breakout"",""stop_atr"":1.0,""target_rr"":1.25,""trend_adx_min"":22.0,""trend_ema_separation_atr"":0.15,""trigger_mode"":""RSI_CCI"",""vwap_distance_atr"":0.0}"
2024-01 to 2024-06,2019-09-06T00:00:00+00:00,2024-01-01T00:00:00+00:00,BULL_BREAKOUT,BULL_BREAKOUT-LS09,46,-24.285659,0.360505,0.144545,False,,False,"{""atr_ratio_max"":2.2,""atr_ratio_min"":0.65,""bb_width_percentile_max"":0.2,""breakout_range_atr"":0.6,""cci_level"":100.0,""context"":""BULL_BREAKOUT"",""direction"":""LONG"",""ema_touch_atr"":0.0,""max_hold_bars"":72,""range_adx_max"":20.0,""range_ema_separation_atr"":0.3,""require_confirmation_break"":false,""require_vwap"":false,""rsi_level"":55.0,""rsi_reclaim"":50.0,""setup"":""breakout"",""stop_atr"":1.25,""target_rr"":1.75,""trend_adx_min"":22.0,""trend_ema_separation_atr"":0.0,""trigger_mode"":""RSI_MACD"",""vwap_distance_atr"":0.0}"
2024-01 to 2024-06,2019-09-06T00:00:00+00:00,2024-01-01T00:00:00+00:00,BULL_BREAKOUT,BULL_BREAKOUT-LS10,112,-54.491039,0.255628,0.170431,False,,False,"{""atr_ratio_max"":1.8,""atr_ratio_min"":0.3,""bb_width_percentile_max"":0.2,""breakout_range_atr"":0.8,""cci_level"":0.0,""context"":""BULL_BREAKOUT"",""direction"":""LONG"",""ema_touch_atr"":0.5,""max_hold_bars"":48,""range_adx_max"":16.0,""range_ema_separation_atr"":0.5,""require_confirmation_break"":false,""require_vwap"":false,""rsi_level"":50.0,""rsi_reclaim"":48.0,""setup"":""breakout"",""stop_atr"":1.5,""target_rr"":1.25,""trend_adx_min"":14.0,""trend_ema_separation_atr"":0.0,""trigger_mode"":""CCI_MACD"",""vwap_distance_atr"":0.0}"
2024-01 to 2024-06,2019-09-06T00:00:00+00:00,2024-01-01T00:00:00+00:00,BULL_BREAKOUT,BULL_BREAKOUT-LS11,434,-95.045404,0.264926,0.256597,False,,False,"{""atr_ratio_max"":2.6,""atr_ratio_min"":0.65,""bb_width_percentile_max"":0.35,""breakout_range_atr"":0.8,""cci_level"":0.0,""context"":""BULL_BREAKOUT"",""direction"":""LONG"",""ema_touch_atr"":0.5,""max_hold_bars"":96,""range_adx_max"":16.0,""range_ema_separation_atr"":0.3,""require_confirmation_break"":false,""require_vwap"":false,""rsi_level"":55.0,""rsi_reclaim"":48.0,""setup"":""breakout"",""stop_atr"":1.0,""target_rr"":1.25,""trend_adx_min"":14.0,""trend_ema_separation_atr"":0.05,""trigger_mode"":""RSI_CCI"",""vwap_distance_atr"":0.0}"
2024-01 to 2024-06,2019-09-06T00:00:00+00:00,2024-01-01T00:00:00+00:00,BULL_BREAKOUT,BULL_BREAKOUT-LS12,344,-87.779424,0.312047,0.225639,False,,False,"{""atr_ratio_max"":2.2,""atr_ratio_min"":0.45,""bb_width_percentile_max"":0.35,""breakout_range_atr"":0.6,""cci_level"":50.0,""context"":""BULL_BREAKOUT"",""direction"":""LONG"",""ema_touch_atr"":0.0,""max_hold_bars"":96,""range_adx_max"":24.0,""range_ema_separation_atr"":0.3,""require_confirmation_break"":true,""require_vwap"":true,""rsi_level"":50.0,""rsi_reclaim"":50.0,""setup"":""breakout"",""stop_atr"":1.0,""target_rr"":1.25,""trend_adx_min"":18.0,""trend_ema_separation_atr"":0.15,""trigger_mode"":""RSI_CCI"",""vwap_distance_atr"":0.2}"
2024-01 to 2024-06,2019-09-06T00:00:00+00:00,2024-01-01T00:00:00+00:00,BULL_BREAKOUT,BULL_BREAKOUT-LS13,220,-80.420589,0.341821,0.240015,False,,False,"{""atr_ratio_max"":1.8,""atr_ratio_min"":0.3,""bb_width_percentile_max"":0.5,""breakout_range_atr"":0.8,""cci_level"":50.0,""context"":""BULL_BREAKOUT"",""direction"":""LONG"",""ema_touch_atr"":0.5,""max_hold_bars"":96,""range_adx_max"":24.0,""range_ema_separation_atr"":0.5,""require_confirmation_break"":false,""require_vwap"":false,""rsi_level"":60.0,""rsi_reclaim"":52.0,""setup"":""breakout"",""stop_atr"":1.0,""target_rr"":1.75,""trend_adx_min"":14.0,""trend_ema_separation_atr"":0.05,""trigger_mode"":""RSI_MACD"",""vwap_distance_atr"":0.4}"
2024-01 to 2024-06,2019-09-06T00:00:00+00:00,2024-01-01T00:00:00+00:00,BULL_BREAKOUT,BULL_BREAKOUT-LS14,45,-24.285382,0.326762,0.118223,False,,False,"{""atr_ratio_max"":2.2,""atr_ratio_min"":0.3,""bb_width_percentile_max"":0.2,""breakout_range_atr"":0.8,""cci_level"":100.0,""context"":""BULL_BREAKOUT"",""direction"":""LONG"",""ema_touch_atr"":0.25,""max_hold_bars"":96,""range_adx_max"":24.0,""range_ema_separation_atr"":0.3,""require_confirmation_break"":true,""require_vwap"":true,""rsi_level"":55.0,""rsi_reclaim"":52.0,""setup"":""breakout"",""stop_atr"":1.5,""target_rr"":1.5,""trend_adx_min"":22.0,""trend_ema_separation_atr"":0.15,""trigger_mode"":""CCI_MACD"",""vwap_distance_atr"":0.4}"
2024-01 to 2024-06,2019-09-06T00:00:00+00:00,2024-01-01T00:00:00+00:00,BULL_BREAKOUT,BULL_BREAKOUT-LS15,150,-68.668605,0.237427,0.179352,False,,False,"{""atr_ratio_max"":2.6,""atr_ratio_min"":0.65,""bb_width_percentile_max"":0.35,""breakout_range_atr"":1.0,""cci_level"":100.0,""context"":""BULL_BREAKOUT"",""direction"":""LONG"",""ema_touch_atr"":0.25,""max_hold_bars"":96,""range_adx_max"":20.0,""range_ema_separation_atr"":0.3,""require_confirmation_break"":true,""require_vwap"":true,""rsi_level"":60.0,""rsi_reclaim"":48.0,""setup"":""breakout"",""stop_atr"":1.25,""target_rr"":1.25,""trend_adx_min"":14.0,""trend_ema_separation_atr"":0.05,""trigger_mode"":""RSI_MACD"",""vwap_distance_atr"":0.4}"
2024-01 to 2024-06,2019-09-06T00:00:00+00:00,2024-01-01T00:00:00+00:00,BULL_BREAKOUT,BULL_BREAKOUT-LS16,99,-52.611227,0.31158,0.24095,False,,False,"{""atr_ratio_max"":1.8,""atr_ratio_min"":0.65,""bb_width_percentile_max"":0.5,""breakout_range_atr"":1.0,""cci_level"":100.0,""context"":""BULL_BREAKOUT"",""direction"":""LONG"",""ema_touch_atr"":0.25,""max_hold_bars"":72,""range_adx_max"":20.0,""range_ema_separation_atr"":0.15,""require_confirmation_break"":true,""require_vwap"":true,""rsi_level"":55.0,""rsi_reclaim"":48.0,""setup"":""breakout"",""stop_atr"":1.5,""target_rr"":1.75,""trend_adx_min"":22.0,""trend_ema_separation_atr"":0.15,""trigger_mode"":""ALL_THREE"",""vwap_distance_atr"":0.2}"
2024-01 to 2024-06,2019-09-06T00:00:00+00:00,2024-01-01T00:00:00+00:00,BULL_BREAKOUT,BULL_BREAKOUT-LS17,181,-69.481845,0.366319,0.26253,False,,False,"{""atr_ratio_max"":2.6,""atr_ratio_min"":0.45,""bb_width_percentile_max"":0.5,""breakout_range_atr"":0.6,""cci_level"":50.0,""context"":""BULL_BREAKOUT"",""direction"":""LONG"",""ema_touch_atr"":0.0,""max_hold_bars"":72,""range_adx_max"":20.0,""range_ema_separation_atr"":0.15,""require_confirmation_break"":true,""require_vwap"":true,""rsi_level"":55.0,""rsi_reclaim"":48.0,""setup"":""breakout"",""stop_atr"":1.5,""target_rr"":1.5,""trend_adx_min"":18.0,""trend_ema_separation_atr"":0.05,""trigger_mode"":""RSI_MACD"",""vwap_distance_atr"":0.4}"
2024-01 to 2024-06,2019-09-06T00:00:00+00:00,2024-01-01T00:00:00+00:00,BULL_BREAKOUT,BULL_BREAKOUT-LS18,144,-67.05963,0.267978,0.199722,False,,False,"{""atr_ratio_max"":1.8,""atr_ratio_min"":0.65,""bb_width_percentile_max"":0.5,""breakout_range_atr"":1.0,""cci_level"":0.0,""context"":""BULL_BREAKOUT"",""direction"":""LONG"",""ema_touch_atr"":0.0,""max_hold_bars"":48,""range_adx_max"":24.0,""range_ema_separation_atr"":0.15,""require_confirmation_break"":false,""require_vwap"":false,""rsi_level"":60.0,""rsi_reclaim"":50.0,""setup"":""breakout"",""stop_atr"":1.25,""target_rr"":1.5,""trend_adx_min"":18.0,""trend_ema_separation_atr"":0.0,""trigger_mode"":""ALL_THREE"",""vwap_distance_atr"":0.0}"
2024-01 to 2024-06,2019-09-06T00:00:00+00:00,2024-01-01T00:00:00+00:00,BULL_PULLBACK,BULL_PULLBACK-LS01,170,-68.843781,0.291679,0.173635,False,,False,"{""atr_ratio_max"":2.6,""atr_ratio_min"":0.65,""bb_width_percentile_max"":0.35,""breakout_range_atr"":0.8,""cci_level"":0.0,""context"":""BULL_PULLBACK"",""direction"":""LONG"",""ema_touch_atr"":0.25,""max_hold_bars"":72,""range_adx_max"":24.0,""range_ema_separation_atr"":0.5,""require_confirmation_break"":false,""require_vwap"":true,""rsi_level"":50.0,""rsi_reclaim"":50.0,""setup"":""pullback"",""stop_atr"":1.0,""target_rr"":1.25,""trend_adx_min"":14.0,""trend_ema_separation_atr"":0.0,""trigger_mode"":""CCI_MACD"",""vwap_distance_atr"":0.4}"
2024-01 to 2024-06,2019-09-06T00:00:00+00:00,2024-01-01T00:00:00+00:00,BULL_PULLBACK,BULL_PULLBACK-LS02,29,-22.133094,0.253017,0.024029,False,,False,"{""atr_ratio_max"":2.6,""atr_ratio_min"":0.3,""bb_width_percentile_max"":0.35,""breakout_range_atr"":0.6,""cci_level"":0.0,""context"":""BULL_PULLBACK"",""direction"":""LONG"",""ema_touch_atr"":0.0,""max_hold_bars"":48,""range_adx_max"":16.0,""range_ema_separation_atr"":0.5,""require_confirmation_break"":true,""require_vwap"":false,""rsi_level"":45.0,""rsi_reclaim"":50.0,""setup"":""pullback"",""stop_atr"":1.0,""target_rr"":1.75,""trend_adx_min"":22.0,""trend_ema_separation_atr"":0.05,""trigger_mode"":""RSI_CCI"",""vwap_distance_atr"":0.4}"
2024-01 to 2024-06,2019-09-06T00:00:00+00:00,2024-01-01T00:00:00+00:00,BULL_PULLBACK,BULL_PULLBACK-LS03,325,-87.910533,0.331972,0.194656,False,,False,"{""atr_ratio_max"":2.2,""atr_ratio_min"":0.3,""bb_width_percentile_max"":0.35,""breakout_range_atr"":1.0,""cci_level"":25.0,""context"":""BULL_PULLBACK"",""direction"":""LONG"",""ema_touch_atr"":0.0,""max_hold_bars"":96,""range_adx_max"":20.0,""range_ema_separation_atr"":0.15,""require_confirmation_break"":true,""require_vwap"":false,""rsi_level"":55.0,""rsi_reclaim"":52.0,""setup"":""pullback"",""stop_atr"":1.25,""target_rr"":1.75,""trend_adx_min"":14.0,""trend_ema_separation_atr"":0.0,""trigger_mode"":""RSI_CCI"",""vwap_distance_atr"":0.0}"
2024-01 to 2024-06,2019-09-06T00:00:00+00:00,2024-01-01T00:00:00+00:00,BULL_PULLBACK,BULL_PULLBACK-LS04,71,-41.432104,0.336248,0.283178,False,,False,"{""atr_ratio_max"":2.2,""atr_ratio_min"":0.65,""bb_width_percentile_max"":0.35,""breakout_range_atr"":0.8,""cci_level"":25.0,""context"":""BULL_PULLBACK"",""direction"":""LONG"",""ema_touch_atr"":0.0,""max_hold_bars"":96,""range_adx_max"":16.0,""range_ema_separation_atr"":0.3,""require_confirmation_break"":true,""require_vwap"":true,""rsi_level"":45.0,""rsi_reclaim"":48.0,""setup"":""pullback"",""stop_atr"":1.5,""target_rr"":1.75,""trend_adx_min"":18.0,""trend_ema_separation_atr"":0.15,""trigger_mode"":""CCI_MACD"",""vwap_distance_atr"":0.4}"
2024-01 to 2024-06,2019-09-06T00:00:00+00:00,2024-01-01T00:00:00+00:00,BULL_PULLBACK,BULL_PULLBACK-LS05,428,-90.413724,0.357739,0.320328,False,,False,"{""atr_ratio_max"":1.8,""atr_ratio_min"":0.65,""bb_width_percentile_max"":0.2,""breakout_range_atr"":1.0,""cci_level"":25.0,""context"":""BULL_PULLBACK"",""direction"":""LONG"",""ema_touch_atr"":0.25,""max_hold_bars"":48,""range_adx_max"":16.0,""range_ema_separation_atr"":0.3,""require_confirmation_break"":false,""require_vwap"":false,""rsi_level"":55.0,""rsi_reclaim"":48.0,""setup"":""pullback"",""stop_atr"":1.5,""target_rr"":1.5,""trend_adx_min"":14.0,""trend_ema_separation_atr"":0.0,""trigger_mode"":""CCI_MACD"",""vwap_distance_atr"":0.0}"
2024-01 to 2024-06,2019-09-06T00:00:00+00:00,2024-01-01T00:00:00+00:00,BULL_PULLBACK,BULL_PULLBACK-LS06,169,-67.698874,0.287242,0.212787,False,,False,"{""atr_ratio_max"":2.6,""atr_ratio_min"":0.45,""bb_width_percentile_max"":0.2,""breakout_range_atr"":1.0,""cci_level"":0.0,""context"":""BULL_PULLBACK"",""direction"":""LONG"",""ema_touch_atr"":0.5,""max_hold_bars"":48,""range_adx_max"":24.0,""range_ema_separation_atr"":0.15,""require_confirmation_break"":true,""require_vwap"":true,""rsi_level"":55.0,""rsi_reclaim"":50.0,""setup"":""pullback"",""stop_atr"":1.25,""target_rr"":1.25,""trend_adx_min"":14.0,""trend_ema_separation_atr"":0.0,""trigger_mode"":""CCI_MACD"",""vwap_distance_atr"":0.2}"
2024-01 to 2024-06,2019-09-06T00:00:00+00:00,2024-01-01T00:00:00+00:00,BULL_PULLBACK,BULL_PULLBACK-LS07,38,-23.105929,0.300762,0.267718,False,,False,"{""atr_ratio_max"":2.6,""atr_ratio_min"":0.45,""bb_width_percentile_max"":0.5,""breakout_range_atr"":1.0,""cci_level"":25.0,""context"":""BULL_PULLBACK"",""direction"":""LONG"",""ema_touch_atr"":0.25,""max_hold_bars"":48,""range_adx_max"":16.0,""range_ema_separation_atr"":0.3,""require_confirmation_break"":false,""require_vwap"":true,""rsi_level"":50.0,""rsi_reclaim"":50.0,""setup"":""pullback"",""stop_atr"":1.5,""target_rr"":1.5,""trend_adx_min"":22.0,""trend_ema_separation_atr"":0.05,""trigger_mode"":""ALL_THREE"",""vwap_distance_atr"":0.2}"
2024-01 to 2024-06,2019-09-06T00:00:00+00:00,2024-01-01T00:00:00+00:00,BULL_PULLBACK,BULL_PULLBACK-LS08,173,-65.028917,0.354777,0.328946,False,,False,"{""atr_ratio_max"":1.8,""atr_ratio_min"":0.45,""bb_width_percentile_max"":0.35,""breakout_range_atr"":0.6,""cci_level"":0.0,""context"":""BULL_PULLBACK"",""direction"":""LONG"",""ema_touch_atr"":0.5,""max_hold_bars"":96,""range_adx_max"":20.0,""range_ema_separation_atr"":0.3,""require_confirmation_break"":true,""require_vwap"":true,""rsi_level"":55.0,""rsi_reclaim"":48.0,""setup"":""pullback"",""stop_atr"":1.25,""target_rr"":1.25,""trend_adx_min"":18.0,""trend_ema_separation_atr"":0.05,""trigger_mode"":""RSI_MACD"",""vwap_distance_atr"":0.4}"
2024-01 to 2024-06,2019-09-06T00:00:00+00:00,2024-01-01T00:00:00+00:00,BULL_PULLBACK,BULL_PULLBACK-LS09,17,-10.884715,0.365165,0.0,False,,False,"{""atr_ratio_max"":1.8,""atr_ratio_min"":0.3,""bb_width_percentile_max"":0.5,""breakout_range_atr"":0.6,""cci_level"":25.0,""context"":""BULL_PULLBACK"",""direction"":""LONG"",""ema_touch_atr"":0.5,""max_hold_bars"":48,""range_adx_max"":24.0,""range_ema_separation_atr"":0.15,""require_confirmation_break"":true,""require_vwap"":false,""rsi_level"":45.0,""rsi_reclaim"":52.0,""setup"":""pullback"",""stop_atr"":1.0,""target_rr"":1.75,""trend_adx_min"":22.0,""trend_ema_separation_atr"":0.05,""trigger_mode"":""ALL_THREE"",""vwap_distance_atr"":0.2}"
2024-01 to 2024-06,2019-09-06T00:00:00+00:00,2024-01-01T00:00:00+00:00,BULL_PULLBACK,BULL_PULLBACK-LS10,89,-47.645703,0.273568,0.113171,False,,False,"{""atr_ratio_max"":2.2,""atr_ratio_min"":0.65,""bb_width_percentile_max"":0.2,""breakout_range_atr"":0.8,""cci_level"":-50.0,""context"":""BULL_PULLBACK"",""direction"":""LONG"",""ema_touch_atr"":0.5,""max_hold_bars"":96,""range_adx_max"":20.0,""range_ema_separation_atr"":0.3,""require_confirmation_break"":true,""require_vwap"":true,""rsi_level"":50.0,""rsi_reclaim"":48.0,""setup"":""pullback"",""stop_atr"":1.25,""target_rr"":1.25,""trend_adx_min"":14.0,""trend_ema_separation_atr"":0.15,""trigger_mode"":""RSI_CCI"",""vwap_distance_atr"":0.2}"
2024-01 to 2024-06,2019-09-06T00:00:00+00:00,2024-01-01T00:00:00+00:00,BULL_PULLBACK,BULL_PULLBACK-LS11,115,-52.104332,0.378652,0.179679,False,,False,"{""atr_ratio_max"":1.8,""atr_ratio_min"":0.65,""bb_width_percentile_max"":0.5,""breakout_range_atr"":0.6,""cci_level"":-50.0,""context"":""BULL_PULLBACK"",""direction"":""LONG"",""ema_touch_atr"":0.25,""max_hold_bars"":72,""range_adx_max"":16.0,""range_ema_separation_atr"":0.5,""require_confirmation_break"":false,""require_vwap"":false,""rsi_level"":55.0,""rsi_reclaim"":48.0,""setup"":""pullback"",""stop_atr"":1.5,""target_rr"":1.75,""trend_adx_min"":22.0,""trend_ema_separation_atr"":0.15,""trigger_mode"":""RSI_CCI"",""vwap_distance_atr"":0.0}"
2024-01 to 2024-06,2019-09-06T00:00:00+00:00,2024-01-01T00:00:00+00:00,BULL_PULLBACK,BULL_PULLBACK-LS12,25,-15.52681,0.372919,0.114503,False,,False,"{""atr_ratio_max"":2.6,""atr_ratio_min"":0.3,""bb_width_percentile_max"":0.2,""breakout_range_atr"":0.8,""cci_level"":-50.0,""context"":""BULL_PULLBACK"",""direction"":""LONG"",""ema_touch_atr"":0.5,""max_hold_bars"":96,""range_adx_max"":20.0,""range_ema_separation_atr"":0.5,""require_confirmation_break"":false,""require_vwap"":true,""rsi_level"":45.0,""rsi_reclaim"":52.0,""setup"":""pullback"",""stop_atr"":1.5,""target_rr"":1.75,""trend_adx_min"":22.0,""trend_ema_separation_atr"":0.15,""trigger_mode"":""RSI_MACD"",""vwap_distance_atr"":0.2}"
2024-01 to 2024-06,2019-09-06T00:00:00+00:00,2024-01-01T00:00:00+00:00,BULL_PULLBACK,BULL_PULLBACK-LS13,188,-70.856559,0.329711,0.206482,False,,False,"{""atr_ratio_max"":2.6,""atr_ratio_min"":0.3,""bb_width_percentile_max"":0.2,""breakout_range_atr"":0.8,""cci_level"":0.0,""context"":""BULL_PULLBACK"",""direction"":""LONG"",""ema_touch_atr"":0.0,""max_hold_bars"":72,""range_adx_max"":24.0,""range_ema_separation_atr"":0.15,""require_confirmation_break"":false,""require_vwap"":false,""rsi_level"":50.0,""rsi_reclaim"":52.0,""setup"":""pullback"",""stop_atr"":1.5,""target_rr"":1.25,""trend_adx_min"":18.0,""trend_ema_separation_atr"":0.05,""trigger_mode"":""ALL_THREE"",""vwap_distance_atr"":0.0}"
2024-01 to 2024-06,2019-09-06T00:00:00+00:00,2024-01-01T00:00:00+00:00,BULL_PULLBACK,BULL_PULLBACK-LS14,77,-48.300985,0.234808,0.208514,False,,False,"{""atr_ratio_max"":1.8,""atr_ratio_min"":0.45,""bb_width_percentile_max"":0.5,""breakout_range_atr"":1.0,""cci_level"":-50.0,""context"":""BULL_PULLBACK"",""direction"":""LONG"",""ema_touch_atr"":0.0,""max_hold_bars"":48,""range_adx_max"":20.0,""range_ema_separation_atr"":0.3,""require_confirmation_break"":true,""require_vwap"":false,""rsi_level"":45.0,""rsi_reclaim"":50.0,""setup"":""pullback"",""stop_atr"":1.25,""target_rr"":1.5,""trend_adx_min"":18.0,""trend_ema_separation_atr"":0.15,""trigger_mode"":""ALL_THREE"",""vwap_distance_atr"":0.2}"
2024-01 to 2024-06,2019-09-06T00:00:00+00:00,2024-01-01T00:00:00+00:00,BULL_PULLBACK,BULL_PULLBACK-LS15,422,-94.351366,0.332776,0.302762,False,,False,"{""atr_ratio_max"":2.2,""atr_ratio_min"":0.45,""bb_width_percentile_max"":0.5,""breakout_range_atr"":0.6,""cci_level"":-50.0,""context"":""BULL_PULLBACK"",""direction"":""LONG"",""ema_touch_atr"":0.5,""max_hold_bars"":72,""range_adx_max"":20.0,""range_ema_separation_atr"":0.5,""require_confirmation_break"":false,""require_vwap"":false,""rsi_level"":55.0,""rsi_reclaim"":50.0,""setup"":""pullback"",""stop_atr"":1.0,""target_rr"":1.5,""trend_adx_min"":14.0,""trend_ema_separation_atr"":0.15,""trigger_mode"":""RSI_CCI"",""vwap_distance_atr"":0.4}"
2024-01 to 2024-06,2019-09-06T00:00:00+00:00,2024-01-01T00:00:00+00:00,BULL_PULLBACK,BULL_PULLBACK-LS16,139,-61.557986,0.334659,0.194583,False,,False,"{""atr_ratio_max"":2.2,""atr_ratio_min"":0.65,""bb_width_percentile_max"":0.2,""breakout_range_atr"":0.8,""cci_level"":-50.0,""context"":""BULL_PULLBACK"",""direction"":""LONG"",""ema_touch_atr"":0.0,""max_hold_bars"":72,""range_adx_max"":24.0,""range_ema_separation_atr"":0.5,""require_confirmation_break"":false,""require_vwap"":true,""rsi_level"":50.0,""rsi_reclaim"":48.0,""setup"":""pullback"",""stop_atr"":1.0,""target_rr"":1.5,""trend_adx_min"":18.0,""trend_ema_separation_atr"":0.05,""trigger_mode"":""RSI_MACD"",""vwap_distance_atr"":0.4}"
2024-01 to 2024-06,2019-09-06T00:00:00+00:00,2024-01-01T00:00:00+00:00,BULL_PULLBACK,BULL_PULLBACK-LS17,51,-26.780462,0.344783,0.0,False,,False,"{""atr_ratio_max"":1.8,""atr_ratio_min"":0.45,""bb_width_percentile_max"":0.5,""breakout_range_atr"":1.0,""cci_level"":25.0,""context"":""BULL_PULLBACK"",""direction"":""LONG"",""ema_touch_atr"":0.25,""max_hold_bars"":72,""range_adx_max"":24.0,""range_ema_separation_atr"":0.15,""require_confirmation_break"":true,""require_vwap"":true,""rsi_level"":50.0,""rsi_reclaim"":52.0,""setup"":""pullback"",""stop_atr"":1.0,""target_rr"":1.25,""trend_adx_min"":22.0,""trend_ema_separation_atr"":0.0,""trigger_mode"":""RSI_MACD"",""vwap_distance_atr"":0.0}"
2024-01 to 2024-06,2019-09-06T00:00:00+00:00,2024-01-01T00:00:00+00:00,BULL_PULLBACK,BULL_PULLBACK-LS18,117,-54.588684,0.346136,0.257117,False,,False,"{""atr_ratio_max"":2.2,""atr_ratio_min"":0.3,""bb_width_percentile_max"":0.35,""breakout_range_atr"":0.6,""cci_level"":0.0,""context"":""BULL_PULLBACK"",""direction"":""LONG"",""ema_touch_atr"":0.25,""max_hold_bars"":96,""range_adx_max"":16.0,""range_ema_separation_atr"":0.15,""require_confirmation_break"":false,""require_vwap"":false,""rsi_level"":45.0,""rsi_reclaim"":52.0,""setup"":""pullback"",""stop_atr"":1.25,""target_rr"":1.5,""trend_adx_min"":18.0,""trend_ema_separation_atr"":0.0,""trigger_mode"":""RSI_MACD"",""vwap_distance_atr"":0.0}"
2024-01 to 2024-06,2019-09-06T00:00:00+00:00,2024-01-01T00:00:00+00:00,RANGE_REVERSION,RANGE_REVERSION-LS01,1,-1.503314,0.0,,False,,False,"{""atr_ratio_max"":2.6,""atr_ratio_min"":0.3,""bb_width_percentile_max"":0.5,""breakout_range_atr"":1.0,""cci_level"":50.0,""context"":""RANGE_REVERSION"",""direction"":""BOTH"",""ema_touch_atr"":0.5,""max_hold_bars"":96,""range_adx_max"":24.0,""range_ema_separation_atr"":0.5,""require_confirmation_break"":true,""require_vwap"":true,""rsi_level"":35.0,""rsi_reclaim"":35.0,""setup"":""reversion"",""stop_atr"":1.0,""target_rr"":1.75,""trend_adx_min"":18.0,""trend_ema_separation_atr"":0.0,""trigger_mode"":""RSI_CCI"",""vwap_distance_atr"":0.4}"
2024-01 to 2024-06,2019-09-06T00:00:00+00:00,2024-01-01T00:00:00+00:00,RANGE_REVERSION,RANGE_REVERSION-LS02,6,-3.839717,0.365674,,False,,False,"{""atr_ratio_max"":1.8,""atr_ratio_min"":0.3,""bb_width_percentile_max"":0.2,""breakout_range_atr"":0.8,""cci_level"":75.0,""context"":""RANGE_REVERSION"",""direction"":""BOTH"",""ema_touch_atr"":0.0,""max_hold_bars"":72,""range_adx_max"":24.0,""range_ema_separation_atr"":0.3,""require_confirmation_break"":true,""require_vwap"":false,""rsi_level"":40.0,""rsi_reclaim"":45.0,""setup"":""reversion"",""stop_atr"":1.25,""target_rr"":1.5,""trend_adx_min"":22.0,""trend_ema_separation_atr"":0.15,""trigger_mode"":""RSI_CCI"",""vwap_distance_atr"":0.2}"
2024-01 to 2024-06,2019-09-06T00:00:00+00:00,2024-01-01T00:00:00+00:00,RANGE_REVERSION,RANGE_REVERSION-LS03,3,0.38691,1.277241,,False,,False,"{""atr_ratio_max"":1.8,""atr_ratio_min"":0.3,""bb_width_percentile_max"":0.2,""breakout_range_atr"":1.0,""cci_level"":50.0,""context"":""RANGE_REVERSION"",""direction"":""BOTH"",""ema_touch_atr"":0.0,""max_hold_bars"":48,""range_adx_max"":20.0,""range_ema_separation_atr"":0.15,""require_confirmation_break"":false,""require_vwap"":false,""rsi_level"":30.0,""rsi_reclaim"":45.0,""setup"":""reversion"",""stop_atr"":1.25,""target_rr"":1.25,""trend_adx_min"":14.0,""trend_ema_separation_atr"":0.05,""trigger_mode"":""CCI_MACD"",""vwap_distance_atr"":0.0}"
2024-01 to 2024-06,2019-09-06T00:00:00+00:00,2024-01-01T00:00:00+00:00,RANGE_REVERSION,RANGE_REVERSION-LS04,1,1.358569,,,False,,False,"{""atr_ratio_max"":2.2,""atr_ratio_min"":0.45,""bb_width_percentile_max"":0.35,""breakout_range_atr"":0.8,""cci_level"":75.0,""context"":""RANGE_REVERSION"",""direction"":""BOTH"",""ema_touch_atr"":0.25,""max_hold_bars"":96,""range_adx_max"":20.0,""range_ema_separation_atr"":0.15,""require_confirmation_break"":true,""require_vwap"":false,""rsi_level"":35.0,""rsi_reclaim"":40.0,""setup"":""reversion"",""stop_atr"":1.25,""target_rr"":1.75,""trend_adx_min"":14.0,""trend_ema_separation_atr"":0.05,""trigger_mode"":""RSI_CCI"",""vwap_distance_atr"":0.0}"
2024-01 to 2024-06,2019-09-06T00:00:00+00:00,2024-01-01T00:00:00+00:00,RANGE_REVERSION,RANGE_REVERSION-LS05,5,0.26486,1.090018,,False,,False,"{""atr_ratio_max"":2.6,""atr_ratio_min"":0.3,""bb_width_percentile_max"":0.2,""breakout_range_atr"":0.6,""cci_level"":50.0,""context"":""RANGE_REVERSION"",""direction"":""BOTH"",""ema_touch_atr"":0.25,""max_hold_bars"":96,""range_adx_max"":24.0,""range_ema_separation_atr"":0.15,""require_confirmation_break"":false,""require_vwap"":true,""rsi_level"":30.0,""rsi_reclaim"":35.0,""setup"":""reversion"",""stop_atr"":1.25,""target_rr"":1.75,""trend_adx_min"":14.0,""trend_ema_separation_atr"":0.0,""trigger_mode"":""RSI_MACD"",""vwap_distance_atr"":0.4}"
2024-01 to 2024-06,2019-09-06T00:00:00+00:00,2024-01-01T00:00:00+00:00,RANGE_REVERSION,RANGE_REVERSION-LS06,3,-4.31073,0.246899,,False,,False,"{""atr_ratio_max"":1.8,""atr_ratio_min"":0.65,""bb_width_percentile_max"":0.35,""breakout_range_atr"":0.8,""cci_level"":100.0,""context"":""RANGE_REVERSION"",""direction"":""BOTH"",""ema_touch_atr"":0.25,""max_hold_bars"":72,""range_adx_max"":16.0,""range_ema_separation_atr"":0.15,""require_confirmation_break"":false,""require_vwap"":true,""rsi_level"":40.0,""rsi_reclaim"":35.0,""setup"":""reversion"",""stop_atr"":1.5,""target_rr"":1.75,""trend_adx_min"":22.0,""trend_ema_separation_atr"":0.15,""trigger_mode"":""CCI_MACD"",""vwap_distance_atr"":0.4}"
2024-01 to 2024-06,2019-09-06T00:00:00+00:00,2024-01-01T00:00:00+00:00,RANGE_REVERSION,RANGE_REVERSION-LS07,0,0.0,,,False,,False,"{""atr_ratio_max"":2.2,""atr_ratio_min"":0.45,""bb_width_percentile_max"":0.35,""breakout_range_atr"":1.0,""cci_level"":100.0,""context"":""RANGE_REVERSION"",""direction"":""BOTH"",""ema_touch_atr"":0.5,""max_hold_bars"":72,""range_adx_max"":16.0,""range_ema_separation_atr"":0.5,""require_confirmation_break"":false,""require_vwap"":false,""rsi_level"":35.0,""rsi_reclaim"":40.0,""setup"":""reversion"",""stop_atr"":1.0,""target_rr"":1.5,""trend_adx_min"":14.0,""trend_ema_separation_atr"":0.05,""trigger_mode"":""ALL_THREE"",""vwap_distance_atr"":0.4}"
2024-01 to 2024-06,2019-09-06T00:00:00+00:00,2024-01-01T00:00:00+00:00,RANGE_REVERSION,RANGE_REVERSION-LS08,2,-0.578362,0.594065,,False,,False,"{""atr_ratio_max"":2.2,""atr_ratio_min"":0.65,""bb_width_percentile_max"":0.5,""breakout_range_atr"":0.6,""cci_level"":50.0,""context"":""RANGE_REVERSION"",""direction"":""BOTH"",""ema_touch_atr"":0.0,""max_hold_bars"":96,""range_adx_max"":24.0,""range_ema_separation_atr"":0.3,""require_confirmation_break"":true,""require_vwap"":false,""rsi_level"":35.0,""rsi_reclaim"":40.0,""setup"":""reversion"",""stop_atr"":1.5,""target_rr"":1.25,""trend_adx_min"":22.0,""trend_ema_separation_atr"":0.05,""trigger_mode"":""RSI_CCI"",""vwap_distance_atr"":0.0}"
2024-01 to 2024-06,2019-09-06T00:00:00+00:00,2024-01-01T00:00:00+00:00,RANGE_REVERSION,RANGE_REVERSION-LS09,1,-1.503314,0.0,,False,,False,"{""atr_ratio_max"":2.6,""atr_ratio_min"":0.3,""bb_width_percentile_max"":0.35,""breakout_range_atr"":0.8,""cci_level"":75.0,""context"":""RANGE_REVERSION"",""direction"":""BOTH"",""ema_touch_atr"":0.0,""max_hold_bars"":96,""range_adx_max"":20.0,""range_ema_separation_atr"":0.5,""require_confirmation_break"":false,""require_vwap"":true,""rsi_level"":30.0,""rsi_reclaim"":45.0,""setup"":""reversion"",""stop_atr"":1.5,""target_rr"":1.5,""trend_adx_min"":18.0,""trend_ema_separation_atr"":0.05,""trigger_mode"":""RSI_MACD"",""vwap_distance_atr"":0.2}"
2024-01 to 2024-06,2019-09-06T00:00:00+00:00,2024-01-01T00:00:00+00:00,RANGE_REVERSION,RANGE_REVERSION-LS10,78,-38.390017,0.357824,0.150187,False,,False,"{""atr_ratio_max"":1.8,""atr_ratio_min"":0.45,""bb_width_percentile_max"":0.2,""breakout_range_atr"":1.0,""cci_level"":100.0,""context"":""RANGE_REVERSION"",""direction"":""BOTH"",""ema_touch_atr"":0.25,""max_hold_bars"":96,""range_adx_max"":20.0,""range_ema_separation_atr"":0.3,""require_confirmation_break"":false,""require_vwap"":true,""rsi_level"":40.0,""rsi_reclaim"":35.0,""setup"":""reversion"",""stop_atr"":1.0,""target_rr"":1.25,""trend_adx_min"":22.0,""trend_ema_separation_atr"":0.15,""trigger_mode"":""RSI_MACD"",""vwap_distance_atr"":0.0}"
2024-01 to 2024-06,2019-09-06T00:00:00+00:00,2024-01-01T00:00:00+00:00,RANGE_REVERSION,RANGE_REVERSION-LS11,4,-0.876285,0.763355,,False,,False,"{""atr_ratio_max"":1.8,""atr_ratio_min"":0.65,""bb_width_percentile_max"":0.5,""breakout_range_atr"":0.6,""cci_level"":100.0,""context"":""RANGE_REVERSION"",""direction"":""BOTH"",""ema_touch_atr"":0.5,""max_hold_bars"":48,""range_adx_max"":20.0,""range_ema_separation_atr"":0.3,""require_confirmation_break"":true,""require_vwap"":false,""rsi_level"":30.0,""rsi_reclaim"":35.0,""setup"":""reversion"",""stop_atr"":1.25,""target_rr"":1.75,""trend_adx_min"":22.0,""trend_ema_separation_atr"":0.05,""trigger_mode"":""RSI_MACD"",""vwap_distance_atr"":0.4}"
2024-01 to 2024-06,2019-09-06T00:00:00+00:00,2024-01-01T00:00:00+00:00,RANGE_REVERSION,RANGE_REVERSION-LS12,12,3.521561,2.063718,,False,,False,"{""atr_ratio_max"":2.2,""atr_ratio_min"":0.65,""bb_width_percentile_max"":0.2,""breakout_range_atr"":1.0,""cci_level"":50.0,""context"":""RANGE_REVERSION"",""direction"":""BOTH"",""ema_touch_atr"":0.0,""max_hold_bars"":72,""range_adx_max"":24.0,""range_ema_separation_atr"":0.15,""require_confirmation_break"":false,""require_vwap"":true,""rsi_level"":35.0,""rsi_reclaim"":40.0,""setup"":""reversion"",""stop_atr"":1.0,""target_rr"":1.25,""trend_adx_min"":18.0,""trend_ema_separation_atr"":0.0,""trigger_mode"":""RSI_MACD"",""vwap_distance_atr"":0.2}"
2024-01 to 2024-06,2019-09-06T00:00:00+00:00,2024-01-01T00:00:00+00:00,RANGE_REVERSION,RANGE_REVERSION-LS13,9,-2.479682,0.639167,,False,,False,"{""atr_ratio_max"":2.6,""atr_ratio_min"":0.65,""bb_width_percentile_max"":0.35,""breakout_range_atr"":0.6,""cci_level"":75.0,""context"":""RANGE_REVERSION"",""direction"":""BOTH"",""ema_touch_atr"":0.25,""max_hold_bars"":48,""range_adx_max"":20.0,""range_ema_separation_atr"":0.3,""require_confirmation_break"":true,""require_vwap"":false,""rsi_level"":40.0,""rsi_reclaim"":40.0,""setup"":""reversion"",""stop_atr"":1.5,""target_rr"":1.5,""trend_adx_min"":18.0,""trend_ema_separation_atr"":0.15,""trigger_mode"":""CCI_MACD"",""vwap_distance_atr"":0.0}"
2024-01 to 2024-06,2019-09-06T00:00:00+00:00,2024-01-01T00:00:00+00:00,RANGE_REVERSION,RANGE_REVERSION-LS14,3,2.714065,,,False,,False,"{""atr_ratio_max"":2.2,""atr_ratio_min"":0.65,""bb_width_percentile_max"":0.5,""breakout_range_atr"":0.8,""cci_level"":75.0,""context"":""RANGE_REVERSION"",""direction"":""BOTH"",""ema_touch_atr"":0.5,""max_hold_bars"":72,""range_adx_max"":16.0,""range_ema_separation_atr"":0.5,""require_confirmation_break"":true,""require_vwap"":true,""rsi_level"":40.0,""rsi_reclaim"":35.0,""setup"":""reversion"",""stop_atr"":1.25,""target_rr"":1.25,""trend_adx_min"":14.0,""trend_ema_separation_atr"":0.0,""trigger_mode"":""CCI_MACD"",""vwap_distance_atr"":0.4}"
2024-01 to 2024-06,2019-09-06T00:00:00+00:00,2024-01-01T00:00:00+00:00,RANGE_REVERSION,RANGE_REVERSION-LS15,0,0.0,,,False,,False,"{""atr_ratio_max"":2.6,""atr_ratio_min"":0.45,""bb_width_percentile_max"":0.2,""breakout_range_atr"":0.6,""cci_level"":100.0,""context"":""RANGE_REVERSION"",""direction"":""BOTH"",""ema_touch_atr"":0.5,""max_hold_bars"":48,""range_adx_max"":16.0,""range_ema_separation_atr"":0.3,""require_confirmation_break"":true,""require_vwap"":true,""rsi_level"":30.0,""rsi_reclaim"":40.0,""setup"":""reversion"",""stop_atr"":1.0,""target_rr"":1.5,""trend_adx_min"":22.0,""trend_ema_separation_atr"":0.0,""trigger_mode"":""ALL_THREE"",""vwap_distance_atr"":0.2}"
2024-01 to 2024-06,2019-09-06T00:00:00+00:00,2024-01-01T00:00:00+00:00,RANGE_REVERSION,RANGE_REVERSION-LS16,2,-0.284487,0.832431,,False,,False,"{""atr_ratio_max"":1.8,""atr_ratio_min"":0.45,""bb_width_percentile_max"":0.5,""breakout_range_atr"":1.0,""cci_level"":50.0,""context"":""RANGE_REVERSION"",""direction"":""BOTH"",""ema_touch_atr"":0.5,""max_hold_bars"":48,""range_adx_max"":24.0,""range_ema_separation_atr"":0.5,""require_confirmation_break"":true,""require_vwap"":true,""rsi_level"":40.0,""rsi_reclaim"":45.0,""setup"":""reversion"",""stop_atr"":1.5,""target_rr"":1.75,""trend_adx_min"":18.0,""trend_ema_separation_atr"":0.15,""trigger_mode"":""ALL_THREE"",""vwap_distance_atr"":0.2}"
2024-01 to 2024-06,2019-09-06T00:00:00+00:00,2024-01-01T00:00:00+00:00,RANGE_REVERSION,RANGE_REVERSION-LS17,0,0.0,,,False,,False,"{""atr_ratio_max"":2.2,""atr_ratio_min"":0.3,""bb_width_percentile_max"":0.5,""breakout_range_atr"":0.6,""cci_level"":100.0,""context"":""RANGE_REVERSION"",""direction"":""BOTH"",""ema_touch_atr"":0.0,""max_hold_bars"":48,""range_adx_max"":16.0,""range_ema_separation_atr"":0.15,""require_confirmation_break"":false,""require_vwap"":false,""rsi_level"":30.0,""rsi_reclaim"":45.0,""setup"":""reversion"",""stop_atr"":1.5,""target_rr"":1.25,""trend_adx_min"":18.0,""trend_ema_separation_atr"":0.0,""trigger_mode"":""RSI_CCI"",""vwap_distance_atr"":0.0}"
2024-01 to 2024-06,2019-09-06T00:00:00+00:00,2024-01-01T00:00:00+00:00,RANGE_REVERSION,RANGE_REVERSION-LS18,0,0.0,,,False,,False,"{""atr_ratio_max"":2.6,""atr_ratio_min"":0.45,""bb_width_percentile_max"":0.35,""breakout_range_atr"":0.8,""cci_level"":75.0,""context"":""RANGE_REVERSION"",""direction"":""BOTH"",""ema_touch_atr"":0.25,""max_hold_bars"":72,""range_adx_max"":16.0,""range_ema_separation_atr"":0.5,""require_confirmation_break"":false,""require_vwap"":false,""rsi_level"":35.0,""rsi_reclaim"":45.0,""setup"":""reversion"",""stop_atr"":1.0,""target_rr"":1.5,""trend_adx_min"":14.0,""trend_ema_separation_atr"":0.15,""trigger_mode"":""ALL_THREE"",""vwap_distance_atr"":0.2}"
2024-07 to 2024-12,2019-09-06T00:00:00+00:00,2024-07-01T00:00:00+00:00,BEAR_BREAKOUT,BEAR_BREAKOUT-LS01,163,-67.519857,0.311545,0.218658,False,,False,"{""atr_ratio_max"":2.2,""atr_ratio_min"":0.45,""bb_width_percentile_max"":0.35,""breakout_range_atr"":0.8,""cci_level"":50.0,""context"":""BEAR_BREAKOUT"",""direction"":""SHORT"",""ema_touch_atr"":0.5,""max_hold_bars"":96,""range_adx_max"":24.0,""range_ema_separation_atr"":0.15,""require_confirmation_break"":false,""require_vwap"":true,""rsi_level"":50.0,""rsi_reclaim"":48.0,""setup"":""breakout"",""stop_atr"":1.0,""target_rr"":1.5,""trend_adx_min"":14.0,""trend_ema_separation_atr"":0.05,""trigger_mode"":""RSI_MACD"",""vwap_distance_atr"":0.4}"
2024-07 to 2024-12,2019-09-06T00:00:00+00:00,2024-07-01T00:00:00+00:00,BEAR_BREAKOUT,BEAR_BREAKOUT-LS02,143,-67.123988,0.247255,0.121432,False,,False,"{""atr_ratio_max"":2.2,""atr_ratio_min"":0.3,""bb_width_percentile_max"":0.35,""breakout_range_atr"":1.0,""cci_level"":50.0,""context"":""BEAR_BREAKOUT"",""direction"":""SHORT"",""ema_touch_atr"":0.5,""max_hold_bars"":72,""range_adx_max"":16.0,""range_ema_separation_atr"":0.5,""require_confirmation_break"":true,""require_vwap"":true,""rsi_level"":60.0,""rsi_reclaim"":52.0,""setup"":""breakout"",""stop_atr"":1.0,""target_rr"":1.25,""trend_adx_min"":14.0,""trend_ema_separation_atr"":0.05,""trigger_mode"":""ALL_THREE"",""vwap_distance_atr"":0.4}"
2024-07 to 2024-12,2019-09-06T00:00:00+00:00,2024-07-01T00:00:00+00:00,BEAR_BREAKOUT,BEAR_BREAKOUT-LS03,223,-78.745438,0.331964,0.178057,False,,False,"{""atr_ratio_max"":2.2,""atr_ratio_min"":0.3,""bb_width_percentile_max"":0.5,""breakout_range_atr"":1.0,""cci_level"":100.0,""context"":""BEAR_BREAKOUT"",""direction"":""SHORT"",""ema_touch_atr"":0.5,""max_hold_bars"":96,""range_adx_max"":20.0,""range_ema_separation_atr"":0.3,""require_confirmation_break"":false,""require_vwap"":true,""rsi_level"":50.0,""rsi_reclaim"":50.0,""setup"":""breakout"",""stop_atr"":1.5,""target_rr"":1.5,""trend_adx_min"":14.0,""trend_ema_separation_atr"":0.0,""trigger_mode"":""CCI_MACD"",""vwap_distance_atr"":0.0}"
2024-07 to 2024-12,2019-09-06T00:00:00+00:00,2024-07-01T00:00:00+00:00,BEAR_BREAKOUT,BEAR_BREAKOUT-LS04,52,-39.069712,0.205713,0.0,False,,False,"{""atr_ratio_max"":1.8,""atr_ratio_min"":0.45,""bb_width_percentile_max"":0.2,""breakout_range_atr"":1.0,""cci_level"":0.0,""context"":""BEAR_BREAKOUT"",""direction"":""SHORT"",""ema_touch_atr"":0.0,""max_hold_bars"":72,""range_adx_max"":20.0,""range_ema_separation_atr"":0.5,""require_confirmation_break"":true,""require_vwap"":true,""rsi_level"":50.0,""rsi_reclaim"":50.0,""setup"":""breakout"",""stop_atr"":1.5,""target_rr"":1.75,""trend_adx_min"":22.0,""trend_ema_separation_atr"":0.15,""trigger_mode"":""ALL_THREE"",""vwap_distance_atr"":0.4}"
2024-07 to 2024-12,2019-09-06T00:00:00+00:00,2024-07-01T00:00:00+00:00,BEAR_BREAKOUT,BEAR_BREAKOUT-LS05,130,-63.353845,0.24822,0.158041,False,,False,"{""atr_ratio_max"":2.6,""atr_ratio_min"":0.3,""bb_width_percentile_max"":0.35,""breakout_range_atr"":0.6,""cci_level"":100.0,""context"":""BEAR_BREAKOUT"",""direction"":""SHORT"",""ema_touch_atr"":0.0,""max_hold_bars"":48,""range_adx_max"":24.0,""range_ema_separation_atr"":0.15,""require_confirmation_break"":true,""require_vwap"":true,""rsi_level"":50.0,""rsi_reclaim"":50.0,""setup"":""breakout"",""stop_atr"":1.0,""target_rr"":1.5,""trend_adx_min"":18.0,""trend_ema_separation_atr"":0.05,""trigger_mode"":""ALL_THREE"",""vwap_distance_atr"":0.4}"
2024-07 to 2024-12,2019-09-06T00:00:00+00:00,2024-07-01T00:00:00+00:00,BEAR_BREAKOUT,BEAR_BREAKOUT-LS06,444,-95.013318,0.310209,0.301549,False,,False,"{""atr_ratio_max"":1.8,""atr_ratio_min"":0.45,""bb_width_percentile_max"":0.5,""breakout_range_atr"":0.6,""cci_level"":0.0,""context"":""BEAR_BREAKOUT"",""direction"":""SHORT"",""ema_touch_atr"":0.0,""max_hold_bars"":72,""range_adx_max"":24.0,""range_ema_separation_atr"":0.5,""require_confirmation_break"":false,""require_vwap"":false,""rsi_level"":60.0,""rsi_reclaim"":48.0,""setup"":""breakout"",""stop_atr"":1.25,""target_rr"":1.75,""trend_adx_min"":14.0,""trend_ema_separation_atr"":0.15,""trigger_mode"":""RSI_CCI"",""vwap_distance_atr"":0.2}"
2024-07 to 2024-12,2019-09-06T00:00:00+00:00,2024-07-01T00:00:00+00:00,BEAR_BREAKOUT,BEAR_BREAKOUT-LS07,443,-95.058856,0.34051,0.27879,False,,False,"{""atr_ratio_max"":1.8,""atr_ratio_min"":0.65,""bb_width_percentile_max"":0.5,""breakout_range_atr"":1.0,""cci_level"":100.0,""context"":""BEAR_BREAKOUT"",""direction"":""SHORT"",""ema_touch_atr"":0.25,""max_hold_bars"":96,""range_adx_max"":24.0,""range_ema_separation_atr"":0.3,""require_confirmation_break"":false,""require_vwap"":false,""rsi_level"":60.0,""rsi_reclaim"":48.0,""setup"":""breakout"",""stop_atr"":1.5,""target_rr"":1.75,""trend_adx_min"":18.0,""trend_ema_separation_atr"":0.05,""trigger_mode"":""RSI_CCI"",""vwap_distance_atr"":0.0}"
2024-07 to 2024-12,2019-09-06T00:00:00+00:00,2024-07-01T00:00:00+00:00,BEAR_BREAKOUT,BEAR_BREAKOUT-LS08,126,-66.461215,0.245597,0.114356,False,,False,"{""atr_ratio_max"":2.2,""atr_ratio_min"":0.3,""bb_width_percentile_max"":0.35,""breakout_range_atr"":0.8,""cci_level"":50.0,""context"":""BEAR_BREAKOUT"",""direction"":""SHORT"",""ema_touch_atr"":0.25,""max_hold_bars"":72,""range_adx_max"":16.0,""range_ema_separation_atr"":0.5,""require_confirmation_break"":false,""require_vwap"":false,""rsi_level"":50.0,""rsi_reclaim"":48.0,""setup"":""breakout"",""stop_atr"":1.0,""target_rr"":1.75,""trend_adx_min"":18.0,""trend_ema_separation_atr"":0.0,""trigger_mode"":""CCI_MACD"",""vwap_distance_atr"":0.0}"
2024-07 to 2024-12,2019-09-06T00:00:00+00:00,2024-07-01T00:00:00+00:00,BEAR_BREAKOUT,BEAR_BREAKOUT-LS09,239,-79.582769,0.325688,0.130241,False,,False,"{""atr_ratio_max"":2.6,""atr_ratio_min"":0.65,""bb_width_percentile_max"":0.5,""breakout_range_atr"":0.8,""cci_level"":0.0,""context"":""BEAR_BREAKOUT"",""direction"":""SHORT"",""ema_touch_atr"":0.0,""max_hold_bars"":48,""range_adx_max"":16.0,""range_ema_separation_atr"":0.15,""require_confirmation_break"":true,""require_vwap"":true,""rsi_level"":55.0,""rsi_reclaim"":48.0,""setup"":""breakout"",""stop_atr"":1.25,""target_rr"":1.25,""trend_adx_min"":14.0,""trend_ema_separation_atr"":0.0,""trigger_mode"":""RSI_MACD"",""vwap_distance_atr"":0.0}"
2024-07 to 2024-12,2019-09-06T00:00:00+00:00,2024-07-01T00:00:00+00:00,BEAR_BREAKOUT,BEAR_BREAKOUT-LS10,73,-43.039379,0.252009,0.075535,False,,False,"{""atr_ratio_max"":1.8,""atr_ratio_min"":0.65,""bb_width_percentile_max"":0.2,""breakout_range_atr"":0.6,""cci_level"":0.0,""context"":""BEAR_BREAKOUT"",""direction"":""SHORT"",""ema_touch_atr"":0.0,""max_hold_bars"":48,""range_adx_max"":16.0,""range_ema_separation_atr"":0.15,""require_confirmation_break"":false,""require_vwap"":true,""rsi_level"":60.0,""rsi_reclaim"":52.0,""setup"":""breakout"",""stop_atr"":1.25,""target_rr"":1.75,""trend_adx_min"":18.0,""trend_ema_separation_atr"":0.05,""trigger_mode"":""RSI_MACD"",""vwap_distance_atr"":0.2}"
2024-07 to 2024-12,2019-09-06T00:00:00+00:00,2024-07-01T00:00:00+00:00,BEAR_BREAKOUT,BEAR_BREAKOUT-LS11,99,-52.954178,0.246234,0.141453,False,,False,"{""atr_ratio_max"":2.2,""atr_ratio_min"":0.3,""bb_width_percentile_max"":0.2,""breakout_range_atr"":1.0,""cci_level"":50.0,""context"":""BEAR_BREAKOUT"",""direction"":""SHORT"",""ema_touch_atr"":0.5,""max_hold_bars"":72,""range_adx_max"":16.0,""range_ema_separation_atr"":0.15,""require_confirmation_break"":true,""require_vwap"":true,""rsi_level"":55.0,""rsi_reclaim"":50.0,""setup"":""breakout"",""stop_atr"":1.25,""target_rr"":1.25,""trend_adx_min"":14.0,""trend_ema_separation_atr"":0.0,""trigger_mode"":""ALL_THREE"",""vwap_distance_atr"":0.0}"
2024-07 to 2024-12,2019-09-06T00:00:00+00:00,2024-07-01T00:00:00+00:00,BEAR_BREAKOUT,BEAR_BREAKOUT-LS12,91,-51.030978,0.249159,0.119044,False,,False,"{""atr_ratio_max"":1.8,""atr_ratio_min"":0.45,""bb_width_percentile_max"":0.35,""breakout_range_atr"":0.6,""cci_level"":100.0,""context"":""BEAR_BREAKOUT"",""direction"":""SHORT"",""ema_touch_atr"":0.25,""max_hold_bars"":96,""range_adx_max"":20.0,""range_ema_separation_atr"":0.5,""require_confirmation_break"":false,""require_vwap"":false,""rsi_level"":60.0,""rsi_reclaim"":52.0,""setup"":""breakout"",""stop_atr"":1.5,""target_rr"":1.25,""trend_adx_min"":22.0,""trend_ema_separation_atr"":0.15,""trigger_mode"":""CCI_MACD"",""vwap_distance_atr"":0.2}"
2024-07 to 2024-12,2019-09-06T00:00:00+00:00,2024-07-01T00:00:00+00:00,BEAR_BREAKOUT,BEAR_BREAKOUT-LS13,395,-93.954362,0.309879,0.237394,False,,False,"{""atr_ratio_max"":2.6,""atr_ratio_min"":0.45,""bb_width_percentile_max"":0.5,""breakout_range_atr"":0.8,""cci_level"":0.0,""context"":""BEAR_BREAKOUT"",""direction"":""SHORT"",""ema_touch_atr"":0.25,""max_hold_bars"":96,""range_adx_max"":20.0,""range_ema_separation_atr"":0.3,""require_confirmation_break"":true,""require_vwap"":false,""rsi_level"":55.0,""rsi_reclaim"":52.0,""setup"":""breakout"",""stop_atr"":1.25,""target_rr"":1.5,""trend_adx_min"":22.0,""trend_ema_separation_atr"":0.05,""trigger_mode"":""RSI_CCI"",""vwap_distance_atr"":0.2}"
2024-07 to 2024-12,2019-09-06T00:00:00+00:00,2024-07-01T00:00:00+00:00,BEAR_BREAKOUT,BEAR_BREAKOUT-LS14,485,-95.029665,0.332312,0.29802,False,,False,"{""atr_ratio_max"":2.6,""atr_ratio_min"":0.65,""bb_width_percentile_max"":0.5,""breakout_range_atr"":0.6,""cci_level"":100.0,""context"":""BEAR_BREAKOUT"",""direction"":""SHORT"",""ema_touch_atr"":0.25,""max_hold_bars"":48,""range_adx_max"":20.0,""range_ema_separation_atr"":0.3,""require_confirmation_break"":false,""require_vwap"":true,""rsi_level"":50.0,""rsi_reclaim"":52.0,""setup"":""breakout"",""stop_atr"":1.0,""target_rr"":1.75,""trend_adx_min"":18.0,""trend_ema_separation_atr"":0.15,""trigger_mode"":""RSI_CCI"",""vwap_distance_atr"":0.2}"
2024-07 to 2024-12,2019-09-06T00:00:00+00:00,2024-07-01T00:00:00+00:00,BEAR_BREAKOUT,BEAR_BREAKOUT-LS15,59,-36.301471,0.223589,0.085868,False,,False,"{""atr_ratio_max"":2.6,""atr_ratio_min"":0.45,""bb_width_percentile_max"":0.2,""breakout_range_atr"":0.6,""cci_level"":50.0,""context"":""BEAR_BREAKOUT"",""direction"":""SHORT"",""ema_touch_atr"":0.25,""max_hold_bars"":48,""range_adx_max"":24.0,""range_ema_separation_atr"":0.5,""require_confirmation_break"":true,""require_vwap"":false,""rsi_level"":55.0,""rsi_reclaim"":50.0,""setup"":""breakout"",""stop_atr"":1.5,""target_rr"":1.25,""trend_adx_min"":22.0,""trend_ema_separation_atr"":0.15,""trigger_mode"":""RSI_MACD"",""vwap_distance_atr"":0.4}"
2024-07 to 2024-12,2019-09-06T00:00:00+00:00,2024-07-01T00:00:00+00:00,BEAR_BREAKOUT,BEAR_BREAKOUT-LS16,74,-45.487633,0.220208,0.088964,False,,False,"{""atr_ratio_max"":2.6,""atr_ratio_min"":0.65,""bb_width_percentile_max"":0.2,""breakout_range_atr"":0.8,""cci_level"":0.0,""context"":""BEAR_BREAKOUT"",""direction"":""SHORT"",""ema_touch_atr"":0.5,""max_hold_bars"":48,""range_adx_max"":20.0,""range_ema_separation_atr"":0.3,""require_confirmation_break"":true,""require_vwap"":false,""rsi_level"":55.0,""rsi_reclaim"":50.0,""setup"":""breakout"",""stop_atr"":1.0,""target_rr"":1.5,""trend_adx_min"":18.0,""trend_ema_separation_atr"":0.0,""trigger_mode"":""RSI_MACD"",""vwap_distance_atr"":0.2}"
2024-07 to 2024-12,2019-09-06T00:00:00+00:00,2024-07-01T00:00:00+00:00,BEAR_BREAKOUT,BEAR_BREAKOUT-LS17,50,-38.297652,0.190437,0.051181,False,,False,"{""atr_ratio_max"":1.8,""atr_ratio_min"":0.65,""bb_width_percentile_max"":0.2,""breakout_range_atr"":1.0,""cci_level"":50.0,""context"":""BEAR_BREAKOUT"",""direction"":""SHORT"",""ema_touch_atr"":0.5,""max_hold_bars"":72,""range_adx_max"":16.0,""range_ema_separation_atr"":0.3,""require_confirmation_break"":true,""require_vwap"":false,""rsi_level"":60.0,""rsi_reclaim"":52.0,""setup"":""breakout"",""stop_atr"":1.5,""target_rr"":1.5,""trend_adx_min"":22.0,""trend_ema_separation_atr"":0.0,""trigger_mode"":""CCI_MACD"",""vwap_distance_atr"":0.0}"
2024-07 to 2024-12,2019-09-06T00:00:00+00:00,2024-07-01T00:00:00+00:00,BEAR_BREAKOUT,BEAR_BREAKOUT-LS18,252,-82.522688,0.28679,0.192777,False,,False,"{""atr_ratio_max"":2.2,""atr_ratio_min"":0.3,""bb_width_percentile_max"":0.35,""breakout_range_atr"":0.8,""cci_level"":100.0,""context"":""BEAR_BREAKOUT"",""direction"":""SHORT"",""ema_touch_atr"":0.0,""max_hold_bars"":96,""range_adx_max"":24.0,""range_ema_separation_atr"":0.15,""require_confirmation_break"":false,""require_vwap"":false,""rsi_level"":55.0,""rsi_reclaim"":48.0,""setup"":""breakout"",""stop_atr"":1.25,""target_rr"":1.25,""trend_adx_min"":22.0,""trend_ema_separation_atr"":0.15,""trigger_mode"":""RSI_CCI"",""vwap_distance_atr"":0.4}"
2024-07 to 2024-12,2019-09-06T00:00:00+00:00,2024-07-01T00:00:00+00:00,BEAR_PULLBACK,BEAR_PULLBACK-LS01,332,-89.96568,0.324867,0.161254,False,,False,"{""atr_ratio_max"":2.2,""atr_ratio_min"":0.45,""bb_width_percentile_max"":0.2,""breakout_range_atr"":0.6,""cci_level"":0.0,""context"":""BEAR_PULLBACK"",""direction"":""SHORT"",""ema_touch_atr"":0.25,""max_hold_bars"":48,""range_adx_max"":20.0,""range_ema_separation_atr"":0.15,""require_confirmation_break"":false,""require_vwap"":false,""rsi_level"":55.0,""rsi_reclaim"":50.0,""setup"":""pullback"",""stop_atr"":1.5,""target_rr"":1.5,""trend_adx_min"":18.0,""trend_ema_separation_atr"":0.15,""trigger_mode"":""ALL_THREE"",""vwap_distance_atr"":0.2}"
2024-07 to 2024-12,2019-09-06T00:00:00+00:00,2024-07-01T00:00:00+00:00,BEAR_PULLBACK,BEAR_PULLBACK-LS02,508,-95.050293,0.328393,0.289257,False,,False,"{""atr_ratio_max"":1.8,""atr_ratio_min"":0.3,""bb_width_percentile_max"":0.2,""breakout_range_atr"":0.8,""cci_level"":-50.0,""context"":""BEAR_PULLBACK"",""direction"":""SHORT"",""ema_touch_atr"":0.5,""max_hold_bars"":48,""range_adx_max"":24.0,""range_ema_separation_atr"":0.15,""require_confirmation_break"":false,""require_vwap"":false,""rsi_level"":50.0,""rsi_reclaim"":48.0,""setup"":""pullback"",""stop_atr"":1.0,""target_rr"":1.25,""trend_adx_min"":14.0,""trend_ema_separation_atr"":0.15,""trigger_mode"":""CCI_MACD"",""vwap_distance_atr"":0.0}"
2024-07 to 2024-12,2019-09-06T00:00:00+00:00,2024-07-01T00:00:00+00:00,BEAR_PULLBACK,BEAR_PULLBACK-LS03,52,-32.78142,0.29659,0.008391,False,,False,"{""atr_ratio_max"":2.2,""atr_ratio_min"":0.3,""bb_width_percentile_max"":0.2,""breakout_range_atr"":0.8,""cci_level"":0.0,""context"":""BEAR_PULLBACK"",""direction"":""SHORT"",""ema_touch_atr"":0.5,""max_hold_bars"":72,""range_adx_max"":16.0,""range_ema_separation_atr"":0.3,""require_confirmation_break"":true,""require_vwap"":true,""rsi_level"":55.0,""rsi_reclaim"":48.0,""setup"":""pullback"",""stop_atr"":1.25,""target_rr"":1.75,""trend_adx_min"":22.0,""trend_ema_separation_atr"":0.05,""trigger_mode"":""RSI_CCI"",""vwap_distance_atr"":0.2}"
2024-07 to 2024-12,2019-09-06T00:00:00+00:00,2024-07-01T00:00:00+00:00,BEAR_PULLBACK,BEAR_PULLBACK-LS04,181,-69.55126,0.375785,0.269727,False,,False,"{""atr_ratio_max"":2.6,""atr_ratio_min"":0.65,""bb_width_percentile_max"":0.35,""breakout_range_atr"":0.8,""cci_level"":25.0,""context"":""BEAR_PULLBACK"",""direction"":""SHORT"",""ema_touch_atr"":0.25,""max_hold_bars"":48,""range_adx_max"":20.0,""range_ema_separation_atr"":0.5,""require_confirmation_break"":true,""require_vwap"":true,""rsi_level"":50.0,""rsi_reclaim"":52.0,""setup"":""pullback"",""stop_atr"":1.0,""target_rr"":1.75,""trend_adx_min"":14.0,""trend_ema_separation_atr"":0.0,""trigger_mode"":""CCI_MACD"",""vwap_distance_atr"":0.4}"
2024-07 to 2024-12,2019-09-06T00:00:00+00:00,2024-07-01T00:00:00+00:00,BEAR_PULLBACK,BEAR_PULLBACK-LS05,148,-67.989067,0.267363,0.242218,False,,False,"{""atr_ratio_max"":2.2,""atr_ratio_min"":0.45,""bb_width_percentile_max"":0.2,""breakout_range_atr"":1.0,""cci_level"":-50.0,""context"":""BEAR_PULLBACK"",""direction"":""SHORT"",""ema_touch_atr"":0.0,""max_hold_bars"":96,""range_adx_max"":16.0,""range_ema_separation_atr"":0.3,""require_confirmation_break"":false,""require_vwap"":false,""rsi_level"":45.0,""rsi_reclaim"":50.0,""setup"":""pullback"",""stop_atr"":1.25,""target_rr"":1.25,""trend_adx_min"":22.0,""trend_ema_separation_atr"":0.0,""trigger_mode"":""CCI_MACD"",""vwap_distance_atr"":0.0}"
2024-07 to 2024-12,2019-09-06T00:00:00+00:00,2024-07-01T00:00:00+00:00,BEAR_PULLBACK,BEAR_PULLBACK-LS06,359,-87.620218,0.376029,0.306105,False,,False,"{""atr_ratio_max"":1.8,""atr_ratio_min"":0.45,""bb_width_percentile_max"":0.5,""breakout_range_atr"":1.0,""cci_level"":25.0,""context"":""BEAR_PULLBACK"",""direction"":""SHORT"",""ema_touch_atr"":0.0,""max_hold_bars"":72,""range_adx_max"":20.0,""range_ema_separation_atr"":0.5,""require_confirmation_break"":true,""require_vwap"":false,""rsi_level"":55.0,""rsi_reclaim"":50.0,""setup"":""pullback"",""stop_atr"":1.25,""target_rr"":1.25,""trend_adx_min"":14.0,""trend_ema_separation_atr"":0.05,""trigger_mode"":""ALL_THREE"",""vwap_distance_atr"":0.2}"
2024-07 to 2024-12,2019-09-06T00:00:00+00:00,2024-07-01T00:00:00+00:00,BEAR_PULLBACK,BEAR_PULLBACK-LS07,257,-81.268073,0.335206,0.172901,False,,False,"{""atr_ratio_max"":2.6,""atr_ratio_min"":0.3,""bb_width_percentile_max"":0.2,""breakout_range_atr"":1.0,""cci_level"":0.0,""context"":""BEAR_PULLBACK"",""direction"":""SHORT"",""ema_touch_atr"":0.25,""max_hold_bars"":72,""range_adx_max"":16.0,""range_ema_separation_atr"":0.15,""require_confirmation_break"":true,""require_vwap"":false,""rsi_level"":50.0,""rsi_reclaim"":52.0,""setup"":""pullback"",""stop_atr"":1.25,""target_rr"":1.25,""trend_adx_min"":18.0,""trend_ema_separation_atr"":0.05,""trigger_mode"":""RSI_CCI"",""vwap_distance_atr"":0.4}"
2024-07 to 2024-12,2019-09-06T00:00:00+00:00,2024-07-01T00:00:00+00:00,BEAR_PULLBACK,BEAR_PULLBACK-LS08,37,-22.412084,0.339326,0.0,False,,False,"{""atr_ratio_max"":1.8,""atr_ratio_min"":0.65,""bb_width_percentile_max"":0.35,""breakout_range_atr"":0.6,""cci_level"":-50.0,""context"":""BEAR_PULLBACK"",""direction"":""SHORT"",""ema_touch_atr"":0.5,""max_hold_bars"":72,""range_adx_max"":24.0,""range_ema_separation_atr"":0.3,""require_confirmation_break"":false,""require_vwap"":true,""rsi_level"":55.0,""rsi_reclaim"":50.0,""setup"":""pullback"",""stop_atr"":1.0,""target_rr"":1.75,""trend_adx_min"":22.0,""trend_ema_separation_atr"":0.15,""trigger_mode"":""RSI_CCI"",""vwap_distance_atr"":0.0}"
2024-07 to 2024-12,2019-09-06T00:00:00+00:00,2024-07-01T00:00:00+00:00,BEAR_PULLBACK,BEAR_PULLBACK-LS09,44,-23.470668,0.352102,0.020113,False,,False,"{""atr_ratio_max"":1.8,""atr_ratio_min"":0.3,""bb_width_percentile_max"":0.5,""breakout_range_atr"":0.6,""cci_level"":0.0,""context"":""BEAR_PULLBACK"",""direction"":""SHORT"",""ema_touch_atr"":0.25,""max_hold_bars"":48,""range_adx_max"":24.0,""range_ema_separation_atr"":0.3,""require_confirmation_break"":true,""require_vwap"":true,""rsi_level"":50.0,""rsi_reclaim"":50.0,""setup"":""pullback"",""stop_atr"":1.25,""target_rr"":1.5,""trend_adx_min"":22.0,""trend_ema_separation_atr"":0.0,""trigger_mode"":""RSI_CCI"",""vwap_distance_atr"":0.2}"
2024-07 to 2024-12,2019-09-06T00:00:00+00:00,2024-07-01T00:00:00+00:00,BEAR_PULLBACK,BEAR_PULLBACK-LS10,90,-38.884225,0.425842,0.243624,False,,False,"{""atr_ratio_max"":2.2,""atr_ratio_min"":0.45,""bb_width_percentile_max"":0.5,""breakout_range_atr"":0.6,""cci_level"":25.0,""context"":""BEAR_PULLBACK"",""direction"":""SHORT"",""ema_touch_atr"":0.25,""max_hold_bars"":96,""range_adx_max"":20.0,""range_ema_separation_atr"":0.5,""require_confirmation_break"":false,""require_vwap"":true,""rsi_level"":50.0,""rsi_reclaim"":48.0,""setup"":""pullback"",""stop_atr"":1.25,""target_rr"":1.25,""trend_adx_min"":18.0,""trend_ema_separation_atr"":0.05,""trigger_mode"":""RSI_CCI"",""vwap_distance_atr"":0.2}"
2024-07 to 2024-12,2019-09-06T00:00:00+00:00,2024-07-01T00:00:00+00:00,BEAR_PULLBACK,BEAR_PULLBACK-LS11,62,-30.263388,0.436276,0.239318,False,,False,"{""atr_ratio_max"":2.2,""atr_ratio_min"":0.65,""bb_width_percentile_max"":0.35,""breakout_range_atr"":1.0,""cci_level"":25.0,""context"":""BEAR_PULLBACK"",""direction"":""SHORT"",""ema_touch_atr"":0.0,""max_hold_bars"":96,""range_adx_max"":24.0,""range_ema_separation_atr"":0.15,""require_confirmation_break"":false,""require_vwap"":false,""rsi_level"":45.0,""rsi_reclaim"":52.0,""setup"":""pullback"",""stop_atr"":1.5,""target_rr"":1.5,""trend_adx_min"":14.0,""trend_ema_separation_atr"":0.05,""trigger_mode"":""ALL_THREE"",""vwap_distance_atr"":0.4}"
2024-07 to 2024-12,2019-09-06T00:00:00+00:00,2024-07-01T00:00:00+00:00,BEAR_PULLBACK,BEAR_PULLBACK-LS12,19,-14.924811,0.228488,0.0,False,,False,"{""atr_ratio_max"":1.8,""atr_ratio_min"":0.65,""bb_width_percentile_max"":0.35,""breakout_range_atr"":0.8,""cci_level"":25.0,""context"":""BEAR_PULLBACK"",""direction"":""SHORT"",""ema_touch_atr"":0.5,""max_hold_bars"":72,""range_adx_max"":20.0,""range_ema_separation_atr"":0.15,""require_confirmation_break"":true,""require_vwap"":true,""rsi_level"":45.0,""rsi_reclaim"":52.0,""setup"":""pullback"",""stop_atr"":1.0,""target_rr"":1.5,""trend_adx_min"":18.0,""trend_ema_separation_atr"":0.15,""trigger_mode"":""ALL_THREE"",""vwap_distance_atr"":0.0}"
2024-07 to 2024-12,2019-09-06T00:00:00+00:00,2024-07-01T00:00:00+00:00,BEAR_PULLBACK,BEAR_PULLBACK-LS13,485,-95.016981,0.358652,0.297749,False,,False,"{""atr_ratio_max"":2.6,""atr_ratio_min"":0.45,""bb_width_percentile_max"":0.2,""breakout_range_atr"":0.6,""cci_level"":-50.0,""context"":""BEAR_PULLBACK"",""direction"":""SHORT"",""ema_touch_atr"":0.0,""max_hold_bars"":72,""range_adx_max"":16.0,""range_ema_separation_atr"":0.15,""require_confirmation_break"":false,""require_vwap"":false,""rsi_level"":50.0,""rsi_reclaim"":48.0,""setup"":""pullback"",""stop_atr"":1.5,""target_rr"":1.75,""trend_adx_min"":18.0,""trend_ema_separation_atr"":0.05,""trigger_mode"":""RSI_MACD"",""vwap_distance_atr"":0.4}"
2024-07 to 2024-12,2019-09-06T00:00:00+00:00,2024-07-01T00:00:00+00:00,BEAR_PULLBACK,BEAR_PULLBACK-LS14,324,-89.855723,0.304459,0.272293,False,,False,"{""atr_ratio_max"":2.6,""atr_ratio_min"":0.65,""bb_width_percentile_max"":0.35,""breakout_range_atr"":0.6,""cci_level"":-50.0,""context"":""BEAR_PULLBACK"",""direction"":""SHORT"",""ema_touch_atr"":0.5,""max_hold_bars"":48,""range_adx_max"":20.0,""range_ema_separation_atr"":0.5,""require_confirmation_break"":false,""require_vwap"":true,""rsi_level"":55.0,""rsi_reclaim"":52.0,""setup"":""pullback"",""stop_atr"":1.0,""target_rr"":1.5,""trend_adx_min"":14.0,""trend_ema_separation_atr"":0.15,""trigger_mode"":""RSI_MACD"",""vwap_distance_atr"":0.4}"
2024-07 to 2024-12,2019-09-06T00:00:00+00:00,2024-07-01T00:00:00+00:00,BEAR_PULLBACK,BEAR_PULLBACK-LS15,437,-92.468731,0.390797,0.346809,False,,False,"{""atr_ratio_max"":2.6,""atr_ratio_min"":0.45,""bb_width_percentile_max"":0.5,""breakout_range_atr"":0.8,""cci_level"":0.0,""context"":""BEAR_PULLBACK"",""direction"":""SHORT"",""ema_touch_atr"":0.0,""max_hold_bars"":96,""range_adx_max"":16.0,""range_ema_separation_atr"":0.3,""require_confirmation_break"":true,""require_vwap"":false,""rsi_level"":55.0,""rsi_reclaim"":48.0,""setup"":""pullback"",""stop_atr"":1.5,""target_rr"":1.75,""trend_adx_min"":14.0,""trend_ema_separation_atr"":0.0,""trigger_mode"":""CCI_MACD"",""vwap_distance_atr"":0.0}"
2024-07 to 2024-12,2019-09-06T00:00:00+00:00,2024-07-01T00:00:00+00:00,BEAR_PULLBACK,BEAR_PULLBACK-LS16,110,-47.730078,0.403276,0.23438,False,,False,"{""atr_ratio_max"":2.2,""atr_ratio_min"":0.3,""bb_width_percentile_max"":0.5,""breakout_range_atr"":0.8,""cci_level"":25.0,""context"":""BEAR_PULLBACK"",""direction"":""SHORT"",""ema_touch_atr"":0.0,""max_hold_bars"":48,""range_adx_max"":16.0,""range_ema_separation_atr"":0.5,""require_confirmation_break"":true,""require_vwap"":false,""rsi_level"":45.0,""rsi_reclaim"":52.0,""setup"":""pullback"",""stop_atr"":1.0,""target_rr"":1.75,""trend_adx_min"":18.0,""trend_ema_separation_atr"":0.0,""trigger_mode"":""RSI_MACD"",""vwap_distance_atr"":0.0}"
2024-07 to 2024-12,2019-09-06T00:00:00+00:00,2024-07-01T00:00:00+00:00,BEAR_PULLBACK,BEAR_PULLBACK-LS17,38,-33.860478,0.160898,0.101404,False,,False,"{""atr_ratio_max"":2.6,""atr_ratio_min"":0.3,""bb_width_percentile_max"":0.5,""breakout_range_atr"":1.0,""cci_level"":0.0,""context"":""BEAR_PULLBACK"",""direction"":""SHORT"",""ema_touch_atr"":0.5,""max_hold_bars"":96,""range_adx_max"":24.0,""range_ema_separation_atr"":0.5,""require_confirmation_break"":true,""require_vwap"":true,""rsi_level"":45.0,""rsi_reclaim"":50.0,""setup"":""pullback"",""stop_atr"":1.5,""target_rr"":1.5,""trend_adx_min"":22.0,""trend_ema_separation_atr"":0.0,""trigger_mode"":""RSI_MACD"",""vwap_distance_atr"":0.2}"
2024-07 to 2024-12,2019-09-06T00:00:00+00:00,2024-07-01T00:00:00+00:00,BEAR_PULLBACK,BEAR_PULLBACK-LS18,36,-29.140796,0.178092,0.048796,False,,False,"{""atr_ratio_max"":1.8,""atr_ratio_min"":0.65,""bb_width_percentile_max"":0.35,""breakout_range_atr"":1.0,""cci_level"":-50.0,""context"":""BEAR_PULLBACK"",""direction"":""SHORT"",""ema_touch_atr"":0.25,""max_hold_bars"":96,""range_adx_max"":24.0,""range_ema_separation_atr"":0.3,""require_confirmation_break"":false,""require_vwap"":true,""rsi_level"":45.0,""rsi_reclaim"":48.0,""setup"":""pullback"",""stop_atr"":1.5,""target_rr"":1.25,""trend_adx_min"":22.0,""trend_ema_separation_atr"":0.15,""trigger_mode"":""RSI_MACD"",""vwap_distance_atr"":0.4}"
2024-07 to 2024-12,2019-09-06T00:00:00+00:00,2024-07-01T00:00:00+00:00,BULL_BREAKOUT,BULL_BREAKOUT-LS01,254,-85.238175,0.3058,0.238545,False,,False,"{""atr_ratio_max"":2.2,""atr_ratio_min"":0.45,""bb_width_percentile_max"":0.5,""breakout_range_atr"":1.0,""cci_level"":0.0,""context"":""BULL_BREAKOUT"",""direction"":""LONG"",""ema_touch_atr"":0.25,""max_hold_bars"":48,""range_adx_max"":16.0,""range_ema_separation_atr"":0.15,""require_confirmation_break"":false,""require_vwap"":false,""rsi_level"":50.0,""rsi_reclaim"":52.0,""setup"":""breakout"",""stop_atr"":1.25,""target_rr"":1.75,""trend_adx_min"":14.0,""trend_ema_separation_atr"":0.05,""trigger_mode"":""CCI_MACD"",""vwap_distance_atr"":0.2}"
2024-07 to 2024-12,2019-09-06T00:00:00+00:00,2024-07-01T00:00:00+00:00,BULL_BREAKOUT,BULL_BREAKOUT-LS02,77,-36.688469,0.355633,0.079061,False,,False,"{""atr_ratio_max"":2.2,""atr_ratio_min"":0.3,""bb_width_percentile_max"":0.2,""breakout_range_atr"":1.0,""cci_level"":0.0,""context"":""BULL_BREAKOUT"",""direction"":""LONG"",""ema_touch_atr"":0.5,""max_hold_bars"":48,""range_adx_max"":20.0,""range_ema_separation_atr"":0.5,""require_confirmation_break"":true,""require_vwap"":false,""rsi_level"":60.0,""rsi_reclaim"":52.0,""setup"":""breakout"",""stop_atr"":1.0,""target_rr"":1.75,""trend_adx_min"":18.0,""trend_ema_separation_atr"":0.05,""trigger_mode"":""RSI_MACD"",""vwap_distance_atr"":0.2}"
2024-07 to 2024-12,2019-09-06T00:00:00+00:00,2024-07-01T00:00:00+00:00,BULL_BREAKOUT,BULL_BREAKOUT-LS03,187,-66.300367,0.292106,0.121971,False,,False,"{""atr_ratio_max"":1.8,""atr_ratio_min"":0.3,""bb_width_percentile_max"":0.2,""breakout_range_atr"":1.0,""cci_level"":0.0,""context"":""BULL_BREAKOUT"",""direction"":""LONG"",""ema_touch_atr"":0.5,""max_hold_bars"":48,""range_adx_max"":16.0,""range_ema_separation_atr"":0.5,""require_confirmation_break"":true,""require_vwap"":true,""rsi_level"":50.0,""rsi_reclaim"":50.0,""setup"":""breakout"",""stop_atr"":1.5,""target_rr"":1.25,""trend_adx_min"":18.0,""trend_ema_separation_atr"":0.0,""trigger_mode"":""RSI_CCI"",""vwap_distance_atr"":0.2}"
2024-07 to 2024-12,2019-09-06T00:00:00+00:00,2024-07-01T00:00:00+00:00,BULL_BREAKOUT,BULL_BREAKOUT-LS04,365,-89.284783,0.346735,0.286064,False,,False,"{""atr_ratio_max"":2.6,""atr_ratio_min"":0.65,""bb_width_percentile_max"":0.35,""breakout_range_atr"":0.8,""cci_level"":50.0,""context"":""BULL_BREAKOUT"",""direction"":""LONG"",""ema_touch_atr"":0.0,""max_hold_bars"":72,""range_adx_max"":24.0,""range_ema_separation_atr"":0.5,""require_confirmation_break"":true,""require_vwap"":false,""rsi_level"":50.0,""rsi_reclaim"":52.0,""setup"":""breakout"",""stop_atr"":1.5,""target_rr"":1.5,""trend_adx_min"":18.0,""trend_ema_separation_atr"":0.15,""trigger_mode"":""RSI_CCI"",""vwap_distance_atr"":0.4}"
2024-07 to 2024-12,2019-09-06T00:00:00+00:00,2024-07-01T00:00:00+00:00,BULL_BREAKOUT,BULL_BREAKOUT-LS05,102,-48.602966,0.358893,0.273322,False,,False,"{""atr_ratio_max"":1.8,""atr_ratio_min"":0.3,""bb_width_percentile_max"":0.35,""breakout_range_atr"":0.6,""cci_level"":100.0,""context"":""BULL_BREAKOUT"",""direction"":""LONG"",""ema_touch_atr"":0.0,""max_hold_bars"":72,""range_adx_max"":24.0,""range_ema_separation_atr"":0.5,""require_confirmation_break"":true,""require_vwap"":false,""rsi_level"":55.0,""rsi_reclaim"":52.0,""setup"":""breakout"",""stop_atr"":1.0,""target_rr"":1.75,""trend_adx_min"":22.0,""trend_ema_separation_atr"":0.0,""trigger_mode"":""CCI_MACD"",""vwap_distance_atr"":0.4}"
2024-07 to 2024-12,2019-09-06T00:00:00+00:00,2024-07-01T00:00:00+00:00,BULL_BREAKOUT,BULL_BREAKOUT-LS06,256,-83.050244,0.310624,0.256717,False,,False,"{""atr_ratio_max"":2.6,""atr_ratio_min"":0.45,""bb_width_percentile_max"":0.5,""breakout_range_atr"":0.8,""cci_level"":50.0,""context"":""BULL_BREAKOUT"",""direction"":""LONG"",""ema_touch_atr"":0.5,""max_hold_bars"":48,""range_adx_max"":20.0,""range_ema_separation_atr"":0.15,""require_confirmation_break"":false,""require_vwap"":true,""rsi_level"":60.0,""rsi_reclaim"":50.0,""setup"":""breakout"",""stop_atr"":1.25,""target_rr"":1.5,""trend_adx_min"":14.0,""trend_ema_separation_atr"":0.15,""trigger_mode"":""ALL_THREE"",""vwap_distance_atr"":0.2}"
2024-07 to 2024-12,2019-09-06T00:00:00+00:00,2024-07-01T00:00:00+00:00,BULL_BREAKOUT,BULL_BREAKOUT-LS07,57,-28.357981,0.359802,0.196205,False,,False,"{""atr_ratio_max"":2.2,""atr_ratio_min"":0.45,""bb_width_percentile_max"":0.2,""breakout_range_atr"":0.6,""cci_level"":50.0,""context"":""BULL_BREAKOUT"",""direction"":""LONG"",""ema_touch_atr"":0.25,""max_hold_bars"":96,""range_adx_max"":16.0,""range_ema_separation_atr"":0.3,""require_confirmation_break"":false,""require_vwap"":true,""rsi_level"":60.0,""rsi_reclaim"":50.0,""setup"":""breakout"",""stop_atr"":1.25,""target_rr"":1.5,""trend_adx_min"":22.0,""trend_ema_separation_atr"":0.0,""trigger_mode"":""ALL_THREE"",""vwap_distance_atr"":0.0}"
2024-07 to 2024-12,2019-09-06T00:00:00+00:00,2024-07-01T00:00:00+00:00,BULL_BREAKOUT,BULL_BREAKOUT-LS08,269,-83.15884,0.281944,0.212771,False,,False,"{""atr_ratio_max"":2.6,""atr_ratio_min"":0.45,""bb_width_percentile_max"":0.35,""breakout_range_atr"":0.6,""cci_level"":100.0,""context"":""BULL_BREAKOUT"",""direction"":""LONG"",""ema_touch_atr"":0.25,""max_hold_bars"":72,""range_adx_max"":16.0,""range_ema_separation_atr"":0.15,""require_confirmation_break"":false,""require_vwap"":true,""rsi_level"":50.0,""rsi_reclaim"":48.0,""setup"":""breakout"",""stop_atr"":1.0,""target_rr"":1.25,""trend_adx_min"":22.0,""trend_ema_separation_atr"":0.15,""trigger_mode"":""RSI_CCI"",""vwap_distance_atr"":0.0}"
2024-07 to 2024-12,2019-09-06T00:00:00+00:00,2024-07-01T00:00:00+00:00,BULL_BREAKOUT,BULL_BREAKOUT-LS09,56,-26.936424,0.407437,0.240188,False,,False,"{""atr_ratio_max"":2.2,""atr_ratio_min"":0.65,""bb_width_percentile_max"":0.2,""breakout_range_atr"":0.6,""cci_level"":100.0,""context"":""BULL_BREAKOUT"",""direction"":""LONG"",""ema_touch_atr"":0.0,""max_hold_bars"":72,""range_adx_max"":20.0,""range_ema_separation_atr"":0.3,""require_confirmation_break"":false,""require_vwap"":false,""rsi_level"":55.0,""rsi_reclaim"":50.0,""setup"":""breakout"",""stop_atr"":1.25,""target_rr"":1.75,""trend_adx_min"":22.0,""trend_ema_separation_atr"":0.0,""trigger_mode"":""RSI_MACD"",""vwap_distance_atr"":0.0}"
2024-07 to 2024-12,2019-09-06T00:00:00+00:00,2024-07-01T00:00:00+00:00,BULL_BREAKOUT,BULL_BREAKOUT-LS10,131,-59.422972,0.271084,0.15749,False,,False,"{""atr_ratio_max"":1.8,""atr_ratio_min"":0.3,""bb_width_percentile_max"":0.2,""breakout_range_atr"":0.8,""cci_level"":0.0,""context"":""BULL_BREAKOUT"",""direction"":""LONG"",""ema_touch_atr"":0.5,""max_hold_bars"":48,""range_adx_max"":16.0,""range_ema_separation_atr"":0.5,""require_confirmation_break"":false,""require_vwap"":false,""rsi_level"":50.0,""rsi_reclaim"":48.0,""setup"":""breakout"",""stop_atr"":1.5,""target_rr"":1.25,""trend_adx_min"":14.0,""trend_ema_separation_atr"":0.0,""trigger_mode"":""CCI_MACD"",""vwap_distance_atr"":0.0}"
2024-07 to 2024-12,2019-09-06T00:00:00+00:00,2024-07-01T00:00:00+00:00,BULL_BREAKOUT,BULL_BREAKOUT-LS11,434,-95.045404,0.264926,0.256885,False,,False,"{""atr_ratio_max"":2.6,""atr_ratio_min"":0.65,""bb_width_percentile_max"":0.35,""breakout_range_atr"":0.8,""cci_level"":0.0,""context"":""BULL_BREAKOUT"",""direction"":""LONG"",""ema_touch_atr"":0.5,""max_hold_bars"":96,""range_adx_max"":16.0,""range_ema_separation_atr"":0.3,""require_confirmation_break"":false,""require_vwap"":false,""rsi_level"":55.0,""rsi_reclaim"":48.0,""setup"":""breakout"",""stop_atr"":1.0,""target_rr"":1.25,""trend_adx_min"":14.0,""trend_ema_separation_atr"":0.05,""trigger_mode"":""RSI_CCI"",""vwap_distance_atr"":0.0}"
2024-07 to 2024-12,2019-09-06T00:00:00+00:00,2024-07-01T00:00:00+00:00,BULL_BREAKOUT,BULL_BREAKOUT-LS12,393,-90.417748,0.315384,0.225359,False,,False,"{""atr_ratio_max"":2.2,""atr_ratio_min"":0.45,""bb_width_percentile_max"":0.35,""breakout_range_atr"":0.6,""cci_level"":50.0,""context"":""BULL_BREAKOUT"",""direction"":""LONG"",""ema_touch_atr"":0.0,""max_hold_bars"":96,""range_adx_max"":24.0,""range_ema_separation_atr"":0.3,""require_confirmation_break"":true,""require_vwap"":true,""rsi_level"":50.0,""rsi_reclaim"":50.0,""setup"":""breakout"",""stop_atr"":1.0,""target_rr"":1.25,""trend_adx_min"":18.0,""trend_ema_separation_atr"":0.15,""trigger_mode"":""RSI_CCI"",""vwap_distance_atr"":0.2}"
2024-07 to 2024-12,2019-09-06T00:00:00+00:00,2024-07-01T00:00:00+00:00,BULL_BREAKOUT,BULL_BREAKOUT-LS13,248,-82.360246,0.353596,0.332157,False,,False,"{""atr_ratio_max"":1.8,""atr_ratio_min"":0.3,""bb_width_percentile_max"":0.5,""breakout_range_atr"":0.8,""cci_level"":50.0,""context"":""BULL_BREAKOUT"",""direction"":""LONG"",""ema_touch_atr"":0.5,""max_hold_bars"":96,""range_adx_max"":24.0,""range_ema_separation_atr"":0.5,""require_confirmation_break"":false,""require_vwap"":false,""rsi_level"":60.0,""rsi_reclaim"":52.0,""setup"":""breakout"",""stop_atr"":1.0,""target_rr"":1.75,""trend_adx_min"":14.0,""trend_ema_separation_atr"":0.05,""trigger_mode"":""RSI_MACD"",""vwap_distance_atr"":0.4}"
2024-07 to 2024-12,2019-09-06T00:00:00+00:00,2024-07-01T00:00:00+00:00,BULL_BREAKOUT,BULL_BREAKOUT-LS14,54,-26.301534,0.373798,0.188747,False,,False,"{""atr_ratio_max"":2.2,""atr_ratio_min"":0.3,""bb_width_percentile_max"":0.2,""breakout_range_atr"":0.8,""cci_level"":100.0,""context"":""BULL_BREAKOUT"",""direction"":""LONG"",""ema_touch_atr"":0.25,""max_hold_bars"":96,""range_adx_max"":24.0,""range_ema_separation_atr"":0.3,""require_confirmation_break"":true,""require_vwap"":true,""rsi_level"":55.0,""rsi_reclaim"":52.0,""setup"":""breakout"",""stop_atr"":1.5,""target_rr"":1.5,""trend_adx_min"":22.0,""trend_ema_separation_atr"":0.15,""trigger_mode"":""CCI_MACD"",""vwap_distance_atr"":0.4}"
2024-07 to 2024-12,2019-09-06T00:00:00+00:00,2024-07-01T00:00:00+00:00,BULL_BREAKOUT,BULL_BREAKOUT-LS15,172,-72.669085,0.248367,0.196288,False,,False,"{""atr_ratio_max"":2.6,""atr_ratio_min"":0.65,""bb_width_percentile_max"":0.35,""breakout_range_atr"":1.0,""cci_level"":100.0,""context"":""BULL_BREAKOUT"",""direction"":""LONG"",""ema_touch_atr"":0.25,""max_hold_bars"":96,""range_adx_max"":20.0,""range_ema_separation_atr"":0.3,""require_confirmation_break"":true,""require_vwap"":true,""rsi_level"":60.0,""rsi_reclaim"":48.0,""setup"":""breakout"",""stop_atr"":1.25,""target_rr"":1.25,""trend_adx_min"":14.0,""trend_ema_separation_atr"":0.05,""trigger_mode"":""RSI_MACD"",""vwap_distance_atr"":0.4}"
2024-07 to 2024-12,2019-09-06T00:00:00+00:00,2024-07-01T00:00:00+00:00,BULL_BREAKOUT,BULL_BREAKOUT-LS16,114,-55.330728,0.33891,0.31559,False,,False,"{""atr_ratio_max"":1.8,""atr_ratio_min"":0.65,""bb_width_percentile_max"":0.5,""breakout_range_atr"":1.0,""cci_level"":100.0,""context"":""BULL_BREAKOUT"",""direction"":""LONG"",""ema_touch_atr"":0.25,""max_hold_bars"":72,""range_adx_max"":20.0,""range_ema_separation_atr"":0.15,""require_confirmation_break"":true,""require_vwap"":true,""rsi_level"":55.0,""rsi_reclaim"":48.0,""setup"":""breakout"",""stop_atr"":1.5,""target_rr"":1.75,""trend_adx_min"":22.0,""trend_ema_separation_atr"":0.15,""trigger_mode"":""ALL_THREE"",""vwap_distance_atr"":0.2}"
2024-07 to 2024-12,2019-09-06T00:00:00+00:00,2024-07-01T00:00:00+00:00,BULL_BREAKOUT,BULL_BREAKOUT-LS17,206,-73.581625,0.36966,0.288965,False,,False,"{""atr_ratio_max"":2.6,""atr_ratio_min"":0.45,""bb_width_percentile_max"":0.5,""breakout_range_atr"":0.6,""cci_level"":50.0,""context"":""BULL_BREAKOUT"",""direction"":""LONG"",""ema_touch_atr"":0.0,""max_hold_bars"":72,""range_adx_max"":20.0,""range_ema_separation_atr"":0.15,""require_confirmation_break"":true,""require_vwap"":true,""rsi_level"":55.0,""rsi_reclaim"":48.0,""setup"":""breakout"",""stop_atr"":1.5,""target_rr"":1.5,""trend_adx_min"":18.0,""trend_ema_separation_atr"":0.05,""trigger_mode"":""RSI_MACD"",""vwap_distance_atr"":0.4}"
2024-07 to 2024-12,2019-09-06T00:00:00+00:00,2024-07-01T00:00:00+00:00,BULL_BREAKOUT,BULL_BREAKOUT-LS18,165,-70.969691,0.28022,0.258272,False,,False,"{""atr_ratio_max"":1.8,""atr_ratio_min"":0.65,""bb_width_percentile_max"":0.5,""breakout_range_atr"":1.0,""cci_level"":0.0,""context"":""BULL_BREAKOUT"",""direction"":""LONG"",""ema_touch_atr"":0.0,""max_hold_bars"":48,""range_adx_max"":24.0,""range_ema_separation_atr"":0.15,""require_confirmation_break"":false,""require_vwap"":false,""rsi_level"":60.0,""rsi_reclaim"":50.0,""setup"":""breakout"",""stop_atr"":1.25,""target_rr"":1.5,""trend_adx_min"":18.0,""trend_ema_separation_atr"":0.0,""trigger_mode"":""ALL_THREE"",""vwap_distance_atr"":0.0}"
2024-07 to 2024-12,2019-09-06T00:00:00+00:00,2024-07-01T00:00:00+00:00,BULL_PULLBACK,BULL_PULLBACK-LS01,191,-72.750351,0.295553,0.156008,False,,False,"{""atr_ratio_max"":2.6,""atr_ratio_min"":0.65,""bb_width_percentile_max"":0.35,""breakout_range_atr"":0.8,""cci_level"":0.0,""context"":""BULL_PULLBACK"",""direction"":""LONG"",""ema_touch_atr"":0.25,""max_hold_bars"":72,""range_adx_max"":24.0,""range_ema_separation_atr"":0.5,""require_confirmation_break"":false,""require_vwap"":true,""rsi_level"":50.0,""rsi_reclaim"":50.0,""setup"":""pullback"",""stop_atr"":1.0,""target_rr"":1.25,""trend_adx_min"":14.0,""trend_ema_separation_atr"":0.0,""trigger_mode"":""CCI_MACD"",""vwap_distance_atr"":0.4}"
2024-07 to 2024-12,2019-09-06T00:00:00+00:00,2024-07-01T00:00:00+00:00,BULL_PULLBACK,BULL_PULLBACK-LS02,33,-23.705451,0.263897,0.104435,False,,False,"{""atr_ratio_max"":2.6,""atr_ratio_min"":0.3,""bb_width_percentile_max"":0.35,""breakout_range_atr"":0.6,""cci_level"":0.0,""context"":""BULL_PULLBACK"",""direction"":""LONG"",""ema_touch_atr"":0.0,""max_hold_bars"":48,""range_adx_max"":16.0,""range_ema_separation_atr"":0.5,""require_confirmation_break"":true,""require_vwap"":false,""rsi_level"":45.0,""rsi_reclaim"":50.0,""setup"":""pullback"",""stop_atr"":1.0,""target_rr"":1.75,""trend_adx_min"":22.0,""trend_ema_separation_atr"":0.05,""trigger_mode"":""RSI_CCI"",""vwap_distance_atr"":0.4}"
2024-07 to 2024-12,2019-09-06T00:00:00+00:00,2024-07-01T00:00:00+00:00,BULL_PULLBACK,BULL_PULLBACK-LS03,366,-90.621101,0.334055,0.234826,False,,False,"{""atr_ratio_max"":2.2,""atr_ratio_min"":0.3,""bb_width_percentile_max"":0.35,""breakout_range_atr"":1.0,""cci_level"":25.0,""context"":""BULL_PULLBACK"",""direction"":""LONG"",""ema_touch_atr"":0.0,""max_hold_bars"":96,""range_adx_max"":20.0,""range_ema_separation_atr"":0.15,""require_confirmation_break"":true,""require_vwap"":false,""rsi_level"":55.0,""rsi_reclaim"":52.0,""setup"":""pullback"",""stop_atr"":1.25,""target_rr"":1.75,""trend_adx_min"":14.0,""trend_ema_separation_atr"":0.0,""trigger_mode"":""RSI_CCI"",""vwap_distance_atr"":0.0}"
2024-07 to 2024-12,2019-09-06T00:00:00+00:00,2024-07-01T00:00:00+00:00,BULL_PULLBACK,BULL_PULLBACK-LS04,81,-44.470701,0.343085,0.262665,False,,False,"{""atr_ratio_max"":2.2,""atr_ratio_min"":0.65,""bb_width_percentile_max"":0.35,""breakout_range_atr"":0.8,""cci_level"":25.0,""context"":""BULL_PULLBACK"",""direction"":""LONG"",""ema_touch_atr"":0.0,""max_hold_bars"":96,""range_adx_max"":16.0,""range_ema_separation_atr"":0.3,""require_confirmation_break"":true,""require_vwap"":true,""rsi_level"":45.0,""rsi_reclaim"":48.0,""setup"":""pullback"",""stop_atr"":1.5,""target_rr"":1.75,""trend_adx_min"":18.0,""trend_ema_separation_atr"":0.15,""trigger_mode"":""CCI_MACD"",""vwap_distance_atr"":0.4}"
2024-07 to 2024-12,2019-09-06T00:00:00+00:00,2024-07-01T00:00:00+00:00,BULL_PULLBACK,BULL_PULLBACK-LS05,490,-92.727236,0.361197,0.318599,False,,False,"{""atr_ratio_max"":1.8,""atr_ratio_min"":0.65,""bb_width_percentile_max"":0.2,""breakout_range_atr"":1.0,""cci_level"":25.0,""context"":""BULL_PULLBACK"",""direction"":""LONG"",""ema_touch_atr"":0.25,""max_hold_bars"":48,""range_adx_max"":16.0,""range_ema_separation_atr"":0.3,""require_confirmation_break"":false,""require_vwap"":false,""rsi_level"":55.0,""rsi_reclaim"":48.0,""setup"":""pullback"",""stop_atr"":1.5,""target_rr"":1.5,""trend_adx_min"":14.0,""trend_ema_separation_atr"":0.0,""trigger_mode"":""CCI_MACD"",""vwap_distance_atr"":0.0}"
2024-07 to 2024-12,2019-09-06T00:00:00+00:00,2024-07-01T00:00:00+00:00,BULL_PULLBACK,BULL_PULLBACK-LS06,189,-72.739763,0.284065,0.189548,False,,False,"{""atr_ratio_max"":2.6,""atr_ratio_min"":0.45,""bb_width_percentile_max"":0.2,""breakout_range_atr"":1.0,""cci_level"":0.0,""context"":""BULL_PULLBACK"",""direction"":""LONG"",""ema_touch_atr"":0.5,""max_hold_bars"":48,""range_adx_max"":24.0,""range_ema_separation_atr"":0.15,""require_confirmation_break"":true,""require_vwap"":true,""rsi_level"":55.0,""rsi_reclaim"":50.0,""setup"":""pullback"",""stop_atr"":1.25,""target_rr"":1.25,""trend_adx_min"":14.0,""trend_ema_separation_atr"":0.0,""trigger_mode"":""CCI_MACD"",""vwap_distance_atr"":0.2}"
2024-07 to 2024-12,2019-09-06T00:00:00+00:00,2024-07-01T00:00:00+00:00,BULL_PULLBACK,BULL_PULLBACK-LS07,40,-24.421271,0.289248,0.069604,False,,False,"{""atr_ratio_max"":2.6,""atr_ratio_min"":0.45,""bb_width_percentile_max"":0.5,""breakout_range_atr"":1.0,""cci_level"":25.0,""context"":""BULL_PULLBACK"",""direction"":""LONG"",""ema_touch_atr"":0.25,""max_hold_bars"":48,""range_adx_max"":16.0,""range_ema_separation_atr"":0.3,""require_confirmation_break"":false,""require_vwap"":true,""rsi_level"":50.0,""rsi_reclaim"":50.0,""setup"":""pullback"",""stop_atr"":1.5,""target_rr"":1.5,""trend_adx_min"":22.0,""trend_ema_separation_atr"":0.05,""trigger_mode"":""ALL_THREE"",""vwap_distance_atr"":0.2}"
2024-07 to 2024-12,2019-09-06T00:00:00+00:00,2024-07-01T00:00:00+00:00,BULL_PULLBACK,BULL_PULLBACK-LS08,195,-68.876464,0.354693,0.294328,False,,False,"{""atr_ratio_max"":1.8,""atr_ratio_min"":0.45,""bb_width_percentile_max"":0.35,""breakout_range_atr"":0.6,""cci_level"":0.0,""context"":""BULL_PULLBACK"",""direction"":""LONG"",""ema_touch_atr"":0.5,""max_hold_bars"":96,""range_adx_max"":20.0,""range_ema_separation_atr"":0.3,""require_confirmation_break"":true,""require_vwap"":true,""rsi_level"":55.0,""rsi_reclaim"":48.0,""setup"":""pullback"",""stop_atr"":1.25,""target_rr"":1.25,""trend_adx_min"":18.0,""trend_ema_separation_atr"":0.05,""trigger_mode"":""RSI_MACD"",""vwap_distance_atr"":0.4}"
2024-07 to 2024-12,2019-09-06T00:00:00+00:00,2024-07-01T00:00:00+00:00,BULL_PULLBACK,BULL_PULLBACK-LS09,19,-12.674717,0.330646,0.190287,False,,False,"{""atr_ratio_max"":1.8,""atr_ratio_min"":0.3,""bb_width_percentile_max"":0.5,""breakout_range_atr"":0.6,""cci_level"":25.0,""context"":""BULL_PULLBACK"",""direction"":""LONG"",""ema_touch_atr"":0.5,""max_hold_bars"":48,""range_adx_max"":24.0,""range_ema_separation_atr"":0.15,""require_confirmation_break"":true,""require_vwap"":false,""rsi_level"":45.0,""rsi_reclaim"":52.0,""setup"":""pullback"",""stop_atr"":1.0,""target_rr"":1.75,""trend_adx_min"":22.0,""trend_ema_separation_atr"":0.05,""trigger_mode"":""ALL_THREE"",""vwap_distance_atr"":0.2}"
2024-07 to 2024-12,2019-09-06T00:00:00+00:00,2024-07-01T00:00:00+00:00,BULL_PULLBACK,BULL_PULLBACK-LS10,102,-51.95365,0.273868,0.104662,False,,False,"{""atr_ratio_max"":2.2,""atr_ratio_min"":0.65,""bb_width_percentile_max"":0.2,""breakout_range_atr"":0.8,""cci_level"":-50.0,""context"":""BULL_PULLBACK"",""direction"":""LONG"",""ema_touch_atr"":0.5,""max_hold_bars"":96,""range_adx_max"":20.0,""range_ema_separation_atr"":0.3,""require_confirmation_break"":true,""require_vwap"":true,""rsi_level"":50.0,""rsi_reclaim"":48.0,""setup"":""pullback"",""stop_atr"":1.25,""target_rr"":1.25,""trend_adx_min"":14.0,""trend_ema_separation_atr"":0.15,""trigger_mode"":""RSI_CCI"",""vwap_distance_atr"":0.2}"
2024-07 to 2024-12,2019-09-06T00:00:00+00:00,2024-07-01T00:00:00+00:00,BULL_PULLBACK,BULL_PULLBACK-LS11,126,-57.825577,0.362662,0.069901,False,,False,"{""atr_ratio_max"":1.8,""atr_ratio_min"":0.65,""bb_width_percentile_max"":0.5,""breakout_range_atr"":0.6,""cci_level"":-50.0,""context"":""BULL_PULLBACK"",""direction"":""LONG"",""ema_touch_atr"":0.25,""max_hold_bars"":72,""range_adx_max"":16.0,""range_ema_separation_atr"":0.5,""require_confirmation_break"":false,""require_vwap"":false,""rsi_level"":55.0,""rsi_reclaim"":48.0,""setup"":""pullback"",""stop_atr"":1.5,""target_rr"":1.75,""trend_adx_min"":22.0,""trend_ema_separation_atr"":0.15,""trigger_mode"":""RSI_CCI"",""vwap_distance_atr"":0.0}"
2024-07 to 2024-12,2019-09-06T00:00:00+00:00,2024-07-01T00:00:00+00:00,BULL_PULLBACK,BULL_PULLBACK-LS12,30,-19.329902,0.347638,0.227611,False,,False,"{""atr_ratio_max"":2.6,""atr_ratio_min"":0.3,""bb_width_percentile_max"":0.2,""breakout_range_atr"":0.8,""cci_level"":-50.0,""context"":""BULL_PULLBACK"",""direction"":""LONG"",""ema_touch_atr"":0.5,""max_hold_bars"":96,""range_adx_max"":20.0,""range_ema_separation_atr"":0.5,""require_confirmation_break"":false,""require_vwap"":true,""rsi_level"":45.0,""rsi_reclaim"":52.0,""setup"":""pullback"",""stop_atr"":1.5,""target_rr"":1.75,""trend_adx_min"":22.0,""trend_ema_separation_atr"":0.15,""trigger_mode"":""RSI_MACD"",""vwap_distance_atr"":0.2}"
2024-07 to 2024-12,2019-09-06T00:00:00+00:00,2024-07-01T00:00:00+00:00,BULL_PULLBACK,BULL_PULLBACK-LS13,203,-73.263132,0.331005,0.179532,False,,False,"{""atr_ratio_max"":2.6,""atr_ratio_min"":0.3,""bb_width_percentile_max"":0.2,""breakout_range_atr"":0.8,""cci_level"":0.0,""context"":""BULL_PULLBACK"",""direction"":""LONG"",""ema_touch_atr"":0.0,""max_hold_bars"":72,""range_adx_max"":24.0,""range_ema_separation_atr"":0.15,""require_confirmation_break"":false,""require_vwap"":false,""rsi_level"":50.0,""rsi_reclaim"":52.0,""setup"":""pullback"",""stop_atr"":1.5,""target_rr"":1.25,""trend_adx_min"":18.0,""trend_ema_separation_atr"":0.05,""trigger_mode"":""ALL_THREE"",""vwap_distance_atr"":0.0}"
2024-07 to 2024-12,2019-09-06T00:00:00+00:00,2024-07-01T00:00:00+00:00,BULL_PULLBACK,BULL_PULLBACK-LS14,88,-56.072571,0.213961,0.146977,False,,False,"{""atr_ratio_max"":1.8,""atr_ratio_min"":0.45,""bb_width_percentile_max"":0.5,""breakout_range_atr"":1.0,""cci_level"":-50.0,""context"":""BULL_PULLBACK"",""direction"":""LONG"",""ema_touch_atr"":0.0,""max_hold_bars"":48,""range_adx_max"":20.0,""range_ema_separation_atr"":0.3,""require_confirmation_break"":true,""require_vwap"":false,""rsi_level"":45.0,""rsi_reclaim"":50.0,""setup"":""pullback"",""stop_atr"":1.25,""target_rr"":1.5,""trend_adx_min"":18.0,""trend_ema_separation_atr"":0.15,""trigger_mode"":""ALL_THREE"",""vwap_distance_atr"":0.2}"
2024-07 to 2024-12,2019-09-06T00:00:00+00:00,2024-07-01T00:00:00+00:00,BULL_PULLBACK,BULL_PULLBACK-LS15,437,-95.012183,0.332374,0.225463,False,,False,"{""atr_ratio_max"":2.2,""atr_ratio_min"":0.45,""bb_width_percentile_max"":0.5,""breakout_range_atr"":0.6,""cci_level"":-50.0,""context"":""BULL_PULLBACK"",""direction"":""LONG"",""ema_touch_atr"":0.5,""max_hold_bars"":72,""range_adx_max"":20.0,""range_ema_separation_atr"":0.5,""require_confirmation_break"":false,""require_vwap"":false,""rsi_level"":55.0,""rsi_reclaim"":50.0,""setup"":""pullback"",""stop_atr"":1.0,""target_rr"":1.5,""trend_adx_min"":14.0,""trend_ema_separation_atr"":0.15,""trigger_mode"":""RSI_CCI"",""vwap_distance_atr"":0.4}"
2024-07 to 2024-12,2019-09-06T00:00:00+00:00,2024-07-01T00:00:00+00:00,BULL_PULLBACK,BULL_PULLBACK-LS16,160,-63.760137,0.352983,0.179244,False,,False,"{""atr_ratio_max"":2.2,""atr_ratio_min"":0.65,""bb_width_percentile_max"":0.2,""breakout_range_atr"":0.8,""cci_level"":-50.0,""context"":""BULL_PULLBACK"",""direction"":""LONG"",""ema_touch_atr"":0.0,""max_hold_bars"":72,""range_adx_max"":24.0,""range_ema_separation_atr"":0.5,""require_confirmation_break"":false,""require_vwap"":true,""rsi_level"":50.0,""rsi_reclaim"":48.0,""setup"":""pullback"",""stop_atr"":1.0,""target_rr"":1.5,""trend_adx_min"":18.0,""trend_ema_separation_atr"":0.05,""trigger_mode"":""RSI_MACD"",""vwap_distance_atr"":0.4}"
2024-07 to 2024-12,2019-09-06T00:00:00+00:00,2024-07-01T00:00:00+00:00,BULL_PULLBACK,BULL_PULLBACK-LS17,58,-26.815854,0.380657,0.0,False,,False,"{""atr_ratio_max"":1.8,""atr_ratio_min"":0.45,""bb_width_percentile_max"":0.5,""breakout_range_atr"":1.0,""cci_level"":25.0,""context"":""BULL_PULLBACK"",""direction"":""LONG"",""ema_touch_atr"":0.25,""max_hold_bars"":72,""range_adx_max"":24.0,""range_ema_separation_atr"":0.15,""require_confirmation_break"":true,""require_vwap"":true,""rsi_level"":50.0,""rsi_reclaim"":52.0,""setup"":""pullback"",""stop_atr"":1.0,""target_rr"":1.25,""trend_adx_min"":22.0,""trend_ema_separation_atr"":0.0,""trigger_mode"":""RSI_MACD"",""vwap_distance_atr"":0.0}"
2024-07 to 2024-12,2019-09-06T00:00:00+00:00,2024-07-01T00:00:00+00:00,BULL_PULLBACK,BULL_PULLBACK-LS18,135,-61.555322,0.334692,0.243458,False,,False,"{""atr_ratio_max"":2.2,""atr_ratio_min"":0.3,""bb_width_percentile_max"":0.35,""breakout_range_atr"":0.6,""cci_level"":0.0,""context"":""BULL_PULLBACK"",""direction"":""LONG"",""ema_touch_atr"":0.25,""max_hold_bars"":96,""range_adx_max"":16.0,""range_ema_separation_atr"":0.15,""require_confirmation_break"":false,""require_vwap"":false,""rsi_level"":45.0,""rsi_reclaim"":52.0,""setup"":""pullback"",""stop_atr"":1.25,""target_rr"":1.5,""trend_adx_min"":18.0,""trend_ema_separation_atr"":0.0,""trigger_mode"":""RSI_MACD"",""vwap_distance_atr"":0.0}"
2024-07 to 2024-12,2019-09-06T00:00:00+00:00,2024-07-01T00:00:00+00:00,RANGE_REVERSION,RANGE_REVERSION-LS01,1,-1.503314,0.0,,False,,False,"{""atr_ratio_max"":2.6,""atr_ratio_min"":0.3,""bb_width_percentile_max"":0.5,""breakout_range_atr"":1.0,""cci_level"":50.0,""context"":""RANGE_REVERSION"",""direction"":""BOTH"",""ema_touch_atr"":0.5,""max_hold_bars"":96,""range_adx_max"":24.0,""range_ema_separation_atr"":0.5,""require_confirmation_break"":true,""require_vwap"":true,""rsi_level"":35.0,""rsi_reclaim"":35.0,""setup"":""reversion"",""stop_atr"":1.0,""target_rr"":1.75,""trend_adx_min"":18.0,""trend_ema_separation_atr"":0.0,""trigger_mode"":""RSI_CCI"",""vwap_distance_atr"":0.4}"
2024-07 to 2024-12,2019-09-06T00:00:00+00:00,2024-07-01T00:00:00+00:00,RANGE_REVERSION,RANGE_REVERSION-LS02,6,-3.839717,0.365674,,False,,False,"{""atr_ratio_max"":1.8,""atr_ratio_min"":0.3,""bb_width_percentile_max"":0.2,""breakout_range_atr"":0.8,""cci_level"":75.0,""context"":""RANGE_REVERSION"",""direction"":""BOTH"",""ema_touch_atr"":0.0,""max_hold_bars"":72,""range_adx_max"":24.0,""range_ema_separation_atr"":0.3,""require_confirmation_break"":true,""require_vwap"":false,""rsi_level"":40.0,""rsi_reclaim"":45.0,""setup"":""reversion"",""stop_atr"":1.25,""target_rr"":1.5,""trend_adx_min"":22.0,""trend_ema_separation_atr"":0.15,""trigger_mode"":""RSI_CCI"",""vwap_distance_atr"":0.2}"
2024-07 to 2024-12,2019-09-06T00:00:00+00:00,2024-07-01T00:00:00+00:00,RANGE_REVERSION,RANGE_REVERSION-LS03,3,0.38691,1.277241,,False,,False,"{""atr_ratio_max"":1.8,""atr_ratio_min"":0.3,""bb_width_percentile_max"":0.2,""breakout_range_atr"":1.0,""cci_level"":50.0,""context"":""RANGE_REVERSION"",""direction"":""BOTH"",""ema_touch_atr"":0.0,""max_hold_bars"":48,""range_adx_max"":20.0,""range_ema_separation_atr"":0.15,""require_confirmation_break"":false,""require_vwap"":false,""rsi_level"":30.0,""rsi_reclaim"":45.0,""setup"":""reversion"",""stop_atr"":1.25,""target_rr"":1.25,""trend_adx_min"":14.0,""trend_ema_separation_atr"":0.05,""trigger_mode"":""CCI_MACD"",""vwap_distance_atr"":0.0}"
2024-07 to 2024-12,2019-09-06T00:00:00+00:00,2024-07-01T00:00:00+00:00,RANGE_REVERSION,RANGE_REVERSION-LS04,1,1.358569,,,False,,False,"{""atr_ratio_max"":2.2,""atr_ratio_min"":0.45,""bb_width_percentile_max"":0.35,""breakout_range_atr"":0.8,""cci_level"":75.0,""context"":""RANGE_REVERSION"",""direction"":""BOTH"",""ema_touch_atr"":0.25,""max_hold_bars"":96,""range_adx_max"":20.0,""range_ema_separation_atr"":0.15,""require_confirmation_break"":true,""require_vwap"":false,""rsi_level"":35.0,""rsi_reclaim"":40.0,""setup"":""reversion"",""stop_atr"":1.25,""target_rr"":1.75,""trend_adx_min"":14.0,""trend_ema_separation_atr"":0.05,""trigger_mode"":""RSI_CCI"",""vwap_distance_atr"":0.0}"
2024-07 to 2024-12,2019-09-06T00:00:00+00:00,2024-07-01T00:00:00+00:00,RANGE_REVERSION,RANGE_REVERSION-LS05,5,0.26486,1.090018,,False,,False,"{""atr_ratio_max"":2.6,""atr_ratio_min"":0.3,""bb_width_percentile_max"":0.2,""breakout_range_atr"":0.6,""cci_level"":50.0,""context"":""RANGE_REVERSION"",""direction"":""BOTH"",""ema_touch_atr"":0.25,""max_hold_bars"":96,""range_adx_max"":24.0,""range_ema_separation_atr"":0.15,""require_confirmation_break"":false,""require_vwap"":true,""rsi_level"":30.0,""rsi_reclaim"":35.0,""setup"":""reversion"",""stop_atr"":1.25,""target_rr"":1.75,""trend_adx_min"":14.0,""trend_ema_separation_atr"":0.0,""trigger_mode"":""RSI_MACD"",""vwap_distance_atr"":0.4}"
2024-07 to 2024-12,2019-09-06T00:00:00+00:00,2024-07-01T00:00:00+00:00,RANGE_REVERSION,RANGE_REVERSION-LS06,3,-4.31073,0.246899,,False,,False,"{""atr_ratio_max"":1.8,""atr_ratio_min"":0.65,""bb_width_percentile_max"":0.35,""breakout_range_atr"":0.8,""cci_level"":100.0,""context"":""RANGE_REVERSION"",""direction"":""BOTH"",""ema_touch_atr"":0.25,""max_hold_bars"":72,""range_adx_max"":16.0,""range_ema_separation_atr"":0.15,""require_confirmation_break"":false,""require_vwap"":true,""rsi_level"":40.0,""rsi_reclaim"":35.0,""setup"":""reversion"",""stop_atr"":1.5,""target_rr"":1.75,""trend_adx_min"":22.0,""trend_ema_separation_atr"":0.15,""trigger_mode"":""CCI_MACD"",""vwap_distance_atr"":0.4}"
2024-07 to 2024-12,2019-09-06T00:00:00+00:00,2024-07-01T00:00:00+00:00,RANGE_REVERSION,RANGE_REVERSION-LS07,0,0.0,,,False,,False,"{""atr_ratio_max"":2.2,""atr_ratio_min"":0.45,""bb_width_percentile_max"":0.35,""breakout_range_atr"":1.0,""cci_level"":100.0,""context"":""RANGE_REVERSION"",""direction"":""BOTH"",""ema_touch_atr"":0.5,""max_hold_bars"":72,""range_adx_max"":16.0,""range_ema_separation_atr"":0.5,""require_confirmation_break"":false,""require_vwap"":false,""rsi_level"":35.0,""rsi_reclaim"":40.0,""setup"":""reversion"",""stop_atr"":1.0,""target_rr"":1.5,""trend_adx_min"":14.0,""trend_ema_separation_atr"":0.05,""trigger_mode"":""ALL_THREE"",""vwap_distance_atr"":0.4}"
2024-07 to 2024-12,2019-09-06T00:00:00+00:00,2024-07-01T00:00:00+00:00,RANGE_REVERSION,RANGE_REVERSION-LS08,2,-0.578362,0.594065,,False,,False,"{""atr_ratio_max"":2.2,""atr_ratio_min"":0.65,""bb_width_percentile_max"":0.5,""breakout_range_atr"":0.6,""cci_level"":50.0,""context"":""RANGE_REVERSION"",""direction"":""BOTH"",""ema_touch_atr"":0.0,""max_hold_bars"":96,""range_adx_max"":24.0,""range_ema_separation_atr"":0.3,""require_confirmation_break"":true,""require_vwap"":false,""rsi_level"":35.0,""rsi_reclaim"":40.0,""setup"":""reversion"",""stop_atr"":1.5,""target_rr"":1.25,""trend_adx_min"":22.0,""trend_ema_separation_atr"":0.05,""trigger_mode"":""RSI_CCI"",""vwap_distance_atr"":0.0}"
2024-07 to 2024-12,2019-09-06T00:00:00+00:00,2024-07-01T00:00:00+00:00,RANGE_REVERSION,RANGE_REVERSION-LS09,1,-1.503314,0.0,,False,,False,"{""atr_ratio_max"":2.6,""atr_ratio_min"":0.3,""bb_width_percentile_max"":0.35,""breakout_range_atr"":0.8,""cci_level"":75.0,""context"":""RANGE_REVERSION"",""direction"":""BOTH"",""ema_touch_atr"":0.0,""max_hold_bars"":96,""range_adx_max"":20.0,""range_ema_separation_atr"":0.5,""require_confirmation_break"":false,""require_vwap"":true,""rsi_level"":30.0,""rsi_reclaim"":45.0,""setup"":""reversion"",""stop_atr"":1.5,""target_rr"":1.5,""trend_adx_min"":18.0,""trend_ema_separation_atr"":0.05,""trigger_mode"":""RSI_MACD"",""vwap_distance_atr"":0.2}"
2024-07 to 2024-12,2019-09-06T00:00:00+00:00,2024-07-01T00:00:00+00:00,RANGE_REVERSION,RANGE_REVERSION-LS10,82,-40.729694,0.34912,0.088474,False,,False,"{""atr_ratio_max"":1.8,""atr_ratio_min"":0.45,""bb_width_percentile_max"":0.2,""breakout_range_atr"":1.0,""cci_level"":100.0,""context"":""RANGE_REVERSION"",""direction"":""BOTH"",""ema_touch_atr"":0.25,""max_hold_bars"":96,""range_adx_max"":20.0,""range_ema_separation_atr"":0.3,""require_confirmation_break"":false,""require_vwap"":true,""rsi_level"":40.0,""rsi_reclaim"":35.0,""setup"":""reversion"",""stop_atr"":1.0,""target_rr"":1.25,""trend_adx_min"":22.0,""trend_ema_separation_atr"":0.15,""trigger_mode"":""RSI_MACD"",""vwap_distance_atr"":0.0}"
2024-07 to 2024-12,2019-09-06T00:00:00+00:00,2024-07-01T00:00:00+00:00,RANGE_REVERSION,RANGE_REVERSION-LS11,4,-0.876285,0.763355,,False,,False,"{""atr_ratio_max"":1.8,""atr_ratio_min"":0.65,""bb_width_percentile_max"":0.5,""breakout_range_atr"":0.6,""cci_level"":100.0,""context"":""RANGE_REVERSION"",""direction"":""BOTH"",""ema_touch_atr"":0.5,""max_hold_bars"":48,""range_adx_max"":20.0,""range_ema_separation_atr"":0.3,""require_confirmation_break"":true,""require_vwap"":false,""rsi_level"":30.0,""rsi_reclaim"":35.0,""setup"":""reversion"",""stop_atr"":1.25,""target_rr"":1.75,""trend_adx_min"":22.0,""trend_ema_separation_atr"":0.05,""trigger_mode"":""RSI_MACD"",""vwap_distance_atr"":0.4}"
2024-07 to 2024-12,2019-09-06T00:00:00+00:00,2024-07-01T00:00:00+00:00,RANGE_REVERSION,RANGE_REVERSION-LS12,12,3.521561,2.063718,,False,,False,"{""atr_ratio_max"":2.2,""atr_ratio_min"":0.65,""bb_width_percentile_max"":0.2,""breakout_range_atr"":1.0,""cci_level"":50.0,""context"":""RANGE_REVERSION"",""direction"":""BOTH"",""ema_touch_atr"":0.0,""max_hold_bars"":72,""range_adx_max"":24.0,""range_ema_separation_atr"":0.15,""require_confirmation_break"":false,""require_vwap"":true,""rsi_level"":35.0,""rsi_reclaim"":40.0,""setup"":""reversion"",""stop_atr"":1.0,""target_rr"":1.25,""trend_adx_min"":18.0,""trend_ema_separation_atr"":0.0,""trigger_mode"":""RSI_MACD"",""vwap_distance_atr"":0.2}"
2024-07 to 2024-12,2019-09-06T00:00:00+00:00,2024-07-01T00:00:00+00:00,RANGE_REVERSION,RANGE_REVERSION-LS13,9,-2.479682,0.639167,,False,,False,"{""atr_ratio_max"":2.6,""atr_ratio_min"":0.65,""bb_width_percentile_max"":0.35,""breakout_range_atr"":0.6,""cci_level"":75.0,""context"":""RANGE_REVERSION"",""direction"":""BOTH"",""ema_touch_atr"":0.25,""max_hold_bars"":48,""range_adx_max"":20.0,""range_ema_separation_atr"":0.3,""require_confirmation_break"":true,""require_vwap"":false,""rsi_level"":40.0,""rsi_reclaim"":40.0,""setup"":""reversion"",""stop_atr"":1.5,""target_rr"":1.5,""trend_adx_min"":18.0,""trend_ema_separation_atr"":0.15,""trigger_mode"":""CCI_MACD"",""vwap_distance_atr"":0.0}"
2024-07 to 2024-12,2019-09-06T00:00:00+00:00,2024-07-01T00:00:00+00:00,RANGE_REVERSION,RANGE_REVERSION-LS14,3,2.714065,,,False,,False,"{""atr_ratio_max"":2.2,""atr_ratio_min"":0.65,""bb_width_percentile_max"":0.5,""breakout_range_atr"":0.8,""cci_level"":75.0,""context"":""RANGE_REVERSION"",""direction"":""BOTH"",""ema_touch_atr"":0.5,""max_hold_bars"":72,""range_adx_max"":16.0,""range_ema_separation_atr"":0.5,""require_confirmation_break"":true,""require_vwap"":true,""rsi_level"":40.0,""rsi_reclaim"":35.0,""setup"":""reversion"",""stop_atr"":1.25,""target_rr"":1.25,""trend_adx_min"":14.0,""trend_ema_separation_atr"":0.0,""trigger_mode"":""CCI_MACD"",""vwap_distance_atr"":0.4}"
2024-07 to 2024-12,2019-09-06T00:00:00+00:00,2024-07-01T00:00:00+00:00,RANGE_REVERSION,RANGE_REVERSION-LS15,0,0.0,,,False,,False,"{""atr_ratio_max"":2.6,""atr_ratio_min"":0.45,""bb_width_percentile_max"":0.2,""breakout_range_atr"":0.6,""cci_level"":100.0,""context"":""RANGE_REVERSION"",""direction"":""BOTH"",""ema_touch_atr"":0.5,""max_hold_bars"":48,""range_adx_max"":16.0,""range_ema_separation_atr"":0.3,""require_confirmation_break"":true,""require_vwap"":true,""rsi_level"":30.0,""rsi_reclaim"":40.0,""setup"":""reversion"",""stop_atr"":1.0,""target_rr"":1.5,""trend_adx_min"":22.0,""trend_ema_separation_atr"":0.0,""trigger_mode"":""ALL_THREE"",""vwap_distance_atr"":0.2}"
2024-07 to 2024-12,2019-09-06T00:00:00+00:00,2024-07-01T00:00:00+00:00,RANGE_REVERSION,RANGE_REVERSION-LS16,2,-0.284487,0.832431,,False,,False,"{""atr_ratio_max"":1.8,""atr_ratio_min"":0.45,""bb_width_percentile_max"":0.5,""breakout_range_atr"":1.0,""cci_level"":50.0,""context"":""RANGE_REVERSION"",""direction"":""BOTH"",""ema_touch_atr"":0.5,""max_hold_bars"":48,""range_adx_max"":24.0,""range_ema_separation_atr"":0.5,""require_confirmation_break"":true,""require_vwap"":true,""rsi_level"":40.0,""rsi_reclaim"":45.0,""setup"":""reversion"",""stop_atr"":1.5,""target_rr"":1.75,""trend_adx_min"":18.0,""trend_ema_separation_atr"":0.15,""trigger_mode"":""ALL_THREE"",""vwap_distance_atr"":0.2}"
2024-07 to 2024-12,2019-09-06T00:00:00+00:00,2024-07-01T00:00:00+00:00,RANGE_REVERSION,RANGE_REVERSION-LS17,0,0.0,,,False,,False,"{""atr_ratio_max"":2.2,""atr_ratio_min"":0.3,""bb_width_percentile_max"":0.5,""breakout_range_atr"":0.6,""cci_level"":100.0,""context"":""RANGE_REVERSION"",""direction"":""BOTH"",""ema_touch_atr"":0.0,""max_hold_bars"":48,""range_adx_max"":16.0,""range_ema_separation_atr"":0.15,""require_confirmation_break"":false,""require_vwap"":false,""rsi_level"":30.0,""rsi_reclaim"":45.0,""setup"":""reversion"",""stop_atr"":1.5,""target_rr"":1.25,""trend_adx_min"":18.0,""trend_ema_separation_atr"":0.0,""trigger_mode"":""RSI_CCI"",""vwap_distance_atr"":0.0}"
2024-07 to 2024-12,2019-09-06T00:00:00+00:00,2024-07-01T00:00:00+00:00,RANGE_REVERSION,RANGE_REVERSION-LS18,0,0.0,,,False,,False,"{""atr_ratio_max"":2.6,""atr_ratio_min"":0.45,""bb_width_percentile_max"":0.35,""breakout_range_atr"":0.8,""cci_level"":75.0,""context"":""RANGE_REVERSION"",""direction"":""BOTH"",""ema_touch_atr"":0.25,""max_hold_bars"":72,""range_adx_max"":16.0,""range_ema_separation_atr"":0.5,""require_confirmation_break"":false,""require_vwap"":false,""rsi_level"":35.0,""rsi_reclaim"":45.0,""setup"":""reversion"",""stop_atr"":1.0,""target_rr"":1.5,""trend_adx_min"":14.0,""trend_ema_separation_atr"":0.15,""trigger_mode"":""ALL_THREE"",""vwap_distance_atr"":0.2}"
2025-01 to 2025-06,2019-09-06T00:00:00+00:00,2025-01-01T00:00:00+00:00,BEAR_BREAKOUT,BEAR_BREAKOUT-LS01,178,-73.426729,0.295649,0.149617,False,,False,"{""atr_ratio_max"":2.2,""atr_ratio_min"":0.45,""bb_width_percentile_max"":0.35,""breakout_range_atr"":0.8,""cci_level"":50.0,""context"":""BEAR_BREAKOUT"",""direction"":""SHORT"",""ema_touch_atr"":0.5,""max_hold_bars"":96,""range_adx_max"":24.0,""range_ema_separation_atr"":0.15,""require_confirmation_break"":false,""require_vwap"":true,""rsi_level"":50.0,""rsi_reclaim"":48.0,""setup"":""breakout"",""stop_atr"":1.0,""target_rr"":1.5,""trend_adx_min"":14.0,""trend_ema_separation_atr"":0.05,""trigger_mode"":""RSI_MACD"",""vwap_distance_atr"":0.4}"
2025-01 to 2025-06,2019-09-06T00:00:00+00:00,2025-01-01T00:00:00+00:00,BEAR_BREAKOUT,BEAR_BREAKOUT-LS02,155,-72.145302,0.235758,0.07484,False,,False,"{""atr_ratio_max"":2.2,""atr_ratio_min"":0.3,""bb_width_percentile_max"":0.35,""breakout_range_atr"":1.0,""cci_level"":50.0,""context"":""BEAR_BREAKOUT"",""direction"":""SHORT"",""ema_touch_atr"":0.5,""max_hold_bars"":72,""range_adx_max"":16.0,""range_ema_separation_atr"":0.5,""require_confirmation_break"":true,""require_vwap"":true,""rsi_level"":60.0,""rsi_reclaim"":52.0,""setup"":""breakout"",""stop_atr"":1.0,""target_rr"":1.25,""trend_adx_min"":14.0,""trend_ema_separation_atr"":0.05,""trigger_mode"":""ALL_THREE"",""vwap_distance_atr"":0.4}"
2025-01 to 2025-06,2019-09-06T00:00:00+00:00,2025-01-01T00:00:00+00:00,BEAR_BREAKOUT,BEAR_BREAKOUT-LS03,237,-81.998589,0.325248,0.131614,False,,False,"{""atr_ratio_max"":2.2,""atr_ratio_min"":0.3,""bb_width_percentile_max"":0.5,""breakout_range_atr"":1.0,""cci_level"":100.0,""context"":""BEAR_BREAKOUT"",""direction"":""SHORT"",""ema_touch_atr"":0.5,""max_hold_bars"":96,""range_adx_max"":20.0,""range_ema_separation_atr"":0.3,""require_confirmation_break"":false,""require_vwap"":true,""rsi_level"":50.0,""rsi_reclaim"":50.0,""setup"":""breakout"",""stop_atr"":1.5,""target_rr"":1.5,""trend_adx_min"":14.0,""trend_ema_separation_atr"":0.0,""trigger_mode"":""CCI_MACD"",""vwap_distance_atr"":0.0}"
2025-01 to 2025-06,2019-09-06T00:00:00+00:00,2025-01-01T00:00:00+00:00,BEAR_BREAKOUT,BEAR_BREAKOUT-LS04,58,-40.901061,0.221453,0.098573,False,,False,"{""atr_ratio_max"":1.8,""atr_ratio_min"":0.45,""bb_width_percentile_max"":0.2,""breakout_range_atr"":1.0,""cci_level"":0.0,""context"":""BEAR_BREAKOUT"",""direction"":""SHORT"",""ema_touch_atr"":0.0,""max_hold_bars"":72,""range_adx_max"":20.0,""range_ema_separation_atr"":0.5,""require_confirmation_break"":true,""require_vwap"":true,""rsi_level"":50.0,""rsi_reclaim"":50.0,""setup"":""breakout"",""stop_atr"":1.5,""target_rr"":1.75,""trend_adx_min"":22.0,""trend_ema_separation_atr"":0.15,""trigger_mode"":""ALL_THREE"",""vwap_distance_atr"":0.4}"
2025-01 to 2025-06,2019-09-06T00:00:00+00:00,2025-01-01T00:00:00+00:00,BEAR_BREAKOUT,BEAR_BREAKOUT-LS05,140,-67.386937,0.239648,0.096421,False,,False,"{""atr_ratio_max"":2.6,""atr_ratio_min"":0.3,""bb_width_percentile_max"":0.35,""breakout_range_atr"":0.6,""cci_level"":100.0,""context"":""BEAR_BREAKOUT"",""direction"":""SHORT"",""ema_touch_atr"":0.0,""max_hold_bars"":48,""range_adx_max"":24.0,""range_ema_separation_atr"":0.15,""require_confirmation_break"":true,""require_vwap"":true,""rsi_level"":50.0,""rsi_reclaim"":50.0,""setup"":""breakout"",""stop_atr"":1.0,""target_rr"":1.5,""trend_adx_min"":18.0,""trend_ema_separation_atr"":0.05,""trigger_mode"":""ALL_THREE"",""vwap_distance_atr"":0.4}"
2025-01 to 2025-06,2019-09-06T00:00:00+00:00,2025-01-01T00:00:00+00:00,BEAR_BREAKOUT,BEAR_BREAKOUT-LS06,444,-95.013318,0.310209,0.299566,False,,False,"{""atr_ratio_max"":1.8,""atr_ratio_min"":0.45,""bb_width_percentile_max"":0.5,""breakout_range_atr"":0.6,""cci_level"":0.0,""context"":""BEAR_BREAKOUT"",""direction"":""SHORT"",""ema_touch_atr"":0.0,""max_hold_bars"":72,""range_adx_max"":24.0,""range_ema_separation_atr"":0.5,""require_confirmation_break"":false,""require_vwap"":false,""rsi_level"":60.0,""rsi_reclaim"":48.0,""setup"":""breakout"",""stop_atr"":1.25,""target_rr"":1.75,""trend_adx_min"":14.0,""trend_ema_separation_atr"":0.15,""trigger_mode"":""RSI_CCI"",""vwap_distance_atr"":0.2}"
2025-01 to 2025-06,2019-09-06T00:00:00+00:00,2025-01-01T00:00:00+00:00,BEAR_BREAKOUT,BEAR_BREAKOUT-LS07,443,-95.058856,0.34051,0.302505,False,,False,"{""atr_ratio_max"":1.8,""atr_ratio_min"":0.65,""bb_width_percentile_max"":0.5,""breakout_range_atr"":1.0,""cci_level"":100.0,""context"":""BEAR_BREAKOUT"",""direction"":""SHORT"",""ema_touch_atr"":0.25,""max_hold_bars"":96,""range_adx_max"":24.0,""range_ema_separation_atr"":0.3,""require_confirmation_break"":false,""require_vwap"":false,""rsi_level"":60.0,""rsi_reclaim"":48.0,""setup"":""breakout"",""stop_atr"":1.5,""target_rr"":1.75,""trend_adx_min"":18.0,""trend_ema_separation_atr"":0.05,""trigger_mode"":""RSI_CCI"",""vwap_distance_atr"":0.0}"
2025-01 to 2025-06,2019-09-06T00:00:00+00:00,2025-01-01T00:00:00+00:00,BEAR_BREAKOUT,BEAR_BREAKOUT-LS08,135,-69.579268,0.240333,0.056758,False,,False,"{""atr_ratio_max"":2.2,""atr_ratio_min"":0.3,""bb_width_percentile_max"":0.35,""breakout_range_atr"":0.8,""cci_level"":50.0,""context"":""BEAR_BREAKOUT"",""direction"":""SHORT"",""ema_touch_atr"":0.25,""max_hold_bars"":72,""range_adx_max"":16.0,""range_ema_separation_atr"":0.5,""require_confirmation_break"":false,""require_vwap"":false,""rsi_level"":50.0,""rsi_reclaim"":48.0,""setup"":""breakout"",""stop_atr"":1.0,""target_rr"":1.75,""trend_adx_min"":18.0,""trend_ema_separation_atr"":0.0,""trigger_mode"":""CCI_MACD"",""vwap_distance_atr"":0.0}"
2025-01 to 2025-06,2019-09-06T00:00:00+00:00,2025-01-01T00:00:00+00:00,BEAR_BREAKOUT,BEAR_BREAKOUT-LS09,255,-83.571207,0.316422,0.102676,False,,False,"{""atr_ratio_max"":2.6,""atr_ratio_min"":0.65,""bb_width_percentile_max"":0.5,""breakout_range_atr"":0.8,""cci_level"":0.0,""context"":""BEAR_BREAKOUT"",""direction"":""SHORT"",""ema_touch_atr"":0.0,""max_hold_bars"":48,""range_adx_max"":16.0,""range_ema_separation_atr"":0.15,""require_confirmation_break"":true,""require_vwap"":true,""rsi_level"":55.0,""rsi_reclaim"":48.0,""setup"":""breakout"",""stop_atr"":1.25,""target_rr"":1.25,""trend_adx_min"":14.0,""trend_ema_separation_atr"":0.0,""trigger_mode"":""RSI_MACD"",""vwap_distance_atr"":0.0}"
2025-01 to 2025-06,2019-09-06T00:00:00+00:00,2025-01-01T00:00:00+00:00,BEAR_BREAKOUT,BEAR_BREAKOUT-LS10,80,-46.951644,0.243828,0.041342,False,,False,"{""atr_ratio_max"":1.8,""atr_ratio_min"":0.65,""bb_width_percentile_max"":0.2,""breakout_range_atr"":0.6,""cci_level"":0.0,""context"":""BEAR_BREAKOUT"",""direction"":""SHORT"",""ema_touch_atr"":0.0,""max_hold_bars"":48,""range_adx_max"":16.0,""range_ema_separation_atr"":0.15,""require_confirmation_break"":false,""require_vwap"":true,""rsi_level"":60.0,""rsi_reclaim"":52.0,""setup"":""breakout"",""stop_atr"":1.25,""target_rr"":1.75,""trend_adx_min"":18.0,""trend_ema_separation_atr"":0.05,""trigger_mode"":""RSI_MACD"",""vwap_distance_atr"":0.2}"
2025-01 to 2025-06,2019-09-06T00:00:00+00:00,2025-01-01T00:00:00+00:00,BEAR_BREAKOUT,BEAR_BREAKOUT-LS11,106,-56.562727,0.237433,0.119773,False,,False,"{""atr_ratio_max"":2.2,""atr_ratio_min"":0.3,""bb_width_percentile_max"":0.2,""breakout_range_atr"":1.0,""cci_level"":50.0,""context"":""BEAR_BREAKOUT"",""direction"":""SHORT"",""ema_touch_atr"":0.5,""max_hold_bars"":72,""range_adx_max"":16.0,""range_ema_separation_atr"":0.15,""require_confirmation_break"":true,""require_vwap"":true,""rsi_level"":55.0,""rsi_reclaim"":50.0,""setup"":""breakout"",""stop_atr"":1.25,""target_rr"":1.25,""trend_adx_min"":14.0,""trend_ema_separation_atr"":0.0,""trigger_mode"":""ALL_THREE"",""vwap_distance_atr"":0.0}"
2025-01 to 2025-06,2019-09-06T00:00:00+00:00,2025-01-01T00:00:00+00:00,BEAR_BREAKOUT,BEAR_BREAKOUT-LS12,100,-54.195808,0.249295,0.111199,False,,False,"{""atr_ratio_max"":1.8,""atr_ratio_min"":0.45,""bb_width_percentile_max"":0.35,""breakout_range_atr"":0.6,""cci_level"":100.0,""context"":""BEAR_BREAKOUT"",""direction"":""SHORT"",""ema_touch_atr"":0.25,""max_hold_bars"":96,""range_adx_max"":20.0,""range_ema_separation_atr"":0.5,""require_confirmation_break"":false,""require_vwap"":false,""rsi_level"":60.0,""rsi_reclaim"":52.0,""setup"":""breakout"",""stop_atr"":1.5,""target_rr"":1.25,""trend_adx_min"":22.0,""trend_ema_separation_atr"":0.15,""trigger_mode"":""CCI_MACD"",""vwap_distance_atr"":0.2}"
2025-01 to 2025-06,2019-09-06T00:00:00+00:00,2025-01-01T00:00:00+00:00,BEAR_BREAKOUT,BEAR_BREAKOUT-LS13,412,-95.028779,0.308338,0.20717,False,,False,"{""atr_ratio_max"":2.6,""atr_ratio_min"":0.45,""bb_width_percentile_max"":0.5,""breakout_range_atr"":0.8,""cci_level"":0.0,""context"":""BEAR_BREAKOUT"",""direction"":""SHORT"",""ema_touch_atr"":0.25,""max_hold_bars"":96,""range_adx_max"":20.0,""range_ema_separation_atr"":0.3,""require_confirmation_break"":true,""require_vwap"":false,""rsi_level"":55.0,""rsi_reclaim"":52.0,""setup"":""breakout"",""stop_atr"":1.25,""target_rr"":1.5,""trend_adx_min"":22.0,""trend_ema_separation_atr"":0.05,""trigger_mode"":""RSI_CCI"",""vwap_distance_atr"":0.2}"
2025-01 to 2025-06,2019-09-06T00:00:00+00:00,2025-01-01T00:00:00+00:00,BEAR_BREAKOUT,BEAR_BREAKOUT-LS14,485,-95.029665,0.332312,0.296754,False,,False,"{""atr_ratio_max"":2.6,""atr_ratio_min"":0.65,""bb_width_percentile_max"":0.5,""breakout_range_atr"":0.6,""cci_level"":100.0,""context"":""BEAR_BREAKOUT"",""direction"":""SHORT"",""ema_touch_atr"":0.25,""max_hold_bars"":48,""range_adx_max"":20.0,""range_ema_separation_atr"":0.3,""require_confirmation_break"":false,""require_vwap"":true,""rsi_level"":50.0,""rsi_reclaim"":52.0,""setup"":""breakout"",""stop_atr"":1.0,""target_rr"":1.75,""trend_adx_min"":18.0,""trend_ema_separation_atr"":0.15,""trigger_mode"":""RSI_CCI"",""vwap_distance_atr"":0.2}"
2025-01 to 2025-06,2019-09-06T00:00:00+00:00,2025-01-01T00:00:00+00:00,BEAR_BREAKOUT,BEAR_BREAKOUT-LS15,67,-39.405567,0.230999,0.124298,False,,False,"{""atr_ratio_max"":2.6,""atr_ratio_min"":0.45,""bb_width_percentile_max"":0.2,""breakout_range_atr"":0.6,""cci_level"":50.0,""context"":""BEAR_BREAKOUT"",""direction"":""SHORT"",""ema_touch_atr"":0.25,""max_hold_bars"":48,""range_adx_max"":24.0,""range_ema_separation_atr"":0.5,""require_confirmation_break"":true,""require_vwap"":false,""rsi_level"":55.0,""rsi_reclaim"":50.0,""setup"":""breakout"",""stop_atr"":1.5,""target_rr"":1.25,""trend_adx_min"":22.0,""trend_ema_separation_atr"":0.15,""trigger_mode"":""RSI_MACD"",""vwap_distance_atr"":0.4}"
2025-01 to 2025-06,2019-09-06T00:00:00+00:00,2025-01-01T00:00:00+00:00,BEAR_BREAKOUT,BEAR_BREAKOUT-LS16,80,-48.514335,0.215665,0.110114,False,,False,"{""atr_ratio_max"":2.6,""atr_ratio_min"":0.65,""bb_width_percentile_max"":0.2,""breakout_range_atr"":0.8,""cci_level"":0.0,""context"":""BEAR_BREAKOUT"",""direction"":""SHORT"",""ema_touch_atr"":0.5,""max_hold_bars"":48,""range_adx_max"":20.0,""range_ema_separation_atr"":0.3,""require_confirmation_break"":true,""require_vwap"":false,""rsi_level"":55.0,""rsi_reclaim"":50.0,""setup"":""breakout"",""stop_atr"":1.0,""target_rr"":1.5,""trend_adx_min"":18.0,""trend_ema_separation_atr"":0.0,""trigger_mode"":""RSI_MACD"",""vwap_distance_atr"":0.2}"
2025-01 to 2025-06,2019-09-06T00:00:00+00:00,2025-01-01T00:00:00+00:00,BEAR_BREAKOUT,BEAR_BREAKOUT-LS17,55,-39.969943,0.203967,0.14384,False,,False,"{""atr_ratio_max"":1.8,""atr_ratio_min"":0.65,""bb_width_percentile_max"":0.2,""breakout_range_atr"":1.0,""cci_level"":50.0,""context"":""BEAR_BREAKOUT"",""direction"":""SHORT"",""ema_touch_atr"":0.5,""max_hold_bars"":72,""range_adx_max"":16.0,""range_ema_separation_atr"":0.3,""require_confirmation_break"":true,""require_vwap"":false,""rsi_level"":60.0,""rsi_reclaim"":52.0,""setup"":""breakout"",""stop_atr"":1.5,""target_rr"":1.5,""trend_adx_min"":22.0,""trend_ema_separation_atr"":0.0,""trigger_mode"":""CCI_MACD"",""vwap_distance_atr"":0.0}"
2025-01 to 2025-06,2019-09-06T00:00:00+00:00,2025-01-01T00:00:00+00:00,BEAR_BREAKOUT,BEAR_BREAKOUT-LS18,275,-86.133463,0.282482,0.169525,False,,False,"{""atr_ratio_max"":2.2,""atr_ratio_min"":0.3,""bb_width_percentile_max"":0.35,""breakout_range_atr"":0.8,""cci_level"":100.0,""context"":""BEAR_BREAKOUT"",""direction"":""SHORT"",""ema_touch_atr"":0.0,""max_hold_bars"":96,""range_adx_max"":24.0,""range_ema_separation_atr"":0.15,""require_confirmation_break"":false,""require_vwap"":false,""rsi_level"":55.0,""rsi_reclaim"":48.0,""setup"":""breakout"",""stop_atr"":1.25,""target_rr"":1.25,""trend_adx_min"":22.0,""trend_ema_separation_atr"":0.15,""trigger_mode"":""RSI_CCI"",""vwap_distance_atr"":0.4}"
2025-01 to 2025-06,2019-09-06T00:00:00+00:00,2025-01-01T00:00:00+00:00,BEAR_PULLBACK,BEAR_PULLBACK-LS01,361,-91.858705,0.324538,0.212046,False,,False,"{""atr_ratio_max"":2.2,""atr_ratio_min"":0.45,""bb_width_percentile_max"":0.2,""breakout_range_atr"":0.6,""cci_level"":0.0,""context"":""BEAR_PULLBACK"",""direction"":""SHORT"",""ema_touch_atr"":0.25,""max_hold_bars"":48,""range_adx_max"":20.0,""range_ema_separation_atr"":0.15,""require_confirmation_break"":false,""require_vwap"":false,""rsi_level"":55.0,""rsi_reclaim"":50.0,""setup"":""pullback"",""stop_atr"":1.5,""target_rr"":1.5,""trend_adx_min"":18.0,""trend_ema_separation_atr"":0.15,""trigger_mode"":""ALL_THREE"",""vwap_distance_atr"":0.2}"
2025-01 to 2025-06,2019-09-06T00:00:00+00:00,2025-01-01T00:00:00+00:00,BEAR_PULLBACK,BEAR_PULLBACK-LS02,508,-95.050293,0.328393,0.325542,False,,False,"{""atr_ratio_max"":1.8,""atr_ratio_min"":0.3,""bb_width_percentile_max"":0.2,""breakout_range_atr"":0.8,""cci_level"":-50.0,""context"":""BEAR_PULLBACK"",""direction"":""SHORT"",""ema_touch_atr"":0.5,""max_hold_bars"":48,""range_adx_max"":24.0,""range_ema_separation_atr"":0.15,""require_confirmation_break"":false,""require_vwap"":false,""rsi_level"":50.0,""rsi_reclaim"":48.0,""setup"":""pullback"",""stop_atr"":1.0,""target_rr"":1.25,""trend_adx_min"":14.0,""trend_ema_separation_atr"":0.15,""trigger_mode"":""CCI_MACD"",""vwap_distance_atr"":0.0}"
2025-01 to 2025-06,2019-09-06T00:00:00+00:00,2025-01-01T00:00:00+00:00,BEAR_PULLBACK,BEAR_PULLBACK-LS03,55,-34.027662,0.300887,0.255441,False,,False,"{""atr_ratio_max"":2.2,""atr_ratio_min"":0.3,""bb_width_percentile_max"":0.2,""breakout_range_atr"":0.8,""cci_level"":0.0,""context"":""BEAR_PULLBACK"",""direction"":""SHORT"",""ema_touch_atr"":0.5,""max_hold_bars"":72,""range_adx_max"":16.0,""range_ema_separation_atr"":0.3,""require_confirmation_break"":true,""require_vwap"":true,""rsi_level"":55.0,""rsi_reclaim"":48.0,""setup"":""pullback"",""stop_atr"":1.25,""target_rr"":1.75,""trend_adx_min"":22.0,""trend_ema_separation_atr"":0.05,""trigger_mode"":""RSI_CCI"",""vwap_distance_atr"":0.2}"
2025-01 to 2025-06,2019-09-06T00:00:00+00:00,2025-01-01T00:00:00+00:00,BEAR_PULLBACK,BEAR_PULLBACK-LS04,197,-72.298793,0.379968,0.281661,False,,False,"{""atr_ratio_max"":2.6,""atr_ratio_min"":0.65,""bb_width_percentile_max"":0.35,""breakout_range_atr"":0.8,""cci_level"":25.0,""context"":""BEAR_PULLBACK"",""direction"":""SHORT"",""ema_touch_atr"":0.25,""max_hold_bars"":48,""range_adx_max"":20.0,""range_ema_separation_atr"":0.5,""require_confirmation_break"":true,""require_vwap"":true,""rsi_level"":50.0,""rsi_reclaim"":52.0,""setup"":""pullback"",""stop_atr"":1.0,""target_rr"":1.75,""trend_adx_min"":14.0,""trend_ema_separation_atr"":0.0,""trigger_mode"":""CCI_MACD"",""vwap_distance_atr"":0.4}"
2025-01 to 2025-06,2019-09-06T00:00:00+00:00,2025-01-01T00:00:00+00:00,BEAR_PULLBACK,BEAR_PULLBACK-LS05,153,-69.339438,0.265353,0.167916,False,,False,"{""atr_ratio_max"":2.2,""atr_ratio_min"":0.45,""bb_width_percentile_max"":0.2,""breakout_range_atr"":1.0,""cci_level"":-50.0,""context"":""BEAR_PULLBACK"",""direction"":""SHORT"",""ema_touch_atr"":0.0,""max_hold_bars"":96,""range_adx_max"":16.0,""range_ema_separation_atr"":0.3,""require_confirmation_break"":false,""require_vwap"":false,""rsi_level"":45.0,""rsi_reclaim"":50.0,""setup"":""pullback"",""stop_atr"":1.25,""target_rr"":1.25,""trend_adx_min"":22.0,""trend_ema_separation_atr"":0.0,""trigger_mode"":""CCI_MACD"",""vwap_distance_atr"":0.0}"
2025-01 to 2025-06,2019-09-06T00:00:00+00:00,2025-01-01T00:00:00+00:00,BEAR_PULLBACK,BEAR_PULLBACK-LS06,392,-90.56142,0.372416,0.296365,False,,False,"{""atr_ratio_max"":1.8,""atr_ratio_min"":0.45,""bb_width_percentile_max"":0.5,""breakout_range_atr"":1.0,""cci_level"":25.0,""context"":""BEAR_PULLBACK"",""direction"":""SHORT"",""ema_touch_atr"":0.0,""max_hold_bars"":72,""range_adx_max"":20.0,""range_ema_separation_atr"":0.5,""require_confirmation_break"":true,""require_vwap"":false,""rsi_level"":55.0,""rsi_reclaim"":50.0,""setup"":""pullback"",""stop_atr"":1.25,""target_rr"":1.25,""trend_adx_min"":14.0,""trend_ema_separation_atr"":0.05,""trigger_mode"":""ALL_THREE"",""vwap_distance_atr"":0.2}"
2025-01 to 2025-06,2019-09-06T00:00:00+00:00,2025-01-01T00:00:00+00:00,BEAR_PULLBACK,BEAR_PULLBACK-LS07,277,-83.954508,0.332542,0.211642,False,,False,"{""atr_ratio_max"":2.6,""atr_ratio_min"":0.3,""bb_width_percentile_max"":0.2,""breakout_range_atr"":1.0,""cci_level"":0.0,""context"":""BEAR_PULLBACK"",""direction"":""SHORT"",""ema_touch_atr"":0.25,""max_hold_bars"":72,""range_adx_max"":16.0,""range_ema_separation_atr"":0.15,""require_confirmation_break"":true,""require_vwap"":false,""rsi_level"":50.0,""rsi_reclaim"":52.0,""setup"":""pullback"",""stop_atr"":1.25,""target_rr"":1.25,""trend_adx_min"":18.0,""trend_ema_separation_atr"":0.05,""trigger_mode"":""RSI_CCI"",""vwap_distance_atr"":0.4}"
2025-01 to 2025-06,2019-09-06T00:00:00+00:00,2025-01-01T00:00:00+00:00,BEAR_PULLBACK,BEAR_PULLBACK-LS08,39,-20.420774,0.398026,0.108905,False,,False,"{""atr_ratio_max"":1.8,""atr_ratio_min"":0.65,""bb_width_percentile_max"":0.35,""breakout_range_atr"":0.6,""cci_level"":-50.0,""context"":""BEAR_PULLBACK"",""direction"":""SHORT"",""ema_touch_atr"":0.5,""max_hold_bars"":72,""range_adx_max"":24.0,""range_ema_separation_atr"":0.3,""require_confirmation_break"":false,""require_vwap"":true,""rsi_level"":55.0,""rsi_reclaim"":50.0,""setup"":""pullback"",""stop_atr"":1.0,""target_rr"":1.75,""trend_adx_min"":22.0,""trend_ema_separation_atr"":0.15,""trigger_mode"":""RSI_CCI"",""vwap_distance_atr"":0.0}"
2025-01 to 2025-06,2019-09-06T00:00:00+00:00,2025-01-01T00:00:00+00:00,BEAR_PULLBACK,BEAR_PULLBACK-LS09,46,-23.946032,0.360764,0.242084,False,,False,"{""atr_ratio_max"":1.8,""atr_ratio_min"":0.3,""bb_width_percentile_max"":0.5,""breakout_range_atr"":0.6,""cci_level"":0.0,""context"":""BEAR_PULLBACK"",""direction"":""SHORT"",""ema_touch_atr"":0.25,""max_hold_bars"":48,""range_adx_max"":24.0,""range_ema_separation_atr"":0.3,""require_confirmation_break"":true,""require_vwap"":true,""rsi_level"":50.0,""rsi_reclaim"":50.0,""setup"":""pullback"",""stop_atr"":1.25,""target_rr"":1.5,""trend_adx_min"":22.0,""trend_ema_separation_atr"":0.0,""trigger_mode"":""RSI_CCI"",""vwap_distance_atr"":0.2}"
2025-01 to 2025-06,2019-09-06T00:00:00+00:00,2025-01-01T00:00:00+00:00,BEAR_PULLBACK,BEAR_PULLBACK-LS10,95,-41.086997,0.419927,0.224729,False,,False,"{""atr_ratio_max"":2.2,""atr_ratio_min"":0.45,""bb_width_percentile_max"":0.5,""breakout_range_atr"":0.6,""cci_level"":25.0,""context"":""BEAR_PULLBACK"",""direction"":""SHORT"",""ema_touch_atr"":0.25,""max_hold_bars"":96,""range_adx_max"":20.0,""range_ema_separation_atr"":0.5,""require_confirmation_break"":false,""require_vwap"":true,""rsi_level"":50.0,""rsi_reclaim"":48.0,""setup"":""pullback"",""stop_atr"":1.25,""target_rr"":1.25,""trend_adx_min"":18.0,""trend_ema_separation_atr"":0.05,""trigger_mode"":""RSI_CCI"",""vwap_distance_atr"":0.2}"
2025-01 to 2025-06,2019-09-06T00:00:00+00:00,2025-01-01T00:00:00+00:00,BEAR_PULLBACK,BEAR_PULLBACK-LS11,68,-31.137768,0.450245,0.165501,False,,False,"{""atr_ratio_max"":2.2,""atr_ratio_min"":0.65,""bb_width_percentile_max"":0.35,""breakout_range_atr"":1.0,""cci_level"":25.0,""context"":""BEAR_PULLBACK"",""direction"":""SHORT"",""ema_touch_atr"":0.0,""max_hold_bars"":96,""range_adx_max"":24.0,""range_ema_separation_atr"":0.15,""require_confirmation_break"":false,""require_vwap"":false,""rsi_level"":45.0,""rsi_reclaim"":52.0,""setup"":""pullback"",""stop_atr"":1.5,""target_rr"":1.5,""trend_adx_min"":14.0,""trend_ema_separation_atr"":0.05,""trigger_mode"":""ALL_THREE"",""vwap_distance_atr"":0.4}"
2025-01 to 2025-06,2019-09-06T00:00:00+00:00,2025-01-01T00:00:00+00:00,BEAR_PULLBACK,BEAR_PULLBACK-LS12,21,-15.890067,0.248846,0.0,False,,False,"{""atr_ratio_max"":1.8,""atr_ratio_min"":0.65,""bb_width_percentile_max"":0.35,""breakout_range_atr"":0.8,""cci_level"":25.0,""context"":""BEAR_PULLBACK"",""direction"":""SHORT"",""ema_touch_atr"":0.5,""max_hold_bars"":72,""range_adx_max"":20.0,""range_ema_separation_atr"":0.15,""require_confirmation_break"":true,""require_vwap"":true,""rsi_level"":45.0,""rsi_reclaim"":52.0,""setup"":""pullback"",""stop_atr"":1.0,""target_rr"":1.5,""trend_adx_min"":18.0,""trend_ema_separation_atr"":0.15,""trigger_mode"":""ALL_THREE"",""vwap_distance_atr"":0.0}"
2025-01 to 2025-06,2019-09-06T00:00:00+00:00,2025-01-01T00:00:00+00:00,BEAR_PULLBACK,BEAR_PULLBACK-LS13,485,-95.016981,0.358652,0.27644,False,,False,"{""atr_ratio_max"":2.6,""atr_ratio_min"":0.45,""bb_width_percentile_max"":0.2,""breakout_range_atr"":0.6,""cci_level"":-50.0,""context"":""BEAR_PULLBACK"",""direction"":""SHORT"",""ema_touch_atr"":0.0,""max_hold_bars"":72,""range_adx_max"":16.0,""range_ema_separation_atr"":0.15,""require_confirmation_break"":false,""require_vwap"":false,""rsi_level"":50.0,""rsi_reclaim"":48.0,""setup"":""pullback"",""stop_atr"":1.5,""target_rr"":1.75,""trend_adx_min"":18.0,""trend_ema_separation_atr"":0.05,""trigger_mode"":""RSI_MACD"",""vwap_distance_atr"":0.4}"
2025-01 to 2025-06,2019-09-06T00:00:00+00:00,2025-01-01T00:00:00+00:00,BEAR_PULLBACK,BEAR_PULLBACK-LS14,352,-92.078764,0.303726,0.270963,False,,False,"{""atr_ratio_max"":2.6,""atr_ratio_min"":0.65,""bb_width_percentile_max"":0.35,""breakout_range_atr"":0.6,""cci_level"":-50.0,""context"":""BEAR_PULLBACK"",""direction"":""SHORT"",""ema_touch_atr"":0.5,""max_hold_bars"":48,""range_adx_max"":20.0,""range_ema_separation_atr"":0.5,""require_confirmation_break"":false,""require_vwap"":true,""rsi_level"":55.0,""rsi_reclaim"":52.0,""setup"":""pullback"",""stop_atr"":1.0,""target_rr"":1.5,""trend_adx_min"":14.0,""trend_ema_separation_atr"":0.15,""trigger_mode"":""RSI_MACD"",""vwap_distance_atr"":0.4}"
2025-01 to 2025-06,2019-09-06T00:00:00+00:00,2025-01-01T00:00:00+00:00,BEAR_PULLBACK,BEAR_PULLBACK-LS15,474,-94.482957,0.389008,0.323772,False,,False,"{""atr_ratio_max"":2.6,""atr_ratio_min"":0.45,""bb_width_percentile_max"":0.5,""breakout_range_atr"":0.8,""cci_level"":0.0,""context"":""BEAR_PULLBACK"",""direction"":""SHORT"",""ema_touch_atr"":0.0,""max_hold_bars"":96,""range_adx_max"":16.0,""range_ema_separation_atr"":0.3,""require_confirmation_break"":true,""require_vwap"":false,""rsi_level"":55.0,""rsi_reclaim"":48.0,""setup"":""pullback"",""stop_atr"":1.5,""target_rr"":1.75,""trend_adx_min"":14.0,""trend_ema_separation_atr"":0.0,""trigger_mode"":""CCI_MACD"",""vwap_distance_atr"":0.0}"
2025-01 to 2025-06,2019-09-06T00:00:00+00:00,2025-01-01T00:00:00+00:00,BEAR_PULLBACK,BEAR_PULLBACK-LS16,120,-50.96087,0.405641,0.379706,False,,False,"{""atr_ratio_max"":2.2,""atr_ratio_min"":0.3,""bb_width_percentile_max"":0.5,""breakout_range_atr"":0.8,""cci_level"":25.0,""context"":""BEAR_PULLBACK"",""direction"":""SHORT"",""ema_touch_atr"":0.0,""max_hold_bars"":48,""range_adx_max"":16.0,""range_ema_separation_atr"":0.5,""require_confirmation_break"":true,""require_vwap"":false,""rsi_level"":45.0,""rsi_reclaim"":52.0,""setup"":""pullback"",""stop_atr"":1.0,""target_rr"":1.75,""trend_adx_min"":18.0,""trend_ema_separation_atr"":0.0,""trigger_mode"":""RSI_MACD"",""vwap_distance_atr"":0.0}"
2025-01 to 2025-06,2019-09-06T00:00:00+00:00,2025-01-01T00:00:00+00:00,BEAR_PULLBACK,BEAR_PULLBACK-LS17,42,-34.698866,0.182939,0.0,False,,False,"{""atr_ratio_max"":2.6,""atr_ratio_min"":0.3,""bb_width_percentile_max"":0.5,""breakout_range_atr"":1.0,""cci_level"":0.0,""context"":""BEAR_PULLBACK"",""direction"":""SHORT"",""ema_touch_atr"":0.5,""max_hold_bars"":96,""range_adx_max"":24.0,""range_ema_separation_atr"":0.5,""require_confirmation_break"":true,""require_vwap"":true,""rsi_level"":45.0,""rsi_reclaim"":50.0,""setup"":""pullback"",""stop_atr"":1.5,""target_rr"":1.5,""trend_adx_min"":22.0,""trend_ema_separation_atr"":0.0,""trigger_mode"":""RSI_MACD"",""vwap_distance_atr"":0.2}"
2025-01 to 2025-06,2019-09-06T00:00:00+00:00,2025-01-01T00:00:00+00:00,BEAR_PULLBACK,BEAR_PULLBACK-LS18,38,-28.086198,0.207837,0.0,False,,False,"{""atr_ratio_max"":1.8,""atr_ratio_min"":0.65,""bb_width_percentile_max"":0.35,""breakout_range_atr"":1.0,""cci_level"":-50.0,""context"":""BEAR_PULLBACK"",""direction"":""SHORT"",""ema_touch_atr"":0.25,""max_hold_bars"":96,""range_adx_max"":24.0,""range_ema_separation_atr"":0.3,""require_confirmation_break"":false,""require_vwap"":true,""rsi_level"":45.0,""rsi_reclaim"":48.0,""setup"":""pullback"",""stop_atr"":1.5,""target_rr"":1.25,""trend_adx_min"":22.0,""trend_ema_separation_atr"":0.15,""trigger_mode"":""RSI_MACD"",""vwap_distance_atr"":0.4}"
2025-01 to 2025-06,2019-09-06T00:00:00+00:00,2025-01-01T00:00:00+00:00,BULL_BREAKOUT,BULL_BREAKOUT-LS01,286,-89.292362,0.301843,0.24715,False,,False,"{""atr_ratio_max"":2.2,""atr_ratio_min"":0.45,""bb_width_percentile_max"":0.5,""breakout_range_atr"":1.0,""cci_level"":0.0,""context"":""BULL_BREAKOUT"",""direction"":""LONG"",""ema_touch_atr"":0.25,""max_hold_bars"":48,""range_adx_max"":16.0,""range_ema_separation_atr"":0.15,""require_confirmation_break"":false,""require_vwap"":false,""rsi_level"":50.0,""rsi_reclaim"":52.0,""setup"":""breakout"",""stop_atr"":1.25,""target_rr"":1.75,""trend_adx_min"":14.0,""trend_ema_separation_atr"":0.05,""trigger_mode"":""CCI_MACD"",""vwap_distance_atr"":0.2}"
2025-01 to 2025-06,2019-09-06T00:00:00+00:00,2025-01-01T00:00:00+00:00,BULL_BREAKOUT,BULL_BREAKOUT-LS02,83,-41.575474,0.335196,0.192573,False,,False,"{""atr_ratio_max"":2.2,""atr_ratio_min"":0.3,""bb_width_percentile_max"":0.2,""breakout_range_atr"":1.0,""cci_level"":0.0,""context"":""BULL_BREAKOUT"",""direction"":""LONG"",""ema_touch_atr"":0.5,""max_hold_bars"":48,""range_adx_max"":20.0,""range_ema_separation_atr"":0.5,""require_confirmation_break"":true,""require_vwap"":false,""rsi_level"":60.0,""rsi_reclaim"":52.0,""setup"":""breakout"",""stop_atr"":1.0,""target_rr"":1.75,""trend_adx_min"":18.0,""trend_ema_separation_atr"":0.05,""trigger_mode"":""RSI_MACD"",""vwap_distance_atr"":0.2}"
2025-01 to 2025-06,2019-09-06T00:00:00+00:00,2025-01-01T00:00:00+00:00,BULL_BREAKOUT,BULL_BREAKOUT-LS03,206,-71.470107,0.285986,0.185086,False,,False,"{""atr_ratio_max"":1.8,""atr_ratio_min"":0.3,""bb_width_percentile_max"":0.2,""breakout_range_atr"":1.0,""cci_level"":0.0,""context"":""BULL_BREAKOUT"",""direction"":""LONG"",""ema_touch_atr"":0.5,""max_hold_bars"":48,""range_adx_max"":16.0,""range_ema_separation_atr"":0.5,""require_confirmation_break"":true,""require_vwap"":true,""rsi_level"":50.0,""rsi_reclaim"":50.0,""setup"":""breakout"",""stop_atr"":1.5,""target_rr"":1.25,""trend_adx_min"":18.0,""trend_ema_separation_atr"":0.0,""trigger_mode"":""RSI_CCI"",""vwap_distance_atr"":0.2}"
2025-01 to 2025-06,2019-09-06T00:00:00+00:00,2025-01-01T00:00:00+00:00,BULL_BREAKOUT,BULL_BREAKOUT-LS04,409,-92.231046,0.345682,0.28482,False,,False,"{""atr_ratio_max"":2.6,""atr_ratio_min"":0.65,""bb_width_percentile_max"":0.35,""breakout_range_atr"":0.8,""cci_level"":50.0,""context"":""BULL_BREAKOUT"",""direction"":""LONG"",""ema_touch_atr"":0.0,""max_hold_bars"":72,""range_adx_max"":24.0,""range_ema_separation_atr"":0.5,""require_confirmation_break"":true,""require_vwap"":false,""rsi_level"":50.0,""rsi_reclaim"":52.0,""setup"":""breakout"",""stop_atr"":1.5,""target_rr"":1.5,""trend_adx_min"":18.0,""trend_ema_separation_atr"":0.15,""trigger_mode"":""RSI_CCI"",""vwap_distance_atr"":0.4}"
2025-01 to 2025-06,2019-09-06T00:00:00+00:00,2025-01-01T00:00:00+00:00,BULL_BREAKOUT,BULL_BREAKOUT-LS05,118,-56.077361,0.338192,0.284446,False,,False,"{""atr_ratio_max"":1.8,""atr_ratio_min"":0.3,""bb_width_percentile_max"":0.35,""breakout_range_atr"":0.6,""cci_level"":100.0,""context"":""BULL_BREAKOUT"",""direction"":""LONG"",""ema_touch_atr"":0.0,""max_hold_bars"":72,""range_adx_max"":24.0,""range_ema_separation_atr"":0.5,""require_confirmation_break"":true,""require_vwap"":false,""rsi_level"":55.0,""rsi_reclaim"":52.0,""setup"":""breakout"",""stop_atr"":1.0,""target_rr"":1.75,""trend_adx_min"":22.0,""trend_ema_separation_atr"":0.0,""trigger_mode"":""CCI_MACD"",""vwap_distance_atr"":0.4}"
2025-01 to 2025-06,2019-09-06T00:00:00+00:00,2025-01-01T00:00:00+00:00,BULL_BREAKOUT,BULL_BREAKOUT-LS06,289,-87.064939,0.309108,0.263536,False,,False,"{""atr_ratio_max"":2.6,""atr_ratio_min"":0.45,""bb_width_percentile_max"":0.5,""breakout_range_atr"":0.8,""cci_level"":50.0,""context"":""BULL_BREAKOUT"",""direction"":""LONG"",""ema_touch_atr"":0.5,""max_hold_bars"":48,""range_adx_max"":20.0,""range_ema_separation_atr"":0.15,""require_confirmation_break"":false,""require_vwap"":true,""rsi_level"":60.0,""rsi_reclaim"":50.0,""setup"":""breakout"",""stop_atr"":1.25,""target_rr"":1.5,""trend_adx_min"":14.0,""trend_ema_separation_atr"":0.15,""trigger_mode"":""ALL_THREE"",""vwap_distance_atr"":0.2}"
2025-01 to 2025-06,2019-09-06T00:00:00+00:00,2025-01-01T00:00:00+00:00,BULL_BREAKOUT,BULL_BREAKOUT-LS07,63,-33.169111,0.333374,0.196205,False,,False,"{""atr_ratio_max"":2.2,""atr_ratio_min"":0.45,""bb_width_percentile_max"":0.2,""breakout_range_atr"":0.6,""cci_level"":50.0,""context"":""BULL_BREAKOUT"",""direction"":""LONG"",""ema_touch_atr"":0.25,""max_hold_bars"":96,""range_adx_max"":16.0,""range_ema_separation_atr"":0.3,""require_confirmation_break"":false,""require_vwap"":true,""rsi_level"":60.0,""rsi_reclaim"":50.0,""setup"":""breakout"",""stop_atr"":1.25,""target_rr"":1.5,""trend_adx_min"":22.0,""trend_ema_separation_atr"":0.0,""trigger_mode"":""ALL_THREE"",""vwap_distance_atr"":0.0}"
2025-01 to 2025-06,2019-09-06T00:00:00+00:00,2025-01-01T00:00:00+00:00,BULL_BREAKOUT,BULL_BREAKOUT-LS08,304,-87.109634,0.280613,0.271055,False,,False,"{""atr_ratio_max"":2.6,""atr_ratio_min"":0.45,""bb_width_percentile_max"":0.35,""breakout_range_atr"":0.6,""cci_level"":100.0,""context"":""BULL_BREAKOUT"",""direction"":""LONG"",""ema_touch_atr"":0.25,""max_hold_bars"":72,""range_adx_max"":16.0,""range_ema_separation_atr"":0.15,""require_confirmation_break"":false,""require_vwap"":true,""rsi_level"":50.0,""rsi_reclaim"":48.0,""setup"":""breakout"",""stop_atr"":1.0,""target_rr"":1.25,""trend_adx_min"":22.0,""trend_ema_separation_atr"":0.15,""trigger_mode"":""RSI_CCI"",""vwap_distance_atr"":0.0}"
2025-01 to 2025-06,2019-09-06T00:00:00+00:00,2025-01-01T00:00:00+00:00,BULL_BREAKOUT,BULL_BREAKOUT-LS09,62,-31.675487,0.379294,0.240188,False,,False,"{""atr_ratio_max"":2.2,""atr_ratio_min"":0.65,""bb_width_percentile_max"":0.2,""breakout_range_atr"":0.6,""cci_level"":100.0,""context"":""BULL_BREAKOUT"",""direction"":""LONG"",""ema_touch_atr"":0.0,""max_hold_bars"":72,""range_adx_max"":20.0,""range_ema_separation_atr"":0.3,""require_confirmation_break"":false,""require_vwap"":false,""rsi_level"":55.0,""rsi_reclaim"":50.0,""setup"":""breakout"",""stop_atr"":1.25,""target_rr"":1.75,""trend_adx_min"":22.0,""trend_ema_separation_atr"":0.0,""trigger_mode"":""RSI_MACD"",""vwap_distance_atr"":0.0}"
2025-01 to 2025-06,2019-09-06T00:00:00+00:00,2025-01-01T00:00:00+00:00,BULL_BREAKOUT,BULL_BREAKOUT-LS10,144,-64.002965,0.266075,0.200743,False,,False,"{""atr_ratio_max"":1.8,""atr_ratio_min"":0.3,""bb_width_percentile_max"":0.2,""breakout_range_atr"":0.8,""cci_level"":0.0,""context"":""BULL_BREAKOUT"",""direction"":""LONG"",""ema_touch_atr"":0.5,""max_hold_bars"":48,""range_adx_max"":16.0,""range_ema_separation_atr"":0.5,""require_confirmation_break"":false,""require_vwap"":false,""rsi_level"":50.0,""rsi_reclaim"":48.0,""setup"":""breakout"",""stop_atr"":1.5,""target_rr"":1.25,""trend_adx_min"":14.0,""trend_ema_separation_atr"":0.0,""trigger_mode"":""CCI_MACD"",""vwap_distance_atr"":0.0}"
2025-01 to 2025-06,2019-09-06T00:00:00+00:00,2025-01-01T00:00:00+00:00,BULL_BREAKOUT,BULL_BREAKOUT-LS11,434,-95.045404,0.264926,0.251942,False,,False,"{""atr_ratio_max"":2.6,""atr_ratio_min"":0.65,""bb_width_percentile_max"":0.35,""breakout_range_atr"":0.8,""cci_level"":0.0,""context"":""BULL_BREAKOUT"",""direction"":""LONG"",""ema_touch_atr"":0.5,""max_hold_bars"":96,""range_adx_max"":16.0,""range_ema_separation_atr"":0.3,""require_confirmation_break"":false,""require_vwap"":false,""rsi_level"":55.0,""rsi_reclaim"":48.0,""setup"":""breakout"",""stop_atr"":1.0,""target_rr"":1.25,""trend_adx_min"":14.0,""trend_ema_separation_atr"":0.05,""trigger_mode"":""RSI_CCI"",""vwap_distance_atr"":0.0}"
2025-01 to 2025-06,2019-09-06T00:00:00+00:00,2025-01-01T00:00:00+00:00,BULL_BREAKOUT,BULL_BREAKOUT-LS12,443,-93.863354,0.311769,0.276435,False,,False,"{""atr_ratio_max"":2.2,""atr_ratio_min"":0.45,""bb_width_percentile_max"":0.35,""breakout_range_atr"":0.6,""cci_level"":50.0,""context"":""BULL_BREAKOUT"",""direction"":""LONG"",""ema_touch_atr"":0.0,""max_hold_bars"":96,""range_adx_max"":24.0,""range_ema_separation_atr"":0.3,""require_confirmation_break"":true,""require_vwap"":true,""rsi_level"":50.0,""rsi_reclaim"":50.0,""setup"":""breakout"",""stop_atr"":1.0,""target_rr"":1.25,""trend_adx_min"":18.0,""trend_ema_separation_atr"":0.15,""trigger_mode"":""RSI_CCI"",""vwap_distance_atr"":0.2}"
2025-01 to 2025-06,2019-09-06T00:00:00+00:00,2025-01-01T00:00:00+00:00,BULL_BREAKOUT,BULL_BREAKOUT-LS13,280,-86.942072,0.348371,0.272278,False,,False,"{""atr_ratio_max"":1.8,""atr_ratio_min"":0.3,""bb_width_percentile_max"":0.5,""breakout_range_atr"":0.8,""cci_level"":50.0,""context"":""BULL_BREAKOUT"",""direction"":""LONG"",""ema_touch_atr"":0.5,""max_hold_bars"":96,""range_adx_max"":24.0,""range_ema_separation_atr"":0.5,""require_confirmation_break"":false,""require_vwap"":false,""rsi_level"":60.0,""rsi_reclaim"":52.0,""setup"":""breakout"",""stop_atr"":1.0,""target_rr"":1.75,""trend_adx_min"":14.0,""trend_ema_separation_atr"":0.05,""trigger_mode"":""RSI_MACD"",""vwap_distance_atr"":0.4}"
2025-01 to 2025-06,2019-09-06T00:00:00+00:00,2025-01-01T00:00:00+00:00,BULL_BREAKOUT,BULL_BREAKOUT-LS14,60,-31.251861,0.343729,0.196205,False,,False,"{""atr_ratio_max"":2.2,""atr_ratio_min"":0.3,""bb_width_percentile_max"":0.2,""breakout_range_atr"":0.8,""cci_level"":100.0,""context"":""BULL_BREAKOUT"",""direction"":""LONG"",""ema_touch_atr"":0.25,""max_hold_bars"":96,""range_adx_max"":24.0,""range_ema_separation_atr"":0.3,""require_confirmation_break"":true,""require_vwap"":true,""rsi_level"":55.0,""rsi_reclaim"":52.0,""setup"":""breakout"",""stop_atr"":1.5,""target_rr"":1.5,""trend_adx_min"":22.0,""trend_ema_separation_atr"":0.15,""trigger_mode"":""CCI_MACD"",""vwap_distance_atr"":0.4}"
2025-01 to 2025-06,2019-09-06T00:00:00+00:00,2025-01-01T00:00:00+00:00,BULL_BREAKOUT,BULL_BREAKOUT-LS15,197,-77.598573,0.249142,0.192817,False,,False,"{""atr_ratio_max"":2.6,""atr_ratio_min"":0.65,""bb_width_percentile_max"":0.35,""breakout_range_atr"":1.0,""cci_level"":100.0,""context"":""BULL_BREAKOUT"",""direction"":""LONG"",""ema_touch_atr"":0.25,""max_hold_bars"":96,""range_adx_max"":20.0,""range_ema_separation_atr"":0.3,""require_confirmation_break"":true,""require_vwap"":true,""rsi_level"":60.0,""rsi_reclaim"":48.0,""setup"":""breakout"",""stop_atr"":1.25,""target_rr"":1.25,""trend_adx_min"":14.0,""trend_ema_separation_atr"":0.05,""trigger_mode"":""RSI_MACD"",""vwap_distance_atr"":0.4}"
2025-01 to 2025-06,2019-09-06T00:00:00+00:00,2025-01-01T00:00:00+00:00,BULL_BREAKOUT,BULL_BREAKOUT-LS16,131,-63.10396,0.319208,0.252065,False,,False,"{""atr_ratio_max"":1.8,""atr_ratio_min"":0.65,""bb_width_percentile_max"":0.5,""breakout_range_atr"":1.0,""cci_level"":100.0,""context"":""BULL_BREAKOUT"",""direction"":""LONG"",""ema_touch_atr"":0.25,""max_hold_bars"":72,""range_adx_max"":20.0,""range_ema_separation_atr"":0.15,""require_confirmation_break"":true,""require_vwap"":true,""rsi_level"":55.0,""rsi_reclaim"":48.0,""setup"":""breakout"",""stop_atr"":1.5,""target_rr"":1.75,""trend_adx_min"":22.0,""trend_ema_separation_atr"":0.15,""trigger_mode"":""ALL_THREE"",""vwap_distance_atr"":0.2}"
2025-01 to 2025-06,2019-09-06T00:00:00+00:00,2025-01-01T00:00:00+00:00,BULL_BREAKOUT,BULL_BREAKOUT-LS17,234,-79.710979,0.36004,0.245487,False,,False,"{""atr_ratio_max"":2.6,""atr_ratio_min"":0.45,""bb_width_percentile_max"":0.5,""breakout_range_atr"":0.6,""cci_level"":50.0,""context"":""BULL_BREAKOUT"",""direction"":""LONG"",""ema_touch_atr"":0.0,""max_hold_bars"":72,""range_adx_max"":20.0,""range_ema_separation_atr"":0.15,""require_confirmation_break"":true,""require_vwap"":true,""rsi_level"":55.0,""rsi_reclaim"":48.0,""setup"":""breakout"",""stop_atr"":1.5,""target_rr"":1.5,""trend_adx_min"":18.0,""trend_ema_separation_atr"":0.05,""trigger_mode"":""RSI_MACD"",""vwap_distance_atr"":0.4}"
2025-01 to 2025-06,2019-09-06T00:00:00+00:00,2025-01-01T00:00:00+00:00,BULL_BREAKOUT,BULL_BREAKOUT-LS18,188,-76.779106,0.275848,0.22831,False,,False,"{""atr_ratio_max"":1.8,""atr_ratio_min"":0.65,""bb_width_percentile_max"":0.5,""breakout_range_atr"":1.0,""cci_level"":0.0,""context"":""BULL_BREAKOUT"",""direction"":""LONG"",""ema_touch_atr"":0.0,""max_hold_bars"":48,""range_adx_max"":24.0,""range_ema_separation_atr"":0.15,""require_confirmation_break"":false,""require_vwap"":false,""rsi_level"":60.0,""rsi_reclaim"":50.0,""setup"":""breakout"",""stop_atr"":1.25,""target_rr"":1.5,""trend_adx_min"":18.0,""trend_ema_separation_atr"":0.0,""trigger_mode"":""ALL_THREE"",""vwap_distance_atr"":0.0}"
2025-01 to 2025-06,2019-09-06T00:00:00+00:00,2025-01-01T00:00:00+00:00,BULL_PULLBACK,BULL_PULLBACK-LS01,208,-74.83451,0.301068,0.175638,False,,False,"{""atr_ratio_max"":2.6,""atr_ratio_min"":0.65,""bb_width_percentile_max"":0.35,""breakout_range_atr"":0.8,""cci_level"":0.0,""context"":""BULL_PULLBACK"",""direction"":""LONG"",""ema_touch_atr"":0.25,""max_hold_bars"":72,""range_adx_max"":24.0,""range_ema_separation_atr"":0.5,""require_confirmation_break"":false,""require_vwap"":true,""rsi_level"":50.0,""rsi_reclaim"":50.0,""setup"":""pullback"",""stop_atr"":1.0,""target_rr"":1.25,""trend_adx_min"":14.0,""trend_ema_separation_atr"":0.0,""trigger_mode"":""CCI_MACD"",""vwap_distance_atr"":0.4}"
2025-01 to 2025-06,2019-09-06T00:00:00+00:00,2025-01-01T00:00:00+00:00,BULL_PULLBACK,BULL_PULLBACK-LS02,36,-27.31094,0.237326,0.134745,False,,False,"{""atr_ratio_max"":2.6,""atr_ratio_min"":0.3,""bb_width_percentile_max"":0.35,""breakout_range_atr"":0.6,""cci_level"":0.0,""context"":""BULL_PULLBACK"",""direction"":""LONG"",""ema_touch_atr"":0.0,""max_hold_bars"":48,""range_adx_max"":16.0,""range_ema_separation_atr"":0.5,""require_confirmation_break"":true,""require_vwap"":false,""rsi_level"":45.0,""rsi_reclaim"":50.0,""setup"":""pullback"",""stop_atr"":1.0,""target_rr"":1.75,""trend_adx_min"":22.0,""trend_ema_separation_atr"":0.05,""trigger_mode"":""RSI_CCI"",""vwap_distance_atr"":0.4}"
2025-01 to 2025-06,2019-09-06T00:00:00+00:00,2025-01-01T00:00:00+00:00,BULL_PULLBACK,BULL_PULLBACK-LS03,411,-92.664045,0.338086,0.240161,False,,False,"{""atr_ratio_max"":2.2,""atr_ratio_min"":0.3,""bb_width_percentile_max"":0.35,""breakout_range_atr"":1.0,""cci_level"":25.0,""context"":""BULL_PULLBACK"",""direction"":""LONG"",""ema_touch_atr"":0.0,""max_hold_bars"":96,""range_adx_max"":20.0,""range_ema_separation_atr"":0.15,""require_confirmation_break"":true,""require_vwap"":false,""rsi_level"":55.0,""rsi_reclaim"":52.0,""setup"":""pullback"",""stop_atr"":1.25,""target_rr"":1.75,""trend_adx_min"":14.0,""trend_ema_separation_atr"":0.0,""trigger_mode"":""RSI_CCI"",""vwap_distance_atr"":0.0}"
2025-01 to 2025-06,2019-09-06T00:00:00+00:00,2025-01-01T00:00:00+00:00,BULL_PULLBACK,BULL_PULLBACK-LS04,88,-46.084671,0.353471,0.30867,False,,False,"{""atr_ratio_max"":2.2,""atr_ratio_min"":0.65,""bb_width_percentile_max"":0.35,""breakout_range_atr"":0.8,""cci_level"":25.0,""context"":""BULL_PULLBACK"",""direction"":""LONG"",""ema_touch_atr"":0.0,""max_hold_bars"":96,""range_adx_max"":16.0,""range_ema_separation_atr"":0.3,""require_confirmation_break"":true,""require_vwap"":true,""rsi_level"":45.0,""rsi_reclaim"":48.0,""setup"":""pullback"",""stop_atr"":1.5,""target_rr"":1.75,""trend_adx_min"":18.0,""trend_ema_separation_atr"":0.15,""trigger_mode"":""CCI_MACD"",""vwap_distance_atr"":0.4}"
2025-01 to 2025-06,2019-09-06T00:00:00+00:00,2025-01-01T00:00:00+00:00,BULL_PULLBACK,BULL_PULLBACK-LS05,554,-94.685088,0.364139,0.33117,False,,False,"{""atr_ratio_max"":1.8,""atr_ratio_min"":0.65,""bb_width_percentile_max"":0.2,""breakout_range_atr"":1.0,""cci_level"":25.0,""context"":""BULL_PULLBACK"",""direction"":""LONG"",""ema_touch_atr"":0.25,""max_hold_bars"":48,""range_adx_max"":16.0,""range_ema_separation_atr"":0.3,""require_confirmation_break"":false,""require_vwap"":false,""rsi_level"":55.0,""rsi_reclaim"":48.0,""setup"":""pullback"",""stop_atr"":1.5,""target_rr"":1.5,""trend_adx_min"":14.0,""trend_ema_separation_atr"":0.0,""trigger_mode"":""CCI_MACD"",""vwap_distance_atr"":0.0}"
2025-01 to 2025-06,2019-09-06T00:00:00+00:00,2025-01-01T00:00:00+00:00,BULL_PULLBACK,BULL_PULLBACK-LS06,205,-74.690746,0.288213,0.207253,False,,False,"{""atr_ratio_max"":2.6,""atr_ratio_min"":0.45,""bb_width_percentile_max"":0.2,""breakout_range_atr"":1.0,""cci_level"":0.0,""context"":""BULL_PULLBACK"",""direction"":""LONG"",""ema_touch_atr"":0.5,""max_hold_bars"":48,""range_adx_max"":24.0,""range_ema_separation_atr"":0.15,""require_confirmation_break"":true,""require_vwap"":true,""rsi_level"":55.0,""rsi_reclaim"":50.0,""setup"":""pullback"",""stop_atr"":1.25,""target_rr"":1.25,""trend_adx_min"":14.0,""trend_ema_separation_atr"":0.0,""trigger_mode"":""CCI_MACD"",""vwap_distance_atr"":0.2}"
2025-01 to 2025-06,2019-09-06T00:00:00+00:00,2025-01-01T00:00:00+00:00,BULL_PULLBACK,BULL_PULLBACK-LS07,45,-28.28827,0.273227,0.069604,False,,False,"{""atr_ratio_max"":2.6,""atr_ratio_min"":0.45,""bb_width_percentile_max"":0.5,""breakout_range_atr"":1.0,""cci_level"":25.0,""context"":""BULL_PULLBACK"",""direction"":""LONG"",""ema_touch_atr"":0.25,""max_hold_bars"":48,""range_adx_max"":16.0,""range_ema_separation_atr"":0.3,""require_confirmation_break"":false,""require_vwap"":true,""rsi_level"":50.0,""rsi_reclaim"":50.0,""setup"":""pullback"",""stop_atr"":1.5,""target_rr"":1.5,""trend_adx_min"":22.0,""trend_ema_separation_atr"":0.05,""trigger_mode"":""ALL_THREE"",""vwap_distance_atr"":0.2}"
2025-01 to 2025-06,2019-09-06T00:00:00+00:00,2025-01-01T00:00:00+00:00,BULL_PULLBACK,BULL_PULLBACK-LS08,219,-73.538228,0.351635,0.331703,False,,False,"{""atr_ratio_max"":1.8,""atr_ratio_min"":0.45,""bb_width_percentile_max"":0.35,""breakout_range_atr"":0.6,""cci_level"":0.0,""context"":""BULL_PULLBACK"",""direction"":""LONG"",""ema_touch_atr"":0.5,""max_hold_bars"":96,""range_adx_max"":20.0,""range_ema_separation_atr"":0.3,""require_confirmation_break"":true,""require_vwap"":true,""rsi_level"":55.0,""rsi_reclaim"":48.0,""setup"":""pullback"",""stop_atr"":1.25,""target_rr"":1.25,""trend_adx_min"":18.0,""trend_ema_separation_atr"":0.05,""trigger_mode"":""RSI_MACD"",""vwap_distance_atr"":0.4}"
2025-01 to 2025-06,2019-09-06T00:00:00+00:00,2025-01-01T00:00:00+00:00,BULL_PULLBACK,BULL_PULLBACK-LS09,22,-16.801075,0.271486,0.0,False,,False,"{""atr_ratio_max"":1.8,""atr_ratio_min"":0.3,""bb_width_percentile_max"":0.5,""breakout_range_atr"":0.6,""cci_level"":25.0,""context"":""BULL_PULLBACK"",""direction"":""LONG"",""ema_touch_atr"":0.5,""max_hold_bars"":48,""range_adx_max"":24.0,""range_ema_separation_atr"":0.15,""require_confirmation_break"":true,""require_vwap"":false,""rsi_level"":45.0,""rsi_reclaim"":52.0,""setup"":""pullback"",""stop_atr"":1.0,""target_rr"":1.75,""trend_adx_min"":22.0,""trend_ema_separation_atr"":0.05,""trigger_mode"":""ALL_THREE"",""vwap_distance_atr"":0.2}"
2025-01 to 2025-06,2019-09-06T00:00:00+00:00,2025-01-01T00:00:00+00:00,BULL_PULLBACK,BULL_PULLBACK-LS10,116,-56.137084,0.277759,0.120196,False,,False,"{""atr_ratio_max"":2.2,""atr_ratio_min"":0.65,""bb_width_percentile_max"":0.2,""breakout_range_atr"":0.8,""cci_level"":-50.0,""context"":""BULL_PULLBACK"",""direction"":""LONG"",""ema_touch_atr"":0.5,""max_hold_bars"":96,""range_adx_max"":20.0,""range_ema_separation_atr"":0.3,""require_confirmation_break"":true,""require_vwap"":true,""rsi_level"":50.0,""rsi_reclaim"":48.0,""setup"":""pullback"",""stop_atr"":1.25,""target_rr"":1.25,""trend_adx_min"":14.0,""trend_ema_separation_atr"":0.15,""trigger_mode"":""RSI_CCI"",""vwap_distance_atr"":0.2}"
2025-01 to 2025-06,2019-09-06T00:00:00+00:00,2025-01-01T00:00:00+00:00,BULL_PULLBACK,BULL_PULLBACK-LS11,142,-60.455168,0.376191,0.250368,False,,False,"{""atr_ratio_max"":1.8,""atr_ratio_min"":0.65,""bb_width_percentile_max"":0.5,""breakout_range_atr"":0.6,""cci_level"":-50.0,""context"":""BULL_PULLBACK"",""direction"":""LONG"",""ema_touch_atr"":0.25,""max_hold_bars"":72,""range_adx_max"":16.0,""range_ema_separation_atr"":0.5,""require_confirmation_break"":false,""require_vwap"":false,""rsi_level"":55.0,""rsi_reclaim"":48.0,""setup"":""pullback"",""stop_atr"":1.5,""target_rr"":1.75,""trend_adx_min"":22.0,""trend_ema_separation_atr"":0.15,""trigger_mode"":""RSI_CCI"",""vwap_distance_atr"":0.0}"
2025-01 to 2025-06,2019-09-06T00:00:00+00:00,2025-01-01T00:00:00+00:00,BULL_PULLBACK,BULL_PULLBACK-LS12,34,-24.156967,0.298938,0.128779,False,,False,"{""atr_ratio_max"":2.6,""atr_ratio_min"":0.3,""bb_width_percentile_max"":0.2,""breakout_range_atr"":0.8,""cci_level"":-50.0,""context"":""BULL_PULLBACK"",""direction"":""LONG"",""ema_touch_atr"":0.5,""max_hold_bars"":96,""range_adx_max"":20.0,""range_ema_separation_atr"":0.5,""require_confirmation_break"":false,""require_vwap"":true,""rsi_level"":45.0,""rsi_reclaim"":52.0,""setup"":""pullback"",""stop_atr"":1.5,""target_rr"":1.75,""trend_adx_min"":22.0,""trend_ema_separation_atr"":0.15,""trigger_mode"":""RSI_MACD"",""vwap_distance_atr"":0.2}"
2025-01 to 2025-06,2019-09-06T00:00:00+00:00,2025-01-01T00:00:00+00:00,BULL_PULLBACK,BULL_PULLBACK-LS13,228,-78.225723,0.326119,0.236397,False,,False,"{""atr_ratio_max"":2.6,""atr_ratio_min"":0.3,""bb_width_percentile_max"":0.2,""breakout_range_atr"":0.8,""cci_level"":0.0,""context"":""BULL_PULLBACK"",""direction"":""LONG"",""ema_touch_atr"":0.0,""max_hold_bars"":72,""range_adx_max"":24.0,""range_ema_separation_atr"":0.15,""require_confirmation_break"":false,""require_vwap"":false,""rsi_level"":50.0,""rsi_reclaim"":52.0,""setup"":""pullback"",""stop_atr"":1.5,""target_rr"":1.25,""trend_adx_min"":18.0,""trend_ema_separation_atr"":0.05,""trigger_mode"":""ALL_THREE"",""vwap_distance_atr"":0.0}"
2025-01 to 2025-06,2019-09-06T00:00:00+00:00,2025-01-01T00:00:00+00:00,BULL_PULLBACK,BULL_PULLBACK-LS14,101,-61.790622,0.206463,0.131743,False,,False,"{""atr_ratio_max"":1.8,""atr_ratio_min"":0.45,""bb_width_percentile_max"":0.5,""breakout_range_atr"":1.0,""cci_level"":-50.0,""context"":""BULL_PULLBACK"",""direction"":""LONG"",""ema_touch_atr"":0.0,""max_hold_bars"":48,""range_adx_max"":20.0,""range_ema_separation_atr"":0.3,""require_confirmation_break"":true,""require_vwap"":false,""rsi_level"":45.0,""rsi_reclaim"":50.0,""setup"":""pullback"",""stop_atr"":1.25,""target_rr"":1.5,""trend_adx_min"":18.0,""trend_ema_separation_atr"":0.15,""trigger_mode"":""ALL_THREE"",""vwap_distance_atr"":0.2}"
2025-01 to 2025-06,2019-09-06T00:00:00+00:00,2025-01-01T00:00:00+00:00,BULL_PULLBACK,BULL_PULLBACK-LS15,437,-95.012183,0.332374,0.287666,False,,False,"{""atr_ratio_max"":2.2,""atr_ratio_min"":0.45,""bb_width_percentile_max"":0.5,""breakout_range_atr"":0.6,""cci_level"":-50.0,""context"":""BULL_PULLBACK"",""direction"":""LONG"",""ema_touch_atr"":0.5,""max_hold_bars"":72,""range_adx_max"":20.0,""range_ema_separation_atr"":0.5,""require_confirmation_break"":false,""require_vwap"":false,""rsi_level"":55.0,""rsi_reclaim"":50.0,""setup"":""pullback"",""stop_atr"":1.0,""target_rr"":1.5,""trend_adx_min"":14.0,""trend_ema_separation_atr"":0.15,""trigger_mode"":""RSI_CCI"",""vwap_distance_atr"":0.4}"
2025-01 to 2025-06,2019-09-06T00:00:00+00:00,2025-01-01T00:00:00+00:00,BULL_PULLBACK,BULL_PULLBACK-LS16,182,-69.266155,0.349938,0.228504,False,,False,"{""atr_ratio_max"":2.2,""atr_ratio_min"":0.65,""bb_width_percentile_max"":0.2,""breakout_range_atr"":0.8,""cci_level"":-50.0,""context"":""BULL_PULLBACK"",""direction"":""LONG"",""ema_touch_atr"":0.0,""max_hold_bars"":72,""range_adx_max"":24.0,""range_ema_separation_atr"":0.5,""require_confirmation_break"":false,""require_vwap"":true,""rsi_level"":50.0,""rsi_reclaim"":48.0,""setup"":""pullback"",""stop_atr"":1.0,""target_rr"":1.5,""trend_adx_min"":18.0,""trend_ema_separation_atr"":0.05,""trigger_mode"":""RSI_MACD"",""vwap_distance_atr"":0.4}"
2025-01 to 2025-06,2019-09-06T00:00:00+00:00,2025-01-01T00:00:00+00:00,BULL_PULLBACK,BULL_PULLBACK-LS17,65,-29.875065,0.375557,0.0,False,,False,"{""atr_ratio_max"":1.8,""atr_ratio_min"":0.45,""bb_width_percentile_max"":0.5,""breakout_range_atr"":1.0,""cci_level"":25.0,""context"":""BULL_PULLBACK"",""direction"":""LONG"",""ema_touch_atr"":0.25,""max_hold_bars"":72,""range_adx_max"":24.0,""range_ema_separation_atr"":0.15,""require_confirmation_break"":true,""require_vwap"":true,""rsi_level"":50.0,""rsi_reclaim"":52.0,""setup"":""pullback"",""stop_atr"":1.0,""target_rr"":1.25,""trend_adx_min"":22.0,""trend_ema_separation_atr"":0.0,""trigger_mode"":""RSI_MACD"",""vwap_distance_atr"":0.0}"
2025-01 to 2025-06,2019-09-06T00:00:00+00:00,2025-01-01T00:00:00+00:00,BULL_PULLBACK,BULL_PULLBACK-LS18,151,-64.760414,0.338795,0.273955,False,,False,"{""atr_ratio_max"":2.2,""atr_ratio_min"":0.3,""bb_width_percentile_max"":0.35,""breakout_range_atr"":0.6,""cci_level"":0.0,""context"":""BULL_PULLBACK"",""direction"":""LONG"",""ema_touch_atr"":0.25,""max_hold_bars"":96,""range_adx_max"":16.0,""range_ema_separation_atr"":0.15,""require_confirmation_break"":false,""require_vwap"":false,""rsi_level"":45.0,""rsi_reclaim"":52.0,""setup"":""pullback"",""stop_atr"":1.25,""target_rr"":1.5,""trend_adx_min"":18.0,""trend_ema_separation_atr"":0.0,""trigger_mode"":""RSI_MACD"",""vwap_distance_atr"":0.0}"
2025-01 to 2025-06,2019-09-06T00:00:00+00:00,2025-01-01T00:00:00+00:00,RANGE_REVERSION,RANGE_REVERSION-LS01,1,-1.503314,0.0,,False,,False,"{""atr_ratio_max"":2.6,""atr_ratio_min"":0.3,""bb_width_percentile_max"":0.5,""breakout_range_atr"":1.0,""cci_level"":50.0,""context"":""RANGE_REVERSION"",""direction"":""BOTH"",""ema_touch_atr"":0.5,""max_hold_bars"":96,""range_adx_max"":24.0,""range_ema_separation_atr"":0.5,""require_confirmation_break"":true,""require_vwap"":true,""rsi_level"":35.0,""rsi_reclaim"":35.0,""setup"":""reversion"",""stop_atr"":1.0,""target_rr"":1.75,""trend_adx_min"":18.0,""trend_ema_separation_atr"":0.0,""trigger_mode"":""RSI_CCI"",""vwap_distance_atr"":0.4}"
2025-01 to 2025-06,2019-09-06T00:00:00+00:00,2025-01-01T00:00:00+00:00,RANGE_REVERSION,RANGE_REVERSION-LS02,6,-3.839717,0.365674,,False,,False,"{""atr_ratio_max"":1.8,""atr_ratio_min"":0.3,""bb_width_percentile_max"":0.2,""breakout_range_atr"":0.8,""cci_level"":75.0,""context"":""RANGE_REVERSION"",""direction"":""BOTH"",""ema_touch_atr"":0.0,""max_hold_bars"":72,""range_adx_max"":24.0,""range_ema_separation_atr"":0.3,""require_confirmation_break"":true,""require_vwap"":false,""rsi_level"":40.0,""rsi_reclaim"":45.0,""setup"":""reversion"",""stop_atr"":1.25,""target_rr"":1.5,""trend_adx_min"":22.0,""trend_ema_separation_atr"":0.15,""trigger_mode"":""RSI_CCI"",""vwap_distance_atr"":0.2}"
2025-01 to 2025-06,2019-09-06T00:00:00+00:00,2025-01-01T00:00:00+00:00,RANGE_REVERSION,RANGE_REVERSION-LS03,3,0.38691,1.277241,,False,,False,"{""atr_ratio_max"":1.8,""atr_ratio_min"":0.3,""bb_width_percentile_max"":0.2,""breakout_range_atr"":1.0,""cci_level"":50.0,""context"":""RANGE_REVERSION"",""direction"":""BOTH"",""ema_touch_atr"":0.0,""max_hold_bars"":48,""range_adx_max"":20.0,""range_ema_separation_atr"":0.15,""require_confirmation_break"":false,""require_vwap"":false,""rsi_level"":30.0,""rsi_reclaim"":45.0,""setup"":""reversion"",""stop_atr"":1.25,""target_rr"":1.25,""trend_adx_min"":14.0,""trend_ema_separation_atr"":0.05,""trigger_mode"":""CCI_MACD"",""vwap_distance_atr"":0.0}"
2025-01 to 2025-06,2019-09-06T00:00:00+00:00,2025-01-01T00:00:00+00:00,RANGE_REVERSION,RANGE_REVERSION-LS04,1,1.358569,,,False,,False,"{""atr_ratio_max"":2.2,""atr_ratio_min"":0.45,""bb_width_percentile_max"":0.35,""breakout_range_atr"":0.8,""cci_level"":75.0,""context"":""RANGE_REVERSION"",""direction"":""BOTH"",""ema_touch_atr"":0.25,""max_hold_bars"":96,""range_adx_max"":20.0,""range_ema_separation_atr"":0.15,""require_confirmation_break"":true,""require_vwap"":false,""rsi_level"":35.0,""rsi_reclaim"":40.0,""setup"":""reversion"",""stop_atr"":1.25,""target_rr"":1.75,""trend_adx_min"":14.0,""trend_ema_separation_atr"":0.05,""trigger_mode"":""RSI_CCI"",""vwap_distance_atr"":0.0}"
2025-01 to 2025-06,2019-09-06T00:00:00+00:00,2025-01-01T00:00:00+00:00,RANGE_REVERSION,RANGE_REVERSION-LS05,5,0.26486,1.090018,,False,,False,"{""atr_ratio_max"":2.6,""atr_ratio_min"":0.3,""bb_width_percentile_max"":0.2,""breakout_range_atr"":0.6,""cci_level"":50.0,""context"":""RANGE_REVERSION"",""direction"":""BOTH"",""ema_touch_atr"":0.25,""max_hold_bars"":96,""range_adx_max"":24.0,""range_ema_separation_atr"":0.15,""require_confirmation_break"":false,""require_vwap"":true,""rsi_level"":30.0,""rsi_reclaim"":35.0,""setup"":""reversion"",""stop_atr"":1.25,""target_rr"":1.75,""trend_adx_min"":14.0,""trend_ema_separation_atr"":0.0,""trigger_mode"":""RSI_MACD"",""vwap_distance_atr"":0.4}"
2025-01 to 2025-06,2019-09-06T00:00:00+00:00,2025-01-01T00:00:00+00:00,RANGE_REVERSION,RANGE_REVERSION-LS06,3,-4.31073,0.246899,,False,,False,"{""atr_ratio_max"":1.8,""atr_ratio_min"":0.65,""bb_width_percentile_max"":0.35,""breakout_range_atr"":0.8,""cci_level"":100.0,""context"":""RANGE_REVERSION"",""direction"":""BOTH"",""ema_touch_atr"":0.25,""max_hold_bars"":72,""range_adx_max"":16.0,""range_ema_separation_atr"":0.15,""require_confirmation_break"":false,""require_vwap"":true,""rsi_level"":40.0,""rsi_reclaim"":35.0,""setup"":""reversion"",""stop_atr"":1.5,""target_rr"":1.75,""trend_adx_min"":22.0,""trend_ema_separation_atr"":0.15,""trigger_mode"":""CCI_MACD"",""vwap_distance_atr"":0.4}"
2025-01 to 2025-06,2019-09-06T00:00:00+00:00,2025-01-01T00:00:00+00:00,RANGE_REVERSION,RANGE_REVERSION-LS07,2,-1.327066,0.416509,,False,,False,"{""atr_ratio_max"":2.2,""atr_ratio_min"":0.45,""bb_width_percentile_max"":0.35,""breakout_range_atr"":1.0,""cci_level"":100.0,""context"":""RANGE_REVERSION"",""direction"":""BOTH"",""ema_touch_atr"":0.5,""max_hold_bars"":72,""range_adx_max"":16.0,""range_ema_separation_atr"":0.5,""require_confirmation_break"":false,""require_vwap"":false,""rsi_level"":35.0,""rsi_reclaim"":40.0,""setup"":""reversion"",""stop_atr"":1.0,""target_rr"":1.5,""trend_adx_min"":14.0,""trend_ema_separation_atr"":0.05,""trigger_mode"":""ALL_THREE"",""vwap_distance_atr"":0.4}"
2025-01 to 2025-06,2019-09-06T00:00:00+00:00,2025-01-01T00:00:00+00:00,RANGE_REVERSION,RANGE_REVERSION-LS08,2,-0.578362,0.594065,,False,,False,"{""atr_ratio_max"":2.2,""atr_ratio_min"":0.65,""bb_width_percentile_max"":0.5,""breakout_range_atr"":0.6,""cci_level"":50.0,""context"":""RANGE_REVERSION"",""direction"":""BOTH"",""ema_touch_atr"":0.0,""max_hold_bars"":96,""range_adx_max"":24.0,""range_ema_separation_atr"":0.3,""require_confirmation_break"":true,""require_vwap"":false,""rsi_level"":35.0,""rsi_reclaim"":40.0,""setup"":""reversion"",""stop_atr"":1.5,""target_rr"":1.25,""trend_adx_min"":22.0,""trend_ema_separation_atr"":0.05,""trigger_mode"":""RSI_CCI"",""vwap_distance_atr"":0.0}"
2025-01 to 2025-06,2019-09-06T00:00:00+00:00,2025-01-01T00:00:00+00:00,RANGE_REVERSION,RANGE_REVERSION-LS09,1,-1.503314,0.0,,False,,False,"{""atr_ratio_max"":2.6,""atr_ratio_min"":0.3,""bb_width_percentile_max"":0.35,""breakout_range_atr"":0.8,""cci_level"":75.0,""context"":""RANGE_REVERSION"",""direction"":""BOTH"",""ema_touch_atr"":0.0,""max_hold_bars"":96,""range_adx_max"":20.0,""range_ema_separation_atr"":0.5,""require_confirmation_break"":false,""require_vwap"":true,""rsi_level"":30.0,""rsi_reclaim"":45.0,""setup"":""reversion"",""stop_atr"":1.5,""target_rr"":1.5,""trend_adx_min"":18.0,""trend_ema_separation_atr"":0.05,""trigger_mode"":""RSI_MACD"",""vwap_distance_atr"":0.2}"
2025-01 to 2025-06,2019-09-06T00:00:00+00:00,2025-01-01T00:00:00+00:00,RANGE_REVERSION,RANGE_REVERSION-LS10,92,-47.765239,0.321883,0.1233,False,,False,"{""atr_ratio_max"":1.8,""atr_ratio_min"":0.45,""bb_width_percentile_max"":0.2,""breakout_range_atr"":1.0,""cci_level"":100.0,""context"":""RANGE_REVERSION"",""direction"":""BOTH"",""ema_touch_atr"":0.25,""max_hold_bars"":96,""range_adx_max"":20.0,""range_ema_separation_atr"":0.3,""require_confirmation_break"":false,""require_vwap"":true,""rsi_level"":40.0,""rsi_reclaim"":35.0,""setup"":""reversion"",""stop_atr"":1.0,""target_rr"":1.25,""trend_adx_min"":22.0,""trend_ema_separation_atr"":0.15,""trigger_mode"":""RSI_MACD"",""vwap_distance_atr"":0.0}"
2025-01 to 2025-06,2019-09-06T00:00:00+00:00,2025-01-01T00:00:00+00:00,RANGE_REVERSION,RANGE_REVERSION-LS11,5,-3.14382,0.47344,,False,,False,"{""atr_ratio_max"":1.8,""atr_ratio_min"":0.65,""bb_width_percentile_max"":0.5,""breakout_range_atr"":0.6,""cci_level"":100.0,""context"":""RANGE_REVERSION"",""direction"":""BOTH"",""ema_touch_atr"":0.5,""max_hold_bars"":48,""range_adx_max"":20.0,""range_ema_separation_atr"":0.3,""require_confirmation_break"":true,""require_vwap"":false,""rsi_level"":30.0,""rsi_reclaim"":35.0,""setup"":""reversion"",""stop_atr"":1.25,""target_rr"":1.75,""trend_adx_min"":22.0,""trend_ema_separation_atr"":0.05,""trigger_mode"":""RSI_MACD"",""vwap_distance_atr"":0.4}"
2025-01 to 2025-06,2019-09-06T00:00:00+00:00,2025-01-01T00:00:00+00:00,RANGE_REVERSION,RANGE_REVERSION-LS12,13,1.874945,1.378224,,False,,False,"{""atr_ratio_max"":2.2,""atr_ratio_min"":0.65,""bb_width_percentile_max"":0.2,""breakout_range_atr"":1.0,""cci_level"":50.0,""context"":""RANGE_REVERSION"",""direction"":""BOTH"",""ema_touch_atr"":0.0,""max_hold_bars"":72,""range_adx_max"":24.0,""range_ema_separation_atr"":0.15,""require_confirmation_break"":false,""require_vwap"":true,""rsi_level"":35.0,""rsi_reclaim"":40.0,""setup"":""reversion"",""stop_atr"":1.0,""target_rr"":1.25,""trend_adx_min"":18.0,""trend_ema_separation_atr"":0.0,""trigger_mode"":""RSI_MACD"",""vwap_distance_atr"":0.2}"
2025-01 to 2025-06,2019-09-06T00:00:00+00:00,2025-01-01T00:00:00+00:00,RANGE_REVERSION,RANGE_REVERSION-LS13,9,-2.479682,0.639167,,False,,False,"{""atr_ratio_max"":2.6,""atr_ratio_min"":0.65,""bb_width_percentile_max"":0.35,""breakout_range_atr"":0.6,""cci_level"":75.0,""context"":""RANGE_REVERSION"",""direction"":""BOTH"",""ema_touch_atr"":0.25,""max_hold_bars"":48,""range_adx_max"":20.0,""range_ema_separation_atr"":0.3,""require_confirmation_break"":true,""require_vwap"":false,""rsi_level"":40.0,""rsi_reclaim"":40.0,""setup"":""reversion"",""stop_atr"":1.5,""target_rr"":1.5,""trend_adx_min"":18.0,""trend_ema_separation_atr"":0.15,""trigger_mode"":""CCI_MACD"",""vwap_distance_atr"":0.0}"
2025-01 to 2025-06,2019-09-06T00:00:00+00:00,2025-01-01T00:00:00+00:00,RANGE_REVERSION,RANGE_REVERSION-LS14,3,2.714065,,,False,,False,"{""atr_ratio_max"":2.2,""atr_ratio_min"":0.65,""bb_width_percentile_max"":0.5,""breakout_range_atr"":0.8,""cci_level"":75.0,""context"":""RANGE_REVERSION"",""direction"":""BOTH"",""ema_touch_atr"":0.5,""max_hold_bars"":72,""range_adx_max"":16.0,""range_ema_separation_atr"":0.5,""require_confirmation_break"":true,""require_vwap"":true,""rsi_level"":40.0,""rsi_reclaim"":35.0,""setup"":""reversion"",""stop_atr"":1.25,""target_rr"":1.25,""trend_adx_min"":14.0,""trend_ema_separation_atr"":0.0,""trigger_mode"":""CCI_MACD"",""vwap_distance_atr"":0.4}"
2025-01 to 2025-06,2019-09-06T00:00:00+00:00,2025-01-01T00:00:00+00:00,RANGE_REVERSION,RANGE_REVERSION-LS15,0,0.0,,,False,,False,"{""atr_ratio_max"":2.6,""atr_ratio_min"":0.45,""bb_width_percentile_max"":0.2,""breakout_range_atr"":0.6,""cci_level"":100.0,""context"":""RANGE_REVERSION"",""direction"":""BOTH"",""ema_touch_atr"":0.5,""max_hold_bars"":48,""range_adx_max"":16.0,""range_ema_separation_atr"":0.3,""require_confirmation_break"":true,""require_vwap"":true,""rsi_level"":30.0,""rsi_reclaim"":40.0,""setup"":""reversion"",""stop_atr"":1.0,""target_rr"":1.5,""trend_adx_min"":22.0,""trend_ema_separation_atr"":0.0,""trigger_mode"":""ALL_THREE"",""vwap_distance_atr"":0.2}"
2025-01 to 2025-06,2019-09-06T00:00:00+00:00,2025-01-01T00:00:00+00:00,RANGE_REVERSION,RANGE_REVERSION-LS16,2,-0.284487,0.832431,,False,,False,"{""atr_ratio_max"":1.8,""atr_ratio_min"":0.45,""bb_width_percentile_max"":0.5,""breakout_range_atr"":1.0,""cci_level"":50.0,""context"":""RANGE_REVERSION"",""direction"":""BOTH"",""ema_touch_atr"":0.5,""max_hold_bars"":48,""range_adx_max"":24.0,""range_ema_separation_atr"":0.5,""require_confirmation_break"":true,""require_vwap"":true,""rsi_level"":40.0,""rsi_reclaim"":45.0,""setup"":""reversion"",""stop_atr"":1.5,""target_rr"":1.75,""trend_adx_min"":18.0,""trend_ema_separation_atr"":0.15,""trigger_mode"":""ALL_THREE"",""vwap_distance_atr"":0.2}"
2025-01 to 2025-06,2019-09-06T00:00:00+00:00,2025-01-01T00:00:00+00:00,RANGE_REVERSION,RANGE_REVERSION-LS17,0,0.0,,,False,,False,"{""atr_ratio_max"":2.2,""atr_ratio_min"":0.3,""bb_width_percentile_max"":0.5,""breakout_range_atr"":0.6,""cci_level"":100.0,""context"":""RANGE_REVERSION"",""direction"":""BOTH"",""ema_touch_atr"":0.0,""max_hold_bars"":48,""range_adx_max"":16.0,""range_ema_separation_atr"":0.15,""require_confirmation_break"":false,""require_vwap"":false,""rsi_level"":30.0,""rsi_reclaim"":45.0,""setup"":""reversion"",""stop_atr"":1.5,""target_rr"":1.25,""trend_adx_min"":18.0,""trend_ema_separation_atr"":0.0,""trigger_mode"":""RSI_CCI"",""vwap_distance_atr"":0.0}"
2025-01 to 2025-06,2019-09-06T00:00:00+00:00,2025-01-01T00:00:00+00:00,RANGE_REVERSION,RANGE_REVERSION-LS18,1,0.969391,,,False,,False,"{""atr_ratio_max"":2.6,""atr_ratio_min"":0.45,""bb_width_percentile_max"":0.35,""breakout_range_atr"":0.8,""cci_level"":75.0,""context"":""RANGE_REVERSION"",""direction"":""BOTH"",""ema_touch_atr"":0.25,""max_hold_bars"":72,""range_adx_max"":16.0,""range_ema_separation_atr"":0.5,""require_confirmation_break"":false,""require_vwap"":false,""rsi_level"":35.0,""rsi_reclaim"":45.0,""setup"":""reversion"",""stop_atr"":1.0,""target_rr"":1.5,""trend_adx_min"":14.0,""trend_ema_separation_atr"":0.15,""trigger_mode"":""ALL_THREE"",""vwap_distance_atr"":0.2}"
2025-07 to 2025-12,2019-09-06T00:00:00+00:00,2025-07-01T00:00:00+00:00,BEAR_BREAKOUT,BEAR_BREAKOUT-LS01,196,-79.337449,0.283726,0.106139,False,,False,"{""atr_ratio_max"":2.2,""atr_ratio_min"":0.45,""bb_width_percentile_max"":0.35,""breakout_range_atr"":0.8,""cci_level"":50.0,""context"":""BEAR_BREAKOUT"",""direction"":""SHORT"",""ema_touch_atr"":0.5,""max_hold_bars"":96,""range_adx_max"":24.0,""range_ema_separation_atr"":0.15,""require_confirmation_break"":false,""require_vwap"":true,""rsi_level"":50.0,""rsi_reclaim"":48.0,""setup"":""breakout"",""stop_atr"":1.0,""target_rr"":1.5,""trend_adx_min"":14.0,""trend_ema_separation_atr"":0.05,""trigger_mode"":""RSI_MACD"",""vwap_distance_atr"":0.4}"
2025-07 to 2025-12,2019-09-06T00:00:00+00:00,2025-07-01T00:00:00+00:00,BEAR_BREAKOUT,BEAR_BREAKOUT-LS02,169,-77.488469,0.225847,0.07102,False,,False,"{""atr_ratio_max"":2.2,""atr_ratio_min"":0.3,""bb_width_percentile_max"":0.35,""breakout_range_atr"":1.0,""cci_level"":50.0,""context"":""BEAR_BREAKOUT"",""direction"":""SHORT"",""ema_touch_atr"":0.5,""max_hold_bars"":72,""range_adx_max"":16.0,""range_ema_separation_atr"":0.5,""require_confirmation_break"":true,""require_vwap"":true,""rsi_level"":60.0,""rsi_reclaim"":52.0,""setup"":""breakout"",""stop_atr"":1.0,""target_rr"":1.25,""trend_adx_min"":14.0,""trend_ema_separation_atr"":0.05,""trigger_mode"":""ALL_THREE"",""vwap_distance_atr"":0.4}"
2025-07 to 2025-12,2019-09-06T00:00:00+00:00,2025-07-01T00:00:00+00:00,BEAR_BREAKOUT,BEAR_BREAKOUT-LS03,257,-85.623275,0.319288,0.133486,False,,False,"{""atr_ratio_max"":2.2,""atr_ratio_min"":0.3,""bb_width_percentile_max"":0.5,""breakout_range_atr"":1.0,""cci_level"":100.0,""context"":""BEAR_BREAKOUT"",""direction"":""SHORT"",""ema_touch_atr"":0.5,""max_hold_bars"":96,""range_adx_max"":20.0,""range_ema_separation_atr"":0.3,""require_confirmation_break"":false,""require_vwap"":true,""rsi_level"":50.0,""rsi_reclaim"":50.0,""setup"":""breakout"",""stop_atr"":1.5,""target_rr"":1.5,""trend_adx_min"":14.0,""trend_ema_separation_atr"":0.0,""trigger_mode"":""CCI_MACD"",""vwap_distance_atr"":0.0}"
2025-07 to 2025-12,2019-09-06T00:00:00+00:00,2025-07-01T00:00:00+00:00,BEAR_BREAKOUT,BEAR_BREAKOUT-LS04,66,-46.759267,0.208145,0.07279,False,,False,"{""atr_ratio_max"":1.8,""atr_ratio_min"":0.45,""bb_width_percentile_max"":0.2,""breakout_range_atr"":1.0,""cci_level"":0.0,""context"":""BEAR_BREAKOUT"",""direction"":""SHORT"",""ema_touch_atr"":0.0,""max_hold_bars"":72,""range_adx_max"":20.0,""range_ema_separation_atr"":0.5,""require_confirmation_break"":true,""require_vwap"":true,""rsi_level"":50.0,""rsi_reclaim"":50.0,""setup"":""breakout"",""stop_atr"":1.5,""target_rr"":1.75,""trend_adx_min"":22.0,""trend_ema_separation_atr"":0.15,""trigger_mode"":""ALL_THREE"",""vwap_distance_atr"":0.4}"
2025-07 to 2025-12,2019-09-06T00:00:00+00:00,2025-07-01T00:00:00+00:00,BEAR_BREAKOUT,BEAR_BREAKOUT-LS05,151,-72.759467,0.227789,0.077246,False,,False,"{""atr_ratio_max"":2.6,""atr_ratio_min"":0.3,""bb_width_percentile_max"":0.35,""breakout_range_atr"":0.6,""cci_level"":100.0,""context"":""BEAR_BREAKOUT"",""direction"":""SHORT"",""ema_touch_atr"":0.0,""max_hold_bars"":48,""range_adx_max"":24.0,""range_ema_separation_atr"":0.15,""require_confirmation_break"":true,""require_vwap"":true,""rsi_level"":50.0,""rsi_reclaim"":50.0,""setup"":""breakout"",""stop_atr"":1.0,""target_rr"":1.5,""trend_adx_min"":18.0,""trend_ema_separation_atr"":0.05,""trigger_mode"":""ALL_THREE"",""vwap_distance_atr"":0.4}"
2025-07 to 2025-12,2019-09-06T00:00:00+00:00,2025-07-01T00:00:00+00:00,BEAR_BREAKOUT,BEAR_BREAKOUT-LS06,444,-95.013318,0.310209,0.124126,False,,False,"{""atr_ratio_max"":1.8,""atr_ratio_min"":0.45,""bb_width_percentile_max"":0.5,""breakout_range_atr"":0.6,""cci_level"":0.0,""context"":""BEAR_BREAKOUT"",""direction"":""SHORT"",""ema_touch_atr"":0.0,""max_hold_bars"":72,""range_adx_max"":24.0,""range_ema_separation_atr"":0.5,""require_confirmation_break"":false,""require_vwap"":false,""rsi_level"":60.0,""rsi_reclaim"":48.0,""setup"":""breakout"",""stop_atr"":1.25,""target_rr"":1.75,""trend_adx_min"":14.0,""trend_ema_separation_atr"":0.15,""trigger_mode"":""RSI_CCI"",""vwap_distance_atr"":0.2}"
2025-07 to 2025-12,2019-09-06T00:00:00+00:00,2025-07-01T00:00:00+00:00,BEAR_BREAKOUT,BEAR_BREAKOUT-LS07,443,-95.058856,0.34051,0.191344,False,,False,"{""atr_ratio_max"":1.8,""atr_ratio_min"":0.65,""bb_width_percentile_max"":0.5,""breakout_range_atr"":1.0,""cci_level"":100.0,""context"":""BEAR_BREAKOUT"",""direction"":""SHORT"",""ema_touch_atr"":0.25,""max_hold_bars"":96,""range_adx_max"":24.0,""range_ema_separation_atr"":0.3,""require_confirmation_break"":false,""require_vwap"":false,""rsi_level"":60.0,""rsi_reclaim"":48.0,""setup"":""breakout"",""stop_atr"":1.5,""target_rr"":1.75,""trend_adx_min"":18.0,""trend_ema_separation_atr"":0.05,""trigger_mode"":""RSI_CCI"",""vwap_distance_atr"":0.0}"
2025-07 to 2025-12,2019-09-06T00:00:00+00:00,2025-07-01T00:00:00+00:00,BEAR_BREAKOUT,BEAR_BREAKOUT-LS08,146,-74.527992,0.230189,0.03663,False,,False,"{""atr_ratio_max"":2.2,""atr_ratio_min"":0.3,""bb_width_percentile_max"":0.35,""breakout_range_atr"":0.8,""cci_level"":50.0,""context"":""BEAR_BREAKOUT"",""direction"":""SHORT"",""ema_touch_atr"":0.25,""max_hold_bars"":72,""range_adx_max"":16.0,""range_ema_separation_atr"":0.5,""require_confirmation_break"":false,""require_vwap"":false,""rsi_level"":50.0,""rsi_reclaim"":48.0,""setup"":""breakout"",""stop_atr"":1.0,""target_rr"":1.75,""trend_adx_min"":18.0,""trend_ema_separation_atr"":0.0,""trigger_mode"":""CCI_MACD"",""vwap_distance_atr"":0.0}"
2025-07 to 2025-12,2019-09-06T00:00:00+00:00,2025-07-01T00:00:00+00:00,BEAR_BREAKOUT,BEAR_BREAKOUT-LS09,277,-87.996721,0.307025,0.080194,False,,False,"{""atr_ratio_max"":2.6,""atr_ratio_min"":0.65,""bb_width_percentile_max"":0.5,""breakout_range_atr"":0.8,""cci_level"":0.0,""context"":""BEAR_BREAKOUT"",""direction"":""SHORT"",""ema_touch_atr"":0.0,""max_hold_bars"":48,""range_adx_max"":16.0,""range_ema_separation_atr"":0.15,""require_confirmation_break"":true,""require_vwap"":true,""rsi_level"":55.0,""rsi_reclaim"":48.0,""setup"":""breakout"",""stop_atr"":1.25,""target_rr"":1.25,""trend_adx_min"":14.0,""trend_ema_separation_atr"":0.0,""trigger_mode"":""RSI_MACD"",""vwap_distance_atr"":0.0}"
2025-07 to 2025-12,2019-09-06T00:00:00+00:00,2025-07-01T00:00:00+00:00,BEAR_BREAKOUT,BEAR_BREAKOUT-LS10,86,-52.421803,0.224086,0.035743,False,,False,"{""atr_ratio_max"":1.8,""atr_ratio_min"":0.65,""bb_width_percentile_max"":0.2,""breakout_range_atr"":0.6,""cci_level"":0.0,""context"":""BEAR_BREAKOUT"",""direction"":""SHORT"",""ema_touch_atr"":0.0,""max_hold_bars"":48,""range_adx_max"":16.0,""range_ema_separation_atr"":0.15,""require_confirmation_break"":false,""require_vwap"":true,""rsi_level"":60.0,""rsi_reclaim"":52.0,""setup"":""breakout"",""stop_atr"":1.25,""target_rr"":1.75,""trend_adx_min"":18.0,""trend_ema_separation_atr"":0.05,""trigger_mode"":""RSI_MACD"",""vwap_distance_atr"":0.2}"
2025-07 to 2025-12,2019-09-06T00:00:00+00:00,2025-07-01T00:00:00+00:00,BEAR_BREAKOUT,BEAR_BREAKOUT-LS11,117,-62.391449,0.225717,0.085132,False,,False,"{""atr_ratio_max"":2.2,""atr_ratio_min"":0.3,""bb_width_percentile_max"":0.2,""breakout_range_atr"":1.0,""cci_level"":50.0,""context"":""BEAR_BREAKOUT"",""direction"":""SHORT"",""ema_touch_atr"":0.5,""max_hold_bars"":72,""range_adx_max"":16.0,""range_ema_separation_atr"":0.15,""require_confirmation_break"":true,""require_vwap"":true,""rsi_level"":55.0,""rsi_reclaim"":50.0,""setup"":""breakout"",""stop_atr"":1.25,""target_rr"":1.25,""trend_adx_min"":14.0,""trend_ema_separation_atr"":0.0,""trigger_mode"":""ALL_THREE"",""vwap_distance_atr"":0.0}"
2025-07 to 2025-12,2019-09-06T00:00:00+00:00,2025-07-01T00:00:00+00:00,BEAR_BREAKOUT,BEAR_BREAKOUT-LS12,111,-61.205197,0.2301,0.085187,False,,False,"{""atr_ratio_max"":1.8,""atr_ratio_min"":0.45,""bb_width_percentile_max"":0.35,""breakout_range_atr"":0.6,""cci_level"":100.0,""context"":""BEAR_BREAKOUT"",""direction"":""SHORT"",""ema_touch_atr"":0.25,""max_hold_bars"":96,""range_adx_max"":20.0,""range_ema_separation_atr"":0.5,""require_confirmation_break"":false,""require_vwap"":false,""rsi_level"":60.0,""rsi_reclaim"":52.0,""setup"":""breakout"",""stop_atr"":1.5,""target_rr"":1.25,""trend_adx_min"":22.0,""trend_ema_separation_atr"":0.15,""trigger_mode"":""CCI_MACD"",""vwap_distance_atr"":0.2}"
2025-07 to 2025-12,2019-09-06T00:00:00+00:00,2025-07-01T00:00:00+00:00,BEAR_BREAKOUT,BEAR_BREAKOUT-LS13,412,-95.028779,0.308338,0.162996,False,,False,"{""atr_ratio_max"":2.6,""atr_ratio_min"":0.45,""bb_width_percentile_max"":0.5,""breakout_range_atr"":0.8,""cci_level"":0.0,""context"":""BEAR_BREAKOUT"",""direction"":""SHORT"",""ema_touch_atr"":0.25,""max_hold_bars"":96,""range_adx_max"":20.0,""range_ema_separation_atr"":0.3,""require_confirmation_break"":true,""require_vwap"":false,""rsi_level"":55.0,""rsi_reclaim"":52.0,""setup"":""breakout"",""stop_atr"":1.25,""target_rr"":1.5,""trend_adx_min"":22.0,""trend_ema_separation_atr"":0.05,""trigger_mode"":""RSI_CCI"",""vwap_distance_atr"":0.2}"
2025-07 to 2025-12,2019-09-06T00:00:00+00:00,2025-07-01T00:00:00+00:00,BEAR_BREAKOUT,BEAR_BREAKOUT-LS14,485,-95.029665,0.332312,0.278013,False,,False,"{""atr_ratio_max"":2.6,""atr_ratio_min"":0.65,""bb_width_percentile_max"":0.5,""breakout_range_atr"":0.6,""cci_level"":100.0,""context"":""BEAR_BREAKOUT"",""direction"":""SHORT"",""ema_touch_atr"":0.25,""max_hold_bars"":48,""range_adx_max"":20.0,""range_ema_separation_atr"":0.3,""require_confirmation_break"":false,""require_vwap"":true,""rsi_level"":50.0,""rsi_reclaim"":52.0,""setup"":""breakout"",""stop_atr"":1.0,""target_rr"":1.75,""trend_adx_min"":18.0,""trend_ema_separation_atr"":0.15,""trigger_mode"":""RSI_CCI"",""vwap_distance_atr"":0.2}"
2025-07 to 2025-12,2019-09-06T00:00:00+00:00,2025-07-01T00:00:00+00:00,BEAR_BREAKOUT,BEAR_BREAKOUT-LS15,75,-45.680823,0.211342,0.123758,False,,False,"{""atr_ratio_max"":2.6,""atr_ratio_min"":0.45,""bb_width_percentile_max"":0.2,""breakout_range_atr"":0.6,""cci_level"":50.0,""context"":""BEAR_BREAKOUT"",""direction"":""SHORT"",""ema_touch_atr"":0.25,""max_hold_bars"":48,""range_adx_max"":24.0,""range_ema_separation_atr"":0.5,""require_confirmation_break"":true,""require_vwap"":false,""rsi_level"":55.0,""rsi_reclaim"":50.0,""setup"":""breakout"",""stop_atr"":1.5,""target_rr"":1.25,""trend_adx_min"":22.0,""trend_ema_separation_atr"":0.15,""trigger_mode"":""RSI_MACD"",""vwap_distance_atr"":0.4}"
2025-07 to 2025-12,2019-09-06T00:00:00+00:00,2025-07-01T00:00:00+00:00,BEAR_BREAKOUT,BEAR_BREAKOUT-LS16,87,-53.565508,0.203829,0.056448,False,,False,"{""atr_ratio_max"":2.6,""atr_ratio_min"":0.65,""bb_width_percentile_max"":0.2,""breakout_range_atr"":0.8,""cci_level"":0.0,""context"":""BEAR_BREAKOUT"",""direction"":""SHORT"",""ema_touch_atr"":0.5,""max_hold_bars"":48,""range_adx_max"":20.0,""range_ema_separation_atr"":0.3,""require_confirmation_break"":true,""require_vwap"":false,""rsi_level"":55.0,""rsi_reclaim"":50.0,""setup"":""breakout"",""stop_atr"":1.0,""target_rr"":1.5,""trend_adx_min"":18.0,""trend_ema_separation_atr"":0.0,""trigger_mode"":""RSI_MACD"",""vwap_distance_atr"":0.2}"
2025-07 to 2025-12,2019-09-06T00:00:00+00:00,2025-07-01T00:00:00+00:00,BEAR_BREAKOUT,BEAR_BREAKOUT-LS17,62,-45.187075,0.192672,0.060819,False,,False,"{""atr_ratio_max"":1.8,""atr_ratio_min"":0.65,""bb_width_percentile_max"":0.2,""breakout_range_atr"":1.0,""cci_level"":50.0,""context"":""BEAR_BREAKOUT"",""direction"":""SHORT"",""ema_touch_atr"":0.5,""max_hold_bars"":72,""range_adx_max"":16.0,""range_ema_separation_atr"":0.3,""require_confirmation_break"":true,""require_vwap"":false,""rsi_level"":60.0,""rsi_reclaim"":52.0,""setup"":""breakout"",""stop_atr"":1.5,""target_rr"":1.5,""trend_adx_min"":22.0,""trend_ema_separation_atr"":0.0,""trigger_mode"":""CCI_MACD"",""vwap_distance_atr"":0.0}"
2025-07 to 2025-12,2019-09-06T00:00:00+00:00,2025-07-01T00:00:00+00:00,BEAR_BREAKOUT,BEAR_BREAKOUT-LS18,306,-89.370382,0.280102,0.144682,False,,False,"{""atr_ratio_max"":2.2,""atr_ratio_min"":0.3,""bb_width_percentile_max"":0.35,""breakout_range_atr"":0.8,""cci_level"":100.0,""context"":""BEAR_BREAKOUT"",""direction"":""SHORT"",""ema_touch_atr"":0.0,""max_hold_bars"":96,""range_adx_max"":24.0,""range_ema_separation_atr"":0.15,""require_confirmation_break"":false,""require_vwap"":false,""rsi_level"":55.0,""rsi_reclaim"":48.0,""setup"":""breakout"",""stop_atr"":1.25,""target_rr"":1.25,""trend_adx_min"":22.0,""trend_ema_separation_atr"":0.15,""trigger_mode"":""RSI_CCI"",""vwap_distance_atr"":0.4}"
2025-07 to 2025-12,2019-09-06T00:00:00+00:00,2025-07-01T00:00:00+00:00,BEAR_PULLBACK,BEAR_PULLBACK-LS01,390,-93.054833,0.32644,0.192789,False,,False,"{""atr_ratio_max"":2.2,""atr_ratio_min"":0.45,""bb_width_percentile_max"":0.2,""breakout_range_atr"":0.6,""cci_level"":0.0,""context"":""BEAR_PULLBACK"",""direction"":""SHORT"",""ema_touch_atr"":0.25,""max_hold_bars"":48,""range_adx_max"":20.0,""range_ema_separation_atr"":0.15,""require_confirmation_break"":false,""require_vwap"":false,""rsi_level"":55.0,""rsi_reclaim"":50.0,""setup"":""pullback"",""stop_atr"":1.5,""target_rr"":1.5,""trend_adx_min"":18.0,""trend_ema_separation_atr"":0.15,""trigger_mode"":""ALL_THREE"",""vwap_distance_atr"":0.2}"
2025-07 to 2025-12,2019-09-06T00:00:00+00:00,2025-07-01T00:00:00+00:00,BEAR_PULLBACK,BEAR_PULLBACK-LS02,508,-95.050293,0.328393,0.010891,False,,False,"{""atr_ratio_max"":1.8,""atr_ratio_min"":0.3,""bb_width_percentile_max"":0.2,""breakout_range_atr"":0.8,""cci_level"":-50.0,""context"":""BEAR_PULLBACK"",""direction"":""SHORT"",""ema_touch_atr"":0.5,""max_hold_bars"":48,""range_adx_max"":24.0,""range_ema_separation_atr"":0.15,""require_confirmation_break"":false,""require_vwap"":false,""rsi_level"":50.0,""rsi_reclaim"":48.0,""setup"":""pullback"",""stop_atr"":1.0,""target_rr"":1.25,""trend_adx_min"":14.0,""trend_ema_separation_atr"":0.15,""trigger_mode"":""CCI_MACD"",""vwap_distance_atr"":0.0}"
2025-07 to 2025-12,2019-09-06T00:00:00+00:00,2025-07-01T00:00:00+00:00,BEAR_PULLBACK,BEAR_PULLBACK-LS03,57,-36.122652,0.288471,0.196749,False,,False,"{""atr_ratio_max"":2.2,""atr_ratio_min"":0.3,""bb_width_percentile_max"":0.2,""breakout_range_atr"":0.8,""cci_level"":0.0,""context"":""BEAR_PULLBACK"",""direction"":""SHORT"",""ema_touch_atr"":0.5,""max_hold_bars"":72,""range_adx_max"":16.0,""range_ema_separation_atr"":0.3,""require_confirmation_break"":true,""require_vwap"":true,""rsi_level"":55.0,""rsi_reclaim"":48.0,""setup"":""pullback"",""stop_atr"":1.25,""target_rr"":1.75,""trend_adx_min"":22.0,""trend_ema_separation_atr"":0.05,""trigger_mode"":""RSI_CCI"",""vwap_distance_atr"":0.2}"
2025-07 to 2025-12,2019-09-06T00:00:00+00:00,2025-07-01T00:00:00+00:00,BEAR_PULLBACK,BEAR_PULLBACK-LS04,209,-74.162097,0.382119,0.228807,False,,False,"{""atr_ratio_max"":2.6,""atr_ratio_min"":0.65,""bb_width_percentile_max"":0.35,""breakout_range_atr"":0.8,""cci_level"":25.0,""context"":""BEAR_PULLBACK"",""direction"":""SHORT"",""ema_touch_atr"":0.25,""max_hold_bars"":48,""range_adx_max"":20.0,""range_ema_separation_atr"":0.5,""require_confirmation_break"":true,""require_vwap"":true,""rsi_level"":50.0,""rsi_reclaim"":52.0,""setup"":""pullback"",""stop_atr"":1.0,""target_rr"":1.75,""trend_adx_min"":14.0,""trend_ema_separation_atr"":0.0,""trigger_mode"":""CCI_MACD"",""vwap_distance_atr"":0.4}"
2025-07 to 2025-12,2019-09-06T00:00:00+00:00,2025-07-01T00:00:00+00:00,BEAR_PULLBACK,BEAR_PULLBACK-LS05,165,-74.687831,0.252568,0.101513,False,,False,"{""atr_ratio_max"":2.2,""atr_ratio_min"":0.45,""bb_width_percentile_max"":0.2,""breakout_range_atr"":1.0,""cci_level"":-50.0,""context"":""BEAR_PULLBACK"",""direction"":""SHORT"",""ema_touch_atr"":0.0,""max_hold_bars"":96,""range_adx_max"":16.0,""range_ema_separation_atr"":0.3,""require_confirmation_break"":false,""require_vwap"":false,""rsi_level"":45.0,""rsi_reclaim"":50.0,""setup"":""pullback"",""stop_atr"":1.25,""target_rr"":1.25,""trend_adx_min"":22.0,""trend_ema_separation_atr"":0.0,""trigger_mode"":""CCI_MACD"",""vwap_distance_atr"":0.0}"
2025-07 to 2025-12,2019-09-06T00:00:00+00:00,2025-07-01T00:00:00+00:00,BEAR_PULLBACK,BEAR_PULLBACK-LS06,438,-93.410452,0.369656,0.282485,False,,False,"{""atr_ratio_max"":1.8,""atr_ratio_min"":0.45,""bb_width_percentile_max"":0.5,""breakout_range_atr"":1.0,""cci_level"":25.0,""context"":""BEAR_PULLBACK"",""direction"":""SHORT"",""ema_touch_atr"":0.0,""max_hold_bars"":72,""range_adx_max"":20.0,""range_ema_separation_atr"":0.5,""require_confirmation_break"":true,""require_vwap"":false,""rsi_level"":55.0,""rsi_reclaim"":50.0,""setup"":""pullback"",""stop_atr"":1.25,""target_rr"":1.25,""trend_adx_min"":14.0,""trend_ema_separation_atr"":0.05,""trigger_mode"":""ALL_THREE"",""vwap_distance_atr"":0.2}"
2025-07 to 2025-12,2019-09-06T00:00:00+00:00,2025-07-01T00:00:00+00:00,BEAR_PULLBACK,BEAR_PULLBACK-LS07,288,-85.475075,0.330778,0.226168,False,,False,"{""atr_ratio_max"":2.6,""atr_ratio_min"":0.3,""bb_width_percentile_max"":0.2,""breakout_range_atr"":1.0,""cci_level"":0.0,""context"":""BEAR_PULLBACK"",""direction"":""SHORT"",""ema_touch_atr"":0.25,""max_hold_bars"":72,""range_adx_max"":16.0,""range_ema_separation_atr"":0.15,""require_confirmation_break"":true,""require_vwap"":false,""rsi_level"":50.0,""rsi_reclaim"":52.0,""setup"":""pullback"",""stop_atr"":1.25,""target_rr"":1.25,""trend_adx_min"":18.0,""trend_ema_separation_atr"":0.05,""trigger_mode"":""RSI_CCI"",""vwap_distance_atr"":0.4}"
2025-07 to 2025-12,2019-09-06T00:00:00+00:00,2025-07-01T00:00:00+00:00,BEAR_PULLBACK,BEAR_PULLBACK-LS08,41,-20.839989,0.40881,0.201136,False,,False,"{""atr_ratio_max"":1.8,""atr_ratio_min"":0.65,""bb_width_percentile_max"":0.35,""breakout_range_atr"":0.6,""cci_level"":-50.0,""context"":""BEAR_PULLBACK"",""direction"":""SHORT"",""ema_touch_atr"":0.5,""max_hold_bars"":72,""range_adx_max"":24.0,""range_ema_separation_atr"":0.3,""require_confirmation_break"":false,""require_vwap"":true,""rsi_level"":55.0,""rsi_reclaim"":50.0,""setup"":""pullback"",""stop_atr"":1.0,""target_rr"":1.75,""trend_adx_min"":22.0,""trend_ema_separation_atr"":0.15,""trigger_mode"":""RSI_CCI"",""vwap_distance_atr"":0.0}"
2025-07 to 2025-12,2019-09-06T00:00:00+00:00,2025-07-01T00:00:00+00:00,BEAR_PULLBACK,BEAR_PULLBACK-LS09,47,-25.215158,0.348942,0.285724,False,,False,"{""atr_ratio_max"":1.8,""atr_ratio_min"":0.3,""bb_width_percentile_max"":0.5,""breakout_range_atr"":0.6,""cci_level"":0.0,""context"":""BEAR_PULLBACK"",""direction"":""SHORT"",""ema_touch_atr"":0.25,""max_hold_bars"":48,""range_adx_max"":24.0,""range_ema_separation_atr"":0.3,""require_confirmation_break"":true,""require_vwap"":true,""rsi_level"":50.0,""rsi_reclaim"":50.0,""setup"":""pullback"",""stop_atr"":1.25,""target_rr"":1.5,""trend_adx_min"":22.0,""trend_ema_separation_atr"":0.0,""trigger_mode"":""RSI_CCI"",""vwap_distance_atr"":0.2}"
2025-07 to 2025-12,2019-09-06T00:00:00+00:00,2025-07-01T00:00:00+00:00,BEAR_PULLBACK,BEAR_PULLBACK-LS10,97,-42.957229,0.409124,0.130239,False,,False,"{""atr_ratio_max"":2.2,""atr_ratio_min"":0.45,""bb_width_percentile_max"":0.5,""breakout_range_atr"":0.6,""cci_level"":25.0,""context"":""BEAR_PULLBACK"",""direction"":""SHORT"",""ema_touch_atr"":0.25,""max_hold_bars"":96,""range_adx_max"":20.0,""range_ema_separation_atr"":0.5,""require_confirmation_break"":false,""require_vwap"":true,""rsi_level"":50.0,""rsi_reclaim"":48.0,""setup"":""pullback"",""stop_atr"":1.25,""target_rr"":1.25,""trend_adx_min"":18.0,""trend_ema_separation_atr"":0.05,""trigger_mode"":""RSI_CCI"",""vwap_distance_atr"":0.2}"
2025-07 to 2025-12,2019-09-06T00:00:00+00:00,2025-07-01T00:00:00+00:00,BEAR_PULLBACK,BEAR_PULLBACK-LS11,73,-35.231229,0.42687,0.200573,False,,False,"{""atr_ratio_max"":2.2,""atr_ratio_min"":0.65,""bb_width_percentile_max"":0.35,""breakout_range_atr"":1.0,""cci_level"":25.0,""context"":""BEAR_PULLBACK"",""direction"":""SHORT"",""ema_touch_atr"":0.0,""max_hold_bars"":96,""range_adx_max"":24.0,""range_ema_separation_atr"":0.15,""require_confirmation_break"":false,""require_vwap"":false,""rsi_level"":45.0,""rsi_reclaim"":52.0,""setup"":""pullback"",""stop_atr"":1.5,""target_rr"":1.5,""trend_adx_min"":14.0,""trend_ema_separation_atr"":0.05,""trigger_mode"":""ALL_THREE"",""vwap_distance_atr"":0.4}"
2025-07 to 2025-12,2019-09-06T00:00:00+00:00,2025-07-01T00:00:00+00:00,BEAR_PULLBACK,BEAR_PULLBACK-LS12,22,-17.29405,0.233358,0.007696,False,,False,"{""atr_ratio_max"":1.8,""atr_ratio_min"":0.65,""bb_width_percentile_max"":0.35,""breakout_range_atr"":0.8,""cci_level"":25.0,""context"":""BEAR_PULLBACK"",""direction"":""SHORT"",""ema_touch_atr"":0.5,""max_hold_bars"":72,""range_adx_max"":20.0,""range_ema_separation_atr"":0.15,""require_confirmation_break"":true,""require_vwap"":true,""rsi_level"":45.0,""rsi_reclaim"":52.0,""setup"":""pullback"",""stop_atr"":1.0,""target_rr"":1.5,""trend_adx_min"":18.0,""trend_ema_separation_atr"":0.15,""trigger_mode"":""ALL_THREE"",""vwap_distance_atr"":0.0}"
2025-07 to 2025-12,2019-09-06T00:00:00+00:00,2025-07-01T00:00:00+00:00,BEAR_PULLBACK,BEAR_PULLBACK-LS13,485,-95.016981,0.358652,0.284543,False,,False,"{""atr_ratio_max"":2.6,""atr_ratio_min"":0.45,""bb_width_percentile_max"":0.2,""breakout_range_atr"":0.6,""cci_level"":-50.0,""context"":""BEAR_PULLBACK"",""direction"":""SHORT"",""ema_touch_atr"":0.0,""max_hold_bars"":72,""range_adx_max"":16.0,""range_ema_separation_atr"":0.15,""require_confirmation_break"":false,""require_vwap"":false,""rsi_level"":50.0,""rsi_reclaim"":48.0,""setup"":""pullback"",""stop_atr"":1.5,""target_rr"":1.75,""trend_adx_min"":18.0,""trend_ema_separation_atr"":0.05,""trigger_mode"":""RSI_MACD"",""vwap_distance_atr"":0.4}"
2025-07 to 2025-12,2019-09-06T00:00:00+00:00,2025-07-01T00:00:00+00:00,BEAR_PULLBACK,BEAR_PULLBACK-LS14,374,-92.776059,0.305911,0.25211,False,,False,"{""atr_ratio_max"":2.6,""atr_ratio_min"":0.65,""bb_width_percentile_max"":0.35,""breakout_range_atr"":0.6,""cci_level"":-50.0,""context"":""BEAR_PULLBACK"",""direction"":""SHORT"",""ema_touch_atr"":0.5,""max_hold_bars"":48,""range_adx_max"":20.0,""range_ema_separation_atr"":0.5,""require_confirmation_break"":false,""require_vwap"":true,""rsi_level"":55.0,""rsi_reclaim"":52.0,""setup"":""pullback"",""stop_atr"":1.0,""target_rr"":1.5,""trend_adx_min"":14.0,""trend_ema_separation_atr"":0.15,""trigger_mode"":""RSI_MACD"",""vwap_distance_atr"":0.4}"
2025-07 to 2025-12,2019-09-06T00:00:00+00:00,2025-07-01T00:00:00+00:00,BEAR_PULLBACK,BEAR_PULLBACK-LS15,494,-95.093101,0.389475,0.356791,False,,False,"{""atr_ratio_max"":2.6,""atr_ratio_min"":0.45,""bb_width_percentile_max"":0.5,""breakout_range_atr"":0.8,""cci_level"":0.0,""context"":""BEAR_PULLBACK"",""direction"":""SHORT"",""ema_touch_atr"":0.0,""max_hold_bars"":96,""range_adx_max"":16.0,""range_ema_separation_atr"":0.3,""require_confirmation_break"":true,""require_vwap"":false,""rsi_level"":55.0,""rsi_reclaim"":48.0,""setup"":""pullback"",""stop_atr"":1.5,""target_rr"":1.75,""trend_adx_min"":14.0,""trend_ema_separation_atr"":0.0,""trigger_mode"":""CCI_MACD"",""vwap_distance_atr"":0.0}"
2025-07 to 2025-12,2019-09-06T00:00:00+00:00,2025-07-01T00:00:00+00:00,BEAR_PULLBACK,BEAR_PULLBACK-LS16,127,-54.303636,0.397458,0.296337,False,,False,"{""atr_ratio_max"":2.2,""atr_ratio_min"":0.3,""bb_width_percentile_max"":0.5,""breakout_range_atr"":0.8,""cci_level"":25.0,""context"":""BEAR_PULLBACK"",""direction"":""SHORT"",""ema_touch_atr"":0.0,""max_hold_bars"":48,""range_adx_max"":16.0,""range_ema_separation_atr"":0.5,""require_confirmation_break"":true,""require_vwap"":false,""rsi_level"":45.0,""rsi_reclaim"":52.0,""setup"":""pullback"",""stop_atr"":1.0,""target_rr"":1.75,""trend_adx_min"":18.0,""trend_ema_separation_atr"":0.0,""trigger_mode"":""RSI_MACD"",""vwap_distance_atr"":0.0}"
2025-07 to 2025-12,2019-09-06T00:00:00+00:00,2025-07-01T00:00:00+00:00,BEAR_PULLBACK,BEAR_PULLBACK-LS17,43,-35.789071,0.17836,0.0,False,,False,"{""atr_ratio_max"":2.6,""atr_ratio_min"":0.3,""bb_width_percentile_max"":0.5,""breakout_range_atr"":1.0,""cci_level"":0.0,""context"":""BEAR_PULLBACK"",""direction"":""SHORT"",""ema_touch_atr"":0.5,""max_hold_bars"":96,""range_adx_max"":24.0,""range_ema_separation_atr"":0.5,""require_confirmation_break"":true,""require_vwap"":true,""rsi_level"":45.0,""rsi_reclaim"":50.0,""setup"":""pullback"",""stop_atr"":1.5,""target_rr"":1.5,""trend_adx_min"":22.0,""trend_ema_separation_atr"":0.0,""trigger_mode"":""RSI_MACD"",""vwap_distance_atr"":0.2}"
2025-07 to 2025-12,2019-09-06T00:00:00+00:00,2025-07-01T00:00:00+00:00,BEAR_PULLBACK,BEAR_PULLBACK-LS18,39,-29.286559,0.201031,0.0,False,,False,"{""atr_ratio_max"":1.8,""atr_ratio_min"":0.65,""bb_width_percentile_max"":0.35,""breakout_range_atr"":1.0,""cci_level"":-50.0,""context"":""BEAR_PULLBACK"",""direction"":""SHORT"",""ema_touch_atr"":0.25,""max_hold_bars"":96,""range_adx_max"":24.0,""range_ema_separation_atr"":0.3,""require_confirmation_break"":false,""require_vwap"":true,""rsi_level"":45.0,""rsi_reclaim"":48.0,""setup"":""pullback"",""stop_atr"":1.5,""target_rr"":1.25,""trend_adx_min"":22.0,""trend_ema_separation_atr"":0.15,""trigger_mode"":""RSI_MACD"",""vwap_distance_atr"":0.4}"
2025-07 to 2025-12,2019-09-06T00:00:00+00:00,2025-07-01T00:00:00+00:00,BULL_BREAKOUT,BULL_BREAKOUT-LS01,324,-91.400431,0.304967,0.230351,False,,False,"{""atr_ratio_max"":2.2,""atr_ratio_min"":0.45,""bb_width_percentile_max"":0.5,""breakout_range_atr"":1.0,""cci_level"":0.0,""context"":""BULL_BREAKOUT"",""direction"":""LONG"",""ema_touch_atr"":0.25,""max_hold_bars"":48,""range_adx_max"":16.0,""range_ema_separation_atr"":0.15,""require_confirmation_break"":false,""require_vwap"":false,""rsi_level"":50.0,""rsi_reclaim"":52.0,""setup"":""breakout"",""stop_atr"":1.25,""target_rr"":1.75,""trend_adx_min"":14.0,""trend_ema_separation_atr"":0.05,""trigger_mode"":""CCI_MACD"",""vwap_distance_atr"":0.2}"
2025-07 to 2025-12,2019-09-06T00:00:00+00:00,2025-07-01T00:00:00+00:00,BULL_BREAKOUT,BULL_BREAKOUT-LS02,95,-44.554018,0.356402,0.255564,False,,False,"{""atr_ratio_max"":2.2,""atr_ratio_min"":0.3,""bb_width_percentile_max"":0.2,""breakout_range_atr"":1.0,""cci_level"":0.0,""context"":""BULL_BREAKOUT"",""direction"":""LONG"",""ema_touch_atr"":0.5,""max_hold_bars"":48,""range_adx_max"":20.0,""range_ema_separation_atr"":0.5,""require_confirmation_break"":true,""require_vwap"":false,""rsi_level"":60.0,""rsi_reclaim"":52.0,""setup"":""breakout"",""stop_atr"":1.0,""target_rr"":1.75,""trend_adx_min"":18.0,""trend_ema_separation_atr"":0.05,""trigger_mode"":""RSI_MACD"",""vwap_distance_atr"":0.2}"
2025-07 to 2025-12,2019-09-06T00:00:00+00:00,2025-07-01T00:00:00+00:00,BULL_BREAKOUT,BULL_BREAKOUT-LS03,245,-79.442565,0.279691,0.196771,False,,False,"{""atr_ratio_max"":1.8,""atr_ratio_min"":0.3,""bb_width_percentile_max"":0.2,""breakout_range_atr"":1.0,""cci_level"":0.0,""context"":""BULL_BREAKOUT"",""direction"":""LONG"",""ema_touch_atr"":0.5,""max_hold_bars"":48,""range_adx_max"":16.0,""range_ema_separation_atr"":0.5,""require_confirmation_break"":true,""require_vwap"":true,""rsi_level"":50.0,""rsi_reclaim"":50.0,""setup"":""breakout"",""stop_atr"":1.5,""target_rr"":1.25,""trend_adx_min"":18.0,""trend_ema_separation_atr"":0.0,""trigger_mode"":""RSI_CCI"",""vwap_distance_atr"":0.2}"
2025-07 to 2025-12,2019-09-06T00:00:00+00:00,2025-07-01T00:00:00+00:00,BULL_BREAKOUT,BULL_BREAKOUT-LS04,457,-95.01377,0.342938,0.233918,False,,False,"{""atr_ratio_max"":2.6,""atr_ratio_min"":0.65,""bb_width_percentile_max"":0.35,""breakout_range_atr"":0.8,""cci_level"":50.0,""context"":""BULL_BREAKOUT"",""direction"":""LONG"",""ema_touch_atr"":0.0,""max_hold_bars"":72,""range_adx_max"":24.0,""range_ema_separation_atr"":0.5,""require_confirmation_break"":true,""require_vwap"":false,""rsi_level"":50.0,""rsi_reclaim"":52.0,""setup"":""breakout"",""stop_atr"":1.5,""target_rr"":1.5,""trend_adx_min"":18.0,""trend_ema_separation_atr"":0.15,""trigger_mode"":""RSI_CCI"",""vwap_distance_atr"":0.4}"
2025-07 to 2025-12,2019-09-06T00:00:00+00:00,2025-07-01T00:00:00+00:00,BULL_BREAKOUT,BULL_BREAKOUT-LS05,139,-63.624347,0.333812,0.194018,False,,False,"{""atr_ratio_max"":1.8,""atr_ratio_min"":0.3,""bb_width_percentile_max"":0.35,""breakout_range_atr"":0.6,""cci_level"":100.0,""context"":""BULL_BREAKOUT"",""direction"":""LONG"",""ema_touch_atr"":0.0,""max_hold_bars"":72,""range_adx_max"":24.0,""range_ema_separation_atr"":0.5,""require_confirmation_break"":true,""require_vwap"":false,""rsi_level"":55.0,""rsi_reclaim"":52.0,""setup"":""breakout"",""stop_atr"":1.0,""target_rr"":1.75,""trend_adx_min"":22.0,""trend_ema_separation_atr"":0.0,""trigger_mode"":""CCI_MACD"",""vwap_distance_atr"":0.4}"
2025-07 to 2025-12,2019-09-06T00:00:00+00:00,2025-07-01T00:00:00+00:00,BULL_BREAKOUT,BULL_BREAKOUT-LS06,333,-90.221786,0.310463,0.222901,False,,False,"{""atr_ratio_max"":2.6,""atr_ratio_min"":0.45,""bb_width_percentile_max"":0.5,""breakout_range_atr"":0.8,""cci_level"":50.0,""context"":""BULL_BREAKOUT"",""direction"":""LONG"",""ema_touch_atr"":0.5,""max_hold_bars"":48,""range_adx_max"":20.0,""range_ema_separation_atr"":0.15,""require_confirmation_break"":false,""require_vwap"":true,""rsi_level"":60.0,""rsi_reclaim"":50.0,""setup"":""breakout"",""stop_atr"":1.25,""target_rr"":1.5,""trend_adx_min"":14.0,""trend_ema_separation_atr"":0.15,""trigger_mode"":""ALL_THREE"",""vwap_distance_atr"":0.2}"
2025-07 to 2025-12,2019-09-06T00:00:00+00:00,2025-07-01T00:00:00+00:00,BULL_BREAKOUT,BULL_BREAKOUT-LS07,72,-38.92367,0.319948,0.196205,False,,False,"{""atr_ratio_max"":2.2,""atr_ratio_min"":0.45,""bb_width_percentile_max"":0.2,""breakout_range_atr"":0.6,""cci_level"":50.0,""context"":""BULL_BREAKOUT"",""direction"":""LONG"",""ema_touch_atr"":0.25,""max_hold_bars"":96,""range_adx_max"":16.0,""range_ema_separation_atr"":0.3,""require_confirmation_break"":false,""require_vwap"":true,""rsi_level"":60.0,""rsi_reclaim"":50.0,""setup"":""breakout"",""stop_atr"":1.25,""target_rr"":1.5,""trend_adx_min"":22.0,""trend_ema_separation_atr"":0.0,""trigger_mode"":""ALL_THREE"",""vwap_distance_atr"":0.0}"
2025-07 to 2025-12,2019-09-06T00:00:00+00:00,2025-07-01T00:00:00+00:00,BULL_BREAKOUT,BULL_BREAKOUT-LS08,356,-92.33911,0.275558,0.197619,False,,False,"{""atr_ratio_max"":2.6,""atr_ratio_min"":0.45,""bb_width_percentile_max"":0.35,""breakout_range_atr"":0.6,""cci_level"":100.0,""context"":""BULL_BREAKOUT"",""direction"":""LONG"",""ema_touch_atr"":0.25,""max_hold_bars"":72,""range_adx_max"":16.0,""range_ema_separation_atr"":0.15,""require_confirmation_break"":false,""require_vwap"":true,""rsi_level"":50.0,""rsi_reclaim"":48.0,""setup"":""breakout"",""stop_atr"":1.0,""target_rr"":1.25,""trend_adx_min"":22.0,""trend_ema_separation_atr"":0.15,""trigger_mode"":""RSI_CCI"",""vwap_distance_atr"":0.0}"
2025-07 to 2025-12,2019-09-06T00:00:00+00:00,2025-07-01T00:00:00+00:00,BULL_BREAKOUT,BULL_BREAKOUT-LS09,70,-38.23708,0.351136,0.212249,False,,False,"{""atr_ratio_max"":2.2,""atr_ratio_min"":0.65,""bb_width_percentile_max"":0.2,""breakout_range_atr"":0.6,""cci_level"":100.0,""context"":""BULL_BREAKOUT"",""direction"":""LONG"",""ema_touch_atr"":0.0,""max_hold_bars"":72,""range_adx_max"":20.0,""range_ema_separation_atr"":0.3,""require_confirmation_break"":false,""require_vwap"":false,""rsi_level"":55.0,""rsi_reclaim"":50.0,""setup"":""breakout"",""stop_atr"":1.25,""target_rr"":1.75,""trend_adx_min"":22.0,""trend_ema_separation_atr"":0.0,""trigger_mode"":""RSI_MACD"",""vwap_distance_atr"":0.0}"
2025-07 to 2025-12,2019-09-06T00:00:00+00:00,2025-07-01T00:00:00+00:00,BULL_BREAKOUT,BULL_BREAKOUT-LS10,167,-68.933298,0.270466,0.185763,False,,False,"{""atr_ratio_max"":1.8,""atr_ratio_min"":0.3,""bb_width_percentile_max"":0.2,""breakout_range_atr"":0.8,""cci_level"":0.0,""context"":""BULL_BREAKOUT"",""direction"":""LONG"",""ema_touch_atr"":0.5,""max_hold_bars"":48,""range_adx_max"":16.0,""range_ema_separation_atr"":0.5,""require_confirmation_break"":false,""require_vwap"":false,""rsi_level"":50.0,""rsi_reclaim"":48.0,""setup"":""breakout"",""stop_atr"":1.5,""target_rr"":1.25,""trend_adx_min"":14.0,""trend_ema_separation_atr"":0.0,""trigger_mode"":""CCI_MACD"",""vwap_distance_atr"":0.0}"
2025-07 to 2025-12,2019-09-06T00:00:00+00:00,2025-07-01T00:00:00+00:00,BULL_BREAKOUT,BULL_BREAKOUT-LS11,434,-95.045404,0.264926,0.245486,False,,False,"{""atr_ratio_max"":2.6,""atr_ratio_min"":0.65,""bb_width_percentile_max"":0.35,""breakout_range_atr"":0.8,""cci_level"":0.0,""context"":""BULL_BREAKOUT"",""direction"":""LONG"",""ema_touch_atr"":0.5,""max_hold_bars"":96,""range_adx_max"":16.0,""range_ema_separation_atr"":0.3,""require_confirmation_break"":false,""require_vwap"":false,""rsi_level"":55.0,""rsi_reclaim"":48.0,""setup"":""breakout"",""stop_atr"":1.0,""target_rr"":1.25,""trend_adx_min"":14.0,""trend_ema_separation_atr"":0.05,""trigger_mode"":""RSI_CCI"",""vwap_distance_atr"":0.0}"
2025-07 to 2025-12,2019-09-06T00:00:00+00:00,2025-07-01T00:00:00+00:00,BULL_BREAKOUT,BULL_BREAKOUT-LS12,465,-95.036554,0.3105,0.274463,False,,False,"{""atr_ratio_max"":2.2,""atr_ratio_min"":0.45,""bb_width_percentile_max"":0.35,""breakout_range_atr"":0.6,""cci_level"":50.0,""context"":""BULL_BREAKOUT"",""direction"":""LONG"",""ema_touch_atr"":0.0,""max_hold_bars"":96,""range_adx_max"":24.0,""range_ema_separation_atr"":0.3,""require_confirmation_break"":true,""require_vwap"":true,""rsi_level"":50.0,""rsi_reclaim"":50.0,""setup"":""breakout"",""stop_atr"":1.0,""target_rr"":1.25,""trend_adx_min"":18.0,""trend_ema_separation_atr"":0.15,""trigger_mode"":""RSI_CCI"",""vwap_distance_atr"":0.2}"
2025-07 to 2025-12,2019-09-06T00:00:00+00:00,2025-07-01T00:00:00+00:00,BULL_BREAKOUT,BULL_BREAKOUT-LS13,323,-90.029224,0.350809,0.214324,False,,False,"{""atr_ratio_max"":1.8,""atr_ratio_min"":0.3,""bb_width_percentile_max"":0.5,""breakout_range_atr"":0.8,""cci_level"":50.0,""context"":""BULL_BREAKOUT"",""direction"":""LONG"",""ema_touch_atr"":0.5,""max_hold_bars"":96,""range_adx_max"":24.0,""range_ema_separation_atr"":0.5,""require_confirmation_break"":false,""require_vwap"":false,""rsi_level"":60.0,""rsi_reclaim"":52.0,""setup"":""breakout"",""stop_atr"":1.0,""target_rr"":1.75,""trend_adx_min"":14.0,""trend_ema_separation_atr"":0.05,""trigger_mode"":""RSI_MACD"",""vwap_distance_atr"":0.4}"
2025-07 to 2025-12,2019-09-06T00:00:00+00:00,2025-07-01T00:00:00+00:00,BULL_BREAKOUT,BULL_BREAKOUT-LS14,68,-35.938043,0.33527,0.173446,False,,False,"{""atr_ratio_max"":2.2,""atr_ratio_min"":0.3,""bb_width_percentile_max"":0.2,""breakout_range_atr"":0.8,""cci_level"":100.0,""context"":""BULL_BREAKOUT"",""direction"":""LONG"",""ema_touch_atr"":0.25,""max_hold_bars"":96,""range_adx_max"":24.0,""range_ema_separation_atr"":0.3,""require_confirmation_break"":true,""require_vwap"":true,""rsi_level"":55.0,""rsi_reclaim"":52.0,""setup"":""breakout"",""stop_atr"":1.5,""target_rr"":1.5,""trend_adx_min"":22.0,""trend_ema_separation_atr"":0.15,""trigger_mode"":""CCI_MACD"",""vwap_distance_atr"":0.4}"
2025-07 to 2025-12,2019-09-06T00:00:00+00:00,2025-07-01T00:00:00+00:00,BULL_BREAKOUT,BULL_BREAKOUT-LS15,223,-80.82393,0.254254,0.200041,False,,False,"{""atr_ratio_max"":2.6,""atr_ratio_min"":0.65,""bb_width_percentile_max"":0.35,""breakout_range_atr"":1.0,""cci_level"":100.0,""context"":""BULL_BREAKOUT"",""direction"":""LONG"",""ema_touch_atr"":0.25,""max_hold_bars"":96,""range_adx_max"":20.0,""range_ema_separation_atr"":0.3,""require_confirmation_break"":true,""require_vwap"":true,""rsi_level"":60.0,""rsi_reclaim"":48.0,""setup"":""breakout"",""stop_atr"":1.25,""target_rr"":1.25,""trend_adx_min"":14.0,""trend_ema_separation_atr"":0.05,""trigger_mode"":""RSI_MACD"",""vwap_distance_atr"":0.4}"
2025-07 to 2025-12,2019-09-06T00:00:00+00:00,2025-07-01T00:00:00+00:00,BULL_BREAKOUT,BULL_BREAKOUT-LS16,149,-63.903193,0.346904,0.205739,False,,False,"{""atr_ratio_max"":1.8,""atr_ratio_min"":0.65,""bb_width_percentile_max"":0.5,""breakout_range_atr"":1.0,""cci_level"":100.0,""context"":""BULL_BREAKOUT"",""direction"":""LONG"",""ema_touch_atr"":0.25,""max_hold_bars"":72,""range_adx_max"":20.0,""range_ema_separation_atr"":0.15,""require_confirmation_break"":true,""require_vwap"":true,""rsi_level"":55.0,""rsi_reclaim"":48.0,""setup"":""breakout"",""stop_atr"":1.5,""target_rr"":1.75,""trend_adx_min"":22.0,""trend_ema_separation_atr"":0.15,""trigger_mode"":""ALL_THREE"",""vwap_distance_atr"":0.2}"
2025-07 to 2025-12,2019-09-06T00:00:00+00:00,2025-07-01T00:00:00+00:00,BULL_BREAKOUT,BULL_BREAKOUT-LS17,270,-83.170951,0.36347,0.208036,False,,False,"{""atr_ratio_max"":2.6,""atr_ratio_min"":0.45,""bb_width_percentile_max"":0.5,""breakout_range_atr"":0.6,""cci_level"":50.0,""context"":""BULL_BREAKOUT"",""direction"":""LONG"",""ema_touch_atr"":0.0,""max_hold_bars"":72,""range_adx_max"":20.0,""range_ema_separation_atr"":0.15,""require_confirmation_break"":true,""require_vwap"":true,""rsi_level"":55.0,""rsi_reclaim"":48.0,""setup"":""breakout"",""stop_atr"":1.5,""target_rr"":1.5,""trend_adx_min"":18.0,""trend_ema_separation_atr"":0.05,""trigger_mode"":""RSI_MACD"",""vwap_distance_atr"":0.4}"
2025-07 to 2025-12,2019-09-06T00:00:00+00:00,2025-07-01T00:00:00+00:00,BULL_BREAKOUT,BULL_BREAKOUT-LS18,216,-79.898439,0.282046,0.172327,False,,False,"{""atr_ratio_max"":1.8,""atr_ratio_min"":0.65,""bb_width_percentile_max"":0.5,""breakout_range_atr"":1.0,""cci_level"":0.0,""context"":""BULL_BREAKOUT"",""direction"":""LONG"",""ema_touch_atr"":0.0,""max_hold_bars"":48,""range_adx_max"":24.0,""range_ema_separation_atr"":0.15,""require_confirmation_break"":false,""require_vwap"":false,""rsi_level"":60.0,""rsi_reclaim"":50.0,""setup"":""breakout"",""stop_atr"":1.25,""target_rr"":1.5,""trend_adx_min"":18.0,""trend_ema_separation_atr"":0.0,""trigger_mode"":""ALL_THREE"",""vwap_distance_atr"":0.0}"
2025-07 to 2025-12,2019-09-06T00:00:00+00:00,2025-07-01T00:00:00+00:00,BULL_PULLBACK,BULL_PULLBACK-LS01,228,-80.762252,0.290698,0.203701,False,,False,"{""atr_ratio_max"":2.6,""atr_ratio_min"":0.65,""bb_width_percentile_max"":0.35,""breakout_range_atr"":0.8,""cci_level"":0.0,""context"":""BULL_PULLBACK"",""direction"":""LONG"",""ema_touch_atr"":0.25,""max_hold_bars"":72,""range_adx_max"":24.0,""range_ema_separation_atr"":0.5,""require_confirmation_break"":false,""require_vwap"":true,""rsi_level"":50.0,""rsi_reclaim"":50.0,""setup"":""pullback"",""stop_atr"":1.0,""target_rr"":1.25,""trend_adx_min"":14.0,""trend_ema_separation_atr"":0.0,""trigger_mode"":""CCI_MACD"",""vwap_distance_atr"":0.4}"
2025-07 to 2025-12,2019-09-06T00:00:00+00:00,2025-07-01T00:00:00+00:00,BULL_PULLBACK,BULL_PULLBACK-LS02,41,-36.058135,0.190735,0.067103,False,,False,"{""atr_ratio_max"":2.6,""atr_ratio_min"":0.3,""bb_width_percentile_max"":0.35,""breakout_range_atr"":0.6,""cci_level"":0.0,""context"":""BULL_PULLBACK"",""direction"":""LONG"",""ema_touch_atr"":0.0,""max_hold_bars"":48,""range_adx_max"":16.0,""range_ema_separation_atr"":0.5,""require_confirmation_break"":true,""require_vwap"":false,""rsi_level"":45.0,""rsi_reclaim"":50.0,""setup"":""pullback"",""stop_atr"":1.0,""target_rr"":1.75,""trend_adx_min"":22.0,""trend_ema_separation_atr"":0.05,""trigger_mode"":""RSI_CCI"",""vwap_distance_atr"":0.4}"
2025-07 to 2025-12,2019-09-06T00:00:00+00:00,2025-07-01T00:00:00+00:00,BULL_PULLBACK,BULL_PULLBACK-LS03,453,-94.788274,0.337915,0.252492,False,,False,"{""atr_ratio_max"":2.2,""atr_ratio_min"":0.3,""bb_width_percentile_max"":0.35,""breakout_range_atr"":1.0,""cci_level"":25.0,""context"":""BULL_PULLBACK"",""direction"":""LONG"",""ema_touch_atr"":0.0,""max_hold_bars"":96,""range_adx_max"":20.0,""range_ema_separation_atr"":0.15,""require_confirmation_break"":true,""require_vwap"":false,""rsi_level"":55.0,""rsi_reclaim"":52.0,""setup"":""pullback"",""stop_atr"":1.25,""target_rr"":1.75,""trend_adx_min"":14.0,""trend_ema_separation_atr"":0.0,""trigger_mode"":""RSI_CCI"",""vwap_distance_atr"":0.0}"
2025-07 to 2025-12,2019-09-06T00:00:00+00:00,2025-07-01T00:00:00+00:00,BULL_PULLBACK,BULL_PULLBACK-LS04,100,-56.18498,0.320408,0.223723,False,,False,"{""atr_ratio_max"":2.2,""atr_ratio_min"":0.65,""bb_width_percentile_max"":0.35,""breakout_range_atr"":0.8,""cci_level"":25.0,""context"":""BULL_PULLBACK"",""direction"":""LONG"",""ema_touch_atr"":0.0,""max_hold_bars"":96,""range_adx_max"":16.0,""range_ema_separation_atr"":0.3,""require_confirmation_break"":true,""require_vwap"":true,""rsi_level"":45.0,""rsi_reclaim"":48.0,""setup"":""pullback"",""stop_atr"":1.5,""target_rr"":1.75,""trend_adx_min"":18.0,""trend_ema_separation_atr"":0.15,""trigger_mode"":""CCI_MACD"",""vwap_distance_atr"":0.4}"
2025-07 to 2025-12,2019-09-06T00:00:00+00:00,2025-07-01T00:00:00+00:00,BULL_PULLBACK,BULL_PULLBACK-LS05,568,-95.049584,0.364466,0.314025,False,,False,"{""atr_ratio_max"":1.8,""atr_ratio_min"":0.65,""bb_width_percentile_max"":0.2,""breakout_range_atr"":1.0,""cci_level"":25.0,""context"":""BULL_PULLBACK"",""direction"":""LONG"",""ema_touch_atr"":0.25,""max_hold_bars"":48,""range_adx_max"":16.0,""range_ema_separation_atr"":0.3,""require_confirmation_break"":false,""require_vwap"":false,""rsi_level"":55.0,""rsi_reclaim"":48.0,""setup"":""pullback"",""stop_atr"":1.5,""target_rr"":1.5,""trend_adx_min"":14.0,""trend_ema_separation_atr"":0.0,""trigger_mode"":""CCI_MACD"",""vwap_distance_atr"":0.0}"
2025-07 to 2025-12,2019-09-06T00:00:00+00:00,2025-07-01T00:00:00+00:00,BULL_PULLBACK,BULL_PULLBACK-LS06,225,-80.422114,0.279149,0.232799,False,,False,"{""atr_ratio_max"":2.6,""atr_ratio_min"":0.45,""bb_width_percentile_max"":0.2,""breakout_range_atr"":1.0,""cci_level"":0.0,""context"":""BULL_PULLBACK"",""direction"":""LONG"",""ema_touch_atr"":0.5,""max_hold_bars"":48,""range_adx_max"":24.0,""range_ema_separation_atr"":0.15,""require_confirmation_break"":true,""require_vwap"":true,""rsi_level"":55.0,""rsi_reclaim"":50.0,""setup"":""pullback"",""stop_atr"":1.25,""target_rr"":1.25,""trend_adx_min"":14.0,""trend_ema_separation_atr"":0.0,""trigger_mode"":""CCI_MACD"",""vwap_distance_atr"":0.2}"
2025-07 to 2025-12,2019-09-06T00:00:00+00:00,2025-07-01T00:00:00+00:00,BULL_PULLBACK,BULL_PULLBACK-LS07,51,-35.847601,0.245594,0.11964,False,,False,"{""atr_ratio_max"":2.6,""atr_ratio_min"":0.45,""bb_width_percentile_max"":0.5,""breakout_range_atr"":1.0,""cci_level"":25.0,""context"":""BULL_PULLBACK"",""direction"":""LONG"",""ema_touch_atr"":0.25,""max_hold_bars"":48,""range_adx_max"":16.0,""range_ema_separation_atr"":0.3,""require_confirmation_break"":false,""require_vwap"":true,""rsi_level"":50.0,""rsi_reclaim"":50.0,""setup"":""pullback"",""stop_atr"":1.5,""target_rr"":1.5,""trend_adx_min"":22.0,""trend_ema_separation_atr"":0.05,""trigger_mode"":""ALL_THREE"",""vwap_distance_atr"":0.2}"
2025-07 to 2025-12,2019-09-06T00:00:00+00:00,2025-07-01T00:00:00+00:00,BULL_PULLBACK,BULL_PULLBACK-LS08,247,-79.722914,0.344026,0.290486,False,,False,"{""atr_ratio_max"":1.8,""atr_ratio_min"":0.45,""bb_width_percentile_max"":0.35,""breakout_range_atr"":0.6,""cci_level"":0.0,""context"":""BULL_PULLBACK"",""direction"":""LONG"",""ema_touch_atr"":0.5,""max_hold_bars"":96,""range_adx_max"":20.0,""range_ema_separation_atr"":0.3,""require_confirmation_break"":true,""require_vwap"":true,""rsi_level"":55.0,""rsi_reclaim"":48.0,""setup"":""pullback"",""stop_atr"":1.25,""target_rr"":1.25,""trend_adx_min"":18.0,""trend_ema_separation_atr"":0.05,""trigger_mode"":""RSI_MACD"",""vwap_distance_atr"":0.4}"
2025-07 to 2025-12,2019-09-06T00:00:00+00:00,2025-07-01T00:00:00+00:00,BULL_PULLBACK,BULL_PULLBACK-LS09,24,-22.508751,0.217625,0.0,False,,False,"{""atr_ratio_max"":1.8,""atr_ratio_min"":0.3,""bb_width_percentile_max"":0.5,""breakout_range_atr"":0.6,""cci_level"":25.0,""context"":""BULL_PULLBACK"",""direction"":""LONG"",""ema_touch_atr"":0.5,""max_hold_bars"":48,""range_adx_max"":24.0,""range_ema_separation_atr"":0.15,""require_confirmation_break"":true,""require_vwap"":false,""rsi_level"":45.0,""rsi_reclaim"":52.0,""setup"":""pullback"",""stop_atr"":1.0,""target_rr"":1.75,""trend_adx_min"":22.0,""trend_ema_separation_atr"":0.05,""trigger_mode"":""ALL_THREE"",""vwap_distance_atr"":0.2}"
2025-07 to 2025-12,2019-09-06T00:00:00+00:00,2025-07-01T00:00:00+00:00,BULL_PULLBACK,BULL_PULLBACK-LS10,127,-62.6192,0.263363,0.111344,False,,False,"{""atr_ratio_max"":2.2,""atr_ratio_min"":0.65,""bb_width_percentile_max"":0.2,""breakout_range_atr"":0.8,""cci_level"":-50.0,""context"":""BULL_PULLBACK"",""direction"":""LONG"",""ema_touch_atr"":0.5,""max_hold_bars"":96,""range_adx_max"":20.0,""range_ema_separation_atr"":0.3,""require_confirmation_break"":true,""require_vwap"":true,""rsi_level"":50.0,""rsi_reclaim"":48.0,""setup"":""pullback"",""stop_atr"":1.25,""target_rr"":1.25,""trend_adx_min"":14.0,""trend_ema_separation_atr"":0.15,""trigger_mode"":""RSI_CCI"",""vwap_distance_atr"":0.2}"
2025-07 to 2025-12,2019-09-06T00:00:00+00:00,2025-07-01T00:00:00+00:00,BULL_PULLBACK,BULL_PULLBACK-LS11,158,-67.295754,0.362513,0.214063,False,,False,"{""atr_ratio_max"":1.8,""atr_ratio_min"":0.65,""bb_width_percentile_max"":0.5,""breakout_range_atr"":0.6,""cci_level"":-50.0,""context"":""BULL_PULLBACK"",""direction"":""LONG"",""ema_touch_atr"":0.25,""max_hold_bars"":72,""range_adx_max"":16.0,""range_ema_separation_atr"":0.5,""require_confirmation_break"":false,""require_vwap"":false,""rsi_level"":55.0,""rsi_reclaim"":48.0,""setup"":""pullback"",""stop_atr"":1.5,""target_rr"":1.75,""trend_adx_min"":22.0,""trend_ema_separation_atr"":0.15,""trigger_mode"":""RSI_CCI"",""vwap_distance_atr"":0.0}"
2025-07 to 2025-12,2019-09-06T00:00:00+00:00,2025-07-01T00:00:00+00:00,BULL_PULLBACK,BULL_PULLBACK-LS12,37,-31.077818,0.248939,0.001085,False,,False,"{""atr_ratio_max"":2.6,""atr_ratio_min"":0.3,""bb_width_percentile_max"":0.2,""breakout_range_atr"":0.8,""cci_level"":-50.0,""context"":""BULL_PULLBACK"",""direction"":""LONG"",""ema_touch_atr"":0.5,""max_hold_bars"":96,""range_adx_max"":20.0,""range_ema_separation_atr"":0.5,""require_confirmation_break"":false,""require_vwap"":true,""rsi_level"":45.0,""rsi_reclaim"":52.0,""setup"":""pullback"",""stop_atr"":1.5,""target_rr"":1.75,""trend_adx_min"":22.0,""trend_ema_separation_atr"":0.15,""trigger_mode"":""RSI_MACD"",""vwap_distance_atr"":0.2}"
2025-07 to 2025-12,2019-09-06T00:00:00+00:00,2025-07-01T00:00:00+00:00,BULL_PULLBACK,BULL_PULLBACK-LS13,255,-83.08534,0.321728,0.181254,False,,False,"{""atr_ratio_max"":2.6,""atr_ratio_min"":0.3,""bb_width_percentile_max"":0.2,""breakout_range_atr"":0.8,""cci_level"":0.0,""context"":""BULL_PULLBACK"",""direction"":""LONG"",""ema_touch_atr"":0.0,""max_hold_bars"":72,""range_adx_max"":24.0,""range_ema_separation_atr"":0.15,""require_confirmation_break"":false,""require_vwap"":false,""rsi_level"":50.0,""rsi_reclaim"":52.0,""setup"":""pullback"",""stop_atr"":1.5,""target_rr"":1.25,""trend_adx_min"":18.0,""trend_ema_separation_atr"":0.05,""trigger_mode"":""ALL_THREE"",""vwap_distance_atr"":0.0}"
2025-07 to 2025-12,2019-09-06T00:00:00+00:00,2025-07-01T00:00:00+00:00,BULL_PULLBACK,BULL_PULLBACK-LS14,112,-67.837228,0.198077,0.096162,False,,False,"{""atr_ratio_max"":1.8,""atr_ratio_min"":0.45,""bb_width_percentile_max"":0.5,""breakout_range_atr"":1.0,""cci_level"":-50.0,""context"":""BULL_PULLBACK"",""direction"":""LONG"",""ema_touch_atr"":0.0,""max_hold_bars"":48,""range_adx_max"":20.0,""range_ema_separation_atr"":0.3,""require_confirmation_break"":true,""require_vwap"":false,""rsi_level"":45.0,""rsi_reclaim"":50.0,""setup"":""pullback"",""stop_atr"":1.25,""target_rr"":1.5,""trend_adx_min"":18.0,""trend_ema_separation_atr"":0.15,""trigger_mode"":""ALL_THREE"",""vwap_distance_atr"":0.2}"
2025-07 to 2025-12,2019-09-06T00:00:00+00:00,2025-07-01T00:00:00+00:00,BULL_PULLBACK,BULL_PULLBACK-LS15,437,-95.012183,0.332374,0.1884,False,,False,"{""atr_ratio_max"":2.2,""atr_ratio_min"":0.45,""bb_width_percentile_max"":0.5,""breakout_range_atr"":0.6,""cci_level"":-50.0,""context"":""BULL_PULLBACK"",""direction"":""LONG"",""ema_touch_atr"":0.5,""max_hold_bars"":72,""range_adx_max"":20.0,""range_ema_separation_atr"":0.5,""require_confirmation_break"":false,""require_vwap"":false,""rsi_level"":55.0,""rsi_reclaim"":50.0,""setup"":""pullback"",""stop_atr"":1.0,""target_rr"":1.5,""trend_adx_min"":14.0,""trend_ema_separation_atr"":0.15,""trigger_mode"":""RSI_CCI"",""vwap_distance_atr"":0.4}"
2025-07 to 2025-12,2019-09-06T00:00:00+00:00,2025-07-01T00:00:00+00:00,BULL_PULLBACK,BULL_PULLBACK-LS16,199,-73.423105,0.349189,0.247477,False,,False,"{""atr_ratio_max"":2.2,""atr_ratio_min"":0.65,""bb_width_percentile_max"":0.2,""breakout_range_atr"":0.8,""cci_level"":-50.0,""context"":""BULL_PULLBACK"",""direction"":""LONG"",""ema_touch_atr"":0.0,""max_hold_bars"":72,""range_adx_max"":24.0,""range_ema_separation_atr"":0.5,""require_confirmation_break"":false,""require_vwap"":true,""rsi_level"":50.0,""rsi_reclaim"":48.0,""setup"":""pullback"",""stop_atr"":1.0,""target_rr"":1.5,""trend_adx_min"":18.0,""trend_ema_separation_atr"":0.05,""trigger_mode"":""RSI_MACD"",""vwap_distance_atr"":0.4}"
2025-07 to 2025-12,2019-09-06T00:00:00+00:00,2025-07-01T00:00:00+00:00,BULL_PULLBACK,BULL_PULLBACK-LS17,74,-39.556709,0.327795,0.04734,False,,False,"{""atr_ratio_max"":1.8,""atr_ratio_min"":0.45,""bb_width_percentile_max"":0.5,""breakout_range_atr"":1.0,""cci_level"":25.0,""context"":""BULL_PULLBACK"",""direction"":""LONG"",""ema_touch_atr"":0.25,""max_hold_bars"":72,""range_adx_max"":24.0,""range_ema_separation_atr"":0.15,""require_confirmation_break"":true,""require_vwap"":true,""rsi_level"":50.0,""rsi_reclaim"":52.0,""setup"":""pullback"",""stop_atr"":1.0,""target_rr"":1.25,""trend_adx_min"":22.0,""trend_ema_separation_atr"":0.0,""trigger_mode"":""RSI_MACD"",""vwap_distance_atr"":0.0}"
2025-07 to 2025-12,2019-09-06T00:00:00+00:00,2025-07-01T00:00:00+00:00,BULL_PULLBACK,BULL_PULLBACK-LS18,167,-69.909195,0.333821,0.24972,False,,False,"{""atr_ratio_max"":2.2,""atr_ratio_min"":0.3,""bb_width_percentile_max"":0.35,""breakout_range_atr"":0.6,""cci_level"":0.0,""context"":""BULL_PULLBACK"",""direction"":""LONG"",""ema_touch_atr"":0.25,""max_hold_bars"":96,""range_adx_max"":16.0,""range_ema_separation_atr"":0.15,""require_confirmation_break"":false,""require_vwap"":false,""rsi_level"":45.0,""rsi_reclaim"":52.0,""setup"":""pullback"",""stop_atr"":1.25,""target_rr"":1.5,""trend_adx_min"":18.0,""trend_ema_separation_atr"":0.0,""trigger_mode"":""RSI_MACD"",""vwap_distance_atr"":0.0}"
2025-07 to 2025-12,2019-09-06T00:00:00+00:00,2025-07-01T00:00:00+00:00,RANGE_REVERSION,RANGE_REVERSION-LS01,1,-1.503314,0.0,,False,,False,"{""atr_ratio_max"":2.6,""atr_ratio_min"":0.3,""bb_width_percentile_max"":0.5,""breakout_range_atr"":1.0,""cci_level"":50.0,""context"":""RANGE_REVERSION"",""direction"":""BOTH"",""ema_touch_atr"":0.5,""max_hold_bars"":96,""range_adx_max"":24.0,""range_ema_separation_atr"":0.5,""require_confirmation_break"":true,""require_vwap"":true,""rsi_level"":35.0,""rsi_reclaim"":35.0,""setup"":""reversion"",""stop_atr"":1.0,""target_rr"":1.75,""trend_adx_min"":18.0,""trend_ema_separation_atr"":0.0,""trigger_mode"":""RSI_CCI"",""vwap_distance_atr"":0.4}"
2025-07 to 2025-12,2019-09-06T00:00:00+00:00,2025-07-01T00:00:00+00:00,RANGE_REVERSION,RANGE_REVERSION-LS02,6,-3.839717,0.365674,,False,,False,"{""atr_ratio_max"":1.8,""atr_ratio_min"":0.3,""bb_width_percentile_max"":0.2,""breakout_range_atr"":0.8,""cci_level"":75.0,""context"":""RANGE_REVERSION"",""direction"":""BOTH"",""ema_touch_atr"":0.0,""max_hold_bars"":72,""range_adx_max"":24.0,""range_ema_separation_atr"":0.3,""require_confirmation_break"":true,""require_vwap"":false,""rsi_level"":40.0,""rsi_reclaim"":45.0,""setup"":""reversion"",""stop_atr"":1.25,""target_rr"":1.5,""trend_adx_min"":22.0,""trend_ema_separation_atr"":0.15,""trigger_mode"":""RSI_CCI"",""vwap_distance_atr"":0.2}"
2025-07 to 2025-12,2019-09-06T00:00:00+00:00,2025-07-01T00:00:00+00:00,RANGE_REVERSION,RANGE_REVERSION-LS03,3,0.38691,1.277241,,False,,False,"{""atr_ratio_max"":1.8,""atr_ratio_min"":0.3,""bb_width_percentile_max"":0.2,""breakout_range_atr"":1.0,""cci_level"":50.0,""context"":""RANGE_REVERSION"",""direction"":""BOTH"",""ema_touch_atr"":0.0,""max_hold_bars"":48,""range_adx_max"":20.0,""range_ema_separation_atr"":0.15,""require_confirmation_break"":false,""require_vwap"":false,""rsi_level"":30.0,""rsi_reclaim"":45.0,""setup"":""reversion"",""stop_atr"":1.25,""target_rr"":1.25,""trend_adx_min"":14.0,""trend_ema_separation_atr"":0.05,""trigger_mode"":""CCI_MACD"",""vwap_distance_atr"":0.0}"
2025-07 to 2025-12,2019-09-06T00:00:00+00:00,2025-07-01T00:00:00+00:00,RANGE_REVERSION,RANGE_REVERSION-LS04,1,1.358569,,,False,,False,"{""atr_ratio_max"":2.2,""atr_ratio_min"":0.45,""bb_width_percentile_max"":0.35,""breakout_range_atr"":0.8,""cci_level"":75.0,""context"":""RANGE_REVERSION"",""direction"":""BOTH"",""ema_touch_atr"":0.25,""max_hold_bars"":96,""range_adx_max"":20.0,""range_ema_separation_atr"":0.15,""require_confirmation_break"":true,""require_vwap"":false,""rsi_level"":35.0,""rsi_reclaim"":40.0,""setup"":""reversion"",""stop_atr"":1.25,""target_rr"":1.75,""trend_adx_min"":14.0,""trend_ema_separation_atr"":0.05,""trigger_mode"":""RSI_CCI"",""vwap_distance_atr"":0.0}"
2025-07 to 2025-12,2019-09-06T00:00:00+00:00,2025-07-01T00:00:00+00:00,RANGE_REVERSION,RANGE_REVERSION-LS05,5,0.26486,1.090018,,False,,False,"{""atr_ratio_max"":2.6,""atr_ratio_min"":0.3,""bb_width_percentile_max"":0.2,""breakout_range_atr"":0.6,""cci_level"":50.0,""context"":""RANGE_REVERSION"",""direction"":""BOTH"",""ema_touch_atr"":0.25,""max_hold_bars"":96,""range_adx_max"":24.0,""range_ema_separation_atr"":0.15,""require_confirmation_break"":false,""require_vwap"":true,""rsi_level"":30.0,""rsi_reclaim"":35.0,""setup"":""reversion"",""stop_atr"":1.25,""target_rr"":1.75,""trend_adx_min"":14.0,""trend_ema_separation_atr"":0.0,""trigger_mode"":""RSI_MACD"",""vwap_distance_atr"":0.4}"
2025-07 to 2025-12,2019-09-06T00:00:00+00:00,2025-07-01T00:00:00+00:00,RANGE_REVERSION,RANGE_REVERSION-LS06,4,-6.381577,0.181306,,False,,False,"{""atr_ratio_max"":1.8,""atr_ratio_min"":0.65,""bb_width_percentile_max"":0.35,""breakout_range_atr"":0.8,""cci_level"":100.0,""context"":""RANGE_REVERSION"",""direction"":""BOTH"",""ema_touch_atr"":0.25,""max_hold_bars"":72,""range_adx_max"":16.0,""range_ema_separation_atr"":0.15,""require_confirmation_break"":false,""require_vwap"":true,""rsi_level"":40.0,""rsi_reclaim"":35.0,""setup"":""reversion"",""stop_atr"":1.5,""target_rr"":1.75,""trend_adx_min"":22.0,""trend_ema_separation_atr"":0.15,""trigger_mode"":""CCI_MACD"",""vwap_distance_atr"":0.4}"
2025-07 to 2025-12,2019-09-06T00:00:00+00:00,2025-07-01T00:00:00+00:00,RANGE_REVERSION,RANGE_REVERSION-LS07,3,-3.180253,0.229504,,False,,False,"{""atr_ratio_max"":2.2,""atr_ratio_min"":0.45,""bb_width_percentile_max"":0.35,""breakout_range_atr"":1.0,""cci_level"":100.0,""context"":""RANGE_REVERSION"",""direction"":""BOTH"",""ema_touch_atr"":0.5,""max_hold_bars"":72,""range_adx_max"":16.0,""range_ema_separation_atr"":0.5,""require_confirmation_break"":false,""require_vwap"":false,""rsi_level"":35.0,""rsi_reclaim"":40.0,""setup"":""reversion"",""stop_atr"":1.0,""target_rr"":1.5,""trend_adx_min"":14.0,""trend_ema_separation_atr"":0.05,""trigger_mode"":""ALL_THREE"",""vwap_distance_atr"":0.4}"
2025-07 to 2025-12,2019-09-06T00:00:00+00:00,2025-07-01T00:00:00+00:00,RANGE_REVERSION,RANGE_REVERSION-LS08,2,-0.578362,0.594065,,False,,False,"{""atr_ratio_max"":2.2,""atr_ratio_min"":0.65,""bb_width_percentile_max"":0.5,""breakout_range_atr"":0.6,""cci_level"":50.0,""context"":""RANGE_REVERSION"",""direction"":""BOTH"",""ema_touch_atr"":0.0,""max_hold_bars"":96,""range_adx_max"":24.0,""range_ema_separation_atr"":0.3,""require_confirmation_break"":true,""require_vwap"":false,""rsi_level"":35.0,""rsi_reclaim"":40.0,""setup"":""reversion"",""stop_atr"":1.5,""target_rr"":1.25,""trend_adx_min"":22.0,""trend_ema_separation_atr"":0.05,""trigger_mode"":""RSI_CCI"",""vwap_distance_atr"":0.0}"
2025-07 to 2025-12,2019-09-06T00:00:00+00:00,2025-07-01T00:00:00+00:00,RANGE_REVERSION,RANGE_REVERSION-LS09,1,-1.503314,0.0,,False,,False,"{""atr_ratio_max"":2.6,""atr_ratio_min"":0.3,""bb_width_percentile_max"":0.35,""breakout_range_atr"":0.8,""cci_level"":75.0,""context"":""RANGE_REVERSION"",""direction"":""BOTH"",""ema_touch_atr"":0.0,""max_hold_bars"":96,""range_adx_max"":20.0,""range_ema_separation_atr"":0.5,""require_confirmation_break"":false,""require_vwap"":true,""rsi_level"":30.0,""rsi_reclaim"":45.0,""setup"":""reversion"",""stop_atr"":1.5,""target_rr"":1.5,""trend_adx_min"":18.0,""trend_ema_separation_atr"":0.05,""trigger_mode"":""RSI_MACD"",""vwap_distance_atr"":0.2}"
2025-07 to 2025-12,2019-09-06T00:00:00+00:00,2025-07-01T00:00:00+00:00,RANGE_REVERSION,RANGE_REVERSION-LS10,99,-45.45832,0.354634,0.099572,False,,False,"{""atr_ratio_max"":1.8,""atr_ratio_min"":0.45,""bb_width_percentile_max"":0.2,""breakout_range_atr"":1.0,""cci_level"":100.0,""context"":""RANGE_REVERSION"",""direction"":""BOTH"",""ema_touch_atr"":0.25,""max_hold_bars"":96,""range_adx_max"":20.0,""range_ema_separation_atr"":0.3,""require_confirmation_break"":false,""require_vwap"":true,""rsi_level"":40.0,""rsi_reclaim"":35.0,""setup"":""reversion"",""stop_atr"":1.0,""target_rr"":1.25,""trend_adx_min"":22.0,""trend_ema_separation_atr"":0.15,""trigger_mode"":""RSI_MACD"",""vwap_distance_atr"":0.0}"
2025-07 to 2025-12,2019-09-06T00:00:00+00:00,2025-07-01T00:00:00+00:00,RANGE_REVERSION,RANGE_REVERSION-LS11,7,-2.092953,0.64945,,False,,False,"{""atr_ratio_max"":1.8,""atr_ratio_min"":0.65,""bb_width_percentile_max"":0.5,""breakout_range_atr"":0.6,""cci_level"":100.0,""context"":""RANGE_REVERSION"",""direction"":""BOTH"",""ema_touch_atr"":0.5,""max_hold_bars"":48,""range_adx_max"":20.0,""range_ema_separation_atr"":0.3,""require_confirmation_break"":true,""require_vwap"":false,""rsi_level"":30.0,""rsi_reclaim"":35.0,""setup"":""reversion"",""stop_atr"":1.25,""target_rr"":1.75,""trend_adx_min"":22.0,""trend_ema_separation_atr"":0.05,""trigger_mode"":""RSI_MACD"",""vwap_distance_atr"":0.4}"
2025-07 to 2025-12,2019-09-06T00:00:00+00:00,2025-07-01T00:00:00+00:00,RANGE_REVERSION,RANGE_REVERSION-LS12,13,1.874945,1.378224,0.537079,False,,False,"{""atr_ratio_max"":2.2,""atr_ratio_min"":0.65,""bb_width_percentile_max"":0.2,""breakout_range_atr"":1.0,""cci_level"":50.0,""context"":""RANGE_REVERSION"",""direction"":""BOTH"",""ema_touch_atr"":0.0,""max_hold_bars"":72,""range_adx_max"":24.0,""range_ema_separation_atr"":0.15,""require_confirmation_break"":false,""require_vwap"":true,""rsi_level"":35.0,""rsi_reclaim"":40.0,""setup"":""reversion"",""stop_atr"":1.0,""target_rr"":1.25,""trend_adx_min"":18.0,""trend_ema_separation_atr"":0.0,""trigger_mode"":""RSI_MACD"",""vwap_distance_atr"":0.2}"
2025-07 to 2025-12,2019-09-06T00:00:00+00:00,2025-07-01T00:00:00+00:00,RANGE_REVERSION,RANGE_REVERSION-LS13,9,-2.479682,0.639167,,False,,False,"{""atr_ratio_max"":2.6,""atr_ratio_min"":0.65,""bb_width_percentile_max"":0.35,""breakout_range_atr"":0.6,""cci_level"":75.0,""context"":""RANGE_REVERSION"",""direction"":""BOTH"",""ema_touch_atr"":0.25,""max_hold_bars"":48,""range_adx_max"":20.0,""range_ema_separation_atr"":0.3,""require_confirmation_break"":true,""require_vwap"":false,""rsi_level"":40.0,""rsi_reclaim"":40.0,""setup"":""reversion"",""stop_atr"":1.5,""target_rr"":1.5,""trend_adx_min"":18.0,""trend_ema_separation_atr"":0.15,""trigger_mode"":""CCI_MACD"",""vwap_distance_atr"":0.0}"
2025-07 to 2025-12,2019-09-06T00:00:00+00:00,2025-07-01T00:00:00+00:00,RANGE_REVERSION,RANGE_REVERSION-LS14,3,2.714065,,,False,,False,"{""atr_ratio_max"":2.2,""atr_ratio_min"":0.65,""bb_width_percentile_max"":0.5,""breakout_range_atr"":0.8,""cci_level"":75.0,""context"":""RANGE_REVERSION"",""direction"":""BOTH"",""ema_touch_atr"":0.5,""max_hold_bars"":72,""range_adx_max"":16.0,""range_ema_separation_atr"":0.5,""require_confirmation_break"":true,""require_vwap"":true,""rsi_level"":40.0,""rsi_reclaim"":35.0,""setup"":""reversion"",""stop_atr"":1.25,""target_rr"":1.25,""trend_adx_min"":14.0,""trend_ema_separation_atr"":0.0,""trigger_mode"":""CCI_MACD"",""vwap_distance_atr"":0.4}"
2025-07 to 2025-12,2019-09-06T00:00:00+00:00,2025-07-01T00:00:00+00:00,RANGE_REVERSION,RANGE_REVERSION-LS15,0,0.0,,,False,,False,"{""atr_ratio_max"":2.6,""atr_ratio_min"":0.45,""bb_width_percentile_max"":0.2,""breakout_range_atr"":0.6,""cci_level"":100.0,""context"":""RANGE_REVERSION"",""direction"":""BOTH"",""ema_touch_atr"":0.5,""max_hold_bars"":48,""range_adx_max"":16.0,""range_ema_separation_atr"":0.3,""require_confirmation_break"":true,""require_vwap"":true,""rsi_level"":30.0,""rsi_reclaim"":40.0,""setup"":""reversion"",""stop_atr"":1.0,""target_rr"":1.5,""trend_adx_min"":22.0,""trend_ema_separation_atr"":0.0,""trigger_mode"":""ALL_THREE"",""vwap_distance_atr"":0.2}"
2025-07 to 2025-12,2019-09-06T00:00:00+00:00,2025-07-01T00:00:00+00:00,RANGE_REVERSION,RANGE_REVERSION-LS16,2,-0.284487,0.832431,,False,,False,"{""atr_ratio_max"":1.8,""atr_ratio_min"":0.45,""bb_width_percentile_max"":0.5,""breakout_range_atr"":1.0,""cci_level"":50.0,""context"":""RANGE_REVERSION"",""direction"":""BOTH"",""ema_touch_atr"":0.5,""max_hold_bars"":48,""range_adx_max"":24.0,""range_ema_separation_atr"":0.5,""require_confirmation_break"":true,""require_vwap"":true,""rsi_level"":40.0,""rsi_reclaim"":45.0,""setup"":""reversion"",""stop_atr"":1.5,""target_rr"":1.75,""trend_adx_min"":18.0,""trend_ema_separation_atr"":0.15,""trigger_mode"":""ALL_THREE"",""vwap_distance_atr"":0.2}"
2025-07 to 2025-12,2019-09-06T00:00:00+00:00,2025-07-01T00:00:00+00:00,RANGE_REVERSION,RANGE_REVERSION-LS17,0,0.0,,,False,,False,"{""atr_ratio_max"":2.2,""atr_ratio_min"":0.3,""bb_width_percentile_max"":0.5,""breakout_range_atr"":0.6,""cci_level"":100.0,""context"":""RANGE_REVERSION"",""direction"":""BOTH"",""ema_touch_atr"":0.0,""max_hold_bars"":48,""range_adx_max"":16.0,""range_ema_separation_atr"":0.15,""require_confirmation_break"":false,""require_vwap"":false,""rsi_level"":30.0,""rsi_reclaim"":45.0,""setup"":""reversion"",""stop_atr"":1.5,""target_rr"":1.25,""trend_adx_min"":18.0,""trend_ema_separation_atr"":0.0,""trigger_mode"":""RSI_CCI"",""vwap_distance_atr"":0.0}"
2025-07 to 2025-12,2019-09-06T00:00:00+00:00,2025-07-01T00:00:00+00:00,RANGE_REVERSION,RANGE_REVERSION-LS18,1,0.969391,,,False,,False,"{""atr_ratio_max"":2.6,""atr_ratio_min"":0.45,""bb_width_percentile_max"":0.35,""breakout_range_atr"":0.8,""cci_level"":75.0,""context"":""RANGE_REVERSION"",""direction"":""BOTH"",""ema_touch_atr"":0.25,""max_hold_bars"":72,""range_adx_max"":16.0,""range_ema_separation_atr"":0.5,""require_confirmation_break"":false,""require_vwap"":false,""rsi_level"":35.0,""rsi_reclaim"":45.0,""setup"":""reversion"",""stop_atr"":1.0,""target_rr"":1.5,""trend_adx_min"":14.0,""trend_ema_separation_atr"":0.15,""trigger_mode"":""ALL_THREE"",""vwap_distance_atr"":0.2}"
2026-01 to 2026-01,2019-09-06T00:00:00+00:00,2026-01-01T00:00:00+00:00,BEAR_BREAKOUT,BEAR_BREAKOUT-LS01,219,-83.042595,0.28283,0.138796,False,,False,"{""atr_ratio_max"":2.2,""atr_ratio_min"":0.45,""bb_width_percentile_max"":0.35,""breakout_range_atr"":0.8,""cci_level"":50.0,""context"":""BEAR_BREAKOUT"",""direction"":""SHORT"",""ema_touch_atr"":0.5,""max_hold_bars"":96,""range_adx_max"":24.0,""range_ema_separation_atr"":0.15,""require_confirmation_break"":false,""require_vwap"":true,""rsi_level"":50.0,""rsi_reclaim"":48.0,""setup"":""breakout"",""stop_atr"":1.0,""target_rr"":1.5,""trend_adx_min"":14.0,""trend_ema_separation_atr"":0.05,""trigger_mode"":""RSI_MACD"",""vwap_distance_atr"":0.4}"
2026-01 to 2026-01,2019-09-06T00:00:00+00:00,2026-01-01T00:00:00+00:00,BEAR_BREAKOUT,BEAR_BREAKOUT-LS02,187,-80.042351,0.229064,0.114927,False,,False,"{""atr_ratio_max"":2.2,""atr_ratio_min"":0.3,""bb_width_percentile_max"":0.35,""breakout_range_atr"":1.0,""cci_level"":50.0,""context"":""BEAR_BREAKOUT"",""direction"":""SHORT"",""ema_touch_atr"":0.5,""max_hold_bars"":72,""range_adx_max"":16.0,""range_ema_separation_atr"":0.5,""require_confirmation_break"":true,""require_vwap"":true,""rsi_level"":60.0,""rsi_reclaim"":52.0,""setup"":""breakout"",""stop_atr"":1.0,""target_rr"":1.25,""trend_adx_min"":14.0,""trend_ema_separation_atr"":0.05,""trigger_mode"":""ALL_THREE"",""vwap_distance_atr"":0.4}"
2026-01 to 2026-01,2019-09-06T00:00:00+00:00,2026-01-01T00:00:00+00:00,BEAR_BREAKOUT,BEAR_BREAKOUT-LS03,279,-88.754172,0.316022,0.149856,False,,False,"{""atr_ratio_max"":2.2,""atr_ratio_min"":0.3,""bb_width_percentile_max"":0.5,""breakout_range_atr"":1.0,""cci_level"":100.0,""context"":""BEAR_BREAKOUT"",""direction"":""SHORT"",""ema_touch_atr"":0.5,""max_hold_bars"":96,""range_adx_max"":20.0,""range_ema_separation_atr"":0.3,""require_confirmation_break"":false,""require_vwap"":true,""rsi_level"":50.0,""rsi_reclaim"":50.0,""setup"":""breakout"",""stop_atr"":1.5,""target_rr"":1.5,""trend_adx_min"":14.0,""trend_ema_separation_atr"":0.0,""trigger_mode"":""CCI_MACD"",""vwap_distance_atr"":0.0}"
2026-01 to 2026-01,2019-09-06T00:00:00+00:00,2026-01-01T00:00:00+00:00,BEAR_BREAKOUT,BEAR_BREAKOUT-LS04,72,-51.179467,0.201891,0.00086,False,,False,"{""atr_ratio_max"":1.8,""atr_ratio_min"":0.45,""bb_width_percentile_max"":0.2,""breakout_range_atr"":1.0,""cci_level"":0.0,""context"":""BEAR_BREAKOUT"",""direction"":""SHORT"",""ema_touch_atr"":0.0,""max_hold_bars"":72,""range_adx_max"":20.0,""range_ema_separation_atr"":0.5,""require_confirmation_break"":true,""require_vwap"":true,""rsi_level"":50.0,""rsi_reclaim"":50.0,""setup"":""breakout"",""stop_atr"":1.5,""target_rr"":1.75,""trend_adx_min"":22.0,""trend_ema_separation_atr"":0.15,""trigger_mode"":""ALL_THREE"",""vwap_distance_atr"":0.4}"
2026-01 to 2026-01,2019-09-06T00:00:00+00:00,2026-01-01T00:00:00+00:00,BEAR_BREAKOUT,BEAR_BREAKOUT-LS05,169,-76.477475,0.230642,0.124869,False,,False,"{""atr_ratio_max"":2.6,""atr_ratio_min"":0.3,""bb_width_percentile_max"":0.35,""breakout_range_atr"":0.6,""cci_level"":100.0,""context"":""BEAR_BREAKOUT"",""direction"":""SHORT"",""ema_touch_atr"":0.0,""max_hold_bars"":48,""range_adx_max"":24.0,""range_ema_separation_atr"":0.15,""require_confirmation_break"":true,""require_vwap"":true,""rsi_level"":50.0,""rsi_reclaim"":50.0,""setup"":""breakout"",""stop_atr"":1.0,""target_rr"":1.5,""trend_adx_min"":18.0,""trend_ema_separation_atr"":0.05,""trigger_mode"":""ALL_THREE"",""vwap_distance_atr"":0.4}"
2026-01 to 2026-01,2019-09-06T00:00:00+00:00,2026-01-01T00:00:00+00:00,BEAR_BREAKOUT,BEAR_BREAKOUT-LS06,444,-95.013318,0.310209,0.298361,False,,False,"{""atr_ratio_max"":1.8,""atr_ratio_min"":0.45,""bb_width_percentile_max"":0.5,""breakout_range_atr"":0.6,""cci_level"":0.0,""context"":""BEAR_BREAKOUT"",""direction"":""SHORT"",""ema_touch_atr"":0.0,""max_hold_bars"":72,""range_adx_max"":24.0,""range_ema_separation_atr"":0.5,""require_confirmation_break"":false,""require_vwap"":false,""rsi_level"":60.0,""rsi_reclaim"":48.0,""setup"":""breakout"",""stop_atr"":1.25,""target_rr"":1.75,""trend_adx_min"":14.0,""trend_ema_separation_atr"":0.15,""trigger_mode"":""RSI_CCI"",""vwap_distance_atr"":0.2}"
2026-01 to 2026-01,2019-09-06T00:00:00+00:00,2026-01-01T00:00:00+00:00,BEAR_BREAKOUT,BEAR_BREAKOUT-LS07,443,-95.058856,0.34051,0.194193,False,,False,"{""atr_ratio_max"":1.8,""atr_ratio_min"":0.65,""bb_width_percentile_max"":0.5,""breakout_range_atr"":1.0,""cci_level"":100.0,""context"":""BEAR_BREAKOUT"",""direction"":""SHORT"",""ema_touch_atr"":0.25,""max_hold_bars"":96,""range_adx_max"":24.0,""range_ema_separation_atr"":0.3,""require_confirmation_break"":false,""require_vwap"":false,""rsi_level"":60.0,""rsi_reclaim"":48.0,""setup"":""breakout"",""stop_atr"":1.5,""target_rr"":1.75,""trend_adx_min"":18.0,""trend_ema_separation_atr"":0.05,""trigger_mode"":""RSI_CCI"",""vwap_distance_atr"":0.0}"
2026-01 to 2026-01,2019-09-06T00:00:00+00:00,2026-01-01T00:00:00+00:00,BEAR_BREAKOUT,BEAR_BREAKOUT-LS08,164,-78.236195,0.233793,0.114691,False,,False,"{""atr_ratio_max"":2.2,""atr_ratio_min"":0.3,""bb_width_percentile_max"":0.35,""breakout_range_atr"":0.8,""cci_level"":50.0,""context"":""BEAR_BREAKOUT"",""direction"":""SHORT"",""ema_touch_atr"":0.25,""max_hold_bars"":72,""range_adx_max"":16.0,""range_ema_separation_atr"":0.5,""require_confirmation_break"":false,""require_vwap"":false,""rsi_level"":50.0,""rsi_reclaim"":48.0,""setup"":""breakout"",""stop_atr"":1.0,""target_rr"":1.75,""trend_adx_min"":18.0,""trend_ema_separation_atr"":0.0,""trigger_mode"":""CCI_MACD"",""vwap_distance_atr"":0.0}"
2026-01 to 2026-01,2019-09-06T00:00:00+00:00,2026-01-01T00:00:00+00:00,BEAR_BREAKOUT,BEAR_BREAKOUT-LS09,303,-90.163854,0.306326,0.109424,False,,False,"{""atr_ratio_max"":2.6,""atr_ratio_min"":0.65,""bb_width_percentile_max"":0.5,""breakout_range_atr"":0.8,""cci_level"":0.0,""context"":""BEAR_BREAKOUT"",""direction"":""SHORT"",""ema_touch_atr"":0.0,""max_hold_bars"":48,""range_adx_max"":16.0,""range_ema_separation_atr"":0.15,""require_confirmation_break"":true,""require_vwap"":true,""rsi_level"":55.0,""rsi_reclaim"":48.0,""setup"":""breakout"",""stop_atr"":1.25,""target_rr"":1.25,""trend_adx_min"":14.0,""trend_ema_separation_atr"":0.0,""trigger_mode"":""RSI_MACD"",""vwap_distance_atr"":0.0}"
2026-01 to 2026-01,2019-09-06T00:00:00+00:00,2026-01-01T00:00:00+00:00,BEAR_BREAKOUT,BEAR_BREAKOUT-LS10,97,-56.188064,0.23342,0.059164,False,,False,"{""atr_ratio_max"":1.8,""atr_ratio_min"":0.65,""bb_width_percentile_max"":0.2,""breakout_range_atr"":0.6,""cci_level"":0.0,""context"":""BEAR_BREAKOUT"",""direction"":""SHORT"",""ema_touch_atr"":0.0,""max_hold_bars"":48,""range_adx_max"":16.0,""range_ema_separation_atr"":0.15,""require_confirmation_break"":false,""require_vwap"":true,""rsi_level"":60.0,""rsi_reclaim"":52.0,""setup"":""breakout"",""stop_atr"":1.25,""target_rr"":1.75,""trend_adx_min"":18.0,""trend_ema_separation_atr"":0.05,""trigger_mode"":""RSI_MACD"",""vwap_distance_atr"":0.2}"
2026-01 to 2026-01,2019-09-06T00:00:00+00:00,2026-01-01T00:00:00+00:00,BEAR_BREAKOUT,BEAR_BREAKOUT-LS11,134,-65.988706,0.232665,0.134832,False,,False,"{""atr_ratio_max"":2.2,""atr_ratio_min"":0.3,""bb_width_percentile_max"":0.2,""breakout_range_atr"":1.0,""cci_level"":50.0,""context"":""BEAR_BREAKOUT"",""direction"":""SHORT"",""ema_touch_atr"":0.5,""max_hold_bars"":72,""range_adx_max"":16.0,""range_ema_separation_atr"":0.15,""require_confirmation_break"":true,""require_vwap"":true,""rsi_level"":55.0,""rsi_reclaim"":50.0,""setup"":""breakout"",""stop_atr"":1.25,""target_rr"":1.25,""trend_adx_min"":14.0,""trend_ema_separation_atr"":0.0,""trigger_mode"":""ALL_THREE"",""vwap_distance_atr"":0.0}"
2026-01 to 2026-01,2019-09-06T00:00:00+00:00,2026-01-01T00:00:00+00:00,BEAR_BREAKOUT,BEAR_BREAKOUT-LS12,121,-64.077252,0.232193,0.144051,False,,False,"{""atr_ratio_max"":1.8,""atr_ratio_min"":0.45,""bb_width_percentile_max"":0.35,""breakout_range_atr"":0.6,""cci_level"":100.0,""context"":""BEAR_BREAKOUT"",""direction"":""SHORT"",""ema_touch_atr"":0.25,""max_hold_bars"":96,""range_adx_max"":20.0,""range_ema_separation_atr"":0.5,""require_confirmation_break"":false,""require_vwap"":false,""rsi_level"":60.0,""rsi_reclaim"":52.0,""setup"":""breakout"",""stop_atr"":1.5,""target_rr"":1.25,""trend_adx_min"":22.0,""trend_ema_separation_atr"":0.15,""trigger_mode"":""CCI_MACD"",""vwap_distance_atr"":0.2}"
2026-01 to 2026-01,2019-09-06T00:00:00+00:00,2026-01-01T00:00:00+00:00,BEAR_BREAKOUT,BEAR_BREAKOUT-LS13,412,-95.028779,0.308338,0.123582,False,,False,"{""atr_ratio_max"":2.6,""atr_ratio_min"":0.45,""bb_width_percentile_max"":0.5,""breakout_range_atr"":0.8,""cci_level"":0.0,""context"":""BEAR_BREAKOUT"",""direction"":""SHORT"",""ema_touch_atr"":0.25,""max_hold_bars"":96,""range_adx_max"":20.0,""range_ema_separation_atr"":0.3,""require_confirmation_break"":true,""require_vwap"":false,""rsi_level"":55.0,""rsi_reclaim"":52.0,""setup"":""breakout"",""stop_atr"":1.25,""target_rr"":1.5,""trend_adx_min"":22.0,""trend_ema_separation_atr"":0.05,""trigger_mode"":""RSI_CCI"",""vwap_distance_atr"":0.2}"
2026-01 to 2026-01,2019-09-06T00:00:00+00:00,2026-01-01T00:00:00+00:00,BEAR_BREAKOUT,BEAR_BREAKOUT-LS14,485,-95.029665,0.332312,0.321956,False,,False,"{""atr_ratio_max"":2.6,""atr_ratio_min"":0.65,""bb_width_percentile_max"":0.5,""breakout_range_atr"":0.6,""cci_level"":100.0,""context"":""BEAR_BREAKOUT"",""direction"":""SHORT"",""ema_touch_atr"":0.25,""max_hold_bars"":48,""range_adx_max"":20.0,""range_ema_separation_atr"":0.3,""require_confirmation_break"":false,""require_vwap"":true,""rsi_level"":50.0,""rsi_reclaim"":52.0,""setup"":""breakout"",""stop_atr"":1.0,""target_rr"":1.75,""trend_adx_min"":18.0,""trend_ema_separation_atr"":0.15,""trigger_mode"":""RSI_CCI"",""vwap_distance_atr"":0.2}"
2026-01 to 2026-01,2019-09-06T00:00:00+00:00,2026-01-01T00:00:00+00:00,BEAR_BREAKOUT,BEAR_BREAKOUT-LS15,81,-47.798889,0.217671,0.106157,False,,False,"{""atr_ratio_max"":2.6,""atr_ratio_min"":0.45,""bb_width_percentile_max"":0.2,""breakout_range_atr"":0.6,""cci_level"":50.0,""context"":""BEAR_BREAKOUT"",""direction"":""SHORT"",""ema_touch_atr"":0.25,""max_hold_bars"":48,""range_adx_max"":24.0,""range_ema_separation_atr"":0.5,""require_confirmation_break"":true,""require_vwap"":false,""rsi_level"":55.0,""rsi_reclaim"":50.0,""setup"":""breakout"",""stop_atr"":1.5,""target_rr"":1.25,""trend_adx_min"":22.0,""trend_ema_separation_atr"":0.15,""trigger_mode"":""RSI_MACD"",""vwap_distance_atr"":0.4}"
2026-01 to 2026-01,2019-09-06T00:00:00+00:00,2026-01-01T00:00:00+00:00,BEAR_BREAKOUT,BEAR_BREAKOUT-LS16,100,-57.564947,0.215751,0.039135,False,,False,"{""atr_ratio_max"":2.6,""atr_ratio_min"":0.65,""bb_width_percentile_max"":0.2,""breakout_range_atr"":0.8,""cci_level"":0.0,""context"":""BEAR_BREAKOUT"",""direction"":""SHORT"",""ema_touch_atr"":0.5,""max_hold_bars"":48,""range_adx_max"":20.0,""range_ema_separation_atr"":0.3,""require_confirmation_break"":true,""require_vwap"":false,""rsi_level"":55.0,""rsi_reclaim"":50.0,""setup"":""breakout"",""stop_atr"":1.0,""target_rr"":1.5,""trend_adx_min"":18.0,""trend_ema_separation_atr"":0.0,""trigger_mode"":""RSI_MACD"",""vwap_distance_atr"":0.2}"
2026-01 to 2026-01,2019-09-06T00:00:00+00:00,2026-01-01T00:00:00+00:00,BEAR_BREAKOUT,BEAR_BREAKOUT-LS17,68,-48.465707,0.196571,0.042423,False,,False,"{""atr_ratio_max"":1.8,""atr_ratio_min"":0.65,""bb_width_percentile_max"":0.2,""breakout_range_atr"":1.0,""cci_level"":50.0,""context"":""BEAR_BREAKOUT"",""direction"":""SHORT"",""ema_touch_atr"":0.5,""max_hold_bars"":72,""range_adx_max"":16.0,""range_ema_separation_atr"":0.3,""require_confirmation_break"":true,""require_vwap"":false,""rsi_level"":60.0,""rsi_reclaim"":52.0,""setup"":""breakout"",""stop_atr"":1.5,""target_rr"":1.5,""trend_adx_min"":22.0,""trend_ema_separation_atr"":0.0,""trigger_mode"":""CCI_MACD"",""vwap_distance_atr"":0.0}"
2026-01 to 2026-01,2019-09-06T00:00:00+00:00,2026-01-01T00:00:00+00:00,BEAR_BREAKOUT,BEAR_BREAKOUT-LS18,332,-90.533498,0.282552,0.226453,False,,False,"{""atr_ratio_max"":2.2,""atr_ratio_min"":0.3,""bb_width_percentile_max"":0.35,""breakout_range_atr"":0.8,""cci_level"":100.0,""context"":""BEAR_BREAKOUT"",""direction"":""SHORT"",""ema_touch_atr"":0.0,""max_hold_bars"":96,""range_adx_max"":24.0,""range_ema_separation_atr"":0.15,""require_confirmation_break"":false,""require_vwap"":false,""rsi_level"":55.0,""rsi_reclaim"":48.0,""setup"":""breakout"",""stop_atr"":1.25,""target_rr"":1.25,""trend_adx_min"":22.0,""trend_ema_separation_atr"":0.15,""trigger_mode"":""RSI_CCI"",""vwap_distance_atr"":0.4}"
2026-01 to 2026-01,2019-09-06T00:00:00+00:00,2026-01-01T00:00:00+00:00,BEAR_PULLBACK,BEAR_PULLBACK-LS01,406,-93.202975,0.328741,0.184842,False,,False,"{""atr_ratio_max"":2.2,""atr_ratio_min"":0.45,""bb_width_percentile_max"":0.2,""breakout_range_atr"":0.6,""cci_level"":0.0,""context"":""BEAR_PULLBACK"",""direction"":""SHORT"",""ema_touch_atr"":0.25,""max_hold_bars"":48,""range_adx_max"":20.0,""range_ema_separation_atr"":0.15,""require_confirmation_break"":false,""require_vwap"":false,""rsi_level"":55.0,""rsi_reclaim"":50.0,""setup"":""pullback"",""stop_atr"":1.5,""target_rr"":1.5,""trend_adx_min"":18.0,""trend_ema_separation_atr"":0.15,""trigger_mode"":""ALL_THREE"",""vwap_distance_atr"":0.2}"
2026-01 to 2026-01,2019-09-06T00:00:00+00:00,2026-01-01T00:00:00+00:00,BEAR_PULLBACK,BEAR_PULLBACK-LS02,508,-95.050293,0.328393,0.290041,False,,False,"{""atr_ratio_max"":1.8,""atr_ratio_min"":0.3,""bb_width_percentile_max"":0.2,""breakout_range_atr"":0.8,""cci_level"":-50.0,""context"":""BEAR_PULLBACK"",""direction"":""SHORT"",""ema_touch_atr"":0.5,""max_hold_bars"":48,""range_adx_max"":24.0,""range_ema_separation_atr"":0.15,""require_confirmation_break"":false,""require_vwap"":false,""rsi_level"":50.0,""rsi_reclaim"":48.0,""setup"":""pullback"",""stop_atr"":1.0,""target_rr"":1.25,""trend_adx_min"":14.0,""trend_ema_separation_atr"":0.15,""trigger_mode"":""CCI_MACD"",""vwap_distance_atr"":0.0}"
2026-01 to 2026-01,2019-09-06T00:00:00+00:00,2026-01-01T00:00:00+00:00,BEAR_PULLBACK,BEAR_PULLBACK-LS03,62,-36.608063,0.314312,0.234798,False,,False,"{""atr_ratio_max"":2.2,""atr_ratio_min"":0.3,""bb_width_percentile_max"":0.2,""breakout_range_atr"":0.8,""cci_level"":0.0,""context"":""BEAR_PULLBACK"",""direction"":""SHORT"",""ema_touch_atr"":0.5,""max_hold_bars"":72,""range_adx_max"":16.0,""range_ema_separation_atr"":0.3,""require_confirmation_break"":true,""require_vwap"":true,""rsi_level"":55.0,""rsi_reclaim"":48.0,""setup"":""pullback"",""stop_atr"":1.25,""target_rr"":1.75,""trend_adx_min"":22.0,""trend_ema_separation_atr"":0.05,""trigger_mode"":""RSI_CCI"",""vwap_distance_atr"":0.2}"
2026-01 to 2026-01,2019-09-06T00:00:00+00:00,2026-01-01T00:00:00+00:00,BEAR_PULLBACK,BEAR_PULLBACK-LS04,223,-77.215709,0.378682,0.306377,False,,False,"{""atr_ratio_max"":2.6,""atr_ratio_min"":0.65,""bb_width_percentile_max"":0.35,""breakout_range_atr"":0.8,""cci_level"":25.0,""context"":""BEAR_PULLBACK"",""direction"":""SHORT"",""ema_touch_atr"":0.25,""max_hold_bars"":48,""range_adx_max"":20.0,""range_ema_separation_atr"":0.5,""require_confirmation_break"":true,""require_vwap"":true,""rsi_level"":50.0,""rsi_reclaim"":52.0,""setup"":""pullback"",""stop_atr"":1.0,""target_rr"":1.75,""trend_adx_min"":14.0,""trend_ema_separation_atr"":0.0,""trigger_mode"":""CCI_MACD"",""vwap_distance_atr"":0.4}"
2026-01 to 2026-01,2019-09-06T00:00:00+00:00,2026-01-01T00:00:00+00:00,BEAR_PULLBACK,BEAR_PULLBACK-LS05,171,-76.404435,0.25034,0.122589,False,,False,"{""atr_ratio_max"":2.2,""atr_ratio_min"":0.45,""bb_width_percentile_max"":0.2,""breakout_range_atr"":1.0,""cci_level"":-50.0,""context"":""BEAR_PULLBACK"",""direction"":""SHORT"",""ema_touch_atr"":0.0,""max_hold_bars"":96,""range_adx_max"":16.0,""range_ema_separation_atr"":0.3,""require_confirmation_break"":false,""require_vwap"":false,""rsi_level"":45.0,""rsi_reclaim"":50.0,""setup"":""pullback"",""stop_atr"":1.25,""target_rr"":1.25,""trend_adx_min"":22.0,""trend_ema_separation_atr"":0.0,""trigger_mode"":""CCI_MACD"",""vwap_distance_atr"":0.0}"
2026-01 to 2026-01,2019-09-06T00:00:00+00:00,2026-01-01T00:00:00+00:00,BEAR_PULLBACK,BEAR_PULLBACK-LS06,461,-94.2975,0.369012,0.282379,False,,False,"{""atr_ratio_max"":1.8,""atr_ratio_min"":0.45,""bb_width_percentile_max"":0.5,""breakout_range_atr"":1.0,""cci_level"":25.0,""context"":""BEAR_PULLBACK"",""direction"":""SHORT"",""ema_touch_atr"":0.0,""max_hold_bars"":72,""range_adx_max"":20.0,""range_ema_separation_atr"":0.5,""require_confirmation_break"":true,""require_vwap"":false,""rsi_level"":55.0,""rsi_reclaim"":50.0,""setup"":""pullback"",""stop_atr"":1.25,""target_rr"":1.25,""trend_adx_min"":14.0,""trend_ema_separation_atr"":0.05,""trigger_mode"":""ALL_THREE"",""vwap_distance_atr"":0.2}"
2026-01 to 2026-01,2019-09-06T00:00:00+00:00,2026-01-01T00:00:00+00:00,BEAR_PULLBACK,BEAR_PULLBACK-LS07,301,-86.063176,0.332831,0.232112,False,,False,"{""atr_ratio_max"":2.6,""atr_ratio_min"":0.3,""bb_width_percentile_max"":0.2,""breakout_range_atr"":1.0,""cci_level"":0.0,""context"":""BEAR_PULLBACK"",""direction"":""SHORT"",""ema_touch_atr"":0.25,""max_hold_bars"":72,""range_adx_max"":16.0,""range_ema_separation_atr"":0.15,""require_confirmation_break"":true,""require_vwap"":false,""rsi_level"":50.0,""rsi_reclaim"":52.0,""setup"":""pullback"",""stop_atr"":1.25,""target_rr"":1.25,""trend_adx_min"":18.0,""trend_ema_separation_atr"":0.05,""trigger_mode"":""RSI_CCI"",""vwap_distance_atr"":0.4}"
2026-01 to 2026-01,2019-09-06T00:00:00+00:00,2026-01-01T00:00:00+00:00,BEAR_PULLBACK,BEAR_PULLBACK-LS08,43,-21.72681,0.410192,0.182185,False,,False,"{""atr_ratio_max"":1.8,""atr_ratio_min"":0.65,""bb_width_percentile_max"":0.35,""breakout_range_atr"":0.6,""cci_level"":-50.0,""context"":""BEAR_PULLBACK"",""direction"":""SHORT"",""ema_touch_atr"":0.5,""max_hold_bars"":72,""range_adx_max"":24.0,""range_ema_separation_atr"":0.3,""require_confirmation_break"":false,""require_vwap"":true,""rsi_level"":55.0,""rsi_reclaim"":50.0,""setup"":""pullback"",""stop_atr"":1.0,""target_rr"":1.75,""trend_adx_min"":22.0,""trend_ema_separation_atr"":0.15,""trigger_mode"":""RSI_CCI"",""vwap_distance_atr"":0.0}"
2026-01 to 2026-01,2019-09-06T00:00:00+00:00,2026-01-01T00:00:00+00:00,BEAR_PULLBACK,BEAR_PULLBACK-LS09,51,-27.095946,0.352625,0.272932,False,,False,"{""atr_ratio_max"":1.8,""atr_ratio_min"":0.3,""bb_width_percentile_max"":0.5,""breakout_range_atr"":0.6,""cci_level"":0.0,""context"":""BEAR_PULLBACK"",""direction"":""SHORT"",""ema_touch_atr"":0.25,""max_hold_bars"":48,""range_adx_max"":24.0,""range_ema_separation_atr"":0.3,""require_confirmation_break"":true,""require_vwap"":true,""rsi_level"":50.0,""rsi_reclaim"":50.0,""setup"":""pullback"",""stop_atr"":1.25,""target_rr"":1.5,""trend_adx_min"":22.0,""trend_ema_separation_atr"":0.0,""trigger_mode"":""RSI_CCI"",""vwap_distance_atr"":0.2}"
2026-01 to 2026-01,2019-09-06T00:00:00+00:00,2026-01-01T00:00:00+00:00,BEAR_PULLBACK,BEAR_PULLBACK-LS10,104,-45.889584,0.401578,0.180217,False,,False,"{""atr_ratio_max"":2.2,""atr_ratio_min"":0.45,""bb_width_percentile_max"":0.5,""breakout_range_atr"":0.6,""cci_level"":25.0,""context"":""BEAR_PULLBACK"",""direction"":""SHORT"",""ema_touch_atr"":0.25,""max_hold_bars"":96,""range_adx_max"":20.0,""range_ema_separation_atr"":0.5,""require_confirmation_break"":false,""require_vwap"":true,""rsi_level"":50.0,""rsi_reclaim"":48.0,""setup"":""pullback"",""stop_atr"":1.25,""target_rr"":1.25,""trend_adx_min"":18.0,""trend_ema_separation_atr"":0.05,""trigger_mode"":""RSI_CCI"",""vwap_distance_atr"":0.2}"
2026-01 to 2026-01,2019-09-06T00:00:00+00:00,2026-01-01T00:00:00+00:00,BEAR_PULLBACK,BEAR_PULLBACK-LS11,75,-36.0291,0.426007,0.30656,False,,False,"{""atr_ratio_max"":2.2,""atr_ratio_min"":0.65,""bb_width_percentile_max"":0.35,""breakout_range_atr"":1.0,""cci_level"":25.0,""context"":""BEAR_PULLBACK"",""direction"":""SHORT"",""ema_touch_atr"":0.0,""max_hold_bars"":96,""range_adx_max"":24.0,""range_ema_separation_atr"":0.15,""require_confirmation_break"":false,""require_vwap"":false,""rsi_level"":45.0,""rsi_reclaim"":52.0,""setup"":""pullback"",""stop_atr"":1.5,""target_rr"":1.5,""trend_adx_min"":14.0,""trend_ema_separation_atr"":0.05,""trigger_mode"":""ALL_THREE"",""vwap_distance_atr"":0.4}"
2026-01 to 2026-01,2019-09-06T00:00:00+00:00,2026-01-01T00:00:00+00:00,BEAR_PULLBACK,BEAR_PULLBACK-LS12,23,-18.951539,0.217385,0.008642,False,,False,"{""atr_ratio_max"":1.8,""atr_ratio_min"":0.65,""bb_width_percentile_max"":0.35,""breakout_range_atr"":0.8,""cci_level"":25.0,""context"":""BEAR_PULLBACK"",""direction"":""SHORT"",""ema_touch_atr"":0.5,""max_hold_bars"":72,""range_adx_max"":20.0,""range_ema_separation_atr"":0.15,""require_confirmation_break"":true,""require_vwap"":true,""rsi_level"":45.0,""rsi_reclaim"":52.0,""setup"":""pullback"",""stop_atr"":1.0,""target_rr"":1.5,""trend_adx_min"":18.0,""trend_ema_separation_atr"":0.15,""trigger_mode"":""ALL_THREE"",""vwap_distance_atr"":0.0}"
2026-01 to 2026-01,2019-09-06T00:00:00+00:00,2026-01-01T00:00:00+00:00,BEAR_PULLBACK,BEAR_PULLBACK-LS13,485,-95.016981,0.358652,0.335818,False,,False,"{""atr_ratio_max"":2.6,""atr_ratio_min"":0.45,""bb_width_percentile_max"":0.2,""breakout_range_atr"":0.6,""cci_level"":-50.0,""context"":""BEAR_PULLBACK"",""direction"":""SHORT"",""ema_touch_atr"":0.0,""max_hold_bars"":72,""range_adx_max"":16.0,""range_ema_separation_atr"":0.15,""require_confirmation_break"":false,""require_vwap"":false,""rsi_level"":50.0,""rsi_reclaim"":48.0,""setup"":""pullback"",""stop_atr"":1.5,""target_rr"":1.75,""trend_adx_min"":18.0,""trend_ema_separation_atr"":0.05,""trigger_mode"":""RSI_MACD"",""vwap_distance_atr"":0.4}"
2026-01 to 2026-01,2019-09-06T00:00:00+00:00,2026-01-01T00:00:00+00:00,BEAR_PULLBACK,BEAR_PULLBACK-LS14,397,-94.24068,0.304867,0.259377,False,,False,"{""atr_ratio_max"":2.6,""atr_ratio_min"":0.65,""bb_width_percentile_max"":0.35,""breakout_range_atr"":0.6,""cci_level"":-50.0,""context"":""BEAR_PULLBACK"",""direction"":""SHORT"",""ema_touch_atr"":0.5,""max_hold_bars"":48,""range_adx_max"":20.0,""range_ema_separation_atr"":0.5,""require_confirmation_break"":false,""require_vwap"":true,""rsi_level"":55.0,""rsi_reclaim"":52.0,""setup"":""pullback"",""stop_atr"":1.0,""target_rr"":1.5,""trend_adx_min"":14.0,""trend_ema_separation_atr"":0.15,""trigger_mode"":""RSI_MACD"",""vwap_distance_atr"":0.4}"
2026-01 to 2026-01,2019-09-06T00:00:00+00:00,2026-01-01T00:00:00+00:00,BEAR_PULLBACK,BEAR_PULLBACK-LS15,494,-95.093101,0.389475,0.375886,False,,False,"{""atr_ratio_max"":2.6,""atr_ratio_min"":0.45,""bb_width_percentile_max"":0.5,""breakout_range_atr"":0.8,""cci_level"":0.0,""context"":""BEAR_PULLBACK"",""direction"":""SHORT"",""ema_touch_atr"":0.0,""max_hold_bars"":96,""range_adx_max"":16.0,""range_ema_separation_atr"":0.3,""require_confirmation_break"":true,""require_vwap"":false,""rsi_level"":55.0,""rsi_reclaim"":48.0,""setup"":""pullback"",""stop_atr"":1.5,""target_rr"":1.75,""trend_adx_min"":14.0,""trend_ema_separation_atr"":0.0,""trigger_mode"":""CCI_MACD"",""vwap_distance_atr"":0.0}"
2026-01 to 2026-01,2019-09-06T00:00:00+00:00,2026-01-01T00:00:00+00:00,BEAR_PULLBACK,BEAR_PULLBACK-LS16,132,-56.728768,0.390982,0.312304,False,,False,"{""atr_ratio_max"":2.2,""atr_ratio_min"":0.3,""bb_width_percentile_max"":0.5,""breakout_range_atr"":0.8,""cci_level"":25.0,""context"":""BEAR_PULLBACK"",""direction"":""SHORT"",""ema_touch_atr"":0.0,""max_hold_bars"":48,""range_adx_max"":16.0,""range_ema_separation_atr"":0.5,""require_confirmation_break"":true,""require_vwap"":false,""rsi_level"":45.0,""rsi_reclaim"":52.0,""setup"":""pullback"",""stop_atr"":1.0,""target_rr"":1.75,""trend_adx_min"":18.0,""trend_ema_separation_atr"":0.0,""trigger_mode"":""RSI_MACD"",""vwap_distance_atr"":0.0}"
2026-01 to 2026-01,2019-09-06T00:00:00+00:00,2026-01-01T00:00:00+00:00,BEAR_PULLBACK,BEAR_PULLBACK-LS17,46,-39.305139,0.165038,0.0,False,,False,"{""atr_ratio_max"":2.6,""atr_ratio_min"":0.3,""bb_width_percentile_max"":0.5,""breakout_range_atr"":1.0,""cci_level"":0.0,""context"":""BEAR_PULLBACK"",""direction"":""SHORT"",""ema_touch_atr"":0.5,""max_hold_bars"":96,""range_adx_max"":24.0,""range_ema_separation_atr"":0.5,""require_confirmation_break"":true,""require_vwap"":true,""rsi_level"":45.0,""rsi_reclaim"":50.0,""setup"":""pullback"",""stop_atr"":1.5,""target_rr"":1.5,""trend_adx_min"":22.0,""trend_ema_separation_atr"":0.0,""trigger_mode"":""RSI_MACD"",""vwap_distance_atr"":0.2}"
2026-01 to 2026-01,2019-09-06T00:00:00+00:00,2026-01-01T00:00:00+00:00,BEAR_PULLBACK,BEAR_PULLBACK-LS18,41,-31.958358,0.187373,0.0,False,,False,"{""atr_ratio_max"":1.8,""atr_ratio_min"":0.65,""bb_width_percentile_max"":0.35,""breakout_range_atr"":1.0,""cci_level"":-50.0,""context"":""BEAR_PULLBACK"",""direction"":""SHORT"",""ema_touch_atr"":0.25,""max_hold_bars"":96,""range_adx_max"":24.0,""range_ema_separation_atr"":0.3,""require_confirmation_break"":false,""require_vwap"":true,""rsi_level"":45.0,""rsi_reclaim"":48.0,""setup"":""pullback"",""stop_atr"":1.5,""target_rr"":1.25,""trend_adx_min"":22.0,""trend_ema_separation_atr"":0.15,""trigger_mode"":""RSI_MACD"",""vwap_distance_atr"":0.4}"
2026-01 to 2026-01,2019-09-06T00:00:00+00:00,2026-01-01T00:00:00+00:00,BULL_BREAKOUT,BULL_BREAKOUT-LS01,355,-93.334914,0.305594,0.284605,False,,False,"{""atr_ratio_max"":2.2,""atr_ratio_min"":0.45,""bb_width_percentile_max"":0.5,""breakout_range_atr"":1.0,""cci_level"":0.0,""context"":""BULL_BREAKOUT"",""direction"":""LONG"",""ema_touch_atr"":0.25,""max_hold_bars"":48,""range_adx_max"":16.0,""range_ema_separation_atr"":0.15,""require_confirmation_break"":false,""require_vwap"":false,""rsi_level"":50.0,""rsi_reclaim"":52.0,""setup"":""breakout"",""stop_atr"":1.25,""target_rr"":1.75,""trend_adx_min"":14.0,""trend_ema_separation_atr"":0.05,""trigger_mode"":""CCI_MACD"",""vwap_distance_atr"":0.2}"
2026-01 to 2026-01,2019-09-06T00:00:00+00:00,2026-01-01T00:00:00+00:00,BULL_BREAKOUT,BULL_BREAKOUT-LS02,105,-50.363868,0.343537,0.255564,False,,False,"{""atr_ratio_max"":2.2,""atr_ratio_min"":0.3,""bb_width_percentile_max"":0.2,""breakout_range_atr"":1.0,""cci_level"":0.0,""context"":""BULL_BREAKOUT"",""direction"":""LONG"",""ema_touch_atr"":0.5,""max_hold_bars"":48,""range_adx_max"":20.0,""range_ema_separation_atr"":0.5,""require_confirmation_break"":true,""require_vwap"":false,""rsi_level"":60.0,""rsi_reclaim"":52.0,""setup"":""breakout"",""stop_atr"":1.0,""target_rr"":1.75,""trend_adx_min"":18.0,""trend_ema_separation_atr"":0.05,""trigger_mode"":""RSI_MACD"",""vwap_distance_atr"":0.2}"
2026-01 to 2026-01,2019-09-06T00:00:00+00:00,2026-01-01T00:00:00+00:00,BULL_BREAKOUT,BULL_BREAKOUT-LS03,290,-88.363597,0.266949,0.214008,False,,False,"{""atr_ratio_max"":1.8,""atr_ratio_min"":0.3,""bb_width_percentile_max"":0.2,""breakout_range_atr"":1.0,""cci_level"":0.0,""context"":""BULL_BREAKOUT"",""direction"":""LONG"",""ema_touch_atr"":0.5,""max_hold_bars"":48,""range_adx_max"":16.0,""range_ema_separation_atr"":0.5,""require_confirmation_break"":true,""require_vwap"":true,""rsi_level"":50.0,""rsi_reclaim"":50.0,""setup"":""breakout"",""stop_atr"":1.5,""target_rr"":1.25,""trend_adx_min"":18.0,""trend_ema_separation_atr"":0.0,""trigger_mode"":""RSI_CCI"",""vwap_distance_atr"":0.2}"
2026-01 to 2026-01,2019-09-06T00:00:00+00:00,2026-01-01T00:00:00+00:00,BULL_BREAKOUT,BULL_BREAKOUT-LS04,457,-95.01377,0.342938,0.306179,False,,False,"{""atr_ratio_max"":2.6,""atr_ratio_min"":0.65,""bb_width_percentile_max"":0.35,""breakout_range_atr"":0.8,""cci_level"":50.0,""context"":""BULL_BREAKOUT"",""direction"":""LONG"",""ema_touch_atr"":0.0,""max_hold_bars"":72,""range_adx_max"":24.0,""range_ema_separation_atr"":0.5,""require_confirmation_break"":true,""require_vwap"":false,""rsi_level"":50.0,""rsi_reclaim"":52.0,""setup"":""breakout"",""stop_atr"":1.5,""target_rr"":1.5,""trend_adx_min"":18.0,""trend_ema_separation_atr"":0.15,""trigger_mode"":""RSI_CCI"",""vwap_distance_atr"":0.4}"
2026-01 to 2026-01,2019-09-06T00:00:00+00:00,2026-01-01T00:00:00+00:00,BULL_BREAKOUT,BULL_BREAKOUT-LS05,151,-67.284777,0.331863,0.266579,False,,False,"{""atr_ratio_max"":1.8,""atr_ratio_min"":0.3,""bb_width_percentile_max"":0.35,""breakout_range_atr"":0.6,""cci_level"":100.0,""context"":""BULL_BREAKOUT"",""direction"":""LONG"",""ema_touch_atr"":0.0,""max_hold_bars"":72,""range_adx_max"":24.0,""range_ema_separation_atr"":0.5,""require_confirmation_break"":true,""require_vwap"":false,""rsi_level"":55.0,""rsi_reclaim"":52.0,""setup"":""breakout"",""stop_atr"":1.0,""target_rr"":1.75,""trend_adx_min"":22.0,""trend_ema_separation_atr"":0.0,""trigger_mode"":""CCI_MACD"",""vwap_distance_atr"":0.4}"
2026-01 to 2026-01,2019-09-06T00:00:00+00:00,2026-01-01T00:00:00+00:00,BULL_BREAKOUT,BULL_BREAKOUT-LS06,366,-92.711268,0.309312,0.300197,False,,False,"{""atr_ratio_max"":2.6,""atr_ratio_min"":0.45,""bb_width_percentile_max"":0.5,""breakout_range_atr"":0.8,""cci_level"":50.0,""context"":""BULL_BREAKOUT"",""direction"":""LONG"",""ema_touch_atr"":0.5,""max_hold_bars"":48,""range_adx_max"":20.0,""range_ema_separation_atr"":0.15,""require_confirmation_break"":false,""require_vwap"":true,""rsi_level"":60.0,""rsi_reclaim"":50.0,""setup"":""breakout"",""stop_atr"":1.25,""target_rr"":1.5,""trend_adx_min"":14.0,""trend_ema_separation_atr"":0.15,""trigger_mode"":""ALL_THREE"",""vwap_distance_atr"":0.2}"
2026-01 to 2026-01,2019-09-06T00:00:00+00:00,2026-01-01T00:00:00+00:00,BULL_BREAKOUT,BULL_BREAKOUT-LS07,77,-41.321522,0.318507,0.189019,False,,False,"{""atr_ratio_max"":2.2,""atr_ratio_min"":0.45,""bb_width_percentile_max"":0.2,""breakout_range_atr"":0.6,""cci_level"":50.0,""context"":""BULL_BREAKOUT"",""direction"":""LONG"",""ema_touch_atr"":0.25,""max_hold_bars"":96,""range_adx_max"":16.0,""range_ema_separation_atr"":0.3,""require_confirmation_break"":false,""require_vwap"":true,""rsi_level"":60.0,""rsi_reclaim"":50.0,""setup"":""breakout"",""stop_atr"":1.25,""target_rr"":1.5,""trend_adx_min"":22.0,""trend_ema_separation_atr"":0.0,""trigger_mode"":""ALL_THREE"",""vwap_distance_atr"":0.0}"
2026-01 to 2026-01,2019-09-06T00:00:00+00:00,2026-01-01T00:00:00+00:00,BULL_BREAKOUT,BULL_BREAKOUT-LS08,399,-95.088174,0.273043,0.199103,False,,False,"{""atr_ratio_max"":2.6,""atr_ratio_min"":0.45,""bb_width_percentile_max"":0.35,""breakout_range_atr"":0.6,""cci_level"":100.0,""context"":""BULL_BREAKOUT"",""direction"":""LONG"",""ema_touch_atr"":0.25,""max_hold_bars"":72,""range_adx_max"":16.0,""range_ema_separation_atr"":0.15,""require_confirmation_break"":false,""require_vwap"":true,""rsi_level"":50.0,""rsi_reclaim"":48.0,""setup"":""breakout"",""stop_atr"":1.0,""target_rr"":1.25,""trend_adx_min"":22.0,""trend_ema_separation_atr"":0.15,""trigger_mode"":""RSI_CCI"",""vwap_distance_atr"":0.0}"
2026-01 to 2026-01,2019-09-06T00:00:00+00:00,2026-01-01T00:00:00+00:00,BULL_BREAKOUT,BULL_BREAKOUT-LS09,75,-40.367172,0.352904,0.189165,False,,False,"{""atr_ratio_max"":2.2,""atr_ratio_min"":0.65,""bb_width_percentile_max"":0.2,""breakout_range_atr"":0.6,""cci_level"":100.0,""context"":""BULL_BREAKOUT"",""direction"":""LONG"",""ema_touch_atr"":0.0,""max_hold_bars"":72,""range_adx_max"":20.0,""range_ema_separation_atr"":0.3,""require_confirmation_break"":false,""require_vwap"":false,""rsi_level"":55.0,""rsi_reclaim"":50.0,""setup"":""breakout"",""stop_atr"":1.25,""target_rr"":1.75,""trend_adx_min"":22.0,""trend_ema_separation_atr"":0.0,""trigger_mode"":""RSI_MACD"",""vwap_distance_atr"":0.0}"
2026-01 to 2026-01,2019-09-06T00:00:00+00:00,2026-01-01T00:00:00+00:00,BULL_BREAKOUT,BULL_BREAKOUT-LS10,190,-73.990355,0.26978,0.177763,False,,False,"{""atr_ratio_max"":1.8,""atr_ratio_min"":0.3,""bb_width_percentile_max"":0.2,""breakout_range_atr"":0.8,""cci_level"":0.0,""context"":""BULL_BREAKOUT"",""direction"":""LONG"",""ema_touch_atr"":0.5,""max_hold_bars"":48,""range_adx_max"":16.0,""range_ema_separation_atr"":0.5,""require_confirmation_break"":false,""require_vwap"":false,""rsi_level"":50.0,""rsi_reclaim"":48.0,""setup"":""breakout"",""stop_atr"":1.5,""target_rr"":1.25,""trend_adx_min"":14.0,""trend_ema_separation_atr"":0.0,""trigger_mode"":""CCI_MACD"",""vwap_distance_atr"":0.0}"
2026-01 to 2026-01,2019-09-06T00:00:00+00:00,2026-01-01T00:00:00+00:00,BULL_BREAKOUT,BULL_BREAKOUT-LS11,434,-95.045404,0.264926,0.244686,False,,False,"{""atr_ratio_max"":2.6,""atr_ratio_min"":0.65,""bb_width_percentile_max"":0.35,""breakout_range_atr"":0.8,""cci_level"":0.0,""context"":""BULL_BREAKOUT"",""direction"":""LONG"",""ema_touch_atr"":0.5,""max_hold_bars"":96,""range_adx_max"":16.0,""range_ema_separation_atr"":0.3,""require_confirmation_break"":false,""require_vwap"":false,""rsi_level"":55.0,""rsi_reclaim"":48.0,""setup"":""breakout"",""stop_atr"":1.0,""target_rr"":1.25,""trend_adx_min"":14.0,""trend_ema_separation_atr"":0.05,""trigger_mode"":""RSI_CCI"",""vwap_distance_atr"":0.0}"
2026-01 to 2026-01,2019-09-06T00:00:00+00:00,2026-01-01T00:00:00+00:00,BULL_BREAKOUT,BULL_BREAKOUT-LS12,465,-95.036554,0.3105,0.24443,False,,False,"{""atr_ratio_max"":2.2,""atr_ratio_min"":0.45,""bb_width_percentile_max"":0.35,""breakout_range_atr"":0.6,""cci_level"":50.0,""context"":""BULL_BREAKOUT"",""direction"":""LONG"",""ema_touch_atr"":0.0,""max_hold_bars"":96,""range_adx_max"":24.0,""range_ema_separation_atr"":0.3,""require_confirmation_break"":true,""require_vwap"":true,""rsi_level"":50.0,""rsi_reclaim"":50.0,""setup"":""breakout"",""stop_atr"":1.0,""target_rr"":1.25,""trend_adx_min"":18.0,""trend_ema_separation_atr"":0.15,""trigger_mode"":""RSI_CCI"",""vwap_distance_atr"":0.2}"
2026-01 to 2026-01,2019-09-06T00:00:00+00:00,2026-01-01T00:00:00+00:00,BULL_BREAKOUT,BULL_BREAKOUT-LS13,356,-92.711297,0.349068,0.310724,False,,False,"{""atr_ratio_max"":1.8,""atr_ratio_min"":0.3,""bb_width_percentile_max"":0.5,""breakout_range_atr"":0.8,""cci_level"":50.0,""context"":""BULL_BREAKOUT"",""direction"":""LONG"",""ema_touch_atr"":0.5,""max_hold_bars"":96,""range_adx_max"":24.0,""range_ema_separation_atr"":0.5,""require_confirmation_break"":false,""require_vwap"":false,""rsi_level"":60.0,""rsi_reclaim"":52.0,""setup"":""breakout"",""stop_atr"":1.0,""target_rr"":1.75,""trend_adx_min"":14.0,""trend_ema_separation_atr"":0.05,""trigger_mode"":""RSI_MACD"",""vwap_distance_atr"":0.4}"
2026-01 to 2026-01,2019-09-06T00:00:00+00:00,2026-01-01T00:00:00+00:00,BULL_BREAKOUT,BULL_BREAKOUT-LS14,73,-38.358124,0.334151,0.173446,False,,False,"{""atr_ratio_max"":2.2,""atr_ratio_min"":0.3,""bb_width_percentile_max"":0.2,""breakout_range_atr"":0.8,""cci_level"":100.0,""context"":""BULL_BREAKOUT"",""direction"":""LONG"",""ema_touch_atr"":0.25,""max_hold_bars"":96,""range_adx_max"":24.0,""range_ema_separation_atr"":0.3,""require_confirmation_break"":true,""require_vwap"":true,""rsi_level"":55.0,""rsi_reclaim"":52.0,""setup"":""breakout"",""stop_atr"":1.5,""target_rr"":1.5,""trend_adx_min"":22.0,""trend_ema_separation_atr"":0.15,""trigger_mode"":""CCI_MACD"",""vwap_distance_atr"":0.4}"
2026-01 to 2026-01,2019-09-06T00:00:00+00:00,2026-01-01T00:00:00+00:00,BULL_BREAKOUT,BULL_BREAKOUT-LS15,249,-84.748871,0.252499,0.196166,False,,False,"{""atr_ratio_max"":2.6,""atr_ratio_min"":0.65,""bb_width_percentile_max"":0.35,""breakout_range_atr"":1.0,""cci_level"":100.0,""context"":""BULL_BREAKOUT"",""direction"":""LONG"",""ema_touch_atr"":0.25,""max_hold_bars"":96,""range_adx_max"":20.0,""range_ema_separation_atr"":0.3,""require_confirmation_break"":true,""require_vwap"":true,""rsi_level"":60.0,""rsi_reclaim"":48.0,""setup"":""breakout"",""stop_atr"":1.25,""target_rr"":1.25,""trend_adx_min"":14.0,""trend_ema_separation_atr"":0.05,""trigger_mode"":""RSI_MACD"",""vwap_distance_atr"":0.4}"
2026-01 to 2026-01,2019-09-06T00:00:00+00:00,2026-01-01T00:00:00+00:00,BULL_BREAKOUT,BULL_BREAKOUT-LS16,160,-66.246217,0.351048,0.287312,False,,False,"{""atr_ratio_max"":1.8,""atr_ratio_min"":0.65,""bb_width_percentile_max"":0.5,""breakout_range_atr"":1.0,""cci_level"":100.0,""context"":""BULL_BREAKOUT"",""direction"":""LONG"",""ema_touch_atr"":0.25,""max_hold_bars"":72,""range_adx_max"":20.0,""range_ema_separation_atr"":0.15,""require_confirmation_break"":true,""require_vwap"":true,""rsi_level"":55.0,""rsi_reclaim"":48.0,""setup"":""breakout"",""stop_atr"":1.5,""target_rr"":1.75,""trend_adx_min"":22.0,""trend_ema_separation_atr"":0.15,""trigger_mode"":""ALL_THREE"",""vwap_distance_atr"":0.2}"
2026-01 to 2026-01,2019-09-06T00:00:00+00:00,2026-01-01T00:00:00+00:00,BULL_BREAKOUT,BULL_BREAKOUT-LS17,291,-85.652877,0.361864,0.299523,False,,False,"{""atr_ratio_max"":2.6,""atr_ratio_min"":0.45,""bb_width_percentile_max"":0.5,""breakout_range_atr"":0.6,""cci_level"":50.0,""context"":""BULL_BREAKOUT"",""direction"":""LONG"",""ema_touch_atr"":0.0,""max_hold_bars"":72,""range_adx_max"":20.0,""range_ema_separation_atr"":0.15,""require_confirmation_break"":true,""require_vwap"":true,""rsi_level"":55.0,""rsi_reclaim"":48.0,""setup"":""breakout"",""stop_atr"":1.5,""target_rr"":1.5,""trend_adx_min"":18.0,""trend_ema_separation_atr"":0.05,""trigger_mode"":""RSI_MACD"",""vwap_distance_atr"":0.4}"
2026-01 to 2026-01,2019-09-06T00:00:00+00:00,2026-01-01T00:00:00+00:00,BULL_BREAKOUT,BULL_BREAKOUT-LS18,234,-83.262,0.279466,0.252082,False,,False,"{""atr_ratio_max"":1.8,""atr_ratio_min"":0.65,""bb_width_percentile_max"":0.5,""breakout_range_atr"":1.0,""cci_level"":0.0,""context"":""BULL_BREAKOUT"",""direction"":""LONG"",""ema_touch_atr"":0.0,""max_hold_bars"":48,""range_adx_max"":24.0,""range_ema_separation_atr"":0.15,""require_confirmation_break"":false,""require_vwap"":false,""rsi_level"":60.0,""rsi_reclaim"":50.0,""setup"":""breakout"",""stop_atr"":1.25,""target_rr"":1.5,""trend_adx_min"":18.0,""trend_ema_separation_atr"":0.0,""trigger_mode"":""ALL_THREE"",""vwap_distance_atr"":0.0}"
2026-01 to 2026-01,2019-09-06T00:00:00+00:00,2026-01-01T00:00:00+00:00,BULL_PULLBACK,BULL_PULLBACK-LS01,244,-84.565063,0.283507,0.193653,False,,False,"{""atr_ratio_max"":2.6,""atr_ratio_min"":0.65,""bb_width_percentile_max"":0.35,""breakout_range_atr"":0.8,""cci_level"":0.0,""context"":""BULL_PULLBACK"",""direction"":""LONG"",""ema_touch_atr"":0.25,""max_hold_bars"":72,""range_adx_max"":24.0,""range_ema_separation_atr"":0.5,""require_confirmation_break"":false,""require_vwap"":true,""rsi_level"":50.0,""rsi_reclaim"":50.0,""setup"":""pullback"",""stop_atr"":1.0,""target_rr"":1.25,""trend_adx_min"":14.0,""trend_ema_separation_atr"":0.0,""trigger_mode"":""CCI_MACD"",""vwap_distance_atr"":0.4}"
2026-01 to 2026-01,2019-09-06T00:00:00+00:00,2026-01-01T00:00:00+00:00,BULL_PULLBACK,BULL_PULLBACK-LS02,46,-42.57802,0.166388,0.0,False,,False,"{""atr_ratio_max"":2.6,""atr_ratio_min"":0.3,""bb_width_percentile_max"":0.35,""breakout_range_atr"":0.6,""cci_level"":0.0,""context"":""BULL_PULLBACK"",""direction"":""LONG"",""ema_touch_atr"":0.0,""max_hold_bars"":48,""range_adx_max"":16.0,""range_ema_separation_atr"":0.5,""require_confirmation_break"":true,""require_vwap"":false,""rsi_level"":45.0,""rsi_reclaim"":50.0,""setup"":""pullback"",""stop_atr"":1.0,""target_rr"":1.75,""trend_adx_min"":22.0,""trend_ema_separation_atr"":0.05,""trigger_mode"":""RSI_CCI"",""vwap_distance_atr"":0.4}"
2026-01 to 2026-01,2019-09-06T00:00:00+00:00,2026-01-01T00:00:00+00:00,BULL_PULLBACK,BULL_PULLBACK-LS03,457,-95.013347,0.337638,0.259173,False,,False,"{""atr_ratio_max"":2.2,""atr_ratio_min"":0.3,""bb_width_percentile_max"":0.35,""breakout_range_atr"":1.0,""cci_level"":25.0,""context"":""BULL_PULLBACK"",""direction"":""LONG"",""ema_touch_atr"":0.0,""max_hold_bars"":96,""range_adx_max"":20.0,""range_ema_separation_atr"":0.15,""require_confirmation_break"":true,""require_vwap"":false,""rsi_level"":55.0,""rsi_reclaim"":52.0,""setup"":""pullback"",""stop_atr"":1.25,""target_rr"":1.75,""trend_adx_min"":14.0,""trend_ema_separation_atr"":0.0,""trigger_mode"":""RSI_CCI"",""vwap_distance_atr"":0.0}"
2026-01 to 2026-01,2019-09-06T00:00:00+00:00,2026-01-01T00:00:00+00:00,BULL_PULLBACK,BULL_PULLBACK-LS04,106,-60.600468,0.304164,0.16068,False,,False,"{""atr_ratio_max"":2.2,""atr_ratio_min"":0.65,""bb_width_percentile_max"":0.35,""breakout_range_atr"":0.8,""cci_level"":25.0,""context"":""BULL_PULLBACK"",""direction"":""LONG"",""ema_touch_atr"":0.0,""max_hold_bars"":96,""range_adx_max"":16.0,""range_ema_separation_atr"":0.3,""require_confirmation_break"":true,""require_vwap"":true,""rsi_level"":45.0,""rsi_reclaim"":48.0,""setup"":""pullback"",""stop_atr"":1.5,""target_rr"":1.75,""trend_adx_min"":18.0,""trend_ema_separation_atr"":0.15,""trigger_mode"":""CCI_MACD"",""vwap_distance_atr"":0.4}"
2026-01 to 2026-01,2019-09-06T00:00:00+00:00,2026-01-01T00:00:00+00:00,BULL_PULLBACK,BULL_PULLBACK-LS05,568,-95.049584,0.364466,0.324137,False,,False,"{""atr_ratio_max"":1.8,""atr_ratio_min"":0.65,""bb_width_percentile_max"":0.2,""breakout_range_atr"":1.0,""cci_level"":25.0,""context"":""BULL_PULLBACK"",""direction"":""LONG"",""ema_touch_atr"":0.25,""max_hold_bars"":48,""range_adx_max"":16.0,""range_ema_separation_atr"":0.3,""require_confirmation_break"":false,""require_vwap"":false,""rsi_level"":55.0,""rsi_reclaim"":48.0,""setup"":""pullback"",""stop_atr"":1.5,""target_rr"":1.5,""trend_adx_min"":14.0,""trend_ema_separation_atr"":0.0,""trigger_mode"":""CCI_MACD"",""vwap_distance_atr"":0.0}"
2026-01 to 2026-01,2019-09-06T00:00:00+00:00,2026-01-01T00:00:00+00:00,BULL_PULLBACK,BULL_PULLBACK-LS06,242,-84.166205,0.273076,0.189074,False,,False,"{""atr_ratio_max"":2.6,""atr_ratio_min"":0.45,""bb_width_percentile_max"":0.2,""breakout_range_atr"":1.0,""cci_level"":0.0,""context"":""BULL_PULLBACK"",""direction"":""LONG"",""ema_touch_atr"":0.5,""max_hold_bars"":48,""range_adx_max"":24.0,""range_ema_separation_atr"":0.15,""require_confirmation_break"":true,""require_vwap"":true,""rsi_level"":55.0,""rsi_reclaim"":50.0,""setup"":""pullback"",""stop_atr"":1.25,""target_rr"":1.25,""trend_adx_min"":14.0,""trend_ema_separation_atr"":0.0,""trigger_mode"":""CCI_MACD"",""vwap_distance_atr"":0.2}"
2026-01 to 2026-01,2019-09-06T00:00:00+00:00,2026-01-01T00:00:00+00:00,BULL_PULLBACK,BULL_PULLBACK-LS07,53,-37.970099,0.235093,0.104733,False,,False,"{""atr_ratio_max"":2.6,""atr_ratio_min"":0.45,""bb_width_percentile_max"":0.5,""breakout_range_atr"":1.0,""cci_level"":25.0,""context"":""BULL_PULLBACK"",""direction"":""LONG"",""ema_touch_atr"":0.25,""max_hold_bars"":48,""range_adx_max"":16.0,""range_ema_separation_atr"":0.3,""require_confirmation_break"":false,""require_vwap"":true,""rsi_level"":50.0,""rsi_reclaim"":50.0,""setup"":""pullback"",""stop_atr"":1.5,""target_rr"":1.5,""trend_adx_min"":22.0,""trend_ema_separation_atr"":0.05,""trigger_mode"":""ALL_THREE"",""vwap_distance_atr"":0.2}"
2026-01 to 2026-01,2019-09-06T00:00:00+00:00,2026-01-01T00:00:00+00:00,BULL_PULLBACK,BULL_PULLBACK-LS08,268,-85.127903,0.331689,0.219821,False,,False,"{""atr_ratio_max"":1.8,""atr_ratio_min"":0.45,""bb_width_percentile_max"":0.35,""breakout_range_atr"":0.6,""cci_level"":0.0,""context"":""BULL_PULLBACK"",""direction"":""LONG"",""ema_touch_atr"":0.5,""max_hold_bars"":96,""range_adx_max"":20.0,""range_ema_separation_atr"":0.3,""require_confirmation_break"":true,""require_vwap"":true,""rsi_level"":55.0,""rsi_reclaim"":48.0,""setup"":""pullback"",""stop_atr"":1.25,""target_rr"":1.25,""trend_adx_min"":18.0,""trend_ema_separation_atr"":0.05,""trigger_mode"":""RSI_MACD"",""vwap_distance_atr"":0.4}"
2026-01 to 2026-01,2019-09-06T00:00:00+00:00,2026-01-01T00:00:00+00:00,BULL_PULLBACK,BULL_PULLBACK-LS09,26,-25.358102,0.198014,0.0,False,,False,"{""atr_ratio_max"":1.8,""atr_ratio_min"":0.3,""bb_width_percentile_max"":0.5,""breakout_range_atr"":0.6,""cci_level"":25.0,""context"":""BULL_PULLBACK"",""direction"":""LONG"",""ema_touch_atr"":0.5,""max_hold_bars"":48,""range_adx_max"":24.0,""range_ema_separation_atr"":0.15,""require_confirmation_break"":true,""require_vwap"":false,""rsi_level"":45.0,""rsi_reclaim"":52.0,""setup"":""pullback"",""stop_atr"":1.0,""target_rr"":1.75,""trend_adx_min"":22.0,""trend_ema_separation_atr"":0.05,""trigger_mode"":""ALL_THREE"",""vwap_distance_atr"":0.2}"
2026-01 to 2026-01,2019-09-06T00:00:00+00:00,2026-01-01T00:00:00+00:00,BULL_PULLBACK,BULL_PULLBACK-LS10,140,-66.863982,0.258689,0.096166,False,,False,"{""atr_ratio_max"":2.2,""atr_ratio_min"":0.65,""bb_width_percentile_max"":0.2,""breakout_range_atr"":0.8,""cci_level"":-50.0,""context"":""BULL_PULLBACK"",""direction"":""LONG"",""ema_touch_atr"":0.5,""max_hold_bars"":96,""range_adx_max"":20.0,""range_ema_separation_atr"":0.3,""require_confirmation_break"":true,""require_vwap"":true,""rsi_level"":50.0,""rsi_reclaim"":48.0,""setup"":""pullback"",""stop_atr"":1.25,""target_rr"":1.25,""trend_adx_min"":14.0,""trend_ema_separation_atr"":0.15,""trigger_mode"":""RSI_CCI"",""vwap_distance_atr"":0.2}"
2026-01 to 2026-01,2019-09-06T00:00:00+00:00,2026-01-01T00:00:00+00:00,BULL_PULLBACK,BULL_PULLBACK-LS11,172,-72.170536,0.352813,0.188449,False,,False,"{""atr_ratio_max"":1.8,""atr_ratio_min"":0.65,""bb_width_percentile_max"":0.5,""breakout_range_atr"":0.6,""cci_level"":-50.0,""context"":""BULL_PULLBACK"",""direction"":""LONG"",""ema_touch_atr"":0.25,""max_hold_bars"":72,""range_adx_max"":16.0,""range_ema_separation_atr"":0.5,""require_confirmation_break"":false,""require_vwap"":false,""rsi_level"":55.0,""rsi_reclaim"":48.0,""setup"":""pullback"",""stop_atr"":1.5,""target_rr"":1.75,""trend_adx_min"":22.0,""trend_ema_separation_atr"":0.15,""trigger_mode"":""RSI_CCI"",""vwap_distance_atr"":0.0}"
2026-01 to 2026-01,2019-09-06T00:00:00+00:00,2026-01-01T00:00:00+00:00,BULL_PULLBACK,BULL_PULLBACK-LS12,38,-32.146188,0.242673,0.001085,False,,False,"{""atr_ratio_max"":2.6,""atr_ratio_min"":0.3,""bb_width_percentile_max"":0.2,""breakout_range_atr"":0.8,""cci_level"":-50.0,""context"":""BULL_PULLBACK"",""direction"":""LONG"",""ema_touch_atr"":0.5,""max_hold_bars"":96,""range_adx_max"":20.0,""range_ema_separation_atr"":0.5,""require_confirmation_break"":false,""require_vwap"":true,""rsi_level"":45.0,""rsi_reclaim"":52.0,""setup"":""pullback"",""stop_atr"":1.5,""target_rr"":1.75,""trend_adx_min"":22.0,""trend_ema_separation_atr"":0.15,""trigger_mode"":""RSI_MACD"",""vwap_distance_atr"":0.2}"
2026-01 to 2026-01,2019-09-06T00:00:00+00:00,2026-01-01T00:00:00+00:00,BULL_PULLBACK,BULL_PULLBACK-LS13,284,-86.393738,0.320102,0.213591,False,,False,"{""atr_ratio_max"":2.6,""atr_ratio_min"":0.3,""bb_width_percentile_max"":0.2,""breakout_range_atr"":0.8,""cci_level"":0.0,""context"":""BULL_PULLBACK"",""direction"":""LONG"",""ema_touch_atr"":0.0,""max_hold_bars"":72,""range_adx_max"":24.0,""range_ema_separation_atr"":0.15,""require_confirmation_break"":false,""require_vwap"":false,""rsi_level"":50.0,""rsi_reclaim"":52.0,""setup"":""pullback"",""stop_atr"":1.5,""target_rr"":1.25,""trend_adx_min"":18.0,""trend_ema_separation_atr"":0.05,""trigger_mode"":""ALL_THREE"",""vwap_distance_atr"":0.0}"
2026-01 to 2026-01,2019-09-06T00:00:00+00:00,2026-01-01T00:00:00+00:00,BULL_PULLBACK,BULL_PULLBACK-LS14,121,-71.843797,0.193506,0.111281,False,,False,"{""atr_ratio_max"":1.8,""atr_ratio_min"":0.45,""bb_width_percentile_max"":0.5,""breakout_range_atr"":1.0,""cci_level"":-50.0,""context"":""BULL_PULLBACK"",""direction"":""LONG"",""ema_touch_atr"":0.0,""max_hold_bars"":48,""range_adx_max"":20.0,""range_ema_separation_atr"":0.3,""require_confirmation_break"":true,""require_vwap"":false,""rsi_level"":45.0,""rsi_reclaim"":50.0,""setup"":""pullback"",""stop_atr"":1.25,""target_rr"":1.5,""trend_adx_min"":18.0,""trend_ema_separation_atr"":0.15,""trigger_mode"":""ALL_THREE"",""vwap_distance_atr"":0.2}"
2026-01 to 2026-01,2019-09-06T00:00:00+00:00,2026-01-01T00:00:00+00:00,BULL_PULLBACK,BULL_PULLBACK-LS15,437,-95.012183,0.332374,0.305166,False,,False,"{""atr_ratio_max"":2.2,""atr_ratio_min"":0.45,""bb_width_percentile_max"":0.5,""breakout_range_atr"":0.6,""cci_level"":-50.0,""context"":""BULL_PULLBACK"",""direction"":""LONG"",""ema_touch_atr"":0.5,""max_hold_bars"":72,""range_adx_max"":20.0,""range_ema_separation_atr"":0.5,""require_confirmation_break"":false,""require_vwap"":false,""rsi_level"":55.0,""rsi_reclaim"":50.0,""setup"":""pullback"",""stop_atr"":1.0,""target_rr"":1.5,""trend_adx_min"":14.0,""trend_ema_separation_atr"":0.15,""trigger_mode"":""RSI_CCI"",""vwap_distance_atr"":0.4}"
2026-01 to 2026-01,2019-09-06T00:00:00+00:00,2026-01-01T00:00:00+00:00,BULL_PULLBACK,BULL_PULLBACK-LS16,210,-78.036249,0.3366,0.256265,False,,False,"{""atr_ratio_max"":2.2,""atr_ratio_min"":0.65,""bb_width_percentile_max"":0.2,""breakout_range_atr"":0.8,""cci_level"":-50.0,""context"":""BULL_PULLBACK"",""direction"":""LONG"",""ema_touch_atr"":0.0,""max_hold_bars"":72,""range_adx_max"":24.0,""range_ema_separation_atr"":0.5,""require_confirmation_break"":false,""require_vwap"":true,""rsi_level"":50.0,""rsi_reclaim"":48.0,""setup"":""pullback"",""stop_atr"":1.0,""target_rr"":1.5,""trend_adx_min"":18.0,""trend_ema_separation_atr"":0.05,""trigger_mode"":""RSI_MACD"",""vwap_distance_atr"":0.4}"
2026-01 to 2026-01,2019-09-06T00:00:00+00:00,2026-01-01T00:00:00+00:00,BULL_PULLBACK,BULL_PULLBACK-LS17,79,-43.624299,0.311668,0.062278,False,,False,"{""atr_ratio_max"":1.8,""atr_ratio_min"":0.45,""bb_width_percentile_max"":0.5,""breakout_range_atr"":1.0,""cci_level"":25.0,""context"":""BULL_PULLBACK"",""direction"":""LONG"",""ema_touch_atr"":0.25,""max_hold_bars"":72,""range_adx_max"":24.0,""range_ema_separation_atr"":0.15,""require_confirmation_break"":true,""require_vwap"":true,""rsi_level"":50.0,""rsi_reclaim"":52.0,""setup"":""pullback"",""stop_atr"":1.0,""target_rr"":1.25,""trend_adx_min"":22.0,""trend_ema_separation_atr"":0.0,""trigger_mode"":""RSI_MACD"",""vwap_distance_atr"":0.0}"
2026-01 to 2026-01,2019-09-06T00:00:00+00:00,2026-01-01T00:00:00+00:00,BULL_PULLBACK,BULL_PULLBACK-LS18,180,-75.39565,0.319916,0.228409,False,,False,"{""atr_ratio_max"":2.2,""atr_ratio_min"":0.3,""bb_width_percentile_max"":0.35,""breakout_range_atr"":0.6,""cci_level"":0.0,""context"":""BULL_PULLBACK"",""direction"":""LONG"",""ema_touch_atr"":0.25,""max_hold_bars"":96,""range_adx_max"":16.0,""range_ema_separation_atr"":0.15,""require_confirmation_break"":false,""require_vwap"":false,""rsi_level"":45.0,""rsi_reclaim"":52.0,""setup"":""pullback"",""stop_atr"":1.25,""target_rr"":1.5,""trend_adx_min"":18.0,""trend_ema_separation_atr"":0.0,""trigger_mode"":""RSI_MACD"",""vwap_distance_atr"":0.0}"
2026-01 to 2026-01,2019-09-06T00:00:00+00:00,2026-01-01T00:00:00+00:00,RANGE_REVERSION,RANGE_REVERSION-LS01,1,-1.503314,0.0,,False,,False,"{""atr_ratio_max"":2.6,""atr_ratio_min"":0.3,""bb_width_percentile_max"":0.5,""breakout_range_atr"":1.0,""cci_level"":50.0,""context"":""RANGE_REVERSION"",""direction"":""BOTH"",""ema_touch_atr"":0.5,""max_hold_bars"":96,""range_adx_max"":24.0,""range_ema_separation_atr"":0.5,""require_confirmation_break"":true,""require_vwap"":true,""rsi_level"":35.0,""rsi_reclaim"":35.0,""setup"":""reversion"",""stop_atr"":1.0,""target_rr"":1.75,""trend_adx_min"":18.0,""trend_ema_separation_atr"":0.0,""trigger_mode"":""RSI_CCI"",""vwap_distance_atr"":0.4}"
2026-01 to 2026-01,2019-09-06T00:00:00+00:00,2026-01-01T00:00:00+00:00,RANGE_REVERSION,RANGE_REVERSION-LS02,6,-3.839717,0.365674,,False,,False,"{""atr_ratio_max"":1.8,""atr_ratio_min"":0.3,""bb_width_percentile_max"":0.2,""breakout_range_atr"":0.8,""cci_level"":75.0,""context"":""RANGE_REVERSION"",""direction"":""BOTH"",""ema_touch_atr"":0.0,""max_hold_bars"":72,""range_adx_max"":24.0,""range_ema_separation_atr"":0.3,""require_confirmation_break"":true,""require_vwap"":false,""rsi_level"":40.0,""rsi_reclaim"":45.0,""setup"":""reversion"",""stop_atr"":1.25,""target_rr"":1.5,""trend_adx_min"":22.0,""trend_ema_separation_atr"":0.15,""trigger_mode"":""RSI_CCI"",""vwap_distance_atr"":0.2}"
2026-01 to 2026-01,2019-09-06T00:00:00+00:00,2026-01-01T00:00:00+00:00,RANGE_REVERSION,RANGE_REVERSION-LS03,3,0.38691,1.277241,,False,,False,"{""atr_ratio_max"":1.8,""atr_ratio_min"":0.3,""bb_width_percentile_max"":0.2,""breakout_range_atr"":1.0,""cci_level"":50.0,""context"":""RANGE_REVERSION"",""direction"":""BOTH"",""ema_touch_atr"":0.0,""max_hold_bars"":48,""range_adx_max"":20.0,""range_ema_separation_atr"":0.15,""require_confirmation_break"":false,""require_vwap"":false,""rsi_level"":30.0,""rsi_reclaim"":45.0,""setup"":""reversion"",""stop_atr"":1.25,""target_rr"":1.25,""trend_adx_min"":14.0,""trend_ema_separation_atr"":0.05,""trigger_mode"":""CCI_MACD"",""vwap_distance_atr"":0.0}"
2026-01 to 2026-01,2019-09-06T00:00:00+00:00,2026-01-01T00:00:00+00:00,RANGE_REVERSION,RANGE_REVERSION-LS04,1,1.358569,,,False,,False,"{""atr_ratio_max"":2.2,""atr_ratio_min"":0.45,""bb_width_percentile_max"":0.35,""breakout_range_atr"":0.8,""cci_level"":75.0,""context"":""RANGE_REVERSION"",""direction"":""BOTH"",""ema_touch_atr"":0.25,""max_hold_bars"":96,""range_adx_max"":20.0,""range_ema_separation_atr"":0.15,""require_confirmation_break"":true,""require_vwap"":false,""rsi_level"":35.0,""rsi_reclaim"":40.0,""setup"":""reversion"",""stop_atr"":1.25,""target_rr"":1.75,""trend_adx_min"":14.0,""trend_ema_separation_atr"":0.05,""trigger_mode"":""RSI_CCI"",""vwap_distance_atr"":0.0}"
2026-01 to 2026-01,2019-09-06T00:00:00+00:00,2026-01-01T00:00:00+00:00,RANGE_REVERSION,RANGE_REVERSION-LS05,7,-3.223385,0.498739,,False,,False,"{""atr_ratio_max"":2.6,""atr_ratio_min"":0.3,""bb_width_percentile_max"":0.2,""breakout_range_atr"":0.6,""cci_level"":50.0,""context"":""RANGE_REVERSION"",""direction"":""BOTH"",""ema_touch_atr"":0.25,""max_hold_bars"":96,""range_adx_max"":24.0,""range_ema_separation_atr"":0.15,""require_confirmation_break"":false,""require_vwap"":true,""rsi_level"":30.0,""rsi_reclaim"":35.0,""setup"":""reversion"",""stop_atr"":1.25,""target_rr"":1.75,""trend_adx_min"":14.0,""trend_ema_separation_atr"":0.0,""trigger_mode"":""RSI_MACD"",""vwap_distance_atr"":0.4}"
2026-01 to 2026-01,2019-09-06T00:00:00+00:00,2026-01-01T00:00:00+00:00,RANGE_REVERSION,RANGE_REVERSION-LS06,4,-6.381577,0.181306,,False,,False,"{""atr_ratio_max"":1.8,""atr_ratio_min"":0.65,""bb_width_percentile_max"":0.35,""breakout_range_atr"":0.8,""cci_level"":100.0,""context"":""RANGE_REVERSION"",""direction"":""BOTH"",""ema_touch_atr"":0.25,""max_hold_bars"":72,""range_adx_max"":16.0,""range_ema_separation_atr"":0.15,""require_confirmation_break"":false,""require_vwap"":true,""rsi_level"":40.0,""rsi_reclaim"":35.0,""setup"":""reversion"",""stop_atr"":1.5,""target_rr"":1.75,""trend_adx_min"":22.0,""trend_ema_separation_atr"":0.15,""trigger_mode"":""CCI_MACD"",""vwap_distance_atr"":0.4}"
2026-01 to 2026-01,2019-09-06T00:00:00+00:00,2026-01-01T00:00:00+00:00,RANGE_REVERSION,RANGE_REVERSION-LS07,3,-3.180253,0.229504,,False,,False,"{""atr_ratio_max"":2.2,""atr_ratio_min"":0.45,""bb_width_percentile_max"":0.35,""breakout_range_atr"":1.0,""cci_level"":100.0,""context"":""RANGE_REVERSION"",""direction"":""BOTH"",""ema_touch_atr"":0.5,""max_hold_bars"":72,""range_adx_max"":16.0,""range_ema_separation_atr"":0.5,""require_confirmation_break"":false,""require_vwap"":false,""rsi_level"":35.0,""rsi_reclaim"":40.0,""setup"":""reversion"",""stop_atr"":1.0,""target_rr"":1.5,""trend_adx_min"":14.0,""trend_ema_separation_atr"":0.05,""trigger_mode"":""ALL_THREE"",""vwap_distance_atr"":0.4}"
2026-01 to 2026-01,2019-09-06T00:00:00+00:00,2026-01-01T00:00:00+00:00,RANGE_REVERSION,RANGE_REVERSION-LS08,2,-0.578362,0.594065,,False,,False,"{""atr_ratio_max"":2.2,""atr_ratio_min"":0.65,""bb_width_percentile_max"":0.5,""breakout_range_atr"":0.6,""cci_level"":50.0,""context"":""RANGE_REVERSION"",""direction"":""BOTH"",""ema_touch_atr"":0.0,""max_hold_bars"":96,""range_adx_max"":24.0,""range_ema_separation_atr"":0.3,""require_confirmation_break"":true,""require_vwap"":false,""rsi_level"":35.0,""rsi_reclaim"":40.0,""setup"":""reversion"",""stop_atr"":1.5,""target_rr"":1.25,""trend_adx_min"":22.0,""trend_ema_separation_atr"":0.05,""trigger_mode"":""RSI_CCI"",""vwap_distance_atr"":0.0}"
2026-01 to 2026-01,2019-09-06T00:00:00+00:00,2026-01-01T00:00:00+00:00,RANGE_REVERSION,RANGE_REVERSION-LS09,1,-1.503314,0.0,,False,,False,"{""atr_ratio_max"":2.6,""atr_ratio_min"":0.3,""bb_width_percentile_max"":0.35,""breakout_range_atr"":0.8,""cci_level"":75.0,""context"":""RANGE_REVERSION"",""direction"":""BOTH"",""ema_touch_atr"":0.0,""max_hold_bars"":96,""range_adx_max"":20.0,""range_ema_separation_atr"":0.5,""require_confirmation_break"":false,""require_vwap"":true,""rsi_level"":30.0,""rsi_reclaim"":45.0,""setup"":""reversion"",""stop_atr"":1.5,""target_rr"":1.5,""trend_adx_min"":18.0,""trend_ema_separation_atr"":0.05,""trigger_mode"":""RSI_MACD"",""vwap_distance_atr"":0.2}"
2026-01 to 2026-01,2019-09-06T00:00:00+00:00,2026-01-01T00:00:00+00:00,RANGE_REVERSION,RANGE_REVERSION-LS10,107,-48.928603,0.347652,0.142818,False,,False,"{""atr_ratio_max"":1.8,""atr_ratio_min"":0.45,""bb_width_percentile_max"":0.2,""breakout_range_atr"":1.0,""cci_level"":100.0,""context"":""RANGE_REVERSION"",""direction"":""BOTH"",""ema_touch_atr"":0.25,""max_hold_bars"":96,""range_adx_max"":20.0,""range_ema_separation_atr"":0.3,""require_confirmation_break"":false,""require_vwap"":true,""rsi_level"":40.0,""rsi_reclaim"":35.0,""setup"":""reversion"",""stop_atr"":1.0,""target_rr"":1.25,""trend_adx_min"":22.0,""trend_ema_separation_atr"":0.15,""trigger_mode"":""RSI_MACD"",""vwap_distance_atr"":0.0}"
2026-01 to 2026-01,2019-09-06T00:00:00+00:00,2026-01-01T00:00:00+00:00,RANGE_REVERSION,RANGE_REVERSION-LS11,7,-2.092953,0.64945,,False,,False,"{""atr_ratio_max"":1.8,""atr_ratio_min"":0.65,""bb_width_percentile_max"":0.5,""breakout_range_atr"":0.6,""cci_level"":100.0,""context"":""RANGE_REVERSION"",""direction"":""BOTH"",""ema_touch_atr"":0.5,""max_hold_bars"":48,""range_adx_max"":20.0,""range_ema_separation_atr"":0.3,""require_confirmation_break"":true,""require_vwap"":false,""rsi_level"":30.0,""rsi_reclaim"":35.0,""setup"":""reversion"",""stop_atr"":1.25,""target_rr"":1.75,""trend_adx_min"":22.0,""trend_ema_separation_atr"":0.05,""trigger_mode"":""RSI_MACD"",""vwap_distance_atr"":0.4}"
2026-01 to 2026-01,2019-09-06T00:00:00+00:00,2026-01-01T00:00:00+00:00,RANGE_REVERSION,RANGE_REVERSION-LS12,15,0.619088,1.091396,1.704439,False,,False,"{""atr_ratio_max"":2.2,""atr_ratio_min"":0.65,""bb_width_percentile_max"":0.2,""breakout_range_atr"":1.0,""cci_level"":50.0,""context"":""RANGE_REVERSION"",""direction"":""BOTH"",""ema_touch_atr"":0.0,""max_hold_bars"":72,""range_adx_max"":24.0,""range_ema_separation_atr"":0.15,""require_confirmation_break"":false,""require_vwap"":true,""rsi_level"":35.0,""rsi_reclaim"":40.0,""setup"":""reversion"",""stop_atr"":1.0,""target_rr"":1.25,""trend_adx_min"":18.0,""trend_ema_separation_atr"":0.0,""trigger_mode"":""RSI_MACD"",""vwap_distance_atr"":0.2}"
2026-01 to 2026-01,2019-09-06T00:00:00+00:00,2026-01-01T00:00:00+00:00,RANGE_REVERSION,RANGE_REVERSION-LS13,9,-2.479682,0.639167,,False,,False,"{""atr_ratio_max"":2.6,""atr_ratio_min"":0.65,""bb_width_percentile_max"":0.35,""breakout_range_atr"":0.6,""cci_level"":75.0,""context"":""RANGE_REVERSION"",""direction"":""BOTH"",""ema_touch_atr"":0.25,""max_hold_bars"":48,""range_adx_max"":20.0,""range_ema_separation_atr"":0.3,""require_confirmation_break"":true,""require_vwap"":false,""rsi_level"":40.0,""rsi_reclaim"":40.0,""setup"":""reversion"",""stop_atr"":1.5,""target_rr"":1.5,""trend_adx_min"":18.0,""trend_ema_separation_atr"":0.15,""trigger_mode"":""CCI_MACD"",""vwap_distance_atr"":0.0}"
2026-01 to 2026-01,2019-09-06T00:00:00+00:00,2026-01-01T00:00:00+00:00,RANGE_REVERSION,RANGE_REVERSION-LS14,3,2.714065,,,False,,False,"{""atr_ratio_max"":2.2,""atr_ratio_min"":0.65,""bb_width_percentile_max"":0.5,""breakout_range_atr"":0.8,""cci_level"":75.0,""context"":""RANGE_REVERSION"",""direction"":""BOTH"",""ema_touch_atr"":0.5,""max_hold_bars"":72,""range_adx_max"":16.0,""range_ema_separation_atr"":0.5,""require_confirmation_break"":true,""require_vwap"":true,""rsi_level"":40.0,""rsi_reclaim"":35.0,""setup"":""reversion"",""stop_atr"":1.25,""target_rr"":1.25,""trend_adx_min"":14.0,""trend_ema_separation_atr"":0.0,""trigger_mode"":""CCI_MACD"",""vwap_distance_atr"":0.4}"
2026-01 to 2026-01,2019-09-06T00:00:00+00:00,2026-01-01T00:00:00+00:00,RANGE_REVERSION,RANGE_REVERSION-LS15,0,0.0,,,False,,False,"{""atr_ratio_max"":2.6,""atr_ratio_min"":0.45,""bb_width_percentile_max"":0.2,""breakout_range_atr"":0.6,""cci_level"":100.0,""context"":""RANGE_REVERSION"",""direction"":""BOTH"",""ema_touch_atr"":0.5,""max_hold_bars"":48,""range_adx_max"":16.0,""range_ema_separation_atr"":0.3,""require_confirmation_break"":true,""require_vwap"":true,""rsi_level"":30.0,""rsi_reclaim"":40.0,""setup"":""reversion"",""stop_atr"":1.0,""target_rr"":1.5,""trend_adx_min"":22.0,""trend_ema_separation_atr"":0.0,""trigger_mode"":""ALL_THREE"",""vwap_distance_atr"":0.2}"
2026-01 to 2026-01,2019-09-06T00:00:00+00:00,2026-01-01T00:00:00+00:00,RANGE_REVERSION,RANGE_REVERSION-LS16,2,-0.284487,0.832431,,False,,False,"{""atr_ratio_max"":1.8,""atr_ratio_min"":0.45,""bb_width_percentile_max"":0.5,""breakout_range_atr"":1.0,""cci_level"":50.0,""context"":""RANGE_REVERSION"",""direction"":""BOTH"",""ema_touch_atr"":0.5,""max_hold_bars"":48,""range_adx_max"":24.0,""range_ema_separation_atr"":0.5,""require_confirmation_break"":true,""require_vwap"":true,""rsi_level"":40.0,""rsi_reclaim"":45.0,""setup"":""reversion"",""stop_atr"":1.5,""target_rr"":1.75,""trend_adx_min"":18.0,""trend_ema_separation_atr"":0.15,""trigger_mode"":""ALL_THREE"",""vwap_distance_atr"":0.2}"
2026-01 to 2026-01,2019-09-06T00:00:00+00:00,2026-01-01T00:00:00+00:00,RANGE_REVERSION,RANGE_REVERSION-LS17,0,0.0,,,False,,False,"{""atr_ratio_max"":2.2,""atr_ratio_min"":0.3,""bb_width_percentile_max"":0.5,""breakout_range_atr"":0.6,""cci_level"":100.0,""context"":""RANGE_REVERSION"",""direction"":""BOTH"",""ema_touch_atr"":0.0,""max_hold_bars"":48,""range_adx_max"":16.0,""range_ema_separation_atr"":0.15,""require_confirmation_break"":false,""require_vwap"":false,""rsi_level"":30.0,""rsi_reclaim"":45.0,""setup"":""reversion"",""stop_atr"":1.5,""target_rr"":1.25,""trend_adx_min"":18.0,""trend_ema_separation_atr"":0.0,""trigger_mode"":""RSI_CCI"",""vwap_distance_atr"":0.0}"
2026-01 to 2026-01,2019-09-06T00:00:00+00:00,2026-01-01T00:00:00+00:00,RANGE_REVERSION,RANGE_REVERSION-LS18,1,0.969391,,,False,,False,"{""atr_ratio_max"":2.6,""atr_ratio_min"":0.45,""bb_width_percentile_max"":0.35,""breakout_range_atr"":0.8,""cci_level"":75.0,""context"":""RANGE_REVERSION"",""direction"":""BOTH"",""ema_touch_atr"":0.25,""max_hold_bars"":72,""range_adx_max"":16.0,""range_ema_separation_atr"":0.5,""require_confirmation_break"":false,""require_vwap"":false,""rsi_level"":35.0,""rsi_reclaim"":45.0,""setup"":""reversion"",""stop_atr"":1.0,""target_rr"":1.5,""trend_adx_min"":14.0,""trend_ema_separation_atr"":0.15,""trigger_mode"":""ALL_THREE"",""vwap_distance_atr"":0.2}"
