strategy,family,window,opened_at_utc,closed_at_utc,direction,entry,exit,size_oz,stop_distance_usd,gross_pnl_usd,entry_fee_usd,exit_fee_usd,net_pnl_usd,exit_reason,bars_held,ambiguous_ohlc_exit,balance_after
Trend pullback — core,Trend pullback,Development (2019-09 to 2022-12),2019-09-09T07:05:00+00:00,2019-09-09T11:05:00+00:00,SHORT,1507.98,1509.66,0.25,4.0,-0.42,0.150798,0.150966,-0.721764,TIME_EXIT,48,False,99.278236
Trend pullback — core,Trend pullback,Development (2019-09 to 2022-12),2019-09-10T13:05:00+00:00,2019-09-10T13:15:00+00:00,SHORT,1491.77,1497.37,0.2482,4.0,-1.38992,0.148103,0.148659,-1.686682,SL_HIT,2,False,97.591554
Trend pullback — core,Trend pullback,Development (2019-09 to 2022-12),2019-09-19T16:30:00+00:00,2019-09-19T20:30:00+00:00,LONG,1500.07,1498.24,0.244,4.0,-0.44652,0.146407,0.146228,-0.739155,TIME_EXIT,48,False,96.852399
Trend pullback — core,Trend pullback,Development (2019-09 to 2022-12),2019-09-20T15:40:00+00:00,2019-09-20T17:55:00+00:00,LONG,1503.16,1511.13,0.2421,4.0,1.929537,0.145566,0.146338,1.637633,TP_HIT,27,False,98.490032
Trend pullback — core,Trend pullback,Development (2019-09 to 2022-12),2019-09-23T07:25:00+00:00,2019-09-23T11:25:00+00:00,LONG,1515.15,1519.41,0.2462,4.0,1.048812,0.149212,0.149631,0.749969,TIME_EXIT,48,False,99.240001
Trend pullback — core,Trend pullback,Development (2019-09 to 2022-12),2019-09-24T18:40:00+00:00,2019-09-24T22:10:00+00:00,LONG,1530.14,1532.32,0.2481,4.0,0.540858,0.151851,0.152067,0.236939,DAY_EXIT,28,False,99.47694
Trend pullback — core,Trend pullback,Development (2019-09 to 2022-12),2019-09-25T13:00:00+00:00,2019-09-25T14:45:00+00:00,SHORT,1527.61,1519.64,0.2487,4.0,1.982139,0.151967,0.151174,1.678999,TP_HIT,21,False,101.155939
Trend pullback — core,Trend pullback,Development (2019-09 to 2022-12),2019-09-26T14:05:00+00:00,2019-09-26T15:05:00+00:00,SHORT,1506.81,1511.22,0.2529,4.0,-1.115289,0.152429,0.152875,-1.420593,SL_HIT,12,False,99.735346
Trend pullback — core,Trend pullback,Development (2019-09 to 2022-12),2019-09-26T17:40:00+00:00,2019-09-26T22:10:00+00:00,SHORT,1507.34,1504.42,0.2493,4.0,0.727956,0.150312,0.150021,0.427623,DAY_EXIT,40,False,100.162969
Trend pullback — core,Trend pullback,Development (2019-09 to 2022-12),2019-09-27T14:30:00+00:00,2019-09-27T15:40:00+00:00,SHORT,1492.1,1499.25,0.2504,4.0,-1.79036,0.149449,0.150165,-2.089974,SL_HIT,14,False,98.072996
Trend pullback — core,Trend pullback,Development (2019-09 to 2022-12),2019-09-30T14:15:00+00:00,2019-09-30T15:15:00+00:00,SHORT,1483.4,1475.43,0.2452,4.0,1.954244,0.145492,0.14471,1.664042,TP_HIT,12,False,99.737038
Trend pullback — core,Trend pullback,Development (2019-09 to 2022-12),2019-10-01T12:25:00+00:00,2019-10-01T14:05:00+00:00,SHORT,1465.69,1476.46,0.2493,4.0,-2.684961,0.146159,0.147233,-2.978352,SL_HIT,20,False,96.758685
Trend pullback — core,Trend pullback,Development (2019-09 to 2022-12),2019-10-03T10:25:00+00:00,2019-10-03T14:05:00+00:00,LONG,1501.42,1509.39,0.2419,4.0,1.927943,0.145277,0.146049,1.636617,TP_HIT,44,False,98.395302
Trend pullback — core,Trend pullback,Development (2019-09 to 2022-12),2019-10-07T15:05:00+00:00,2019-10-07T17:35:00+00:00,SHORT,1500.31,1492.34,0.246,4.0,1.96062,0.147631,0.146846,1.666143,TP_HIT,30,False,100.061446
Trend pullback — core,Trend pullback,Development (2019-09 to 2022-12),2019-10-14T13:40:00+00:00,2019-10-14T14:10:00+00:00,LONG,1493.54,1489.07,0.2502,4.0,-1.118394,0.149473,0.149026,-1.416894,SL_HIT,6,False,98.644552
Trend pullback — core,Trend pullback,Development (2019-09 to 2022-12),2019-10-15T08:35:00+00:00,2019-10-15T09:00:00+00:00,SHORT,1491.56,1495.6,0.2466,4.0,-0.996264,0.147127,0.147526,-1.290917,SL_HIT,5,False,97.353635
Trend pullback — core,Trend pullback,Development (2019-09 to 2022-12),2019-10-22T13:00:00+00:00,2019-10-22T15:50:00+00:00,LONG,1487.08,1482.8,0.2434,4.0,-1.041752,0.144782,0.144365,-1.3309,SL_HIT,34,False,96.022735
Trend pullback — core,Trend pullback,Development (2019-09 to 2022-12),2019-10-31T13:35:00+00:00,2019-10-31T17:35:00+00:00,LONG,1507.54,1512.15,0.2401,4.0,1.106861,0.144784,0.145227,0.81685,TIME_EXIT,48,False,96.839585
Trend pullback — core,Trend pullback,Development (2019-09 to 2022-12),2019-11-01T15:40:00+00:00,2019-11-01T17:25:00+00:00,LONG,1511.14,1507.0,0.2421,4.0,-1.002294,0.146339,0.145938,-1.294571,SL_HIT,21,False,95.545014
Trend pullback — core,Trend pullback,Development (2019-09 to 2022-12),2019-11-04T15:25:00+00:00,2019-11-04T19:25:00+00:00,SHORT,1510.2,1506.86,0.2389,4.0,0.797926,0.144315,0.143996,0.509616,TIME_EXIT,48,False,96.05463
Trend pullback — core,Trend pullback,Development (2019-09 to 2022-12),2019-11-07T13:35:00+00:00,2019-11-07T14:30:00+00:00,SHORT,1482.8,1488.14,0.2401,4.0,-1.282134,0.142408,0.142921,-1.567463,SL_HIT,11,False,94.487167
Trend pullback — core,Trend pullback,Development (2019-09 to 2022-12),2019-11-11T14:50:00+00:00,2019-11-11T15:20:00+00:00,SHORT,1460.7,1452.73,0.2362,4.0,1.882514,0.138007,0.137254,1.607253,TP_HIT,6,False,96.09442
Trend pullback — core,Trend pullback,Development (2019-09 to 2022-12),2019-11-12T12:30:00+00:00,2019-11-12T16:30:00+00:00,SHORT,1452.87,1452.11,0.2402,4.0,0.182552,0.139592,0.139519,-0.096558,TIME_EXIT,48,False,95.997862
Trend pullback — core,Trend pullback,Development (2019-09 to 2022-12),2019-11-15T14:25:00+00:00,2019-11-15T18:25:00+00:00,SHORT,1465.54,1467.98,0.24,4.0,-0.5856,0.140692,0.140926,-0.867218,TIME_EXIT,48,False,95.130644
Trend pullback — core,Trend pullback,Development (2019-09 to 2022-12),2019-11-19T14:05:00+00:00,2019-11-19T14:55:00+00:00,SHORT,1466.5,1470.64,0.2378,4.0,-0.984492,0.139493,0.139887,-1.263873,SL_HIT,10,False,93.866771
Trend pullback — core,Trend pullback,Development (2019-09 to 2022-12),2019-11-20T07:45:00+00:00,2019-11-20T11:45:00+00:00,LONG,1476.86,1475.4,0.2347,4.0,-0.342662,0.138648,0.138511,-0.61982,TIME_EXIT,48,False,93.246951
Trend pullback — core,Trend pullback,Development (2019-09 to 2022-12),2019-11-20T18:55:00+00:00,2019-11-20T21:00:00+00:00,SHORT,1469.88,1473.09,0.2331,4.0,-0.748251,0.137052,0.137351,-1.022654,DAY_EXIT,25,False,92.224297
Trend pullback — core,Trend pullback,Development (2019-09 to 2022-12),2019-11-27T15:55:00+00:00,2019-11-27T19:55:00+00:00,SHORT,1454.83,1454.94,0.2306,4.0,-0.025366,0.134194,0.134204,-0.293763,TIME_EXIT,48,False,91.930534
Trend pullback — core,Trend pullback,Development (2019-09 to 2022-12),2019-12-05T08:25:00+00:00,2019-12-05T12:25:00+00:00,LONG,1476.23,1474.99,0.2298,4.0,-0.284952,0.135695,0.135581,-0.556228,TIME_EXIT,48,False,91.374306
Trend pullback — core,Trend pullback,Development (2019-09 to 2022-12),2019-12-18T14:55:00+00:00,2019-12-18T15:35:00+00:00,SHORT,1473.78,1478.65,0.2284,4.0,-1.112308,0.134645,0.135089,-1.382042,SL_HIT,8,False,89.992264
Trend pullback — core,Trend pullback,Development (2019-09 to 2022-12),2019-12-18T16:35:00+00:00,2019-12-18T20:35:00+00:00,SHORT,1474.66,1476.16,0.225,4.0,-0.3375,0.132719,0.132854,-0.603074,TIME_EXIT,48,False,89.38919
Trend pullback — core,Trend pullback,Development (2019-09 to 2022-12),2019-12-31T14:05:00+00:00,2019-12-31T14:40:00+00:00,LONG,1522.2,1516.27,0.2235,4.0,-1.325355,0.136085,0.135555,-1.596994,SL_HIT,7,False,87.792196
Trend pullback — core,Trend pullback,Development (2019-09 to 2022-12),2020-01-07T09:10:00+00:00,2020-01-07T13:10:00+00:00,LONG,1566.92,1566.94,0.2195,4.0,0.00439,0.137576,0.137577,-0.270763,TIME_EXIT,48,False,87.521433
Trend pullback — core,Trend pullback,Development (2019-09 to 2022-12),2020-01-09T14:35:00+00:00,2020-01-09T18:20:00+00:00,SHORT,1549.86,1554.22,0.2188,4.0,-0.953968,0.135644,0.136025,-1.225637,SL_HIT,45,False,86.295796
Trend pullback — core,Trend pullback,Development (2019-09 to 2022-12),2020-01-13T15:50:00+00:00,2020-01-13T19:50:00+00:00,SHORT,1551.41,1550.03,0.2157,4.0,0.297666,0.133856,0.133737,0.030074,TIME_EXIT,48,False,86.32587
Trend pullback — core,Trend pullback,Development (2019-09 to 2022-12),2020-02-07T08:50:00+00:00,2020-02-07T12:50:00+00:00,LONG,1566.49,1566.0,0.2158,4.0,-0.105742,0.135219,0.135177,-0.376139,TIME_EXIT,48,False,85.949731
Trend pullback — core,Trend pullback,Development (2019-09 to 2022-12),2020-02-25T12:50:00+00:00,2020-02-25T13:05:00+00:00,SHORT,1647.01,1651.24,0.2149,4.0,-0.909027,0.141577,0.141941,-1.192545,SL_HIT,3,False,84.757187
Trend pullback — core,Trend pullback,Development (2019-09 to 2022-12),2020-02-25T16:25:00+00:00,2020-02-25T19:10:00+00:00,SHORT,1651.01,1642.700684,0.2033,4.169658,1.689284,0.13426,0.133584,1.421439,TP_HIT,33,False,86.178626
Trend pullback — core,Trend pullback,Development (2019-09 to 2022-12),2020-02-27T16:40:00+00:00,2020-02-27T17:00:00+00:00,LONG,1653.91,1648.47,0.1824,4.724402,-0.992256,0.120669,0.120272,-1.233198,SL_HIT,4,False,84.945428
Trend pullback — core,Trend pullback,Development (2019-09 to 2022-12),2020-02-28T08:45:00+00:00,2020-02-28T08:55:00+00:00,SHORT,1631.03,1638.29,0.1708,4.972818,-1.240008,0.111432,0.111928,-1.463368,SL_HIT,2,False,83.48206
Trend pullback — core,Trend pullback,Development (2019-09 to 2022-12),2020-03-03T07:30:00+00:00,2020-03-03T10:35:00+00:00,SHORT,1595.18,1599.54,0.2087,4.0,-0.909932,0.133166,0.13353,-1.176627,SL_HIT,37,False,82.305433
Trend pullback — core,Trend pullback,Development (2019-09 to 2022-12),2020-03-03T13:40:00+00:00,2020-03-03T15:05:00+00:00,LONG,1603.01,1610.98,0.2058,4.0,1.640226,0.13196,0.132616,1.37565,TP_HIT,17,False,83.681084
Trend pullback — core,Trend pullback,Development (2019-09 to 2022-12),2020-03-04T14:45:00+00:00,2020-03-04T15:20:00+00:00,LONG,1643.65,1639.02,0.2092,4.0,-0.968596,0.137541,0.137153,-1.24329,SL_HIT,7,False,82.437794
Trend pullback — core,Trend pullback,Development (2019-09 to 2022-12),2020-03-06T14:15:00+00:00,2020-03-06T14:35:00+00:00,LONG,1686.63,1680.31,0.1333,6.183105,-0.842456,0.089931,0.089594,-1.021981,SL_HIT,4,False,81.415813
Trend pullback — core,Trend pullback,Development (2019-09 to 2022-12),2020-03-09T09:00:00+00:00,2020-03-09T09:10:00+00:00,SHORT,1675.14,1663.776123,0.1429,5.696939,1.623898,0.095751,0.095101,1.433046,TP_HIT,2,False,82.848858
Trend pullback — core,Trend pullback,Development (2019-09 to 2022-12),2020-03-09T15:00:00+00:00,2020-03-09T19:00:00+00:00,SHORT,1672.96,1677.1,0.1259,6.581458,-0.521226,0.08425,0.084459,-0.689935,TIME_EXIT,48,False,82.158923
Trend pullback — core,Trend pullback,Development (2019-09 to 2022-12),2020-03-10T07:40:00+00:00,2020-03-10T07:55:00+00:00,SHORT,1659.51,1664.24,0.2054,4.0,-0.971542,0.136345,0.136734,-1.244621,SL_HIT,3,False,80.914302
Trend pullback — core,Trend pullback,Development (2019-09 to 2022-12),2020-03-12T09:30:00+00:00,2020-03-12T11:30:00+00:00,SHORT,1638.15,1642.2,0.2023,4.0,-0.819315,0.132559,0.132887,-1.084761,SL_HIT,24,False,79.829541
Trend pullback — core,Trend pullback,Development (2019-09 to 2022-12),2020-03-16T09:05:00+00:00,2020-03-16T09:35:00+00:00,SHORT,1535.34,1524.052085,0.1411,5.658958,1.592725,0.086655,0.086017,1.420053,TP_HIT,6,False,81.249594
Trend pullback — core,Trend pullback,Development (2019-09 to 2022-12),2020-03-16T17:20:00+00:00,2020-03-16T18:55:00+00:00,SHORT,1495.81,1507.27,0.0758,10.720363,-0.868668,0.045353,0.0457,-0.959721,SL_HIT,19,False,80.289872
Trend pullback — core,Trend pullback,Development (2019-09 to 2022-12),2020-03-18T11:00:00+00:00,2020-03-18T11:25:00+00:00,SHORT,1495.22,1504.35,0.0919,8.740733,-0.839047,0.054964,0.0553,-0.949311,SL_HIT,5,False,79.340561
Trend pullback — core,Trend pullback,Development (2019-09 to 2022-12),2020-03-27T15:05:00+00:00,2020-03-27T15:20:00+00:00,SHORT,1619.45,1626.2,0.1432,5.539439,-0.9666,0.092762,0.093149,-1.152511,SL_HIT,3,False,78.18805
Trend pullback — core,Trend pullback,Development (2019-09 to 2022-12),2020-03-27T19:00:00+00:00,2020-03-27T19:35:00+00:00,LONG,1625.82,1621.77,0.1955,4.0,-0.791775,0.127139,0.126822,-1.045737,SL_HIT,7,False,77.142314
Trend pullback — core,Trend pullback,Development (2019-09 to 2022-12),2020-03-31T16:05:00+00:00,2020-03-31T17:05:00+00:00,SHORT,1603.69,1595.72,0.1929,4.0,1.537413,0.123741,0.123126,1.290547,TP_HIT,12,False,78.43286
Trend pullback — core,Trend pullback,Development (2019-09 to 2022-12),2020-04-03T07:30:00+00:00,2020-04-03T08:40:00+00:00,LONG,1613.47,1609.06,0.1961,4.0,-0.864801,0.126561,0.126215,-1.117576,SL_HIT,14,False,77.315284
Trend pullback — core,Trend pullback,Development (2019-09 to 2022-12),2020-04-06T13:45:00+00:00,2020-04-06T14:00:00+00:00,LONG,1640.71,1648.68,0.1933,4.0,1.540601,0.12686,0.127476,1.286265,TP_HIT,3,False,78.601549
Trend pullback — core,Trend pullback,Development (2019-09 to 2022-12),2020-04-07T14:40:00+00:00,2020-04-07T15:30:00+00:00,SHORT,1651.33,1657.35,0.133,5.909958,-0.80066,0.087851,0.088171,-0.976682,SL_HIT,10,False,77.624868
Trend pullback — core,Trend pullback,Development (2019-09 to 2022-12),2020-04-08T07:00:00+00:00,2020-04-08T07:10:00+00:00,SHORT,1646.4,1652.35,0.1941,4.0,-1.154895,0.127826,0.128288,-1.41101,SL_HIT,2,False,76.213858
Trend pullback — core,Trend pullback,Development (2019-09 to 2022-12),2020-04-08T12:05:00+00:00,2020-04-08T12:40:00+00:00,SHORT,1646.13,1651.06,0.1905,4.0,-0.939165,0.125435,0.125811,-1.190411,SL_HIT,7,False,75.023447
Trend pullback — core,Trend pullback,Development (2019-09 to 2022-12),2020-04-15T17:25:00+00:00,2020-04-15T17:35:00+00:00,SHORT,1714.09,1719.27,0.1739,4.312963,-0.900802,0.119232,0.119592,-1.139627,SL_HIT,2,False,73.88382
Trend pullback — core,Trend pullback,Development (2019-09 to 2022-12),2020-04-16T14:05:00+00:00,2020-04-16T15:10:00+00:00,LONG,1727.91,1722.29,0.1383,5.343406,-0.777246,0.095588,0.095277,-0.968111,SL_HIT,13,False,72.915709
Trend pullback — core,Trend pullback,Development (2019-09 to 2022-12),2020-04-17T14:05:00+00:00,2020-04-17T17:05:00+00:00,SHORT,1694.31,1683.791665,0.1383,5.274168,1.454686,0.093729,0.093147,1.267809,TP_HIT,36,False,74.183518
Trend pullback — core,Trend pullback,Development (2019-09 to 2022-12),2020-04-20T10:05:00+00:00,2020-04-20T10:40:00+00:00,SHORT,1678.05,1682.61,0.1855,4.0,-0.84588,0.124511,0.12485,-1.095241,SL_HIT,7,False,73.088277
Trend pullback — core,Trend pullback,Development (2019-09 to 2022-12),2020-04-23T13:35:00+00:00,2020-04-23T16:05:00+00:00,LONG,1731.76,1726.7,0.1476,4.951161,-0.746856,0.102243,0.101944,-0.951043,SL_HIT,30,False,72.137234
Trend pullback — core,Trend pullback,Development (2019-09 to 2022-12),2020-04-27T09:35:00+00:00,2020-04-27T12:45:00+00:00,SHORT,1716.79,1721.11,0.1803,4.0,-0.778896,0.123815,0.124126,-1.026837,SL_HIT,38,False,71.110397
Trend pullback — core,Trend pullback,Development (2019-09 to 2022-12),2020-04-27T16:55:00+00:00,2020-04-27T19:45:00+00:00,SHORT,1711.71,1715.89,0.1778,4.0,-0.743204,0.121737,0.122034,-0.986975,SL_HIT,34,False,70.123422
Trend pullback — core,Trend pullback,Development (2019-09 to 2022-12),2020-04-29T14:20:00+00:00,2020-04-29T18:05:00+00:00,SHORT,1701.79,1708.93,0.1619,4.33233,-1.155966,0.110208,0.11067,-1.376844,SL_HIT,45,False,68.746577
Trend pullback — core,Trend pullback,Development (2019-09 to 2022-12),2020-05-04T11:25:00+00:00,2020-05-04T12:30:00+00:00,LONG,1707.16,1699.92,0.1719,4.0,-1.244556,0.117384,0.116886,-1.478827,SL_HIT,13,False,67.267751
Trend pullback — core,Trend pullback,Development (2019-09 to 2022-12),2020-05-11T07:10:00+00:00,2020-05-11T07:25:00+00:00,SHORT,1704.98,1709.44,0.1682,4.0,-0.750172,0.114711,0.115011,-0.979894,SL_HIT,3,False,66.287856
Trend pullback — core,Trend pullback,Development (2019-09 to 2022-12),2020-05-11T14:10:00+00:00,2020-05-11T15:05:00+00:00,SHORT,1701.25,1693.28,0.1657,4.0,1.320629,0.112759,0.112231,1.09564,TP_HIT,11,False,67.383496
Trend pullback — core,Trend pullback,Development (2019-09 to 2022-12),2020-05-25T10:50:00+00:00,2020-05-25T14:50:00+00:00,SHORT,1727.61,1730.02,0.1685,4.0,-0.406085,0.116441,0.116603,-0.639129,TIME_EXIT,48,False,66.744367
Trend pullback — core,Trend pullback,Development (2019-09 to 2022-12),2020-05-26T12:50:00+00:00,2020-05-26T13:30:00+00:00,SHORT,1723.63,1728.67,0.1669,4.0,-0.841176,0.11507,0.115406,-1.071652,SL_HIT,8,False,65.672715
Trend pullback — core,Trend pullback,Development (2019-09 to 2022-12),2020-05-28T12:15:00+00:00,2020-05-28T14:05:00+00:00,LONG,1723.3,1719.26,0.1642,4.0,-0.663368,0.113186,0.112921,-0.889475,SL_HIT,22,False,64.78324
Trend pullback — core,Trend pullback,Development (2019-09 to 2022-12),2020-05-29T13:30:00+00:00,2020-05-29T17:30:00+00:00,LONG,1729.41,1735.23,0.162,4.0,0.94284,0.112066,0.112443,0.718331,TIME_EXIT,48,False,65.501571
Trend pullback — core,Trend pullback,Development (2019-09 to 2022-12),2020-06-01T08:10:00+00:00,2020-06-01T08:35:00+00:00,LONG,1742.28,1737.59,0.1638,4.0,-0.768222,0.114154,0.113847,-0.996223,SL_HIT,5,False,64.505348
Trend pullback — core,Trend pullback,Development (2019-09 to 2022-12),2020-06-01T12:55:00+00:00,2020-06-01T14:55:00+00:00,SHORT,1733.43,1738.74,0.1613,4.0,-0.856503,0.111841,0.112184,-1.080527,SL_HIT,24,False,63.424821
Trend pullback — core,Trend pullback,Development (2019-09 to 2022-12),2020-06-04T12:35:00+00:00,2020-06-04T13:55:00+00:00,LONG,1712.38,1706.17,0.1586,4.0,-0.984906,0.108633,0.108239,-1.201779,SL_HIT,16,False,62.223042
Trend pullback — core,Trend pullback,Development (2019-09 to 2022-12),2020-06-18T13:20:00+00:00,2020-06-18T17:20:00+00:00,SHORT,1723.07,1724.17,0.1556,4.0,-0.17116,0.107244,0.107312,-0.385716,TIME_EXIT,48,False,61.837326
Trend pullback — core,Trend pullback,Development (2019-09 to 2022-12),2020-06-25T08:25:00+00:00,2020-06-25T12:25:00+00:00,SHORT,1764.09,1756.12,0.1546,4.0,1.232162,0.109091,0.108598,1.014472,TP_HIT,48,False,62.851798
Trend pullback — core,Trend pullback,Development (2019-09 to 2022-12),2020-07-01T17:45:00+00:00,2020-07-01T19:30:00+00:00,SHORT,1768.37,1772.5,0.1571,4.0,-0.648823,0.111124,0.111384,-0.871331,SL_HIT,21,False,61.980467
Trend pullback — core,Trend pullback,Development (2019-09 to 2022-12),2020-07-02T07:30:00+00:00,2020-07-02T08:20:00+00:00,SHORT,1767.4,1771.45,0.155,4.0,-0.62775,0.109579,0.10983,-0.847159,SL_HIT,10,False,61.133308
Trend pullback — core,Trend pullback,Development (2019-09 to 2022-12),2020-07-06T08:25:00+00:00,2020-07-06T12:25:00+00:00,LONG,1776.64,1782.34,0.1528,4.0,0.87096,0.108588,0.108937,0.653435,TIME_EXIT,48,False,61.786743
Trend pullback — core,Trend pullback,Development (2019-09 to 2022-12),2020-07-07T12:35:00+00:00,2020-07-07T13:25:00+00:00,SHORT,1777.4,1781.71,0.1545,4.0,-0.665895,0.109843,0.11011,-0.885848,SL_HIT,10,False,60.900895
Trend pullback — core,Trend pullback,Development (2019-09 to 2022-12),2020-07-09T07:50:00+00:00,2020-07-09T10:50:00+00:00,LONG,1812.55,1808.38,0.1523,4.0,-0.635091,0.110421,0.110167,-0.855678,SL_HIT,36,False,60.045217
Trend pullback — core,Trend pullback,Development (2019-09 to 2022-12),2020-07-13T08:25:00+00:00,2020-07-13T12:25:00+00:00,LONG,1807.34,1808.86,0.1501,4.0,0.228152,0.108513,0.108604,0.011035,TIME_EXIT,48,False,60.056252
Trend pullback — core,Trend pullback,Development (2019-09 to 2022-12),2020-07-14T07:40:00+00:00,2020-07-14T08:00:00+00:00,SHORT,1796.59,1800.85,0.1501,4.0,-0.639426,0.107867,0.108123,-0.855416,SL_HIT,4,False,59.200836
Trend pullback — core,Trend pullback,Development (2019-09 to 2022-12),2020-07-22T12:25:00+00:00,2020-07-22T12:45:00+00:00,LONG,1858.86,1853.09,0.148,4.0,-0.85396,0.110045,0.109703,-1.073707,SL_HIT,4,False,58.127129
Trend pullback — core,Trend pullback,Development (2019-09 to 2022-12),2020-07-22T13:55:00+00:00,2020-07-22T14:05:00+00:00,LONG,1856.42,1852.27,0.1453,4.0,-0.602995,0.107895,0.107654,-0.818544,SL_HIT,2,False,57.308584
Trend pullback — core,Trend pullback,Development (2019-09 to 2022-12),2020-07-24T11:10:00+00:00,2020-07-24T13:05:00+00:00,LONG,1893.57,1901.54,0.1433,4.0,1.142101,0.108539,0.108996,0.924565,TP_HIT,23,False,58.23315
Trend pullback — core,Trend pullback,Development (2019-09 to 2022-12),2020-07-31T07:35:00+00:00,2020-07-31T11:35:00+00:00,LONG,1973.17,1972.51,0.1241,4.692664,-0.081906,0.097948,0.097915,-0.27777,TIME_EXIT,48,False,57.95538
Trend pullback — core,Trend pullback,Development (2019-09 to 2022-12),2020-07-31T16:45:00+00:00,2020-07-31T17:25:00+00:00,LONG,1973.08,1968.13,0.1405,4.125861,-0.695475,0.110887,0.110609,-0.916971,SL_HIT,8,False,57.038409
Trend pullback — core,Trend pullback,Development (2019-09 to 2022-12),2020-08-03T07:20:00+00:00,2020-08-03T07:30:00+00:00,LONG,1974.64,1970.57,0.1426,4.0,-0.580382,0.112633,0.112401,-0.805417,SL_HIT,2,False,56.232992
Trend pullback — core,Trend pullback,Development (2019-09 to 2022-12),2020-08-03T11:20:00+00:00,2020-08-03T14:05:00+00:00,SHORT,1969.09,1961.12,0.1406,4.0,1.120582,0.110742,0.110293,0.899547,TP_HIT,33,False,57.132539
Trend pullback — core,Trend pullback,Development (2019-09 to 2022-12),2020-08-04T12:45:00+00:00,2020-08-04T14:10:00+00:00,SHORT,1973.85,1980.4,0.1428,4.0,-0.93534,0.112746,0.11312,-1.161207,SL_HIT,17,False,55.971333
Trend pullback — core,Trend pullback,Development (2019-09 to 2022-12),2020-08-05T13:25:00+00:00,2020-08-05T13:35:00+00:00,LONG,2040.26,2035.54,0.1361,4.111157,-0.642392,0.111072,0.110815,-0.864279,SL_HIT,2,False,55.107054
Trend pullback — core,Trend pullback,Development (2019-09 to 2022-12),2020-08-07T13:15:00+00:00,2020-08-07T14:05:00+00:00,SHORT,2052.73,2041.298986,0.0962,5.730507,1.099664,0.078989,0.078549,0.942125,TP_HIT,10,False,56.049179
Trend pullback — core,Trend pullback,Development (2019-09 to 2022-12),2020-08-10T07:00:00+00:00,2020-08-10T07:30:00+00:00,SHORT,2029.85,2034.32,0.1401,4.0,-0.626247,0.113753,0.114003,-0.854003,SL_HIT,6,False,55.195176
Trend pullback — core,Trend pullback,Development (2019-09 to 2022-12),2020-08-10T11:45:00+00:00,2020-08-10T12:05:00+00:00,SHORT,2029.2,2033.7,0.138,4.0,-0.621,0.112012,0.11226,-0.845272,SL_HIT,4,False,54.349904
Trend pullback — core,Trend pullback,Development (2019-09 to 2022-12),2020-08-13T13:05:00+00:00,2020-08-13T13:20:00+00:00,SHORT,1929.02,1935.15,0.1093,4.973298,-0.670009,0.084337,0.084605,-0.838951,SL_HIT,3,False,53.510954
Trend pullback — core,Trend pullback,Development (2019-09 to 2022-12),2020-08-14T17:50:00+00:00,2020-08-14T18:05:00+00:00,SHORT,1940.42,1945.07,0.1234,4.336211,-0.57381,0.095779,0.096009,-0.765598,SL_HIT,3,False,52.745356
Trend pullback — core,Trend pullback,Development (2019-09 to 2022-12),2020-08-19T18:10:00+00:00,2020-08-19T18:25:00+00:00,SHORT,1951.79,1938.291936,0.078,6.764032,1.052849,0.060896,0.060475,0.931478,TP_HIT,3,False,53.676834
Trend pullback — core,Trend pullback,Development (2019-09 to 2022-12),2020-08-20T07:45:00+00:00,2020-08-20T07:55:00+00:00,SHORT,1942.75,1933.356163,0.1139,4.711919,1.069958,0.088512,0.088084,0.893363,TP_HIT,2,False,54.570197
Trend pullback — core,Trend pullback,Development (2019-09 to 2022-12),2020-08-20T13:00:00+00:00,2020-08-20T14:25:00+00:00,SHORT,1933.83,1940.13,0.0916,5.955136,-0.57708,0.070856,0.071086,-0.719022,SL_HIT,17,False,53.851175
Trend pullback — core,Trend pullback,Development (2019-09 to 2022-12),2020-08-21T13:40:00+00:00,2020-08-21T14:50:00+00:00,SHORT,1930.81,1939.2,0.0815,6.604039,-0.683785,0.062944,0.063218,-0.809947,SL_HIT,14,False,53.041228
Trend pullback — core,Trend pullback,Development (2019-09 to 2022-12),2020-08-25T07:30:00+00:00,2020-08-25T09:45:00+00:00,SHORT,1932.56,1924.59,0.1326,4.0,1.056822,0.102503,0.10208,0.852239,TP_HIT,27,False,53.893467
Trend pullback — core,Trend pullback,Development (2019-09 to 2022-12),2020-08-26T09:25:00+00:00,2020-08-26T12:20:00+00:00,SHORT,1918.13,1910.16,0.1347,4.0,1.073559,0.103349,0.102919,0.867291,TP_HIT,35,False,54.760757
Trend pullback — core,Trend pullback,Development (2019-09 to 2022-12),2020-08-31T10:15:00+00:00,2020-08-31T10:35:00+00:00,SHORT,1962.35,1966.69,0.1369,4.0,-0.594146,0.107458,0.107696,-0.8093,SL_HIT,4,False,53.951457
Trend pullback — core,Trend pullback,Development (2019-09 to 2022-12),2020-09-02T13:05:00+00:00,2020-09-02T13:35:00+00:00,SHORT,1962.02,1952.155708,0.1091,4.947146,1.076194,0.085623,0.085192,0.90538,TP_HIT,6,False,54.856837
Trend pullback — core,Trend pullback,Development (2019-09 to 2022-12),2020-09-03T08:05:00+00:00,2020-09-03T08:25:00+00:00,SHORT,1933.78,1937.81,0.1371,4.0,-0.552513,0.106048,0.10627,-0.764831,SL_HIT,4,False,54.092006
Trend pullback — core,Trend pullback,Development (2019-09 to 2022-12),2020-09-03T17:40:00+00:00,2020-09-03T18:30:00+00:00,SHORT,1928.36,1934.26,0.1287,4.203959,-0.75933,0.099272,0.099576,-0.958178,SL_HIT,10,False,53.133828
Trend pullback — core,Trend pullback,Development (2019-09 to 2022-12),2020-09-04T07:05:00+00:00,2020-09-04T11:05:00+00:00,LONG,1936.5,1938.16,0.1328,4.0,0.220448,0.102867,0.102955,0.014626,TIME_EXIT,48,False,53.148454
Trend pullback — core,Trend pullback,Development (2019-09 to 2022-12),2020-09-07T08:45:00+00:00,2020-09-07T12:45:00+00:00,SHORT,1930.75,1930.49,0.1329,4.0,0.034554,0.102639,0.102625,-0.17071,TIME_EXIT,48,False,52.977745
Trend pullback — core,Trend pullback,Development (2019-09 to 2022-12),2020-09-09T08:50:00+00:00,2020-09-09T09:45:00+00:00,LONG,1931.29,1927.05,0.1324,4.0,-0.561376,0.102281,0.102057,-0.765714,SL_HIT,11,False,52.212031
Trend pullback — core,Trend pullback,Development (2019-09 to 2022-12),2020-09-10T08:30:00+00:00,2020-09-10T12:30:00+00:00,LONG,1946.57,1953.18,0.1305,4.0,0.862605,0.101611,0.101956,0.659038,TIME_EXIT,48,False,52.871069
Trend pullback — core,Trend pullback,Development (2019-09 to 2022-12),2020-09-10T17:35:00+00:00,2020-09-10T18:15:00+00:00,LONG,1957.35,1953.27,0.1322,4.0,-0.539376,0.103505,0.103289,-0.74617,SL_HIT,8,False,52.124899
Trend pullback — core,Trend pullback,Development (2019-09 to 2022-12),2020-09-15T17:45:00+00:00,2020-09-15T22:10:00+00:00,SHORT,1955.6,1954.92,0.1303,4.0,0.088604,0.101926,0.10189,-0.115212,DAY_EXIT,39,False,52.009687
Trend pullback — core,Trend pullback,Development (2019-09 to 2022-12),2020-09-16T18:20:00+00:00,2020-09-16T18:35:00+00:00,LONG,1965.66,1960.02,0.1161,4.479743,-0.654804,0.091285,0.091023,-0.837113,SL_HIT,3,False,51.172575
Trend pullback — core,Trend pullback,Development (2019-09 to 2022-12),2020-09-22T14:35:00+00:00,2020-09-22T15:10:00+00:00,SHORT,1909.26,1898.897328,0.0985,5.196336,1.020723,0.075225,0.074817,0.870682,TP_HIT,7,False,52.043256
Trend pullback — core,Trend pullback,Development (2019-09 to 2022-12),2020-09-23T13:45:00+00:00,2020-09-23T14:05:00+00:00,SHORT,1882.84,1874.068837,0.1183,4.400582,1.037629,0.089096,0.088681,0.859852,TP_HIT,4,False,52.903108
Trend pullback — core,Trend pullback,Development (2019-09 to 2022-12),2020-09-24T19:55:00+00:00,2020-09-24T22:10:00+00:00,LONG,1869.03,1869.9,0.1323,4.0,0.115101,0.098909,0.098955,-0.082763,DAY_EXIT,13,False,52.820345
Trend pullback — core,Trend pullback,Development (2019-09 to 2022-12),2020-09-28T15:05:00+00:00,2020-09-28T17:35:00+00:00,LONG,1869.71,1878.271878,0.123,4.295939,1.053111,0.09199,0.092411,0.86871,TP_HIT,30,False,53.689055
Trend pullback — core,Trend pullback,Development (2019-09 to 2022-12),2020-09-29T07:25:00+00:00,2020-09-29T11:25:00+00:00,LONG,1881.78,1889.75,0.1342,4.0,1.069574,0.101014,0.101442,0.867118,TP_HIT,48,False,54.556173
Trend pullback — core,Trend pullback,Development (2019-09 to 2022-12),2020-09-30T08:10:00+00:00,2020-09-30T12:10:00+00:00,SHORT,1886.78,1883.53,0.1364,4.0,0.4433,0.102943,0.102765,0.237592,TIME_EXIT,48,False,54.793765
Trend pullback — core,Trend pullback,Development (2019-09 to 2022-12),2020-09-30T14:30:00+00:00,2020-09-30T15:00:00+00:00,SHORT,1887.52,1892.4,0.1246,4.398905,-0.608048,0.094074,0.094317,-0.796439,SL_HIT,6,False,53.997326
Trend pullback — core,Trend pullback,Development (2019-09 to 2022-12),2020-10-06T12:25:00+00:00,2020-10-06T13:55:00+00:00,LONG,1917.24,1912.32,0.135,4.0,-0.6642,0.103531,0.103265,-0.870996,SL_HIT,18,False,53.12633
Trend pullback — core,Trend pullback,Development (2019-09 to 2022-12),2020-10-06T18:50:00+00:00,2020-10-06T19:00:00+00:00,SHORT,1902.65,1894.68,0.1328,4.0,1.058416,0.101069,0.100645,0.856702,TP_HIT,2,False,53.983032
Trend pullback — core,Trend pullback,Development (2019-09 to 2022-12),2020-10-07T12:30:00+00:00,2020-10-07T12:45:00+00:00,SHORT,1886.55,1891.97,0.135,4.0,-0.7317,0.101874,0.102166,-0.93574,SL_HIT,3,False,53.047292
Trend pullback — core,Trend pullback,Development (2019-09 to 2022-12),2020-10-09T07:05:00+00:00,2020-10-09T10:55:00+00:00,LONG,1909.11,1917.08,0.1326,4.0,1.056822,0.101259,0.101682,0.853881,TP_HIT,46,False,53.901172
Trend pullback — core,Trend pullback,Development (2019-09 to 2022-12),2020-10-09T12:10:00+00:00,2020-10-09T14:00:00+00:00,LONG,1915.55,1923.52,0.1348,4.0,1.074356,0.103286,0.103716,0.867353,TP_HIT,22,False,54.768526
Trend pullback — core,Trend pullback,Development (2019-09 to 2022-12),2020-10-12T15:05:00+00:00,2020-10-12T19:05:00+00:00,SHORT,1922.89,1923.62,0.1369,4.0,-0.099937,0.105297,0.105337,-0.310572,TIME_EXIT,48,False,54.457954
Trend pullback — core,Trend pullback,Development (2019-09 to 2022-12),2020-10-12T19:45:00+00:00,2020-10-12T22:10:00+00:00,SHORT,1922.92,1924.18,0.1361,4.0,-0.171486,0.104684,0.104752,-0.380922,DAY_EXIT,15,False,54.077032
Trend pullback — core,Trend pullback,Development (2019-09 to 2022-12),2020-10-13T07:05:00+00:00,2020-10-13T07:30:00+00:00,SHORT,1914.77,1919.12,0.1352,4.0,-0.58812,0.103551,0.103786,-0.795457,SL_HIT,5,False,53.281575
Trend pullback — core,Trend pullback,Development (2019-09 to 2022-12),2020-10-15T10:10:00+00:00,2020-10-15T13:45:00+00:00,SHORT,1894.66,1900.3,0.1332,4.0,-0.751248,0.100947,0.101248,-0.953443,SL_HIT,43,False,52.328132
Trend pullback — core,Trend pullback,Development (2019-09 to 2022-12),2020-10-23T19:00:00+00:00,2020-10-25T22:10:00+00:00,SHORT,1901.9,1900.33,0.1308,4.0,0.205356,0.099507,0.099425,0.006423,DAY_EXIT,24,False,52.334555
Trend pullback — core,Trend pullback,Development (2019-09 to 2022-12),2020-10-26T08:20:00+00:00,2020-10-26T09:55:00+00:00,SHORT,1898.22,1902.84,0.1308,4.0,-0.604296,0.099315,0.099557,-0.803167,SL_HIT,19,False,51.531387
Trend pullback — core,Trend pullback,Development (2019-09 to 2022-12),2020-10-27T12:35:00+00:00,2020-10-27T13:00:00+00:00,SHORT,1901.57,1906.07,0.1288,4.0,-0.5796,0.097969,0.098201,-0.77577,SL_HIT,5,False,50.755618
Trend pullback — core,Trend pullback,Development (2019-09 to 2022-12),2020-10-27T19:45:00+00:00,2020-10-27T22:10:00+00:00,LONG,1908.42,1906.71,0.1269,4.0,-0.216999,0.096871,0.096785,-0.410655,DAY_EXIT,15,False,50.344963
Trend pullback — core,Trend pullback,Development (2019-09 to 2022-12),2020-10-30T08:30:00+00:00,2020-10-30T09:25:00+00:00,SHORT,1870.71,1874.77,0.1259,4.0,-0.511154,0.094209,0.094413,-0.699776,SL_HIT,11,False,49.645186
Trend pullback — core,Trend pullback,Development (2019-09 to 2022-12),2020-10-30T15:05:00+00:00,2020-10-30T15:25:00+00:00,LONG,1884.46,1879.48,0.1241,4.0,-0.618018,0.093545,0.093297,-0.80486,SL_HIT,4,False,48.840326
Trend pullback — core,Trend pullback,Development (2019-09 to 2022-12),2020-11-02T12:55:00+00:00,2020-11-02T16:55:00+00:00,LONG,1888.86,1892.47,0.1221,4.0,0.440781,0.092252,0.092428,0.256101,TIME_EXIT,48,False,49.096427
Trend pullback — core,Trend pullback,Development (2019-09 to 2022-12),2020-11-03T08:10:00+00:00,2020-11-03T12:05:00+00:00,LONG,1893.15,1901.12,0.1227,4.0,0.977919,0.092916,0.093307,0.791696,TP_HIT,47,False,49.888124
Trend pullback — core,Trend pullback,Development (2019-09 to 2022-12),2020-11-03T15:05:00+00:00,2020-11-03T15:30:00+00:00,LONG,1907.0,1902.56,0.1247,4.0,-0.553668,0.095121,0.0949,-0.743689,SL_HIT,5,False,49.144435
Trend pullback — core,Trend pullback,Development (2019-09 to 2022-12),2020-11-06T15:55:00+00:00,2020-11-06T19:55:00+00:00,LONG,1950.33,1952.33,0.0959,5.124526,0.1918,0.074815,0.074891,0.042094,TIME_EXIT,48,False,49.186529
Trend pullback — core,Trend pullback,Development (2019-09 to 2022-12),2020-11-09T08:05:00+00:00,2020-11-09T11:30:00+00:00,LONG,1958.82,1954.49,0.123,4.0,-0.53259,0.096374,0.096161,-0.725125,SL_HIT,41,False,48.461404
Trend pullback — core,Trend pullback,Development (2019-09 to 2022-12),2020-11-11T08:55:00+00:00,2020-11-11T10:00:00+00:00,SHORT,1877.26,1881.76,0.1212,4.0,-0.5454,0.09101,0.091228,-0.727637,SL_HIT,13,False,47.733767
Trend pullback — core,Trend pullback,Development (2019-09 to 2022-12),2020-11-11T12:15:00+00:00,2020-11-11T13:45:00+00:00,SHORT,1872.98,1865.01,0.1193,4.0,0.950821,0.089379,0.088998,0.772444,TP_HIT,18,False,48.506211
Trend pullback — core,Trend pullback,Development (2019-09 to 2022-12),2020-11-17T07:20:00+00:00,2020-11-17T08:40:00+00:00,SHORT,1887.56,1892.11,0.1213,4.0,-0.551915,0.091584,0.091805,-0.735305,SL_HIT,16,False,47.770906
Trend pullback — core,Trend pullback,Development (2019-09 to 2022-12),2020-11-23T07:25:00+00:00,2020-11-23T08:40:00+00:00,LONG,1874.86,1869.92,0.1194,4.0,-0.589836,0.089543,0.089307,-0.768687,SL_HIT,15,False,47.002219
Trend pullback — core,Trend pullback,Development (2019-09 to 2022-12),2020-11-23T13:10:00+00:00,2020-11-23T14:50:00+00:00,SHORT,1866.87,1858.9,0.1175,4.0,0.936475,0.087743,0.087368,0.761364,TP_HIT,20,False,47.763583
Trend pullback — core,Trend pullback,Development (2019-09 to 2022-12),2020-11-24T08:00:00+00:00,2020-11-24T10:30:00+00:00,SHORT,1827.35,1819.38,0.1194,4.0,0.951618,0.087274,0.086894,0.77745,TP_HIT,30,False,48.541033
Trend pullback — core,Trend pullback,Development (2019-09 to 2022-12),2020-11-25T11:55:00+00:00,2020-11-25T15:55:00+00:00,LONG,1812.92,1810.9,0.1214,4.0,-0.245228,0.088035,0.087937,-0.421201,TIME_EXIT,48,False,48.119833
Trend pullback — core,Trend pullback,Development (2019-09 to 2022-12),2020-11-27T07:20:00+00:00,2020-11-27T11:20:00+00:00,SHORT,1807.85,1807.87,0.1203,4.0,-0.002406,0.086994,0.086995,-0.176394,TIME_EXIT,48,False,47.943438
Trend pullback — core,Trend pullback,Development (2019-09 to 2022-12),2020-11-27T12:50:00+00:00,2020-11-27T13:15:00+00:00,SHORT,1806.74,1798.77,0.1199,4.0,0.955603,0.086651,0.086269,0.782683,TP_HIT,5,False,48.726121
Trend pullback — core,Trend pullback,Development (2019-09 to 2022-12),2020-11-30T09:50:00+00:00,2020-11-30T10:55:00+00:00,SHORT,1773.56,1765.59,0.1218,4.0,0.970746,0.086408,0.08602,0.798319,TP_HIT,13,False,49.52444
Trend pullback — core,Trend pullback,Development (2019-09 to 2022-12),2020-12-08T08:35:00+00:00,2020-12-08T09:45:00+00:00,LONG,1866.93,1862.22,0.1238,4.0,-0.583098,0.09245,0.092217,-0.767766,SL_HIT,14,False,48.756674
Trend pullback — core,Trend pullback,Development (2019-09 to 2022-12),2020-12-11T10:35:00+00:00,2020-12-11T11:30:00+00:00,SHORT,1833.78,1825.81,0.1219,4.0,0.971543,0.089415,0.089026,0.793101,TP_HIT,11,False,49.549775
Trend pullback — core,Trend pullback,Development (2019-09 to 2022-12),2020-12-11T12:25:00+00:00,2020-12-11T13:00:00+00:00,SHORT,1831.39,1835.58,0.1239,4.0,-0.519141,0.090764,0.090971,-0.700876,SL_HIT,7,False,48.848899
Trend pullback — core,Trend pullback,Development (2019-09 to 2022-12),2020-12-17T11:20:00+00:00,2020-12-17T13:45:00+00:00,LONG,1877.44,1885.41,0.1221,4.0,0.973137,0.091694,0.092083,0.789359,TP_HIT,29,False,49.638259
Trend pullback — core,Trend pullback,Development (2019-09 to 2022-12),2020-12-18T16:00:00+00:00,2020-12-18T16:20:00+00:00,LONG,1886.28,1880.95,0.1241,4.0,-0.661453,0.093635,0.09337,-0.848458,SL_HIT,4,False,48.7898
Trend pullback — core,Trend pullback,Development (2019-09 to 2022-12),2020-12-30T14:35:00+00:00,2020-12-30T18:35:00+00:00,LONG,1882.91,1890.33,0.122,4.0,0.90524,0.091886,0.092248,0.721106,TIME_EXIT,48,False,49.510906
Trend pullback — core,Trend pullback,Development (2019-09 to 2022-12),2020-12-31T15:10:00+00:00,2020-12-31T17:35:00+00:00,LONG,1897.62,1892.42,0.1238,4.0,-0.64376,0.09397,0.093713,-0.831443,SL_HIT,29,False,48.679464
Trend pullback — core,Trend pullback,Development (2019-09 to 2022-12),2021-01-04T15:40:00+00:00,2021-01-04T17:20:00+00:00,LONG,1940.27,1933.01,0.1072,4.538927,-0.778272,0.083199,0.082887,-0.944358,SL_HIT,20,False,47.735105
Trend pullback — core,Trend pullback,Development (2019-09 to 2022-12),2021-01-07T07:45:00+00:00,2021-01-07T10:25:00+00:00,SHORT,1921.12,1913.15,0.1193,4.0,0.950821,0.091676,0.091296,0.76785,TP_HIT,32,False,48.502955
Trend pullback — core,Trend pullback,Development (2019-09 to 2022-12),2021-01-14T12:35:00+00:00,2021-01-14T12:50:00+00:00,SHORT,1839.69,1844.15,0.1213,4.0,-0.540998,0.089262,0.089478,-0.719738,SL_HIT,3,False,47.783217
Trend pullback — core,Trend pullback,Development (2019-09 to 2022-12),2021-01-20T10:45:00+00:00,2021-01-20T11:35:00+00:00,LONG,1855.08,1849.39,0.1195,4.0,-0.679955,0.088673,0.088401,-0.857029,SL_HIT,10,False,46.926188
Trend pullback — core,Trend pullback,Development (2019-09 to 2022-12),2021-01-21T08:50:00+00:00,2021-01-21T10:35:00+00:00,LONG,1872.86,1866.77,0.1173,4.0,-0.714357,0.087875,0.087589,-0.88982,SL_HIT,21,False,46.036368
Trend pullback — core,Trend pullback,Development (2019-09 to 2022-12),2021-01-25T08:15:00+00:00,2021-01-25T09:35:00+00:00,SHORT,1852.01,1856.48,0.1151,4.0,-0.514497,0.085267,0.085472,-0.685236,SL_HIT,16,False,45.351132
Trend pullback — core,Trend pullback,Development (2019-09 to 2022-12),2021-01-26T18:20:00+00:00,2021-01-26T21:00:00+00:00,SHORT,1851.97,1851.54,0.1134,4.0,0.048762,0.084005,0.083986,-0.119229,DAY_EXIT,32,False,45.231903
Trend pullback — core,Trend pullback,Development (2019-09 to 2022-12),2021-01-27T17:20:00+00:00,2021-01-27T19:05:00+00:00,SHORT,1843.8,1849.33,0.1131,4.0,-0.625443,0.083414,0.083664,-0.79252,SL_HIT,21,False,44.439383
Trend pullback — core,Trend pullback,Development (2019-09 to 2022-12),2021-02-04T08:10:00+00:00,2021-02-04T08:15:00+00:00,SHORT,1820.99,1825.1,0.1111,4.0,-0.456621,0.080925,0.081107,-0.618653,SL_HIT,1,False,43.820729
Trend pullback — core,Trend pullback,Development (2019-09 to 2022-12),2021-02-05T13:35:00+00:00,2021-02-05T14:00:00+00:00,LONG,1804.69,1798.16,0.1096,4.0,-0.715688,0.079118,0.078831,-0.873637,SL_HIT,5,False,42.947092
Trend pullback — core,Trend pullback,Development (2019-09 to 2022-12),2021-02-08T19:40:00+00:00,2021-02-08T21:00:00+00:00,LONG,1832.95,1829.75,0.1074,4.0,-0.34368,0.078744,0.078606,-0.50103,DAY_EXIT,16,False,42.446063
Trend pullback — core,Trend pullback,Development (2019-09 to 2022-12),2021-02-10T13:05:00+00:00,2021-02-10T13:35:00+00:00,LONG,1842.96,1850.93,0.1061,4.0,0.845617,0.078215,0.078553,0.688848,TP_HIT,6,False,43.134911
Trend pullback — core,Trend pullback,Development (2019-09 to 2022-12),2021-02-11T11:50:00+00:00,2021-02-11T14:40:00+00:00,LONG,1842.92,1838.55,0.1078,4.0,-0.471086,0.079467,0.079278,-0.629831,SL_HIT,34,False,42.50508
Trend pullback — core,Trend pullback,Development (2019-09 to 2022-12),2021-02-12T11:30:00+00:00,2021-02-12T15:30:00+00:00,SHORT,1817.55,1817.52,0.1063,4.0,0.003189,0.077282,0.077281,-0.151374,TIME_EXIT,48,False,42.353706
Trend pullback — core,Trend pullback,Development (2019-09 to 2022-12),2021-02-22T13:05:00+00:00,2021-02-22T13:35:00+00:00,LONG,1798.34,1793.58,0.1059,4.0,-0.504084,0.076178,0.075976,-0.656238,SL_HIT,6,False,41.697468
Trend pullback — core,Trend pullback,Development (2019-09 to 2022-12),2021-02-24T08:05:00+00:00,2021-02-24T09:40:00+00:00,LONG,1808.2,1803.31,0.1042,4.0,-0.509538,0.075366,0.075162,-0.660066,SL_HIT,19,False,41.037403
Trend pullback — core,Trend pullback,Development (2019-09 to 2022-12),2021-02-24T18:05:00+00:00,2021-02-24T18:15:00+00:00,SHORT,1795.27,1799.34,0.1026,4.0,-0.417582,0.073678,0.073845,-0.565105,SL_HIT,2,False,40.472298
Trend pullback — core,Trend pullback,Development (2019-09 to 2022-12),2021-02-25T12:40:00+00:00,2021-02-25T13:35:00+00:00,SHORT,1788.35,1780.38,0.1012,4.0,0.806564,0.072392,0.07207,0.662102,TP_HIT,11,False,41.1344
Trend pullback — core,Trend pullback,Development (2019-09 to 2022-12),2021-03-08T13:40:00+00:00,2021-03-08T14:00:00+00:00,SHORT,1690.05,1694.46,0.1028,4.0,-0.453348,0.069495,0.069676,-0.592519,SL_HIT,4,False,40.541881
Trend pullback — core,Trend pullback,Development (2019-09 to 2022-12),2021-03-09T13:05:00+00:00,2021-03-09T14:05:00+00:00,LONG,1707.22,1715.19,0.1014,4.0,0.808158,0.069245,0.069568,0.669345,TP_HIT,12,False,41.211226
Trend pullback — core,Trend pullback,Development (2019-09 to 2022-12),2021-03-16T08:20:00+00:00,2021-03-16T12:20:00+00:00,LONG,1732.43,1734.59,0.103,4.0,0.22248,0.071376,0.071465,0.079639,TIME_EXIT,48,False,41.290864
Trend pullback — core,Trend pullback,Development (2019-09 to 2022-12),2021-03-16T13:05:00+00:00,2021-03-16T13:35:00+00:00,LONG,1734.43,1730.1,0.1032,4.0,-0.446856,0.071597,0.071419,-0.589872,SL_HIT,6,False,40.700993
Trend pullback — core,Trend pullback,Development (2019-09 to 2022-12),2021-03-16T17:35:00+00:00,2021-03-16T22:10:00+00:00,SHORT,1730.73,1732.36,0.1018,4.0,-0.165934,0.070475,0.070542,-0.306951,DAY_EXIT,41,False,40.394042
Trend pullback — core,Trend pullback,Development (2019-09 to 2022-12),2021-03-17T13:35:00+00:00,2021-03-17T14:25:00+00:00,SHORT,1728.35,1733.79,0.101,4.0,-0.54944,0.069825,0.070045,-0.68931,SL_HIT,10,False,39.704731
Trend pullback — core,Trend pullback,Development (2019-09 to 2022-12),2021-03-22T13:45:00+00:00,2021-03-22T14:15:00+00:00,SHORT,1731.96,1736.23,0.0993,4.0,-0.424011,0.068793,0.068963,-0.561768,SL_HIT,6,False,39.142964
Trend pullback — core,Trend pullback,Development (2019-09 to 2022-12),2021-03-26T12:50:00+00:00,2021-03-26T14:05:00+00:00,SHORT,1725.62,1730.52,0.0979,4.0,-0.47971,0.067575,0.067767,-0.615052,SL_HIT,15,False,38.527911
Trend pullback — core,Trend pullback,Development (2019-09 to 2022-12),2021-03-29T07:40:00+00:00,2021-03-29T11:40:00+00:00,SHORT,1726.3,1726.78,0.0963,4.0,-0.046224,0.066497,0.066516,-0.179237,TIME_EXIT,48,False,38.348674
Trend pullback — core,Trend pullback,Development (2019-09 to 2022-12),2021-03-29T17:00:00+00:00,2021-03-29T22:10:00+00:00,SHORT,1712.96,1712.76,0.0959,4.0,0.01918,0.065709,0.065701,-0.112231,DAY_EXIT,48,False,38.236444
Trend pullback — core,Trend pullback,Development (2019-09 to 2022-12),2021-04-05T07:55:00+00:00,2021-04-05T11:55:00+00:00,LONG,1726.68,1724.47,0.0956,4.0,-0.211276,0.066028,0.065944,-0.343248,TIME_EXIT,48,False,37.893196
Trend pullback — core,Trend pullback,Development (2019-09 to 2022-12),2021-04-05T12:25:00+00:00,2021-04-05T13:00:00+00:00,LONG,1727.85,1722.96,0.0947,4.0,-0.463083,0.065451,0.065266,-0.5938,SL_HIT,7,False,37.299396
Trend pullback — core,Trend pullback,Development (2019-09 to 2022-12),2021-04-06T08:50:00+00:00,2021-04-06T12:50:00+00:00,LONG,1733.39,1737.18,0.0932,4.0,0.353228,0.064621,0.064762,0.223845,TIME_EXIT,48,False,37.523241
Trend pullback — core,Trend pullback,Development (2019-09 to 2022-12),2021-04-06T13:15:00+00:00,2021-04-06T15:30:00+00:00,LONG,1736.91,1744.88,0.0938,4.0,0.747586,0.065169,0.065468,0.616949,TP_HIT,27,False,38.140191
Trend pullback — core,Trend pullback,Development (2019-09 to 2022-12),2021-04-07T12:45:00+00:00,2021-04-07T13:00:00+00:00,SHORT,1734.87,1739.28,0.0954,4.0,-0.420714,0.066203,0.066371,-0.553288,SL_HIT,3,False,37.586903
Trend pullback — core,Trend pullback,Development (2019-09 to 2022-12),2021-04-09T19:15:00+00:00,2021-04-11T22:10:00+00:00,SHORT,1742.53,1743.29,0.094,4.0,-0.07144,0.065519,0.065548,-0.202507,DAY_EXIT,21,False,37.384396
Trend pullback — core,Trend pullback,Development (2019-09 to 2022-12),2021-04-12T07:30:00+00:00,2021-04-12T09:40:00+00:00,SHORT,1738.36,1742.7,0.0935,4.0,-0.40579,0.065015,0.065177,-0.535982,SL_HIT,26,False,36.848415
Trend pullback — core,Trend pullback,Development (2019-09 to 2022-12),2021-04-12T12:45:00+00:00,2021-04-12T13:05:00+00:00,LONG,1742.2,1737.67,0.0921,4.0,-0.417213,0.064183,0.064016,-0.545411,SL_HIT,4,False,36.303003
Trend pullback — core,Trend pullback,Development (2019-09 to 2022-12),2021-04-14T07:50:00+00:00,2021-04-14T09:55:00+00:00,LONG,1745.86,1741.82,0.0908,4.0,-0.366832,0.06341,0.063263,-0.493505,SL_HIT,25,False,35.809499
Trend pullback — core,Trend pullback,Development (2019-09 to 2022-12),2021-04-16T07:05:00+00:00,2021-04-16T10:10:00+00:00,LONG,1764.23,1772.2,0.0895,4.0,0.713315,0.063159,0.063445,0.586711,TP_HIT,37,False,36.396209
Trend pullback — core,Trend pullback,Development (2019-09 to 2022-12),2021-04-20T12:15:00+00:00,2021-04-20T12:25:00+00:00,SHORT,1769.95,1774.08,0.091,4.0,-0.37583,0.064426,0.064577,-0.504833,SL_HIT,2,False,35.891377
Trend pullback — core,Trend pullback,Development (2019-09 to 2022-12),2021-04-21T10:50:00+00:00,2021-04-21T13:50:00+00:00,LONG,1781.13,1789.1,0.0897,4.0,0.714909,0.063907,0.064193,0.586809,TP_HIT,36,False,36.478186
Trend pullback — core,Trend pullback,Development (2019-09 to 2022-12),2021-04-26T13:05:00+00:00,2021-04-26T13:10:00+00:00,SHORT,1775.06,1780.01,0.0912,4.0,-0.45144,0.064754,0.064935,-0.581129,SL_HIT,1,False,35.897057
Trend pullback — core,Trend pullback,Development (2019-09 to 2022-12),2021-04-26T13:35:00+00:00,2021-04-26T14:25:00+00:00,SHORT,1775.35,1779.71,0.0897,4.0,-0.391092,0.0637,0.063856,-0.518648,SL_HIT,10,False,35.378409
Trend pullback — core,Trend pullback,Development (2019-09 to 2022-12),2021-04-28T09:15:00+00:00,2021-04-28T13:15:00+00:00,SHORT,1767.78,1771.21,0.0884,4.0,-0.303212,0.062509,0.06263,-0.428351,TIME_EXIT,48,False,34.950059
Trend pullback — core,Trend pullback,Development (2019-09 to 2022-12),2021-04-29T13:10:00+00:00,2021-04-29T13:25:00+00:00,SHORT,1774.86,1766.89,0.0874,4.0,0.696578,0.062049,0.06177,0.572758,TP_HIT,3,False,35.522817
Trend pullback — core,Trend pullback,Development (2019-09 to 2022-12),2021-04-30T11:55:00+00:00,2021-04-30T15:55:00+00:00,SHORT,1769.28,1767.94,0.0888,4.0,0.118992,0.062845,0.062797,-0.00665,TIME_EXIT,48,False,35.516167
Trend pullback — core,Trend pullback,Development (2019-09 to 2022-12),2021-05-04T08:55:00+00:00,2021-05-04T12:55:00+00:00,SHORT,1786.98,1788.89,0.0888,4.0,-0.169608,0.063474,0.063541,-0.296623,TIME_EXIT,48,False,35.219544
Trend pullback — core,Trend pullback,Development (2019-09 to 2022-12),2021-05-10T07:20:00+00:00,2021-05-10T11:20:00+00:00,LONG,1836.1,1838.44,0.088,4.0,0.20592,0.064631,0.064713,0.076576,TIME_EXIT,48,False,35.29612
Trend pullback — core,Trend pullback,Development (2019-09 to 2022-12),2021-05-10T13:25:00+00:00,2021-05-10T13:55:00+00:00,LONG,1842.2,1837.48,0.0882,4.0,-0.416304,0.064993,0.064826,-0.546123,SL_HIT,6,False,34.749997
Trend pullback — core,Trend pullback,Development (2019-09 to 2022-12),2021-05-11T08:20:00+00:00,2021-05-11T10:10:00+00:00,SHORT,1834.93,1839.18,0.0869,4.0,-0.369325,0.063782,0.06393,-0.497037,SL_HIT,22,False,34.25296
Trend pullback — core,Trend pullback,Development (2019-09 to 2022-12),2021-05-13T07:35:00+00:00,2021-05-13T10:10:00+00:00,SHORT,1818.65,1810.68,0.0856,4.0,0.682232,0.062271,0.061998,0.557964,TP_HIT,31,False,34.810924
Trend pullback — core,Trend pullback,Development (2019-09 to 2022-12),2021-05-20T12:20:00+00:00,2021-05-20T13:05:00+00:00,SHORT,1868.32,1873.19,0.087,4.0,-0.42369,0.065018,0.065187,-0.553895,SL_HIT,9,False,34.257029
Trend pullback — core,Trend pullback,Development (2019-09 to 2022-12),2021-05-26T09:35:00+00:00,2021-05-26T13:05:00+00:00,LONG,1906.9,1902.84,0.0856,4.0,-0.347536,0.065292,0.065153,-0.477981,SL_HIT,42,False,33.779048
Trend pullback — core,Trend pullback,Development (2019-09 to 2022-12),2021-06-03T10:35:00+00:00,2021-06-03T12:35:00+00:00,SHORT,1893.94,1885.97,0.0844,4.0,0.672668,0.063939,0.06367,0.545058,TP_HIT,24,False,34.324106
Trend pullback — core,Trend pullback,Development (2019-09 to 2022-12),2021-06-07T08:10:00+00:00,2021-06-07T09:00:00+00:00,SHORT,1882.35,1886.69,0.0858,4.0,-0.372372,0.064602,0.064751,-0.501725,SL_HIT,10,False,33.822381
Trend pullback — core,Trend pullback,Development (2019-09 to 2022-12),2021-06-07T12:20:00+00:00,2021-06-07T16:05:00+00:00,LONG,1886.78,1894.75,0.0846,4.0,0.674262,0.063849,0.064118,0.546295,TP_HIT,45,False,34.368676
Trend pullback — core,Trend pullback,Development (2019-09 to 2022-12),2021-06-08T07:05:00+00:00,2021-06-08T07:25:00+00:00,LONG,1898.16,1893.79,0.0859,4.0,-0.375383,0.065221,0.065071,-0.505674,SL_HIT,4,False,33.863001
Trend pullback — core,Trend pullback,Development (2019-09 to 2022-12),2021-06-15T09:30:00+00:00,2021-06-15T10:55:00+00:00,LONG,1865.53,1864.83,0.0847,4.0,-0.05929,0.063204,0.06318,-0.185675,DATA_GAP_EXIT,17,False,33.677327
Trend pullback — core,Trend pullback,Development (2019-09 to 2022-12),2021-06-16T09:50:00+00:00,2021-06-16T10:50:00+00:00,LONG,1860.26,1856.21,0.0842,4.0,-0.34101,0.062654,0.062517,-0.466181,SL_HIT,12,False,33.211146
Trend pullback — core,Trend pullback,Development (2019-09 to 2022-12),2021-06-16T12:35:00+00:00,2021-06-16T15:50:00+00:00,SHORT,1856.13,1860.19,0.083,4.0,-0.33698,0.061624,0.061758,-0.460362,SL_HIT,33,False,32.750784
Trend pullback — core,Trend pullback,Development (2019-09 to 2022-12),2021-06-17T19:40:00+00:00,2021-06-17T22:10:00+00:00,SHORT,1776.15,1776.15,0.0819,4.0,0.0,0.058187,0.058187,-0.116373,DAY_EXIT,16,False,32.634411
Trend pullback — core,Trend pullback,Development (2019-09 to 2022-12),2021-06-21T07:25:00+00:00,2021-06-21T07:45:00+00:00,SHORT,1774.43,1778.92,0.0816,4.0,-0.366384,0.057917,0.058064,-0.482365,SL_HIT,4,False,32.152045
Trend pullback — core,Trend pullback,Development (2019-09 to 2022-12),2021-06-21T14:30:00+00:00,2021-06-21T18:30:00+00:00,LONG,1781.99,1783.72,0.0804,4.0,0.139092,0.057309,0.057364,0.024419,TIME_EXIT,48,False,32.176464
Trend pullback — core,Trend pullback,Development (2019-09 to 2022-12),2021-06-22T11:55:00+00:00,2021-06-22T12:40:00+00:00,SHORT,1782.06,1774.09,0.0804,4.0,0.640788,0.057311,0.057055,0.526422,TP_HIT,9,False,32.702886
Trend pullback — core,Trend pullback,Development (2019-09 to 2022-12),2021-06-28T15:00:00+00:00,2021-06-28T15:10:00+00:00,SHORT,1777.61,1782.69,0.0818,4.0,-0.415544,0.058163,0.05833,-0.532037,SL_HIT,2,False,32.170849
Trend pullback — core,Trend pullback,Development (2019-09 to 2022-12),2021-06-29T07:05:00+00:00,2021-06-29T08:25:00+00:00,SHORT,1775.92,1767.95,0.0804,4.0,0.640788,0.057114,0.056857,0.526817,TP_HIT,16,False,32.697667
Trend pullback — core,Trend pullback,Development (2019-09 to 2022-12),2021-06-29T19:05:00+00:00,2021-06-29T22:10:00+00:00,SHORT,1761.69,1762.34,0.0817,4.0,-0.053105,0.057572,0.057593,-0.16827,DAY_EXIT,23,False,32.529396
Trend pullback — core,Trend pullback,Development (2019-09 to 2022-12),2021-06-30T07:05:00+00:00,2021-06-30T11:05:00+00:00,SHORT,1758.47,1758.04,0.0813,4.0,0.034959,0.057185,0.057171,-0.079398,TIME_EXIT,48,False,32.449998
Trend pullback — core,Trend pullback,Development (2019-09 to 2022-12),2021-07-01T07:55:00+00:00,2021-07-01T09:10:00+00:00,LONG,1777.2,1772.83,0.0811,4.0,-0.354407,0.057652,0.057511,-0.46957,SL_HIT,15,False,31.980428
Trend pullback — core,Trend pullback,Development (2019-09 to 2022-12),2021-07-09T12:40:00+00:00,2021-07-09T13:35:00+00:00,SHORT,1800.62,1805.11,0.08,4.0,-0.3592,0.05762,0.057764,-0.474583,SL_HIT,11,False,31.505845
Trend pullback — core,Trend pullback,Development (2019-09 to 2022-12),2021-07-12T09:35:00+00:00,2021-07-12T13:35:00+00:00,SHORT,1802.45,1801.89,0.0788,4.0,0.044128,0.056813,0.056796,-0.069481,TIME_EXIT,48,False,31.436364
Trend pullback — core,Trend pullback,Development (2019-09 to 2022-12),2021-07-15T12:25:00+00:00,2021-07-15T12:50:00+00:00,LONG,1827.78,1823.12,0.0786,4.0,-0.366276,0.057465,0.057319,-0.48106,SL_HIT,5,False,30.955304
Trend pullback — core,Trend pullback,Development (2019-09 to 2022-12),2021-07-20T11:20:00+00:00,2021-07-20T14:45:00+00:00,LONG,1818.09,1810.81,0.0774,4.0,-0.563472,0.056288,0.056063,-0.675823,SL_HIT,41,False,30.279481
Trend pullback — core,Trend pullback,Development (2019-09 to 2022-12),2021-07-23T13:35:00+00:00,2021-07-23T16:10:00+00:00,SHORT,1799.66,1803.76,0.0757,4.0,-0.31037,0.054494,0.054618,-0.419482,SL_HIT,31,False,29.86
Trend pullback — core,Trend pullback,Development (2019-09 to 2022-12),2021-07-27T15:25:00+00:00,2021-07-27T19:25:00+00:00,LONG,1801.34,1799.72,0.0746,4.0,-0.120852,0.053752,0.053704,-0.228308,TIME_EXIT,48,False,29.631692
Trend pullback — core,Trend pullback,Development (2019-09 to 2022-12),2021-07-28T13:15:00+00:00,2021-07-28T15:20:00+00:00,SHORT,1798.29,1802.42,0.0741,4.0,-0.306033,0.053301,0.053424,-0.412758,SL_HIT,25,False,29.218934
Trend pullback — core,Trend pullback,Development (2019-09 to 2022-12),2021-08-05T12:40:00+00:00,2021-08-05T13:05:00+00:00,LONG,1812.29,1808.0,0.073,4.0,-0.31317,0.052919,0.052794,-0.418882,SL_HIT,5,False,28.800051
Trend pullback — core,Trend pullback,Development (2019-09 to 2022-12),2021-08-06T07:45:00+00:00,2021-08-06T11:45:00+00:00,SHORT,1799.72,1799.06,0.072,4.0,0.04752,0.051832,0.051813,-0.056125,TIME_EXIT,48,False,28.743927
Trend pullback — core,Trend pullback,Development (2019-09 to 2022-12),2021-08-06T12:25:00+00:00,2021-08-06T12:30:00+00:00,SHORT,1796.94,1801.42,0.0719,4.0,-0.322112,0.05168,0.051809,-0.425601,SL_HIT,1,False,28.318326
Trend pullback — core,Trend pullback,Development (2019-09 to 2022-12),2021-08-09T11:55:00+00:00,2021-08-09T12:10:00+00:00,SHORT,1742.88,1747.64,0.0708,4.0,-0.337008,0.049358,0.049493,-0.43586,SL_HIT,3,False,27.882466
Trend pullback — core,Trend pullback,Development (2019-09 to 2022-12),2021-08-09T18:45:00+00:00,2021-08-09T22:10:00+00:00,SHORT,1728.63,1729.2,0.0697,4.0,-0.039729,0.048194,0.04821,-0.136133,DAY_EXIT,27,False,27.746333
Trend pullback — core,Trend pullback,Development (2019-09 to 2022-12),2021-08-10T07:05:00+00:00,2021-08-10T11:05:00+00:00,SHORT,1734.21,1730.76,0.0694,4.0,0.23943,0.048142,0.048046,0.143242,TIME_EXIT,48,False,27.889575
Trend pullback — core,Trend pullback,Development (2019-09 to 2022-12),2021-08-11T12:35:00+00:00,2021-08-11T12:50:00+00:00,LONG,1739.15,1747.12,0.0697,4.0,0.555509,0.048488,0.04871,0.458312,TP_HIT,3,False,28.347887
Trend pullback — core,Trend pullback,Development (2019-09 to 2022-12),2021-08-12T08:40:00+00:00,2021-08-12T10:25:00+00:00,LONG,1755.3,1751.04,0.0709,4.0,-0.302034,0.04978,0.049659,-0.401474,SL_HIT,21,False,27.946413
Trend pullback — core,Trend pullback,Development (2019-09 to 2022-12),2021-08-20T11:55:00+00:00,2021-08-20T13:05:00+00:00,LONG,1784.74,1778.98,0.0699,4.0,-0.402624,0.049901,0.04974,-0.502266,SL_HIT,14,False,27.444148
Trend pullback — core,Trend pullback,Development (2019-09 to 2022-12),2021-08-24T07:20:00+00:00,2021-08-24T11:20:00+00:00,LONG,1803.79,1804.81,0.0686,4.0,0.069972,0.049496,0.049524,-0.029048,TIME_EXIT,48,False,27.4151
Trend pullback — core,Trend pullback,Development (2019-09 to 2022-12),2021-08-24T12:35:00+00:00,2021-08-24T13:35:00+00:00,LONG,1806.47,1801.25,0.0685,4.0,-0.35757,0.049497,0.049354,-0.456422,SL_HIT,12,False,26.958678
Trend pullback — core,Trend pullback,Development (2019-09 to 2022-12),2021-08-27T12:25:00+00:00,2021-08-27T13:15:00+00:00,LONG,1796.5,1790.4,0.0674,4.0,-0.41114,0.048434,0.048269,-0.507843,SL_HIT,10,False,26.450835
Trend pullback — core,Trend pullback,Development (2019-09 to 2022-12),2021-08-31T07:35:00+00:00,2021-08-31T10:55:00+00:00,LONG,1816.68,1812.52,0.0661,4.0,-0.274976,0.048033,0.047923,-0.370932,SL_HIT,40,False,26.079903
Trend pullback — core,Trend pullback,Development (2019-09 to 2022-12),2021-09-07T12:35:00+00:00,2021-09-07T13:35:00+00:00,SHORT,1810.83,1814.97,0.0652,4.0,-0.269928,0.047226,0.047334,-0.364489,SL_HIT,12,False,25.715415
Trend pullback — core,Trend pullback,Development (2019-09 to 2022-12),2021-09-08T12:35:00+00:00,2021-09-08T13:50:00+00:00,SHORT,1797.47,1789.5,0.0643,4.0,0.512471,0.046231,0.046026,0.420214,TP_HIT,15,False,26.135629
Trend pullback — core,Trend pullback,Development (2019-09 to 2022-12),2021-09-10T14:40:00+00:00,2021-09-10T18:40:00+00:00,SHORT,1794.67,1790.38,0.0653,4.0,0.280137,0.046877,0.046765,0.186495,TIME_EXIT,48,False,26.322124
Trend pullback — core,Trend pullback,Development (2019-09 to 2022-12),2021-09-13T08:10:00+00:00,2021-09-13T12:10:00+00:00,SHORT,1789.35,1791.29,0.0658,4.0,-0.127652,0.047096,0.047147,-0.221894,TIME_EXIT,48,False,26.10023
Trend pullback — core,Trend pullback,Development (2019-09 to 2022-12),2021-09-17T12:35:00+00:00,2021-09-17T13:30:00+00:00,SHORT,1758.77,1750.8,0.0653,4.0,0.520441,0.045939,0.045731,0.428771,TP_HIT,11,False,26.529001
Trend pullback — core,Trend pullback,Development (2019-09 to 2022-12),2021-09-27T12:35:00+00:00,2021-09-27T12:45:00+00:00,SHORT,1748.95,1753.77,0.0663,4.0,-0.319566,0.046382,0.04651,-0.412458,SL_HIT,2,False,26.116543
Trend pullback — core,Trend pullback,Development (2019-09 to 2022-12),2021-10-04T13:05:00+00:00,2021-10-04T14:10:00+00:00,SHORT,1752.55,1757.19,0.0653,4.0,-0.302992,0.045777,0.045898,-0.394666,SL_HIT,13,False,25.721876
Trend pullback — core,Trend pullback,Development (2019-09 to 2022-12),2021-10-07T14:50:00+00:00,2021-10-07T18:50:00+00:00,SHORT,1757.82,1755.95,0.0643,4.0,0.120241,0.045211,0.045163,0.029867,TIME_EXIT,48,False,25.751743
Trend pullback — core,Trend pullback,Development (2019-09 to 2022-12),2021-10-12T09:15:00+00:00,2021-10-12T12:40:00+00:00,LONG,1759.11,1754.23,0.0644,4.0,-0.314272,0.045315,0.045189,-0.404776,SL_HIT,41,False,25.346967
Trend pullback — core,Trend pullback,Development (2019-09 to 2022-12),2021-10-12T13:10:00+00:00,2021-10-12T13:35:00+00:00,LONG,1762.85,1757.08,0.0634,4.0,-0.365818,0.044706,0.04456,-0.455083,SL_HIT,5,False,24.891884
Trend pullback — core,Trend pullback,Development (2019-09 to 2022-12),2021-10-14T12:35:00+00:00,2021-10-14T13:45:00+00:00,LONG,1797.96,1793.73,0.0622,4.0,-0.263106,0.044733,0.044628,-0.352467,SL_HIT,14,False,24.539417
Trend pullback — core,Trend pullback,Development (2019-09 to 2022-12),2021-10-19T12:45:00+00:00,2021-10-19T13:45:00+00:00,LONG,1780.62,1776.3,0.0613,4.0,-0.264816,0.043661,0.043555,-0.352032,SL_HIT,12,False,24.187385
Trend pullback — core,Trend pullback,Development (2019-09 to 2022-12),2021-10-26T09:35:00+00:00,2021-10-26T13:35:00+00:00,SHORT,1802.05,1794.08,0.0605,4.0,0.482185,0.04361,0.043417,0.395159,TP_HIT,48,False,24.582544
Trend pullback — core,Trend pullback,Development (2019-09 to 2022-12),2021-11-01T11:45:00+00:00,2021-11-01T14:25:00+00:00,LONG,1786.45,1794.42,0.0615,4.0,0.490155,0.043947,0.044143,0.402066,TP_HIT,32,False,24.984609
Trend pullback — core,Trend pullback,Development (2019-09 to 2022-12),2021-11-02T08:50:00+00:00,2021-11-02T11:20:00+00:00,LONG,1794.4,1790.21,0.0625,4.0,-0.261875,0.04486,0.044755,-0.35149,SL_HIT,30,False,24.633119
Trend pullback — core,Trend pullback,Development (2019-09 to 2022-12),2021-11-02T12:15:00+00:00,2021-11-02T12:35:00+00:00,LONG,1794.62,1789.04,0.0616,4.0,-0.343728,0.044219,0.044082,-0.432029,SL_HIT,4,False,24.20109
Trend pullback — core,Trend pullback,Development (2019-09 to 2022-12),2021-11-03T12:35:00+00:00,2021-11-03T13:15:00+00:00,SHORT,1781.43,1773.46,0.0605,4.0,0.482185,0.043111,0.042918,0.396157,TP_HIT,8,False,24.597246
Trend pullback — core,Trend pullback,Development (2019-09 to 2022-12),2021-11-09T10:50:00+00:00,2021-11-09T14:50:00+00:00,LONG,1825.98,1828.31,0.0615,4.0,0.143295,0.044919,0.044976,0.053399,TIME_EXIT,48,False,24.650646
Trend pullback — core,Trend pullback,Development (2019-09 to 2022-12),2021-11-10T19:40:00+00:00,2021-11-10T21:00:00+00:00,LONG,1848.92,1852.38,0.0616,4.0,0.213136,0.045557,0.045643,0.121936,DAY_EXIT,16,False,24.772582
Trend pullback — core,Trend pullback,Development (2019-09 to 2022-12),2021-11-18T11:45:00+00:00,2021-11-18T12:40:00+00:00,SHORT,1861.96,1866.83,0.0619,4.0,-0.301453,0.046102,0.046223,-0.393778,SL_HIT,11,False,24.378804
Trend pullback — core,Trend pullback,Development (2019-09 to 2022-12),2021-11-18T13:05:00+00:00,2021-11-18T13:45:00+00:00,SHORT,1862.04,1866.49,0.0609,4.0,-0.271005,0.045359,0.045468,-0.361832,SL_HIT,8,False,24.016972
Trend pullback — core,Trend pullback,Development (2019-09 to 2022-12),2021-11-22T09:00:00+00:00,2021-11-22T13:00:00+00:00,SHORT,1844.61,1840.14,0.06,4.0,0.2682,0.044271,0.044163,0.179766,TIME_EXIT,48,False,24.196738
Trend pullback — core,Trend pullback,Development (2019-09 to 2022-12),2021-11-29T07:05:00+00:00,2021-11-29T07:45:00+00:00,SHORT,1792.71,1797.2,0.0605,4.0,-0.271645,0.043384,0.043492,-0.358521,SL_HIT,8,False,23.838217
Trend pullback — core,Trend pullback,Development (2019-09 to 2022-12),2021-11-30T13:40:00+00:00,2021-11-30T14:50:00+00:00,LONG,1794.94,1802.91,0.0596,4.0,0.475012,0.042791,0.042981,0.389239,TP_HIT,14,False,24.227456
Trend pullback — core,Trend pullback,Development (2019-09 to 2022-12),2021-12-06T07:15:00+00:00,2021-12-06T08:20:00+00:00,LONG,1784.99,1780.26,0.0606,4.0,-0.286638,0.043268,0.043154,-0.37306,SL_HIT,13,False,23.854397
Trend pullback — core,Trend pullback,Development (2019-09 to 2022-12),2021-12-07T10:00:00+00:00,2021-12-07T13:35:00+00:00,LONG,1781.49,1775.43,0.0596,4.0,-0.361176,0.042471,0.042326,-0.445973,SL_HIT,43,False,23.408424
Trend pullback — core,Trend pullback,Development (2019-09 to 2022-12),2021-12-07T14:30:00+00:00,2021-12-07T15:40:00+00:00,SHORT,1778.65,1784.43,0.0585,4.0,-0.33813,0.04162,0.041756,-0.421506,SL_HIT,14,False,22.986918
Trend pullback — core,Trend pullback,Development (2019-09 to 2022-12),2021-12-08T07:30:00+00:00,2021-12-08T11:30:00+00:00,LONG,1789.56,1789.49,0.0575,4.0,-0.004025,0.04116,0.041158,-0.086343,TIME_EXIT,48,False,22.900574
Trend pullback — core,Trend pullback,Development (2019-09 to 2022-12),2021-12-09T14:40:00+00:00,2021-12-09T18:40:00+00:00,SHORT,1777.41,1776.67,0.0573,4.0,0.042402,0.040738,0.040721,-0.039058,TIME_EXIT,48,False,22.861517
Trend pullback — core,Trend pullback,Development (2019-09 to 2022-12),2021-12-13T14:55:00+00:00,2021-12-13T18:55:00+00:00,LONG,1787.73,1786.75,0.0572,4.0,-0.056056,0.040903,0.040881,-0.13784,TIME_EXIT,48,False,22.723677
Trend pullback — core,Trend pullback,Development (2019-09 to 2022-12),2021-12-20T13:00:00+00:00,2021-12-20T17:00:00+00:00,SHORT,1797.33,1796.05,0.0568,4.0,0.072704,0.040835,0.040806,-0.008938,TIME_EXIT,48,False,22.714739
Trend pullback — core,Trend pullback,Development (2019-09 to 2022-12),2021-12-21T07:15:00+00:00,2021-12-21T07:55:00+00:00,SHORT,1790.25,1794.35,0.0568,4.0,-0.23288,0.040674,0.040768,-0.314322,SL_HIT,8,False,22.400417
Trend pullback — core,Trend pullback,Development (2019-09 to 2022-12),2021-12-21T14:00:00+00:00,2021-12-21T14:20:00+00:00,LONG,1798.25,1794.14,0.056,4.0,-0.23016,0.040281,0.040189,-0.31063,SL_HIT,4,False,22.089788
Trend pullback — core,Trend pullback,Development (2019-09 to 2022-12),2021-12-28T13:25:00+00:00,2021-12-28T14:10:00+00:00,LONG,1817.71,1811.22,0.0552,4.0,-0.358248,0.040135,0.039992,-0.438375,SL_HIT,9,False,21.651413
Trend pullback — core,Trend pullback,Development (2019-09 to 2022-12),2022-01-07T07:40:00+00:00,2022-01-07T10:05:00+00:00,SHORT,1790.11,1794.24,0.0541,4.0,-0.223433,0.038738,0.038827,-0.300998,SL_HIT,29,False,21.350415
Trend pullback — core,Trend pullback,Development (2019-09 to 2022-12),2022-01-10T15:10:00+00:00,2022-01-10T15:55:00+00:00,LONG,1795.52,1791.28,0.0534,4.0,-0.226416,0.038352,0.038262,-0.30303,SL_HIT,9,False,21.047384
Trend pullback — core,Trend pullback,Development (2019-09 to 2022-12),2022-01-12T10:05:00+00:00,2022-01-12T14:05:00+00:00,LONG,1818.17,1821.36,0.0526,4.0,0.167794,0.038254,0.038321,0.091218,TIME_EXIT,48,False,21.138603
Trend pullback — core,Trend pullback,Development (2019-09 to 2022-12),2022-01-18T08:00:00+00:00,2022-01-18T12:00:00+00:00,SHORT,1815.98,1813.31,0.0528,4.0,0.140976,0.038353,0.038297,0.064325,TIME_EXIT,48,False,21.202928
Trend pullback — core,Trend pullback,Development (2019-09 to 2022-12),2022-01-18T13:10:00+00:00,2022-01-18T13:35:00+00:00,SHORT,1811.66,1817.3,0.053,4.0,-0.29892,0.038407,0.038527,-0.375854,SL_HIT,5,False,20.827074
Trend pullback — core,Trend pullback,Development (2019-09 to 2022-12),2022-01-19T07:20:00+00:00,2022-01-19T09:20:00+00:00,SHORT,1812.67,1816.73,0.0521,4.0,-0.211526,0.037776,0.037861,-0.287163,SL_HIT,24,False,20.539912
Trend pullback — core,Trend pullback,Development (2019-09 to 2022-12),2022-01-24T07:20:00+00:00,2022-01-24T11:20:00+00:00,LONG,1838.82,1838.61,0.0513,4.0,-0.010773,0.037733,0.037728,-0.086234,TIME_EXIT,48,False,20.453678
Trend pullback — core,Trend pullback,Development (2019-09 to 2022-12),2022-01-26T13:40:00+00:00,2022-01-26T14:25:00+00:00,SHORT,1844.8,1836.83,0.0511,4.0,0.407267,0.037708,0.037545,0.332014,TP_HIT,9,False,20.785692
Trend pullback — core,Trend pullback,Development (2019-09 to 2022-12),2022-01-26T19:35:00+00:00,2022-01-26T19:40:00+00:00,SHORT,1826.65,1832.0,0.052,4.0,-0.2782,0.037994,0.038106,-0.3543,SL_HIT,1,False,20.431392
Trend pullback — core,Trend pullback,Development (2019-09 to 2022-12),2022-01-27T12:30:00+00:00,2022-01-27T13:35:00+00:00,SHORT,1811.03,1803.06,0.0511,4.0,0.407267,0.037017,0.036855,0.333395,TP_HIT,13,False,20.764787
Trend pullback — core,Trend pullback,Development (2019-09 to 2022-12),2022-01-28T13:25:00+00:00,2022-01-28T13:40:00+00:00,SHORT,1786.13,1791.35,0.0519,4.0,-0.270918,0.03708,0.037188,-0.345186,SL_HIT,3,False,20.419601
Trend pullback — core,Trend pullback,Development (2019-09 to 2022-12),2022-01-31T15:55:00+00:00,2022-01-31T19:55:00+00:00,LONG,1795.61,1799.15,0.051,4.0,0.18054,0.03663,0.036703,0.107207,TIME_EXIT,48,False,20.526808
Trend pullback — core,Trend pullback,Development (2019-09 to 2022-12),2022-02-02T14:35:00+00:00,2022-02-02T18:35:00+00:00,LONG,1804.36,1808.93,0.0513,4.0,0.234441,0.037025,0.037119,0.160296,TIME_EXIT,48,False,20.687104
Trend pullback — core,Trend pullback,Development (2019-09 to 2022-12),2022-02-08T08:40:00+00:00,2022-02-08T12:40:00+00:00,LONG,1820.03,1818.19,0.0517,4.0,-0.095128,0.037638,0.0376,-0.170366,TIME_EXIT,48,False,20.516738
Trend pullback — core,Trend pullback,Development (2019-09 to 2022-12),2022-02-14T17:55:00+00:00,2022-02-14T19:00:00+00:00,LONG,1864.21,1872.18,0.0513,4.0,0.408861,0.038254,0.038417,0.33219,TP_HIT,13,False,20.848928
Trend pullback — core,Trend pullback,Development (2019-09 to 2022-12),2022-02-15T14:35:00+00:00,2022-02-15T14:45:00+00:00,SHORT,1847.89,1853.14,0.051,4.086593,-0.26775,0.037697,0.037804,-0.343251,SL_HIT,2,False,20.505677
Trend pullback — core,Trend pullback,Development (2019-09 to 2022-12),2022-02-17T14:25:00+00:00,2022-02-17T18:25:00+00:00,LONG,1892.07,1899.49,0.0509,4.027417,0.377678,0.038523,0.038674,0.300482,TIME_EXIT,48,False,20.806159
Trend pullback — core,Trend pullback,Development (2019-09 to 2022-12),2022-02-23T07:25:00+00:00,2022-02-23T11:25:00+00:00,SHORT,1896.23,1895.0,0.052,4.0,0.06396,0.039442,0.039416,-0.014898,TIME_EXIT,48,False,20.791261
Trend pullback — core,Trend pullback,Development (2019-09 to 2022-12),2022-02-25T18:30:00+00:00,2022-02-25T19:30:00+00:00,SHORT,1885.7,1890.03,0.052,4.0,-0.22516,0.039223,0.039313,-0.303695,SL_HIT,12,False,20.487566
Trend pullback — core,Trend pullback,Development (2019-09 to 2022-12),2022-03-01T14:35:00+00:00,2022-03-01T15:50:00+00:00,LONG,1918.97,1926.985519,0.0509,4.02276,0.40799,0.03907,0.039233,0.329686,TP_HIT,15,False,20.817252
Trend pullback — core,Trend pullback,Development (2019-09 to 2022-12),2022-03-04T13:35:00+00:00,2022-03-04T13:40:00+00:00,LONG,1946.38,1942.31,0.052,4.0,-0.21164,0.040485,0.0404,-0.292525,SL_HIT,1,False,20.524727
Trend pullback — core,Trend pullback,Development (2019-09 to 2022-12),2022-03-07T07:35:00+00:00,2022-03-07T08:05:00+00:00,LONG,1985.08,1993.05,0.0513,4.0,0.408861,0.040734,0.040897,0.32723,TP_HIT,6,False,20.851957
Trend pullback — core,Trend pullback,Development (2019-09 to 2022-12),2022-03-08T10:40:00+00:00,2022-03-08T13:05:00+00:00,LONG,2008.41,2003.44,0.0474,4.402592,-0.235578,0.038079,0.037985,-0.311643,SL_HIT,29,False,20.540314
Trend pullback — core,Trend pullback,Development (2019-09 to 2022-12),2022-03-10T09:45:00+00:00,2022-03-10T09:55:00+00:00,SHORT,1979.59,1984.32,0.0455,4.514614,-0.215215,0.036029,0.036115,-0.287358,SL_HIT,2,False,20.252956
Trend pullback — core,Trend pullback,Development (2019-09 to 2022-12),2022-03-14T12:40:00+00:00,2022-03-14T12:55:00+00:00,SHORT,1961.71,1967.37,0.0433,4.682743,-0.245078,0.033977,0.034075,-0.31313,SL_HIT,3,False,19.939827
Trend pullback — core,Trend pullback,Development (2019-09 to 2022-12),2022-03-15T13:50:00+00:00,2022-03-15T14:20:00+00:00,SHORT,1921.51,1910.284827,0.0354,5.627587,0.397371,0.027209,0.02705,0.343113,TP_HIT,6,False,20.28294
Trend pullback — core,Trend pullback,Development (2019-09 to 2022-12),2022-03-16T10:15:00+00:00,2022-03-16T10:45:00+00:00,SHORT,1918.28,1922.64,0.0507,4.0,-0.221052,0.038903,0.038991,-0.298946,SL_HIT,6,False,19.983994
Trend pullback — core,Trend pullback,Development (2019-09 to 2022-12),2022-03-16T14:15:00+00:00,2022-03-16T14:45:00+00:00,SHORT,1911.27,1917.52,0.0429,4.659157,-0.268125,0.032797,0.032905,-0.333827,SL_HIT,6,False,19.650167
Trend pullback — core,Trend pullback,Development (2019-09 to 2022-12),2022-03-18T07:15:00+00:00,2022-03-18T08:35:00+00:00,SHORT,1933.27,1937.4,0.0491,4.0,-0.202783,0.037969,0.038051,-0.278803,SL_HIT,16,False,19.371364
Trend pullback — core,Trend pullback,Development (2019-09 to 2022-12),2022-03-21T08:05:00+00:00,2022-03-21T10:05:00+00:00,SHORT,1923.73,1927.99,0.0484,4.0,-0.206184,0.037243,0.037326,-0.280753,SL_HIT,24,False,19.09061
Trend pullback — core,Trend pullback,Development (2019-09 to 2022-12),2022-03-24T10:05:00+00:00,2022-03-24T11:45:00+00:00,LONG,1942.28,1950.25,0.0477,4.0,0.380169,0.037059,0.037211,0.3059,TP_HIT,20,False,19.39651
Trend pullback — core,Trend pullback,Development (2019-09 to 2022-12),2022-03-25T12:25:00+00:00,2022-03-25T12:35:00+00:00,SHORT,1952.98,1957.44,0.0485,4.0,-0.21631,0.037888,0.037974,-0.292172,SL_HIT,2,False,19.104338
Trend pullback — core,Trend pullback,Development (2019-09 to 2022-12),2022-03-28T13:55:00+00:00,2022-03-28T14:00:00+00:00,SHORT,1931.22,1937.95,0.0422,4.528268,-0.284006,0.032599,0.032713,-0.349318,SL_HIT,1,False,18.75502
Trend pullback — core,Trend pullback,Development (2019-09 to 2022-12),2022-03-30T13:30:00+00:00,2022-03-30T14:35:00+00:00,LONG,1926.64,1934.61,0.0469,4.0,0.373793,0.036144,0.036293,0.301356,TP_HIT,13,False,19.056376
Trend pullback — core,Trend pullback,Development (2019-09 to 2022-12),2022-03-30T18:35:00+00:00,2022-03-30T22:10:00+00:00,LONG,1934.32,1932.88,0.0476,4.0,-0.068544,0.036829,0.036802,-0.142175,DAY_EXIT,29,False,18.914201
Trend pullback — core,Trend pullback,Development (2019-09 to 2022-12),2022-03-31T08:20:00+00:00,2022-03-31T11:05:00+00:00,SHORT,1926.83,1931.45,0.0473,4.0,-0.218526,0.036456,0.036543,-0.291525,SL_HIT,33,False,18.622676
Trend pullback — core,Trend pullback,Development (2019-09 to 2022-12),2022-03-31T12:15:00+00:00,2022-03-31T13:20:00+00:00,LONG,1930.53,1938.5,0.0466,4.0,0.371402,0.035985,0.036134,0.299283,TP_HIT,13,False,18.921959
Trend pullback — core,Trend pullback,Development (2019-09 to 2022-12),2022-04-01T12:55:00+00:00,2022-04-01T13:45:00+00:00,SHORT,1928.26,1933.16,0.0473,4.0,-0.23177,0.036483,0.036575,-0.304828,SL_HIT,10,False,18.617131
Trend pullback — core,Trend pullback,Development (2019-09 to 2022-12),2022-04-01T14:10:00+00:00,2022-04-01T14:35:00+00:00,SHORT,1928.53,1919.831956,0.0427,4.364022,0.371406,0.032939,0.032791,0.305676,TP_HIT,5,False,18.922808
Trend pullback — core,Trend pullback,Development (2019-09 to 2022-12),2022-04-01T15:35:00+00:00,2022-04-01T19:35:00+00:00,SHORT,1926.78,1925.24,0.0429,4.410143,0.066066,0.033064,0.033037,-3.5e-05,TIME_EXIT,48,False,18.922773
Trend pullback — core,Trend pullback,Development (2019-09 to 2022-12),2022-04-05T09:20:00+00:00,2022-04-05T12:45:00+00:00,SHORT,1929.06,1933.24,0.0473,4.0,-0.197714,0.036498,0.036577,-0.270789,SL_HIT,41,False,18.651984
Trend pullback — core,Trend pullback,Development (2019-09 to 2022-12),2022-04-13T11:25:00+00:00,2022-04-13T12:30:00+00:00,LONG,1977.41,1971.59,0.0466,4.0,-0.271212,0.036859,0.03675,-0.344821,SL_HIT,13,False,18.307163
Trend pullback — core,Trend pullback,Development (2019-09 to 2022-12),2022-04-14T13:35:00+00:00,2022-04-14T13:55:00+00:00,SHORT,1973.55,1965.58,0.0458,4.0,0.365026,0.036155,0.036009,0.292861,TP_HIT,4,False,18.600024
Trend pullback — core,Trend pullback,Development (2019-09 to 2022-12),2022-04-14T15:05:00+00:00,2022-04-14T17:05:00+00:00,SHORT,1969.32,1975.26,0.0458,4.058518,-0.272052,0.036078,0.036187,-0.344317,SL_HIT,24,False,18.255707
Trend pullback — core,Trend pullback,Development (2019-09 to 2022-12),2022-04-18T11:35:00+00:00,2022-04-18T14:40:00+00:00,LONG,1991.73,1984.63,0.0456,4.0,-0.32376,0.036329,0.0362,-0.396289,SL_HIT,37,False,17.859419
Trend pullback — core,Trend pullback,Development (2019-09 to 2022-12),2022-04-19T09:20:00+00:00,2022-04-19T12:20:00+00:00,SHORT,1976.99,1981.83,0.0446,4.0,-0.215864,0.03527,0.035356,-0.286489,SL_HIT,36,False,17.572929
Trend pullback — core,Trend pullback,Development (2019-09 to 2022-12),2022-04-19T12:40:00+00:00,2022-04-19T12:50:00+00:00,SHORT,1975.16,1967.19,0.0439,4.0,0.349883,0.034684,0.034544,0.280655,TP_HIT,2,False,17.853585
Trend pullback — core,Trend pullback,Development (2019-09 to 2022-12),2022-04-20T07:35:00+00:00,2022-04-20T08:45:00+00:00,SHORT,1941.39,1945.7,0.0446,4.0,-0.192226,0.034634,0.034711,-0.261572,SL_HIT,14,False,17.592013
Trend pullback — core,Trend pullback,Development (2019-09 to 2022-12),2022-04-21T13:35:00+00:00,2022-04-21T17:35:00+00:00,SHORT,1944.81,1948.87,0.044,4.0,-0.17864,0.034229,0.0343,-0.247169,SL_HIT,48,False,17.344844
Trend pullback — core,Trend pullback,Development (2019-09 to 2022-12),2022-04-25T08:45:00+00:00,2022-04-25T11:00:00+00:00,SHORT,1916.82,1908.85,0.0434,4.0,0.345898,0.033276,0.033138,0.279484,TP_HIT,27,False,17.624328
Trend pullback — core,Trend pullback,Development (2019-09 to 2022-12),2022-04-26T13:10:00+00:00,2022-04-26T14:20:00+00:00,LONG,1906.81,1902.69,0.0441,4.0,-0.181692,0.033636,0.033563,-0.248892,SL_HIT,14,False,17.375437
Trend pullback — core,Trend pullback,Development (2019-09 to 2022-12),2022-04-27T18:25:00+00:00,2022-04-27T22:10:00+00:00,SHORT,1887.85,1885.86,0.0434,4.0,0.086366,0.032773,0.032739,0.020854,DAY_EXIT,31,False,17.396291
Trend pullback — core,Trend pullback,Development (2019-09 to 2022-12),2022-04-28T12:35:00+00:00,2022-04-28T12:50:00+00:00,LONG,1892.65,1885.55,0.0435,4.0,-0.30885,0.032932,0.032809,-0.374591,SL_HIT,3,False,17.021701
Trend pullback — core,Trend pullback,Development (2019-09 to 2022-12),2022-05-03T10:35:00+00:00,2022-05-03T11:10:00+00:00,SHORT,1856.29,1861.05,0.0426,4.0,-0.202776,0.031631,0.031712,-0.266119,SL_HIT,7,False,16.755581
Trend pullback — core,Trend pullback,Development (2019-09 to 2022-12),2022-05-03T12:35:00+00:00,2022-05-03T12:40:00+00:00,SHORT,1858.61,1864.16,0.0419,4.0,-0.232545,0.03115,0.031243,-0.294939,SL_HIT,1,False,16.460642
Trend pullback — core,Trend pullback,Development (2019-09 to 2022-12),2022-05-05T10:55:00+00:00,2022-05-05T12:35:00+00:00,LONG,1896.55,1904.52,0.0412,4.0,0.328364,0.031255,0.031386,0.265722,TP_HIT,20,False,16.726365
Trend pullback — core,Trend pullback,Development (2019-09 to 2022-12),2022-05-13T08:00:00+00:00,2022-05-13T10:45:00+00:00,SHORT,1823.99,1816.02,0.0418,4.0,0.333146,0.030497,0.030364,0.272285,TP_HIT,33,False,16.99865
Trend pullback — core,Trend pullback,Development (2019-09 to 2022-12),2022-05-17T08:15:00+00:00,2022-05-17T11:40:00+00:00,LONG,1826.93,1834.9,0.0425,4.0,0.338725,0.031058,0.031193,0.276474,TP_HIT,41,False,17.275124
Trend pullback — core,Trend pullback,Development (2019-09 to 2022-12),2022-05-18T12:50:00+00:00,2022-05-18T15:10:00+00:00,SHORT,1812.4,1817.25,0.0432,4.0,-0.20952,0.031318,0.031402,-0.27224,SL_HIT,28,False,17.002883
Trend pullback — core,Trend pullback,Development (2019-09 to 2022-12),2022-05-19T19:45:00+00:00,2022-05-19T21:00:00+00:00,LONG,1842.89,1840.94,0.0425,4.0,-0.082875,0.031329,0.031296,-0.1455,DAY_EXIT,15,False,16.857383
Trend pullback — core,Trend pullback,Development (2019-09 to 2022-12),2022-05-23T11:15:00+00:00,2022-05-23T12:35:00+00:00,LONG,1861.91,1857.22,0.0421,4.0,-0.197449,0.031355,0.031276,-0.260079,SL_HIT,16,False,16.597304
Trend pullback — core,Trend pullback,Development (2019-09 to 2022-12),2022-05-26T12:10:00+00:00,2022-05-26T13:50:00+00:00,SHORT,1844.74,1849.0,0.0415,4.0,-0.17679,0.030623,0.030693,-0.238106,SL_HIT,20,False,16.359198
Trend pullback — core,Trend pullback,Development (2019-09 to 2022-12),2022-05-27T13:05:00+00:00,2022-05-27T14:05:00+00:00,LONG,1858.42,1852.48,0.0409,4.0,-0.242946,0.030404,0.030307,-0.303656,SL_HIT,12,False,16.055542
Trend pullback — core,Trend pullback,Development (2019-09 to 2022-12),2022-05-30T14:55:00+00:00,2022-05-30T18:00:00+00:00,LONG,1858.48,1853.85,0.0401,4.0,-0.185663,0.02981,0.029736,-0.245209,SL_HIT,37,False,15.810333
Trend pullback — core,Trend pullback,Development (2019-09 to 2022-12),2022-05-31T12:45:00+00:00,2022-05-31T13:25:00+00:00,SHORT,1848.7,1852.96,0.0395,4.0,-0.16827,0.029209,0.029277,-0.226756,SL_HIT,8,False,15.583577
Trend pullback — core,Trend pullback,Development (2019-09 to 2022-12),2022-05-31T14:05:00+00:00,2022-05-31T18:05:00+00:00,SHORT,1845.67,1843.35,0.039,4.0,0.09048,0.028792,0.028756,0.032931,TIME_EXIT,48,False,15.616508
Trend pullback — core,Trend pullback,Development (2019-09 to 2022-12),2022-06-01T07:35:00+00:00,2022-06-01T08:20:00+00:00,SHORT,1833.27,1837.41,0.039,4.0,-0.16146,0.028599,0.028664,-0.218723,SL_HIT,9,False,15.397785
Trend pullback — core,Trend pullback,Development (2019-09 to 2022-12),2022-06-07T08:00:00+00:00,2022-06-07T08:40:00+00:00,SHORT,1841.9,1846.48,0.0385,4.0,-0.17633,0.028365,0.028436,-0.233131,SL_HIT,8,False,15.164654
Trend pullback — core,Trend pullback,Development (2019-09 to 2022-12),2022-06-08T08:20:00+00:00,2022-06-08T12:05:00+00:00,SHORT,1848.21,1852.92,0.0379,4.0,-0.178509,0.028019,0.02809,-0.234618,SL_HIT,45,False,14.930036
Trend pullback — core,Trend pullback,Development (2019-09 to 2022-12),2022-06-09T12:50:00+00:00,2022-06-09T16:50:00+00:00,SHORT,1847.61,1849.7,0.0373,4.0,-0.077957,0.027566,0.027598,-0.133121,TIME_EXIT,48,False,14.796915
Trend pullback — core,Trend pullback,Development (2019-09 to 2022-12),2022-06-10T07:50:00+00:00,2022-06-10T11:45:00+00:00,SHORT,1844.7,1836.73,0.037,4.0,0.29489,0.027302,0.027184,0.240405,TP_HIT,47,False,15.03732
Trend pullback — core,Trend pullback,Development (2019-09 to 2022-12),2022-06-21T13:30:00+00:00,2022-06-21T13:55:00+00:00,SHORT,1835.09,1839.18,0.0376,4.0,-0.153784,0.0276,0.027661,-0.209045,SL_HIT,5,False,14.828275
Trend pullback — core,Trend pullback,Development (2019-09 to 2022-12),2022-06-21T17:30:00+00:00,2022-06-21T22:10:00+00:00,SHORT,1836.14,1831.57,0.0371,4.0,0.169547,0.027248,0.02718,0.115118,DAY_EXIT,42,False,14.943393
Trend pullback — core,Trend pullback,Development (2019-09 to 2022-12),2022-06-23T08:35:00+00:00,2022-06-23T11:10:00+00:00,SHORT,1834.21,1826.24,0.0374,4.0,0.298078,0.02744,0.027321,0.243318,TP_HIT,31,False,15.186711
Trend pullback — core,Trend pullback,Development (2019-09 to 2022-12),2022-06-24T08:40:00+00:00,2022-06-24T10:00:00+00:00,SHORT,1825.05,1829.17,0.038,4.0,-0.15656,0.027741,0.027803,-0.212104,SL_HIT,16,False,14.974607
Trend pullback — core,Trend pullback,Development (2019-09 to 2022-12),2022-06-24T12:15:00+00:00,2022-06-24T13:15:00+00:00,SHORT,1823.55,1828.49,0.0374,4.0,-0.184756,0.02728,0.027354,-0.239391,SL_HIT,12,False,14.735216
Trend pullback — core,Trend pullback,Development (2019-09 to 2022-12),2022-06-28T12:20:00+00:00,2022-06-28T16:20:00+00:00,SHORT,1822.5,1821.97,0.0368,4.0,0.019504,0.026827,0.026819,-0.034143,TIME_EXIT,48,False,14.701074
Trend pullback — core,Trend pullback,Development (2019-09 to 2022-12),2022-06-30T19:55:00+00:00,2022-06-30T22:10:00+00:00,SHORT,1807.01,1806.22,0.0368,4.0,0.029072,0.026599,0.026588,-0.024115,DAY_EXIT,13,False,14.676959
Trend pullback — core,Trend pullback,Development (2019-09 to 2022-12),2022-07-06T08:40:00+00:00,2022-07-06T12:40:00+00:00,SHORT,1766.35,1762.33,0.0367,4.0,0.147534,0.02593,0.025871,0.095733,TIME_EXIT,48,False,14.772692
Trend pullback — core,Trend pullback,Development (2019-09 to 2022-12),2022-07-06T13:50:00+00:00,2022-07-06T14:20:00+00:00,SHORT,1759.85,1751.88,0.0369,4.0,0.294093,0.025975,0.025858,0.24226,TP_HIT,6,False,15.014952
Trend pullback — core,Trend pullback,Development (2019-09 to 2022-12),2022-07-07T08:05:00+00:00,2022-07-07T12:05:00+00:00,SHORT,1741.79,1744.61,0.0375,4.0,-0.10575,0.026127,0.026169,-0.158046,TIME_EXIT,48,False,14.856906
Trend pullback — core,Trend pullback,Development (2019-09 to 2022-12),2022-07-08T07:15:00+00:00,2022-07-08T07:30:00+00:00,LONG,1743.02,1738.64,0.0371,4.0,-0.162498,0.025866,0.025801,-0.214166,SL_HIT,3,False,14.64274
Trend pullback — core,Trend pullback,Development (2019-09 to 2022-12),2022-07-14T16:25:00+00:00,2022-07-14T17:25:00+00:00,SHORT,1705.09,1709.6,0.0366,4.0,-0.165066,0.024963,0.025029,-0.215057,SL_HIT,12,False,14.427683
Trend pullback — core,Trend pullback,Development (2019-09 to 2022-12),2022-07-14T19:55:00+00:00,2022-07-14T21:00:00+00:00,SHORT,1708.88,1709.95,0.0361,4.0,-0.038627,0.024676,0.024692,-0.087995,DAY_EXIT,13,False,14.339688
Trend pullback — core,Trend pullback,Development (2019-09 to 2022-12),2022-07-15T12:00:00+00:00,2022-07-15T12:40:00+00:00,SHORT,1704.29,1711.08,0.0358,4.0,-0.243082,0.024405,0.024503,-0.29199,SL_HIT,8,False,14.047698
Trend pullback — core,Trend pullback,Development (2019-09 to 2022-12),2022-07-18T13:00:00+00:00,2022-07-18T13:10:00+00:00,LONG,1717.44,1713.18,0.0351,4.0,-0.149526,0.024113,0.024053,-0.197692,SL_HIT,2,False,13.850006
Trend pullback — core,Trend pullback,Development (2019-09 to 2022-12),2022-07-19T13:35:00+00:00,2022-07-19T17:35:00+00:00,LONG,1712.83,1711.89,0.0346,4.0,-0.032524,0.023706,0.023693,-0.079922,TIME_EXIT,48,False,13.770084
Trend pullback — core,Trend pullback,Development (2019-09 to 2022-12),2022-07-22T08:05:00+00:00,2022-07-22T11:35:00+00:00,LONG,1717.85,1725.82,0.0344,4.0,0.274168,0.023638,0.023747,0.226783,TP_HIT,42,False,13.996867
Trend pullback — core,Trend pullback,Development (2019-09 to 2022-12),2022-07-25T11:20:00+00:00,2022-07-25T12:00:00+00:00,LONG,1731.02,1725.7,0.035,4.0,-0.1862,0.024234,0.02416,-0.234594,SL_HIT,8,False,13.762273
Trend pullback — core,Trend pullback,Development (2019-09 to 2022-12),2022-07-26T09:05:00+00:00,2022-07-26T09:30:00+00:00,LONG,1724.31,1719.76,0.0344,4.0,-0.15652,0.023727,0.023664,-0.20391,SL_HIT,5,False,13.558363
Trend pullback — core,Trend pullback,Development (2019-09 to 2022-12),2022-07-26T13:05:00+00:00,2022-07-26T13:35:00+00:00,SHORT,1717.65,1722.16,0.0339,4.0,-0.152889,0.023291,0.023352,-0.199533,SL_HIT,6,False,13.35883
Trend pullback — core,Trend pullback,Development (2019-09 to 2022-12),2022-07-27T07:45:00+00:00,2022-07-27T08:10:00+00:00,SHORT,1717.93,1722.83,0.0334,4.0,-0.16366,0.022952,0.023017,-0.209629,SL_HIT,5,False,13.149201
Trend pullback — core,Trend pullback,Development (2019-09 to 2022-12),2022-07-27T18:40:00+00:00,2022-07-27T18:55:00+00:00,LONG,1727.66,1735.63,0.0329,4.0,0.262213,0.022736,0.022841,0.216636,TP_HIT,3,False,13.365837
Trend pullback — core,Trend pullback,Development (2019-09 to 2022-12),2022-07-28T12:35:00+00:00,2022-07-28T13:30:00+00:00,LONG,1744.7,1752.67,0.0334,4.0,0.266198,0.023309,0.023416,0.219473,TP_HIT,11,False,13.58531
Trend pullback — core,Trend pullback,Development (2019-09 to 2022-12),2022-08-01T13:10:00+00:00,2022-08-01T13:35:00+00:00,LONG,1772.63,1768.24,0.034,4.0,-0.14926,0.024108,0.024048,-0.197416,SL_HIT,5,False,13.387895
Trend pullback — core,Trend pullback,Development (2019-09 to 2022-12),2022-08-02T11:05:00+00:00,2022-08-02T12:25:00+00:00,LONG,1775.96,1783.93,0.0335,4.0,0.266995,0.023798,0.023905,0.219292,TP_HIT,16,False,13.607187
Trend pullback — core,Trend pullback,Development (2019-09 to 2022-12),2022-08-03T18:45:00+00:00,2022-08-03T19:15:00+00:00,SHORT,1760.56,1764.79,0.034,4.0,-0.14382,0.023944,0.024001,-0.191765,SL_HIT,6,False,13.415422
Trend pullback — core,Trend pullback,Development (2019-09 to 2022-12),2022-08-10T12:20:00+00:00,2022-08-10T12:35:00+00:00,SHORT,1790.88,1807.31,0.0335,4.0,-0.550405,0.023998,0.024218,-0.598621,SL_HIT,3,False,12.816802
Trend pullback — core,Trend pullback,Development (2019-09 to 2022-12),2022-08-15T13:40:00+00:00,2022-08-15T17:00:00+00:00,SHORT,1778.64,1783.25,0.032,4.0,-0.14752,0.022767,0.022826,-0.193112,SL_HIT,40,False,12.623689
Trend pullback — core,Trend pullback,Development (2019-09 to 2022-12),2022-08-17T19:50:00+00:00,2022-08-17T21:00:00+00:00,SHORT,1764.64,1762.23,0.0316,4.0,0.076156,0.022305,0.022275,0.031576,DAY_EXIT,14,False,12.655266
Trend pullback — core,Trend pullback,Development (2019-09 to 2022-12),2022-08-18T13:35:00+00:00,2022-08-18T14:05:00+00:00,LONG,1768.28,1764.07,0.0316,4.0,-0.133036,0.022351,0.022298,-0.177685,SL_HIT,6,False,12.477581
Trend pullback — core,Trend pullback,Development (2019-09 to 2022-12),2022-08-19T07:05:00+00:00,2022-08-19T11:05:00+00:00,SHORT,1754.01,1751.43,0.0312,4.0,0.080496,0.02189,0.021858,0.036748,TIME_EXIT,48,False,12.514329
Trend pullback — core,Trend pullback,Development (2019-09 to 2022-12),2022-08-23T12:05:00+00:00,2022-08-23T13:45:00+00:00,SHORT,1736.36,1741.09,0.0313,4.0,-0.148049,0.021739,0.021798,-0.191587,SL_HIT,20,False,12.322742
Trend pullback — core,Trend pullback,Development (2019-09 to 2022-12),2022-08-31T12:05:00+00:00,2022-08-31T13:50:00+00:00,SHORT,1713.3,1718.47,0.0308,4.0,-0.159236,0.021108,0.021172,-0.201515,SL_HIT,21,False,12.121227
Trend pullback — core,Trend pullback,Development (2019-09 to 2022-12),2022-09-01T15:25:00+00:00,2022-09-01T16:05:00+00:00,SHORT,1694.83,1699.7,0.0303,4.0,-0.147561,0.020541,0.0206,-0.188703,SL_HIT,8,False,11.932524
Trend pullback — core,Trend pullback,Development (2019-09 to 2022-12),2022-09-02T18:10:00+00:00,2022-09-02T19:30:00+00:00,LONG,1713.67,1709.48,0.0298,4.0,-0.124862,0.020427,0.020377,-0.165666,SL_HIT,16,False,11.766858
Trend pullback — core,Trend pullback,Development (2019-09 to 2022-12),2022-09-07T12:25:00+00:00,2022-09-07T12:50:00+00:00,LONG,1703.64,1698.87,0.0294,4.0,-0.140238,0.020035,0.019979,-0.180252,SL_HIT,5,False,11.586607
Trend pullback — core,Trend pullback,Development (2019-09 to 2022-12),2022-09-15T08:20:00+00:00,2022-09-15T10:15:00+00:00,SHORT,1687.21,1691.58,0.029,4.0,-0.12673,0.019572,0.019622,-0.165924,SL_HIT,23,False,11.420683
Trend pullback — core,Trend pullback,Development (2019-09 to 2022-12),2022-09-16T12:35:00+00:00,2022-09-16T14:00:00+00:00,SHORT,1661.14,1665.82,0.0286,4.0,-0.133848,0.019003,0.019057,-0.171908,SL_HIT,17,False,11.248774
Trend pullback — core,Trend pullback,Development (2019-09 to 2022-12),2022-09-19T08:50:00+00:00,2022-09-19T12:30:00+00:00,SHORT,1663.14,1667.82,0.0281,4.0,-0.131508,0.018694,0.018746,-0.168948,SL_HIT,44,False,11.079826
Trend pullback — core,Trend pullback,Development (2019-09 to 2022-12),2022-09-20T07:10:00+00:00,2022-09-20T08:10:00+00:00,LONG,1674.4,1670.14,0.0277,4.0,-0.118002,0.018552,0.018505,-0.15506,SL_HIT,12,False,10.924767
Trend pullback — core,Trend pullback,Development (2019-09 to 2022-12),2022-09-27T08:30:00+00:00,2022-09-27T09:35:00+00:00,LONG,1637.38,1632.23,0.0273,4.0,-0.140595,0.01788,0.017824,-0.176299,SL_HIT,13,False,10.748468
Trend pullback — core,Trend pullback,Development (2019-09 to 2022-12),2022-09-30T13:35:00+00:00,2022-09-30T13:40:00+00:00,LONG,1669.59,1665.19,0.0269,4.0,-0.11836,0.017965,0.017917,-0.154242,SL_HIT,1,False,10.594225
Trend pullback — core,Trend pullback,Development (2019-09 to 2022-12),2022-10-03T12:25:00+00:00,2022-10-03T13:00:00+00:00,LONG,1669.36,1665.22,0.0265,4.0,-0.10971,0.017695,0.017651,-0.145057,SL_HIT,7,False,10.449169
Trend pullback — core,Trend pullback,Development (2019-09 to 2022-12),2022-10-11T13:35:00+00:00,2022-10-11T13:45:00+00:00,SHORT,1667.94,1672.88,0.0261,4.0,-0.128934,0.017413,0.017465,-0.163812,SL_HIT,2,False,10.285357
Trend pullback — core,Trend pullback,Development (2019-09 to 2022-12),2022-10-12T07:25:00+00:00,2022-10-12T07:30:00+00:00,LONG,1671.37,1666.41,0.0257,4.0,-0.127472,0.017182,0.017131,-0.161784,SL_HIT,1,False,10.123572
Trend pullback — core,Trend pullback,Development (2019-09 to 2022-12),2022-10-12T07:55:00+00:00,2022-10-12T11:55:00+00:00,LONG,1670.3,1668.6,0.0253,4.0,-0.04301,0.016903,0.016886,-0.0768,TIME_EXIT,48,False,10.046773
Trend pullback — core,Trend pullback,Development (2019-09 to 2022-12),2022-10-13T11:20:00+00:00,2022-10-13T12:35:00+00:00,LONG,1675.14,1651.92,0.0251,4.0,-0.582822,0.016818,0.016585,-0.616226,SL_HIT,15,False,9.430547
Trend pullback — core,Trend pullback,Development (2019-09 to 2022-12),2022-10-18T08:30:00+00:00,2022-10-18T09:00:00+00:00,LONG,1655.81,1649.61,0.0236,4.0,-0.14632,0.015631,0.015572,-0.177523,SL_HIT,6,False,9.253024
Trend pullback — core,Trend pullback,Development (2019-09 to 2022-12),2022-10-19T13:45:00+00:00,2022-10-19T14:30:00+00:00,SHORT,1633.34,1637.4,0.0231,4.0,-0.093786,0.015092,0.01513,-0.124008,SL_HIT,9,False,9.129016
Trend pullback — core,Trend pullback,Development (2019-09 to 2022-12),2022-10-20T07:40:00+00:00,2022-10-20T07:50:00+00:00,SHORT,1627.16,1631.33,0.0228,4.0,-0.095076,0.01484,0.014878,-0.124793,SL_HIT,2,False,9.004223
Trend pullback — core,Trend pullback,Development (2019-09 to 2022-12),2022-10-26T14:05:00+00:00,2022-10-26T18:05:00+00:00,LONG,1666.86,1666.07,0.0225,4.0,-0.017775,0.015002,0.014995,-0.047771,TIME_EXIT,48,False,8.956451
Trend pullback — core,Trend pullback,Development (2019-09 to 2022-12),2022-10-28T12:05:00+00:00,2022-10-28T12:35:00+00:00,SHORT,1649.43,1641.46,0.0224,4.0,0.178528,0.014779,0.014707,0.149042,TP_HIT,6,False,9.105493
Trend pullback — core,Trend pullback,Development (2019-09 to 2022-12),2022-11-04T10:25:00+00:00,2022-11-04T12:35:00+00:00,LONG,1648.51,1643.43,0.0228,4.0,-0.115824,0.015034,0.014988,-0.145846,SL_HIT,26,False,8.959647
Trend pullback — core,Trend pullback,Development (2019-09 to 2022-12),2022-11-07T13:00:00+00:00,2022-11-07T13:25:00+00:00,LONG,1677.47,1673.27,0.0224,4.0,-0.09408,0.01503,0.014992,-0.124103,SL_HIT,5,False,8.835544
Trend pullback — core,Trend pullback,Development (2019-09 to 2022-12),2022-11-11T08:30:00+00:00,2022-11-11T11:05:00+00:00,LONG,1760.15,1754.87,0.0221,4.0,-0.116688,0.01556,0.015513,-0.147761,SL_HIT,31,False,8.687783
Trend pullback — core,Trend pullback,Development (2019-09 to 2022-12),2022-11-11T15:15:00+00:00,2022-11-11T19:15:00+00:00,LONG,1762.68,1765.01,0.0217,4.0,0.050561,0.0153,0.01532,0.019941,TIME_EXIT,48,False,8.707724
Trend pullback — core,Trend pullback,Development (2019-09 to 2022-12),2022-11-18T13:40:00+00:00,2022-11-18T14:50:00+00:00,SHORT,1761.35,1753.38,0.0218,4.0,0.173746,0.015359,0.015289,0.143098,TP_HIT,14,False,8.850821
Trend pullback — core,Trend pullback,Development (2019-09 to 2022-12),2022-11-23T10:05:00+00:00,2022-11-23T13:35:00+00:00,SHORT,1738.38,1730.41,0.0221,4.0,0.176137,0.015367,0.015297,0.145473,TP_HIT,42,False,8.996294
Trend pullback — core,Trend pullback,Development (2019-09 to 2022-12),2022-11-23T14:25:00+00:00,2022-11-23T14:50:00+00:00,SHORT,1736.57,1744.9,0.0225,4.0,-0.187425,0.015629,0.015704,-0.218758,SL_HIT,5,False,8.777536
Trend pullback — core,Trend pullback,Development (2019-09 to 2022-12),2022-11-24T08:35:00+00:00,2022-11-24T12:35:00+00:00,LONG,1756.06,1758.08,0.0219,4.0,0.044238,0.015383,0.015401,0.013454,TIME_EXIT,48,False,8.79099
Trend pullback — core,Trend pullback,Development (2019-09 to 2022-12),2022-12-01T08:45:00+00:00,2022-12-01T12:45:00+00:00,LONG,1778.91,1783.39,0.022,4.0,0.09856,0.015654,0.015694,0.067212,TIME_EXIT,48,False,8.858202
Trend pullback — core,Trend pullback,Development (2019-09 to 2022-12),2022-12-02T08:25:00+00:00,2022-12-02T12:25:00+00:00,LONG,1800.86,1797.71,0.0221,4.0,-0.069615,0.01592,0.015892,-0.101426,TIME_EXIT,48,False,8.756776
Trend pullback — core,Trend pullback,Development (2019-09 to 2022-12),2022-12-13T08:45:00+00:00,2022-12-13T10:15:00+00:00,LONG,1786.59,1782.39,0.0219,4.0,-0.09198,0.015651,0.015614,-0.123244,SL_HIT,18,False,8.633531
Trend pullback — core,Trend pullback,Development (2019-09 to 2022-12),2022-12-15T15:10:00+00:00,2022-12-15T19:10:00+00:00,SHORT,1780.1,1778.69,0.0206,4.184053,0.029046,0.014668,0.014656,-0.000278,TIME_EXIT,48,False,8.633253
Trend pullback — core,Trend pullback,Development (2019-09 to 2022-12),2022-12-16T14:30:00+00:00,2022-12-16T15:00:00+00:00,LONG,1784.37,1792.34,0.0216,4.0,0.172152,0.015417,0.015486,0.141249,TP_HIT,6,False,8.774502
Trend pullback — core,Trend pullback,Development (2019-09 to 2022-12),2022-12-21T07:30:00+00:00,2022-12-21T11:30:00+00:00,LONG,1815.34,1812.14,0.0219,4.0,-0.07008,0.015902,0.015874,-0.101857,TIME_EXIT,48,False,8.672645
Trend pullback — core,Trend pullback,Development (2019-09 to 2022-12),2022-12-22T13:35:00+00:00,2022-12-22T14:30:00+00:00,SHORT,1812.84,1804.87,0.0217,4.0,0.172949,0.015735,0.015666,0.141547,TP_HIT,11,False,8.814193
Trend pullback — core,Trend pullback,Development (2019-09 to 2022-12),2022-12-23T09:35:00+00:00,2022-12-23T13:30:00+00:00,SHORT,1796.07,1800.16,0.022,4.0,-0.08998,0.015805,0.015841,-0.121627,SL_HIT,47,False,8.692566
Trend pullback — core,Trend pullback,Development (2019-09 to 2022-12),2022-12-27T14:40:00+00:00,2022-12-27T15:15:00+00:00,LONG,1807.92,1815.89,0.0217,4.0,0.172949,0.015693,0.015762,0.141494,TP_HIT,7,False,8.83406
Trend pullback — core,Trend pullback,Development (2019-09 to 2022-12),2022-12-28T10:35:00+00:00,2022-12-28T12:35:00+00:00,SHORT,1802.14,1806.35,0.0221,4.0,-0.093041,0.015931,0.015968,-0.12494,SL_HIT,24,False,8.70912
Trend pullback — core,Trend pullback,Development (2019-09 to 2022-12),2022-12-28T18:45:00+00:00,2022-12-28T21:00:00+00:00,SHORT,1804.11,1804.59,0.0218,4.0,-0.010464,0.015732,0.015736,-0.041932,DAY_EXIT,27,False,8.667188
Trend pullback — core,Trend pullback,Development (2019-09 to 2022-12),2022-12-29T08:10:00+00:00,2022-12-29T12:10:00+00:00,LONG,1807.91,1806.77,0.0217,4.0,-0.024738,0.015693,0.015683,-0.056113,TIME_EXIT,48,False,8.611075
Trend pullback — MACD + CCI,Trend pullback,Development (2019-09 to 2022-12),2019-09-19T16:30:00+00:00,2019-09-19T20:30:00+00:00,LONG,1500.07,1498.24,0.25,4.0,-0.4575,0.150007,0.149824,-0.757331,TIME_EXIT,48,False,99.242669
Trend pullback — MACD + CCI,Trend pullback,Development (2019-09 to 2022-12),2019-09-23T07:25:00+00:00,2019-09-23T11:25:00+00:00,LONG,1515.15,1519.41,0.2481,4.0,1.056906,0.150363,0.150786,0.755756,TIME_EXIT,48,False,99.998425
Trend pullback — MACD + CCI,Trend pullback,Development (2019-09 to 2022-12),2019-10-07T15:05:00+00:00,2019-10-07T17:35:00+00:00,SHORT,1500.31,1492.34,0.25,4.0,1.9925,0.150031,0.149234,1.693235,TP_HIT,30,False,101.69166
Trend pullback — MACD + CCI,Trend pullback,Development (2019-09 to 2022-12),2019-10-14T13:40:00+00:00,2019-10-14T14:10:00+00:00,LONG,1493.54,1489.07,0.2542,4.0,-1.136274,0.151863,0.151409,-1.439546,SL_HIT,6,False,100.252114
Trend pullback — MACD + CCI,Trend pullback,Development (2019-09 to 2022-12),2019-10-22T13:00:00+00:00,2019-10-22T15:50:00+00:00,LONG,1487.08,1482.8,0.2506,4.0,-1.072568,0.149065,0.148636,-1.370269,SL_HIT,34,False,98.881846
Trend pullback — MACD + CCI,Trend pullback,Development (2019-09 to 2022-12),2019-11-07T13:35:00+00:00,2019-11-07T14:30:00+00:00,SHORT,1482.8,1488.14,0.2472,4.0,-1.320048,0.146619,0.147147,-1.613815,SL_HIT,11,False,97.268031
Trend pullback — MACD + CCI,Trend pullback,Development (2019-09 to 2022-12),2019-11-15T14:25:00+00:00,2019-11-15T18:25:00+00:00,SHORT,1465.54,1467.98,0.2432,4.0,-0.593408,0.142568,0.142805,-0.878781,TIME_EXIT,48,False,96.38925
Trend pullback — MACD + CCI,Trend pullback,Development (2019-09 to 2022-12),2019-11-19T14:05:00+00:00,2019-11-19T14:55:00+00:00,SHORT,1466.5,1470.64,0.241,4.0,-0.99774,0.141371,0.14177,-1.28088,SL_HIT,10,False,95.10837
Trend pullback — MACD + CCI,Trend pullback,Development (2019-09 to 2022-12),2019-11-20T07:45:00+00:00,2019-11-20T11:45:00+00:00,LONG,1476.86,1475.4,0.2378,4.0,-0.347188,0.140479,0.14034,-0.628007,TIME_EXIT,48,False,94.480363
Trend pullback — MACD + CCI,Trend pullback,Development (2019-09 to 2022-12),2019-12-31T14:05:00+00:00,2019-12-31T14:40:00+00:00,LONG,1522.2,1516.27,0.2362,4.0,-1.400666,0.143817,0.143257,-1.687741,SL_HIT,7,False,92.792622
Trend pullback — MACD + CCI,Trend pullback,Development (2019-09 to 2022-12),2020-02-25T16:25:00+00:00,2020-02-25T19:10:00+00:00,SHORT,1651.01,1642.700684,0.2225,4.169658,1.848823,0.14694,0.1462,1.555683,TP_HIT,33,False,94.348305
Trend pullback — MACD + CCI,Trend pullback,Development (2019-09 to 2022-12),2020-03-04T14:45:00+00:00,2020-03-04T15:20:00+00:00,LONG,1643.65,1639.02,0.2359,4.0,-1.092217,0.155095,0.154658,-1.40197,SL_HIT,7,False,92.946335
Trend pullback — MACD + CCI,Trend pullback,Development (2019-09 to 2022-12),2020-03-06T14:15:00+00:00,2020-03-06T14:35:00+00:00,LONG,1686.63,1680.31,0.1503,6.183105,-0.949896,0.1014,0.10102,-1.152316,SL_HIT,4,False,91.794019
Trend pullback — MACD + CCI,Trend pullback,Development (2019-09 to 2022-12),2020-03-16T17:20:00+00:00,2020-03-16T18:55:00+00:00,SHORT,1495.81,1507.27,0.0856,10.720363,-0.980976,0.051217,0.051609,-1.083801,SL_HIT,19,False,90.710217
Trend pullback — MACD + CCI,Trend pullback,Development (2019-09 to 2022-12),2020-03-27T19:00:00+00:00,2020-03-27T19:35:00+00:00,LONG,1625.82,1621.77,0.2268,4.0,-0.91854,0.147494,0.147127,-1.213161,SL_HIT,7,False,89.497056
Trend pullback — MACD + CCI,Trend pullback,Development (2019-09 to 2022-12),2020-04-03T07:30:00+00:00,2020-04-03T08:40:00+00:00,LONG,1613.47,1609.06,0.2237,4.0,-0.986517,0.144373,0.143979,-1.274869,SL_HIT,14,False,88.222187
Trend pullback — MACD + CCI,Trend pullback,Development (2019-09 to 2022-12),2020-04-16T14:05:00+00:00,2020-04-16T15:10:00+00:00,LONG,1727.91,1722.29,0.1651,5.343406,-0.927862,0.114111,0.11374,-1.155713,SL_HIT,13,False,87.066474
Trend pullback — MACD + CCI,Trend pullback,Development (2019-09 to 2022-12),2020-04-17T14:05:00+00:00,2020-04-17T17:05:00+00:00,SHORT,1694.31,1683.791665,0.1651,5.274168,1.736577,0.111892,0.111198,1.513487,TP_HIT,36,False,88.579961
Trend pullback — MACD + CCI,Trend pullback,Development (2019-09 to 2022-12),2020-04-20T10:05:00+00:00,2020-04-20T10:40:00+00:00,SHORT,1678.05,1682.61,0.2214,4.0,-1.009584,0.148608,0.149012,-1.307204,SL_HIT,7,False,87.272757
Trend pullback — MACD + CCI,Trend pullback,Development (2019-09 to 2022-12),2020-04-23T13:35:00+00:00,2020-04-23T16:05:00+00:00,LONG,1731.76,1726.7,0.1763,4.951161,-0.892078,0.122124,0.121767,-1.135969,SL_HIT,30,False,86.136789
Trend pullback — MACD + CCI,Trend pullback,Development (2019-09 to 2022-12),2020-04-27T09:35:00+00:00,2020-04-27T12:45:00+00:00,SHORT,1716.79,1721.11,0.2153,4.0,-0.930096,0.14785,0.148222,-1.226168,SL_HIT,38,False,84.910621
Trend pullback — MACD + CCI,Trend pullback,Development (2019-09 to 2022-12),2020-05-26T12:50:00+00:00,2020-05-26T13:30:00+00:00,SHORT,1723.63,1728.67,0.2123,4.0,-1.069992,0.146371,0.146799,-1.363161,SL_HIT,8,False,83.547459
Trend pullback — MACD + CCI,Trend pullback,Development (2019-09 to 2022-12),2020-06-01T08:10:00+00:00,2020-06-01T08:35:00+00:00,LONG,1742.28,1737.59,0.2089,4.0,-0.979741,0.145585,0.145193,-1.270519,SL_HIT,5,False,82.27694
Trend pullback — MACD + CCI,Trend pullback,Development (2019-09 to 2022-12),2020-07-22T13:55:00+00:00,2020-07-22T14:05:00+00:00,LONG,1856.42,1852.27,0.2057,4.0,-0.853655,0.152746,0.152405,-1.158806,SL_HIT,2,False,81.118134
Trend pullback — MACD + CCI,Trend pullback,Development (2019-09 to 2022-12),2020-07-24T11:10:00+00:00,2020-07-24T13:05:00+00:00,LONG,1893.57,1901.54,0.2028,4.0,1.616316,0.153606,0.154253,1.308457,TP_HIT,23,False,82.426591
Trend pullback — MACD + CCI,Trend pullback,Development (2019-09 to 2022-12),2020-08-03T13:40:00+00:00,2020-08-03T14:35:00+00:00,SHORT,1966.36,1972.03,0.2061,4.0,-1.168587,0.162107,0.162574,-1.493268,SL_HIT,11,False,80.933323
Trend pullback — MACD + CCI,Trend pullback,Development (2019-09 to 2022-12),2020-08-05T13:25:00+00:00,2020-08-05T13:35:00+00:00,LONG,2040.26,2035.54,0.1969,4.111157,-0.929368,0.160691,0.160319,-1.250378,SL_HIT,2,False,79.682945
Trend pullback — MACD + CCI,Trend pullback,Development (2019-09 to 2022-12),2020-08-10T07:00:00+00:00,2020-08-10T07:30:00+00:00,SHORT,2029.85,2034.32,0.1992,4.0,-0.890424,0.161738,0.162095,-1.214257,SL_HIT,6,False,78.468688
Trend pullback — MACD + CCI,Trend pullback,Development (2019-09 to 2022-12),2020-08-20T13:00:00+00:00,2020-08-20T14:25:00+00:00,SHORT,1933.83,1940.13,0.1318,5.955136,-0.83034,0.101952,0.102284,-1.034575,SL_HIT,17,False,77.434113
Trend pullback — MACD + CCI,Trend pullback,Development (2019-09 to 2022-12),2020-08-26T09:25:00+00:00,2020-08-26T12:20:00+00:00,SHORT,1918.13,1910.16,0.1936,4.0,1.542992,0.14854,0.147923,1.246529,TP_HIT,35,False,78.680642
Trend pullback — MACD + CCI,Trend pullback,Development (2019-09 to 2022-12),2020-09-04T07:05:00+00:00,2020-09-04T11:05:00+00:00,LONG,1936.5,1938.16,0.1967,4.0,0.326522,0.152364,0.152494,0.021664,TIME_EXIT,48,False,78.702306
Trend pullback — MACD + CCI,Trend pullback,Development (2019-09 to 2022-12),2020-09-10T08:30:00+00:00,2020-09-10T12:30:00+00:00,LONG,1946.57,1953.18,0.1968,4.0,1.300848,0.153234,0.153754,0.99386,TIME_EXIT,48,False,79.696166
Trend pullback — MACD + CCI,Trend pullback,Development (2019-09 to 2022-12),2020-09-10T17:35:00+00:00,2020-09-10T18:15:00+00:00,LONG,1957.35,1953.27,0.1992,4.0,-0.812736,0.155962,0.155637,-1.124334,SL_HIT,8,False,78.571831
Trend pullback — MACD + CCI,Trend pullback,Development (2019-09 to 2022-12),2020-09-15T17:45:00+00:00,2020-09-15T22:10:00+00:00,SHORT,1955.6,1954.92,0.1964,4.0,0.133552,0.153632,0.153579,-0.173658,DAY_EXIT,39,False,78.398173
Trend pullback — MACD + CCI,Trend pullback,Development (2019-09 to 2022-12),2020-09-16T18:20:00+00:00,2020-09-16T18:35:00+00:00,LONG,1965.66,1960.02,0.175,4.479743,-0.987,0.137596,0.137201,-1.261798,SL_HIT,3,False,77.136375
Trend pullback — MACD + CCI,Trend pullback,Development (2019-09 to 2022-12),2020-09-22T14:35:00+00:00,2020-09-22T15:10:00+00:00,SHORT,1909.26,1898.897328,0.1484,5.196336,1.537821,0.113334,0.112719,1.311768,TP_HIT,7,False,78.448144
Trend pullback — MACD + CCI,Trend pullback,Development (2019-09 to 2022-12),2020-09-29T07:25:00+00:00,2020-09-29T11:25:00+00:00,LONG,1881.78,1889.75,0.1961,4.0,1.562917,0.147607,0.148232,1.267078,TP_HIT,48,False,79.715222
Trend pullback — MACD + CCI,Trend pullback,Development (2019-09 to 2022-12),2020-10-09T07:05:00+00:00,2020-10-09T10:55:00+00:00,LONG,1909.11,1917.08,0.1993,4.0,1.588421,0.152194,0.15283,1.283397,TP_HIT,46,False,80.998619
Trend pullback — MACD + CCI,Trend pullback,Development (2019-09 to 2022-12),2020-10-13T07:05:00+00:00,2020-10-13T07:30:00+00:00,SHORT,1914.77,1919.12,0.2025,4.0,-0.880875,0.155096,0.155449,-1.19142,SL_HIT,5,False,79.807199
Trend pullback — MACD + CCI,Trend pullback,Development (2019-09 to 2022-12),2020-10-26T08:20:00+00:00,2020-10-26T09:55:00+00:00,SHORT,1898.22,1902.84,0.1995,4.0,-0.92169,0.151478,0.151847,-1.225015,SL_HIT,19,False,78.582184
Trend pullback — MACD + CCI,Trend pullback,Development (2019-09 to 2022-12),2020-10-27T12:35:00+00:00,2020-10-27T13:00:00+00:00,SHORT,1901.57,1906.07,0.1965,4.0,-0.88425,0.149463,0.149817,-1.183531,SL_HIT,5,False,77.398654
Trend pullback — MACD + CCI,Trend pullback,Development (2019-09 to 2022-12),2020-11-03T08:10:00+00:00,2020-11-03T12:05:00+00:00,LONG,1893.15,1901.12,0.1935,4.0,1.542195,0.14653,0.147147,1.248519,TP_HIT,47,False,78.647172
Trend pullback — MACD + CCI,Trend pullback,Development (2019-09 to 2022-12),2020-11-06T15:55:00+00:00,2020-11-06T19:55:00+00:00,LONG,1950.33,1952.33,0.1535,5.124526,0.307,0.11975,0.119873,0.067377,TIME_EXIT,48,False,78.714549
Trend pullback — MACD + CCI,Trend pullback,Development (2019-09 to 2022-12),2020-11-09T08:05:00+00:00,2020-11-09T11:30:00+00:00,LONG,1958.82,1954.49,0.1968,4.0,-0.852144,0.154198,0.153857,-1.1602,SL_HIT,41,False,77.554349
Trend pullback — MACD + CCI,Trend pullback,Development (2019-09 to 2022-12),2020-11-24T08:00:00+00:00,2020-11-24T10:30:00+00:00,SHORT,1827.35,1819.38,0.1939,4.0,1.545383,0.141729,0.141111,1.262543,TP_HIT,30,False,78.816892
Trend pullback — MACD + CCI,Trend pullback,Development (2019-09 to 2022-12),2020-12-08T08:35:00+00:00,2020-12-08T09:45:00+00:00,LONG,1866.93,1862.22,0.197,4.0,-0.92787,0.147114,0.146743,-1.221727,SL_HIT,14,False,77.595165
Trend pullback — MACD + CCI,Trend pullback,Development (2019-09 to 2022-12),2020-12-11T10:35:00+00:00,2020-12-11T11:30:00+00:00,SHORT,1833.78,1825.81,0.194,4.0,1.54618,0.142301,0.141683,1.262196,TP_HIT,11,False,78.857361
Trend pullback — MACD + CCI,Trend pullback,Development (2019-09 to 2022-12),2020-12-17T11:20:00+00:00,2020-12-17T13:45:00+00:00,LONG,1877.44,1885.41,0.1971,4.0,1.570887,0.148017,0.148646,1.274224,TP_HIT,29,False,80.131584
Trend pullback — MACD + CCI,Trend pullback,Development (2019-09 to 2022-12),2020-12-18T16:00:00+00:00,2020-12-18T16:20:00+00:00,LONG,1886.28,1880.95,0.2003,4.0,-1.067599,0.151129,0.150702,-1.369429,SL_HIT,4,False,78.762155
Trend pullback — MACD + CCI,Trend pullback,Development (2019-09 to 2022-12),2021-01-21T08:50:00+00:00,2021-01-21T10:35:00+00:00,LONG,1872.86,1866.77,0.1969,4.0,-1.199121,0.147506,0.147027,-1.493654,SL_HIT,21,False,77.268501
Trend pullback — MACD + CCI,Trend pullback,Development (2019-09 to 2022-12),2021-02-04T08:10:00+00:00,2021-02-04T08:15:00+00:00,SHORT,1820.99,1825.1,0.1932,4.0,-0.794052,0.140726,0.141044,-1.075822,SL_HIT,1,False,76.192679
Trend pullback — MACD + CCI,Trend pullback,Development (2019-09 to 2022-12),2021-02-05T13:35:00+00:00,2021-02-05T14:00:00+00:00,LONG,1804.69,1798.16,0.1905,4.0,-1.243965,0.137517,0.13702,-1.518502,SL_HIT,5,False,74.674177
Trend pullback — MACD + CCI,Trend pullback,Development (2019-09 to 2022-12),2021-02-10T13:05:00+00:00,2021-02-10T13:35:00+00:00,LONG,1842.96,1850.93,0.1867,4.0,1.487999,0.137632,0.138227,1.212139,TP_HIT,6,False,75.886316
Trend pullback — MACD + CCI,Trend pullback,Development (2019-09 to 2022-12),2021-02-12T11:30:00+00:00,2021-02-12T15:30:00+00:00,SHORT,1817.55,1817.52,0.1897,4.0,0.005691,0.137916,0.137913,-0.270138,TIME_EXIT,48,False,75.616178
Trend pullback — MACD + CCI,Trend pullback,Development (2019-09 to 2022-12),2021-02-22T13:05:00+00:00,2021-02-22T13:35:00+00:00,LONG,1798.34,1793.58,0.189,4.0,-0.89964,0.135955,0.135595,-1.171189,SL_HIT,6,False,74.444989
Trend pullback — MACD + CCI,Trend pullback,Development (2019-09 to 2022-12),2021-02-24T08:20:00+00:00,2021-02-24T09:05:00+00:00,LONG,1808.64,1804.37,0.1861,4.0,-0.794647,0.134635,0.134317,-1.063599,SL_HIT,9,False,73.381389
Trend pullback — MACD + CCI,Trend pullback,Development (2019-09 to 2022-12),2021-04-05T12:25:00+00:00,2021-04-05T13:00:00+00:00,LONG,1727.85,1722.96,0.1835,4.0,-0.897315,0.126824,0.126465,-1.150604,SL_HIT,7,False,72.230785
Trend pullback — MACD + CCI,Trend pullback,Development (2019-09 to 2022-12),2021-04-06T08:50:00+00:00,2021-04-06T12:50:00+00:00,LONG,1733.39,1737.18,0.1806,4.0,0.684474,0.12522,0.125494,0.43376,TIME_EXIT,48,False,72.664545
Trend pullback — MACD + CCI,Trend pullback,Development (2019-09 to 2022-12),2021-04-12T07:30:00+00:00,2021-04-12T09:40:00+00:00,SHORT,1738.36,1742.7,0.1817,4.0,-0.788578,0.126344,0.126659,-1.041581,SL_HIT,26,False,71.622963
Trend pullback — MACD + CCI,Trend pullback,Development (2019-09 to 2022-12),2021-04-28T09:15:00+00:00,2021-04-28T13:15:00+00:00,SHORT,1767.78,1771.21,0.1791,4.0,-0.614313,0.126644,0.126889,-0.867846,TIME_EXIT,48,False,70.755117
Trend pullback — MACD + CCI,Trend pullback,Development (2019-09 to 2022-12),2021-04-29T13:10:00+00:00,2021-04-29T13:25:00+00:00,SHORT,1774.86,1766.89,0.1769,4.0,1.409893,0.125589,0.125025,1.159279,TP_HIT,3,False,71.914396
Trend pullback — MACD + CCI,Trend pullback,Development (2019-09 to 2022-12),2021-04-30T11:55:00+00:00,2021-04-30T15:55:00+00:00,SHORT,1769.28,1767.94,0.1798,4.0,0.240932,0.127247,0.12715,-0.013465,TIME_EXIT,48,False,71.900931
Trend pullback — MACD + CCI,Trend pullback,Development (2019-09 to 2022-12),2021-05-20T12:20:00+00:00,2021-05-20T13:05:00+00:00,SHORT,1868.32,1873.19,0.1798,4.0,-0.875626,0.13437,0.13472,-1.144715,SL_HIT,9,False,70.756216
Trend pullback — MACD + CCI,Trend pullback,Development (2019-09 to 2022-12),2021-06-08T07:05:00+00:00,2021-06-08T07:25:00+00:00,LONG,1898.16,1893.79,0.1769,4.0,-0.773053,0.134314,0.134005,-1.041371,SL_HIT,4,False,69.714844
Trend pullback — MACD + CCI,Trend pullback,Development (2019-09 to 2022-12),2021-06-15T09:30:00+00:00,2021-06-15T10:55:00+00:00,LONG,1865.53,1864.83,0.1743,4.0,-0.12201,0.130065,0.130016,-0.382091,DATA_GAP_EXIT,17,False,69.332754
Trend pullback — MACD + CCI,Trend pullback,Development (2019-09 to 2022-12),2021-06-16T09:50:00+00:00,2021-06-16T10:50:00+00:00,LONG,1860.26,1856.21,0.1733,4.0,-0.701865,0.128953,0.128672,-0.959491,SL_HIT,12,False,68.373263
Trend pullback — MACD + CCI,Trend pullback,Development (2019-09 to 2022-12),2021-06-21T07:25:00+00:00,2021-06-21T07:45:00+00:00,SHORT,1774.43,1778.92,0.1709,4.0,-0.767341,0.1213,0.121607,-1.010248,SL_HIT,4,False,67.363015
Trend pullback — MACD + CCI,Trend pullback,Development (2019-09 to 2022-12),2021-06-29T19:05:00+00:00,2021-06-29T22:10:00+00:00,SHORT,1761.69,1762.34,0.1684,4.0,-0.10946,0.118667,0.118711,-0.346839,DAY_EXIT,23,False,67.016176
Trend pullback — MACD + CCI,Trend pullback,Development (2019-09 to 2022-12),2021-07-12T09:35:00+00:00,2021-07-12T13:35:00+00:00,SHORT,1802.45,1801.89,0.1675,4.0,0.0938,0.120764,0.120727,-0.147691,TIME_EXIT,48,False,66.868485
Trend pullback — MACD + CCI,Trend pullback,Development (2019-09 to 2022-12),2021-07-27T15:25:00+00:00,2021-07-27T19:25:00+00:00,LONG,1801.34,1799.72,0.1672,4.0,-0.270864,0.120474,0.120365,-0.511703,TIME_EXIT,48,False,66.356783
Trend pullback — MACD + CCI,Trend pullback,Development (2019-09 to 2022-12),2021-09-08T12:35:00+00:00,2021-09-08T13:50:00+00:00,SHORT,1797.47,1789.5,0.1659,4.0,1.322223,0.11928,0.118751,1.084192,TP_HIT,15,False,67.440974
Trend pullback — MACD + CCI,Trend pullback,Development (2019-09 to 2022-12),2021-10-12T10:35:00+00:00,2021-10-12T12:30:00+00:00,LONG,1761.29,1756.86,0.1686,4.0,-0.746898,0.118781,0.118483,-0.984162,SL_HIT,23,False,66.456812
Trend pullback — MACD + CCI,Trend pullback,Development (2019-09 to 2022-12),2021-10-12T13:10:00+00:00,2021-10-12T13:35:00+00:00,LONG,1762.85,1757.08,0.1661,4.0,-0.958397,0.117124,0.11674,-1.192261,SL_HIT,5,False,65.264551
Trend pullback — MACD + CCI,Trend pullback,Development (2019-09 to 2022-12),2021-10-14T12:45:00+00:00,2021-10-14T13:40:00+00:00,LONG,1799.03,1794.56,0.1632,4.0,-0.729504,0.117441,0.117149,-0.964094,SL_HIT,11,False,64.300458
Trend pullback — MACD + CCI,Trend pullback,Development (2019-09 to 2022-12),2021-11-02T12:15:00+00:00,2021-11-02T12:35:00+00:00,LONG,1794.62,1789.04,0.1608,4.0,-0.897264,0.11543,0.115071,-1.127765,SL_HIT,4,False,63.172692
Trend pullback — MACD + CCI,Trend pullback,Development (2019-09 to 2022-12),2021-11-03T12:35:00+00:00,2021-11-03T13:15:00+00:00,SHORT,1781.43,1773.46,0.1579,4.0,1.258463,0.112515,0.112012,1.033936,TP_HIT,8,False,64.206629
Trend pullback — MACD + CCI,Trend pullback,Development (2019-09 to 2022-12),2021-11-18T13:05:00+00:00,2021-11-18T13:45:00+00:00,SHORT,1862.04,1866.49,0.1605,4.0,-0.714225,0.119543,0.119829,-0.953597,SL_HIT,8,False,63.253032
Trend pullback — MACD + CCI,Trend pullback,Development (2019-09 to 2022-12),2021-11-29T07:05:00+00:00,2021-11-29T07:45:00+00:00,SHORT,1792.71,1797.2,0.1581,4.0,-0.709869,0.113371,0.113655,-0.936895,SL_HIT,8,False,62.316137
Trend pullback — MACD + CCI,Trend pullback,Development (2019-09 to 2022-12),2021-11-30T13:40:00+00:00,2021-11-30T14:50:00+00:00,LONG,1794.94,1802.91,0.1558,4.0,1.241726,0.111861,0.112357,1.017508,TP_HIT,14,False,63.333645
Trend pullback — MACD + CCI,Trend pullback,Development (2019-09 to 2022-12),2021-12-06T07:15:00+00:00,2021-12-06T08:20:00+00:00,LONG,1784.99,1780.26,0.1583,4.0,-0.748759,0.113026,0.112726,-0.974511,SL_HIT,13,False,62.359134
Trend pullback — MACD + CCI,Trend pullback,Development (2019-09 to 2022-12),2021-12-07T10:00:00+00:00,2021-12-07T13:35:00+00:00,LONG,1781.49,1775.43,0.1559,4.0,-0.944754,0.111094,0.110716,-1.166564,SL_HIT,43,False,61.192571
Trend pullback — MACD + CCI,Trend pullback,Development (2019-09 to 2022-12),2022-01-12T10:05:00+00:00,2022-01-12T14:05:00+00:00,LONG,1818.17,1821.36,0.153,4.0,0.48807,0.111272,0.111467,0.265331,TIME_EXIT,48,False,61.457902
Trend pullback — MACD + CCI,Trend pullback,Development (2019-09 to 2022-12),2022-01-18T13:10:00+00:00,2022-01-18T13:35:00+00:00,SHORT,1811.66,1817.3,0.1536,4.0,-0.866304,0.111308,0.111655,-1.089267,SL_HIT,5,False,60.368634
Trend pullback — MACD + CCI,Trend pullback,Development (2019-09 to 2022-12),2022-01-19T07:20:00+00:00,2022-01-19T09:20:00+00:00,SHORT,1812.67,1816.73,0.1509,4.0,-0.612654,0.109413,0.109658,-0.831725,SL_HIT,24,False,59.53691
Trend pullback — MACD + CCI,Trend pullback,Development (2019-09 to 2022-12),2022-02-02T14:35:00+00:00,2022-02-02T18:35:00+00:00,LONG,1804.36,1808.93,0.1488,4.0,0.680016,0.107396,0.107668,0.464953,TIME_EXIT,48,False,60.001863
Trend pullback — MACD + CCI,Trend pullback,Development (2019-09 to 2022-12),2022-03-07T07:35:00+00:00,2022-03-07T08:05:00+00:00,LONG,1985.08,1993.05,0.15,4.0,1.1955,0.119105,0.119583,0.956812,TP_HIT,6,False,60.958675
Trend pullback — MACD + CCI,Trend pullback,Development (2019-09 to 2022-12),2022-03-16T14:15:00+00:00,2022-03-16T14:45:00+00:00,SHORT,1911.27,1917.52,0.1308,4.659157,-0.8175,0.099998,0.100325,-1.017822,SL_HIT,6,False,59.940853
Trend pullback — MACD + CCI,Trend pullback,Development (2019-09 to 2022-12),2022-03-24T10:05:00+00:00,2022-03-24T11:45:00+00:00,LONG,1942.28,1950.25,0.1499,4.0,1.194703,0.116459,0.116937,0.961307,TP_HIT,20,False,60.90216
Trend pullback — MACD + CCI,Trend pullback,Development (2019-09 to 2022-12),2022-03-30T18:35:00+00:00,2022-03-30T22:10:00+00:00,LONG,1934.32,1932.88,0.1523,4.0,-0.219312,0.117839,0.117751,-0.454902,DAY_EXIT,29,False,60.447258
Trend pullback — MACD + CCI,Trend pullback,Development (2019-09 to 2022-12),2022-03-31T08:20:00+00:00,2022-03-31T11:05:00+00:00,SHORT,1926.83,1931.45,0.1511,4.0,-0.698082,0.116458,0.116737,-0.931276,SL_HIT,33,False,59.515981
Trend pullback — MACD + CCI,Trend pullback,Development (2019-09 to 2022-12),2022-04-01T14:25:00+00:00,2022-04-01T18:25:00+00:00,SHORT,1927.05,1924.3,0.1347,4.416886,0.370425,0.103829,0.103681,0.162914,TIME_EXIT,48,False,59.678896
Trend pullback — MACD + CCI,Trend pullback,Development (2019-09 to 2022-12),2022-04-19T12:40:00+00:00,2022-04-19T12:50:00+00:00,SHORT,1975.16,1967.19,0.1492,4.0,1.189124,0.117878,0.117402,0.953845,TP_HIT,2,False,60.63274
Trend pullback — MACD + CCI,Trend pullback,Development (2019-09 to 2022-12),2022-04-26T13:10:00+00:00,2022-04-26T14:20:00+00:00,LONG,1906.81,1902.69,0.1516,4.0,-0.624592,0.115629,0.115379,-0.8556,SL_HIT,14,False,59.77714
Trend pullback — MACD + CCI,Trend pullback,Development (2019-09 to 2022-12),2022-04-27T18:25:00+00:00,2022-04-27T22:10:00+00:00,SHORT,1887.85,1885.86,0.1494,4.0,0.297306,0.112818,0.112699,0.071789,DAY_EXIT,31,False,59.848929
Trend pullback — MACD + CCI,Trend pullback,Development (2019-09 to 2022-12),2022-05-03T10:35:00+00:00,2022-05-03T11:10:00+00:00,SHORT,1856.29,1861.05,0.1496,4.0,-0.712096,0.11108,0.111365,-0.934542,SL_HIT,7,False,58.914388
Trend pullback — MACD + CCI,Trend pullback,Development (2019-09 to 2022-12),2022-05-05T11:10:00+00:00,2022-05-05T11:30:00+00:00,LONG,1900.31,1895.49,0.1473,4.0,-0.709986,0.111966,0.111682,-0.933635,SL_HIT,4,False,57.980753
Trend pullback — MACD + CCI,Trend pullback,Development (2019-09 to 2022-12),2022-05-31T14:05:00+00:00,2022-05-31T18:05:00+00:00,SHORT,1845.67,1843.35,0.145,4.0,0.3364,0.107049,0.106914,0.122437,TIME_EXIT,48,False,58.10319
Trend pullback — MACD + CCI,Trend pullback,Development (2019-09 to 2022-12),2022-06-07T08:00:00+00:00,2022-06-07T08:40:00+00:00,SHORT,1841.9,1846.48,0.1453,4.0,-0.665474,0.107051,0.107317,-0.879843,SL_HIT,8,False,57.223347
Trend pullback — MACD + CCI,Trend pullback,Development (2019-09 to 2022-12),2022-06-08T08:20:00+00:00,2022-06-08T12:05:00+00:00,SHORT,1848.21,1852.92,0.1431,4.0,-0.674001,0.105792,0.106061,-0.885854,SL_HIT,45,False,56.337494
Trend pullback — MACD + CCI,Trend pullback,Development (2019-09 to 2022-12),2022-06-21T13:30:00+00:00,2022-06-21T13:55:00+00:00,SHORT,1835.09,1839.18,0.1408,4.0,-0.575872,0.103352,0.103583,-0.782807,SL_HIT,5,False,55.554687
Trend pullback — MACD + CCI,Trend pullback,Development (2019-09 to 2022-12),2022-06-23T08:35:00+00:00,2022-06-23T11:10:00+00:00,SHORT,1834.21,1826.24,0.1389,4.0,1.107033,0.101909,0.101466,0.903658,TP_HIT,31,False,56.458345
Trend pullback — MACD + CCI,Trend pullback,Development (2019-09 to 2022-12),2022-06-24T08:40:00+00:00,2022-06-24T10:00:00+00:00,SHORT,1825.05,1829.17,0.1411,4.0,-0.581332,0.103006,0.103238,-0.787576,SL_HIT,16,False,55.670769
Trend pullback — MACD + CCI,Trend pullback,Development (2019-09 to 2022-12),2022-07-06T08:40:00+00:00,2022-07-06T12:40:00+00:00,SHORT,1766.35,1762.33,0.1392,4.0,0.559584,0.09835,0.098127,0.363107,TIME_EXIT,48,False,56.033876
Trend pullback — MACD + CCI,Trend pullback,Development (2019-09 to 2022-12),2022-07-06T13:50:00+00:00,2022-07-06T14:20:00+00:00,SHORT,1759.85,1751.88,0.1401,4.0,1.116597,0.098622,0.098175,0.9198,TP_HIT,6,False,56.953676
Trend pullback — MACD + CCI,Trend pullback,Development (2019-09 to 2022-12),2022-07-14T16:25:00+00:00,2022-07-14T17:25:00+00:00,SHORT,1705.09,1709.6,0.1424,4.0,-0.642224,0.097122,0.097379,-0.836725,SL_HIT,12,False,56.116951
Trend pullback — MACD + CCI,Trend pullback,Development (2019-09 to 2022-12),2022-07-15T12:00:00+00:00,2022-07-15T12:40:00+00:00,SHORT,1704.29,1711.08,0.1403,4.0,-0.952637,0.095645,0.096026,-1.144308,SL_HIT,8,False,54.972643
Trend pullback — MACD + CCI,Trend pullback,Development (2019-09 to 2022-12),2022-07-27T07:45:00+00:00,2022-07-27T08:10:00+00:00,SHORT,1717.93,1722.83,0.1374,4.0,-0.67326,0.094417,0.094687,-0.862364,SL_HIT,5,False,54.110279
Trend pullback — MACD + CCI,Trend pullback,Development (2019-09 to 2022-12),2022-07-27T18:40:00+00:00,2022-07-27T18:55:00+00:00,LONG,1727.66,1735.63,0.1353,4.0,1.078341,0.093501,0.093932,0.890908,TP_HIT,3,False,55.001187
Trend pullback — MACD + CCI,Trend pullback,Development (2019-09 to 2022-12),2022-07-28T12:35:00+00:00,2022-07-28T13:30:00+00:00,LONG,1744.7,1752.67,0.1375,4.0,1.095875,0.095959,0.096397,0.90352,TP_HIT,11,False,55.904707
Trend pullback — MACD + CCI,Trend pullback,Development (2019-09 to 2022-12),2022-08-03T18:45:00+00:00,2022-08-03T19:15:00+00:00,SHORT,1760.56,1764.79,0.1398,4.0,-0.591354,0.098451,0.098687,-0.788492,SL_HIT,6,False,55.116215
Trend pullback — MACD + CCI,Trend pullback,Development (2019-09 to 2022-12),2022-08-19T07:05:00+00:00,2022-08-19T11:05:00+00:00,SHORT,1754.01,1751.43,0.1378,4.0,0.355524,0.096681,0.096539,0.162304,TIME_EXIT,48,False,55.278519
Trend pullback — MACD + CCI,Trend pullback,Development (2019-09 to 2022-12),2022-09-02T18:10:00+00:00,2022-09-02T19:30:00+00:00,LONG,1713.67,1709.48,0.1382,4.0,-0.579058,0.094732,0.0945,-0.76829,SL_HIT,16,False,54.510229
Trend pullback — MACD + CCI,Trend pullback,Development (2019-09 to 2022-12),2022-09-07T12:25:00+00:00,2022-09-07T12:50:00+00:00,LONG,1703.64,1698.87,0.1363,4.0,-0.650151,0.092882,0.092622,-0.835656,SL_HIT,5,False,53.674574
Trend pullback — MACD + CCI,Trend pullback,Development (2019-09 to 2022-12),2022-09-30T13:35:00+00:00,2022-09-30T13:40:00+00:00,LONG,1669.59,1665.19,0.1342,4.0,-0.59048,0.089624,0.089387,-0.769491,SL_HIT,1,False,52.905083
Trend pullback — MACD + CCI,Trend pullback,Development (2019-09 to 2022-12),2022-10-03T12:25:00+00:00,2022-10-03T13:00:00+00:00,LONG,1669.36,1665.22,0.1323,4.0,-0.547722,0.088343,0.088123,-0.724188,SL_HIT,7,False,52.180895
Trend pullback — MACD + CCI,Trend pullback,Development (2019-09 to 2022-12),2022-10-20T07:40:00+00:00,2022-10-20T07:50:00+00:00,SHORT,1627.16,1631.33,0.1305,4.0,-0.544185,0.084938,0.085155,-0.714278,SL_HIT,2,False,51.466616
Trend pullback — MACD + CCI,Trend pullback,Development (2019-09 to 2022-12),2022-11-07T13:00:00+00:00,2022-11-07T13:25:00+00:00,LONG,1677.47,1673.27,0.1287,4.0,-0.54054,0.086356,0.08614,-0.713036,SL_HIT,5,False,50.75358
Trend pullback — MACD + CCI,Trend pullback,Development (2019-09 to 2022-12),2022-12-01T08:45:00+00:00,2022-12-01T12:45:00+00:00,LONG,1778.91,1783.39,0.1269,4.0,0.568512,0.090297,0.090525,0.38769,TIME_EXIT,48,False,51.14127
Trend pullback — MACD + CCI,Trend pullback,Development (2019-09 to 2022-12),2022-12-15T15:25:00+00:00,2022-12-15T19:25:00+00:00,SHORT,1777.78,1779.12,0.118,4.332236,-0.15812,0.083911,0.083974,-0.326006,TIME_EXIT,48,False,50.815264
Trend pullback — MACD + CCI,Trend pullback,Development (2019-09 to 2022-12),2022-12-21T07:30:00+00:00,2022-12-21T11:30:00+00:00,LONG,1815.34,1812.14,0.127,4.0,-0.4064,0.092219,0.092057,-0.590676,TIME_EXIT,48,False,50.224588
Trend pullback — MACD + CCI,Trend pullback,Development (2019-09 to 2022-12),2022-12-22T13:35:00+00:00,2022-12-22T14:30:00+00:00,SHORT,1812.84,1804.87,0.1256,4.0,1.001032,0.091077,0.090677,0.819278,TP_HIT,11,False,51.043867
Trend pullback — MACD + CCI,Trend pullback,Development (2019-09 to 2022-12),2022-12-23T09:35:00+00:00,2022-12-23T13:30:00+00:00,SHORT,1796.07,1800.16,0.1276,4.0,-0.521884,0.091671,0.09188,-0.705436,SL_HIT,47,False,50.338431
Trend pullback — MACD + CCI,Trend pullback,Development (2019-09 to 2022-12),2022-12-27T14:40:00+00:00,2022-12-27T15:15:00+00:00,LONG,1807.92,1815.89,0.1258,4.0,1.002626,0.090975,0.091376,0.820276,TP_HIT,7,False,51.158707
Trend pullback — MACD + CCI,Trend pullback,Development (2019-09 to 2022-12),2022-12-28T18:45:00+00:00,2022-12-28T21:00:00+00:00,SHORT,1804.11,1804.59,0.1279,4.0,-0.061392,0.092298,0.092323,-0.246013,DAY_EXIT,27,False,50.912694
Trend pullback — MACD + CCI,Trend pullback,Development (2019-09 to 2022-12),2022-12-29T08:10:00+00:00,2022-12-29T12:10:00+00:00,LONG,1807.91,1806.77,0.1273,4.0,-0.145122,0.092059,0.092001,-0.329182,TIME_EXIT,48,False,50.583512
Trend pullback — value-confirmed,Trend pullback,Development (2019-09 to 2022-12),2019-10-07T15:05:00+00:00,2019-10-07T17:35:00+00:00,SHORT,1500.31,1492.34,0.25,4.0,1.9925,0.150031,0.149234,1.693235,TP_HIT,30,False,101.693235
Trend pullback — value-confirmed,Trend pullback,Development (2019-09 to 2022-12),2020-03-04T14:45:00+00:00,2020-03-04T15:20:00+00:00,LONG,1643.65,1639.02,0.2542,4.0,-1.176946,0.167126,0.166656,-1.510728,SL_HIT,7,False,100.182507
Trend pullback — value-confirmed,Trend pullback,Development (2019-09 to 2022-12),2020-03-16T17:20:00+00:00,2020-03-16T18:55:00+00:00,SHORT,1495.81,1507.27,0.0935,10.720363,-1.07151,0.055943,0.056372,-1.183825,SL_HIT,19,False,98.998682
Trend pullback — value-confirmed,Trend pullback,Development (2019-09 to 2022-12),2020-03-27T19:00:00+00:00,2020-03-27T19:35:00+00:00,LONG,1625.82,1621.77,0.2475,4.0,-1.002375,0.160956,0.160555,-1.323886,SL_HIT,7,False,97.674796
Trend pullback — value-confirmed,Trend pullback,Development (2019-09 to 2022-12),2020-04-03T07:30:00+00:00,2020-04-03T08:40:00+00:00,LONG,1613.47,1609.06,0.2442,4.0,-1.076922,0.157604,0.157173,-1.391699,SL_HIT,14,False,96.283097
Trend pullback — value-confirmed,Trend pullback,Development (2019-09 to 2022-12),2020-04-17T14:05:00+00:00,2020-04-17T17:05:00+00:00,SHORT,1694.31,1683.791665,0.1826,5.274168,1.920648,0.123752,0.122984,1.673911,TP_HIT,36,False,97.957008
Trend pullback — value-confirmed,Trend pullback,Development (2019-09 to 2022-12),2020-04-20T10:05:00+00:00,2020-04-20T10:40:00+00:00,SHORT,1678.05,1682.61,0.2449,4.0,-1.116744,0.164382,0.164828,-1.445954,SL_HIT,7,False,96.511054
Trend pullback — value-confirmed,Trend pullback,Development (2019-09 to 2022-12),2020-04-27T09:35:00+00:00,2020-04-27T12:45:00+00:00,SHORT,1716.79,1721.11,0.2413,4.0,-1.042416,0.165705,0.166122,-1.374242,SL_HIT,38,False,95.136812
Trend pullback — value-confirmed,Trend pullback,Development (2019-09 to 2022-12),2020-06-01T08:10:00+00:00,2020-06-01T08:35:00+00:00,LONG,1742.28,1737.59,0.2378,4.0,-1.115282,0.165726,0.16528,-1.446287,SL_HIT,5,False,93.690525
Trend pullback — value-confirmed,Trend pullback,Development (2019-09 to 2022-12),2020-07-22T13:55:00+00:00,2020-07-22T14:05:00+00:00,LONG,1856.42,1852.27,0.2342,4.0,-0.97193,0.173909,0.173521,-1.31936,SL_HIT,2,False,92.371165
Trend pullback — value-confirmed,Trend pullback,Development (2019-09 to 2022-12),2020-08-10T07:00:00+00:00,2020-08-10T07:30:00+00:00,SHORT,2029.85,2034.32,0.2309,4.0,-1.032123,0.187477,0.18789,-1.40749,SL_HIT,6,False,90.963675
Trend pullback — value-confirmed,Trend pullback,Development (2019-09 to 2022-12),2020-08-20T13:00:00+00:00,2020-08-20T14:25:00+00:00,SHORT,1933.83,1940.13,0.1527,5.955136,-0.96201,0.118118,0.118503,-1.198631,SL_HIT,17,False,89.765043
Trend pullback — value-confirmed,Trend pullback,Development (2019-09 to 2022-12),2020-09-04T07:05:00+00:00,2020-09-04T11:05:00+00:00,LONG,1936.5,1938.16,0.2244,4.0,0.372504,0.17382,0.173969,0.024715,TIME_EXIT,48,False,89.789758
Trend pullback — value-confirmed,Trend pullback,Development (2019-09 to 2022-12),2020-09-10T08:30:00+00:00,2020-09-10T12:30:00+00:00,LONG,1946.57,1953.18,0.2245,4.0,1.483945,0.174802,0.175396,1.133747,TIME_EXIT,48,False,90.923505
Trend pullback — value-confirmed,Trend pullback,Development (2019-09 to 2022-12),2020-09-16T18:20:00+00:00,2020-09-16T18:35:00+00:00,LONG,1965.66,1960.02,0.203,4.479743,-1.14492,0.159612,0.159154,-1.463685,SL_HIT,3,False,89.45982
Trend pullback — value-confirmed,Trend pullback,Development (2019-09 to 2022-12),2020-10-13T07:05:00+00:00,2020-10-13T07:30:00+00:00,SHORT,1914.77,1919.12,0.2236,4.0,-0.97266,0.171257,0.171646,-1.315563,SL_HIT,5,False,88.144257
Trend pullback — value-confirmed,Trend pullback,Development (2019-09 to 2022-12),2020-10-26T08:20:00+00:00,2020-10-26T09:55:00+00:00,SHORT,1898.22,1902.84,0.2204,4.0,-1.018248,0.167347,0.167754,-1.353349,SL_HIT,19,False,86.790908
Trend pullback — value-confirmed,Trend pullback,Development (2019-09 to 2022-12),2020-11-09T08:05:00+00:00,2020-11-09T11:30:00+00:00,LONG,1958.82,1954.49,0.217,4.0,-0.93961,0.170026,0.16965,-1.279285,SL_HIT,41,False,85.511622
Trend pullback — value-confirmed,Trend pullback,Development (2019-09 to 2022-12),2020-11-24T08:00:00+00:00,2020-11-24T10:30:00+00:00,SHORT,1827.35,1819.38,0.2138,4.0,1.703986,0.156275,0.155593,1.392118,TP_HIT,30,False,86.90374
Trend pullback — value-confirmed,Trend pullback,Development (2019-09 to 2022-12),2020-12-08T08:35:00+00:00,2020-12-08T09:45:00+00:00,LONG,1866.93,1862.22,0.2173,4.0,-1.023483,0.162274,0.161864,-1.347621,SL_HIT,14,False,85.556119
Trend pullback — value-confirmed,Trend pullback,Development (2019-09 to 2022-12),2020-12-11T10:35:00+00:00,2020-12-11T11:30:00+00:00,SHORT,1833.78,1825.81,0.2139,4.0,1.704783,0.156898,0.156216,1.391668,TP_HIT,11,False,86.947788
Trend pullback — value-confirmed,Trend pullback,Development (2019-09 to 2022-12),2021-01-21T08:50:00+00:00,2021-01-21T10:35:00+00:00,LONG,1872.86,1866.77,0.2174,4.0,-1.323966,0.162864,0.162334,-1.649164,SL_HIT,21,False,85.298623
Trend pullback — value-confirmed,Trend pullback,Development (2019-09 to 2022-12),2021-02-04T08:10:00+00:00,2021-02-04T08:15:00+00:00,SHORT,1820.99,1825.1,0.2132,4.0,-0.876252,0.155294,0.155645,-1.187191,SL_HIT,1,False,84.111433
Trend pullback — value-confirmed,Trend pullback,Development (2019-09 to 2022-12),2021-02-05T13:35:00+00:00,2021-02-05T14:00:00+00:00,LONG,1804.69,1798.16,0.2103,4.0,-1.373259,0.151811,0.151261,-1.676331,SL_HIT,5,False,82.435102
Trend pullback — value-confirmed,Trend pullback,Development (2019-09 to 2022-12),2021-02-10T13:05:00+00:00,2021-02-10T13:35:00+00:00,LONG,1842.96,1850.93,0.2061,4.0,1.642617,0.151934,0.152591,1.338093,TP_HIT,6,False,83.773195
Trend pullback — value-confirmed,Trend pullback,Development (2019-09 to 2022-12),2021-04-05T12:25:00+00:00,2021-04-05T13:00:00+00:00,LONG,1727.85,1722.96,0.2094,4.0,-1.023966,0.144725,0.144315,-1.313006,SL_HIT,7,False,82.460189
Trend pullback — value-confirmed,Trend pullback,Development (2019-09 to 2022-12),2021-04-06T08:50:00+00:00,2021-04-06T12:50:00+00:00,LONG,1733.39,1737.18,0.2062,4.0,0.781498,0.14297,0.143283,0.495245,TIME_EXIT,48,False,82.955434
Trend pullback — value-confirmed,Trend pullback,Development (2019-09 to 2022-12),2021-04-12T07:30:00+00:00,2021-04-12T09:40:00+00:00,SHORT,1738.36,1742.7,0.2074,4.0,-0.900116,0.144214,0.144574,-1.188905,SL_HIT,26,False,81.76653
Trend pullback — value-confirmed,Trend pullback,Development (2019-09 to 2022-12),2021-04-28T09:15:00+00:00,2021-04-28T13:15:00+00:00,SHORT,1767.78,1771.21,0.2044,4.0,-0.701092,0.144534,0.144814,-0.99044,TIME_EXIT,48,False,80.77609
Trend pullback — value-confirmed,Trend pullback,Development (2019-09 to 2022-12),2021-06-15T09:30:00+00:00,2021-06-15T10:55:00+00:00,LONG,1865.53,1864.83,0.2019,4.0,-0.14133,0.15066,0.150604,-0.442594,DATA_GAP_EXIT,17,False,80.333496
Trend pullback — value-confirmed,Trend pullback,Development (2019-09 to 2022-12),2021-07-12T09:35:00+00:00,2021-07-12T13:35:00+00:00,SHORT,1802.45,1801.89,0.2008,4.0,0.112448,0.144773,0.144728,-0.177053,TIME_EXIT,48,False,80.156443
Trend pullback — value-confirmed,Trend pullback,Development (2019-09 to 2022-12),2021-09-08T12:35:00+00:00,2021-09-08T13:50:00+00:00,SHORT,1797.47,1789.5,0.2004,4.0,1.597188,0.144085,0.143446,1.309656,TP_HIT,15,False,81.4661
Trend pullback — value-confirmed,Trend pullback,Development (2019-09 to 2022-12),2021-10-12T13:10:00+00:00,2021-10-12T13:35:00+00:00,LONG,1762.85,1757.08,0.2037,4.0,-1.175349,0.143637,0.143167,-1.462153,SL_HIT,5,False,80.003947
Trend pullback — value-confirmed,Trend pullback,Development (2019-09 to 2022-12),2021-11-02T12:15:00+00:00,2021-11-02T12:35:00+00:00,LONG,1794.62,1789.04,0.2,4.0,-1.116,0.14357,0.143123,-1.402693,SL_HIT,4,False,78.601254
Trend pullback — value-confirmed,Trend pullback,Development (2019-09 to 2022-12),2021-11-03T12:35:00+00:00,2021-11-03T13:15:00+00:00,SHORT,1781.43,1773.46,0.1965,4.0,1.566105,0.14002,0.139394,1.286691,TP_HIT,8,False,79.887945
Trend pullback — value-confirmed,Trend pullback,Development (2019-09 to 2022-12),2021-11-29T07:05:00+00:00,2021-11-29T07:45:00+00:00,SHORT,1792.71,1797.2,0.1997,4.0,-0.896653,0.143202,0.14356,-1.183415,SL_HIT,8,False,78.70453
Trend pullback — value-confirmed,Trend pullback,Development (2019-09 to 2022-12),2021-11-30T13:40:00+00:00,2021-11-30T14:50:00+00:00,LONG,1794.94,1802.91,0.1968,4.0,1.568496,0.141298,0.141925,1.285273,TP_HIT,14,False,79.989803
Trend pullback — value-confirmed,Trend pullback,Development (2019-09 to 2022-12),2021-12-06T07:15:00+00:00,2021-12-06T08:20:00+00:00,LONG,1784.99,1780.26,0.2,4.0,-0.946,0.142799,0.142421,-1.23122,SL_HIT,13,False,78.758583
Trend pullback — value-confirmed,Trend pullback,Development (2019-09 to 2022-12),2021-12-07T10:00:00+00:00,2021-12-07T13:35:00+00:00,LONG,1781.49,1775.43,0.1969,4.0,-1.193214,0.14031,0.139833,-1.473357,SL_HIT,43,False,77.285226
Trend pullback — value-confirmed,Trend pullback,Development (2019-09 to 2022-12),2022-01-19T07:20:00+00:00,2022-01-19T09:20:00+00:00,SHORT,1812.67,1816.73,0.1932,4.0,-0.784392,0.140083,0.140397,-1.064872,SL_HIT,24,False,76.220354
Trend pullback — value-confirmed,Trend pullback,Development (2019-09 to 2022-12),2022-03-16T14:15:00+00:00,2022-03-16T14:45:00+00:00,SHORT,1911.27,1917.52,0.1636,4.659157,-1.0225,0.125074,0.125483,-1.273056,SL_HIT,6,False,74.947298
Trend pullback — value-confirmed,Trend pullback,Development (2019-09 to 2022-12),2022-03-31T08:20:00+00:00,2022-03-31T11:05:00+00:00,SHORT,1926.83,1931.45,0.1874,4.0,-0.865788,0.144435,0.144781,-1.155005,SL_HIT,33,False,73.792293
Trend pullback — value-confirmed,Trend pullback,Development (2019-09 to 2022-12),2022-04-19T12:40:00+00:00,2022-04-19T12:50:00+00:00,SHORT,1975.16,1967.19,0.1845,4.0,1.470465,0.145767,0.145179,1.17952,TP_HIT,2,False,74.971813
Trend pullback — value-confirmed,Trend pullback,Development (2019-09 to 2022-12),2022-05-05T11:10:00+00:00,2022-05-05T11:30:00+00:00,LONG,1900.31,1895.49,0.1874,4.0,-0.903268,0.142447,0.142086,-1.187801,SL_HIT,4,False,73.784012
Trend pullback — value-confirmed,Trend pullback,Development (2019-09 to 2022-12),2022-05-31T14:05:00+00:00,2022-05-31T18:05:00+00:00,SHORT,1845.67,1843.35,0.1845,4.0,0.42804,0.13621,0.136039,0.15579,TIME_EXIT,48,False,73.939802
Trend pullback — value-confirmed,Trend pullback,Development (2019-09 to 2022-12),2022-06-23T08:35:00+00:00,2022-06-23T11:10:00+00:00,SHORT,1834.21,1826.24,0.1848,4.0,1.472856,0.135585,0.134996,1.202276,TP_HIT,31,False,75.142078
Trend pullback — value-confirmed,Trend pullback,Development (2019-09 to 2022-12),2022-07-06T08:40:00+00:00,2022-07-06T12:40:00+00:00,SHORT,1766.35,1762.33,0.1879,4.0,0.755358,0.132759,0.132457,0.490142,TIME_EXIT,48,False,75.63222
Trend pullback — value-confirmed,Trend pullback,Development (2019-09 to 2022-12),2022-07-28T12:35:00+00:00,2022-07-28T13:30:00+00:00,LONG,1744.7,1752.67,0.1891,4.0,1.507127,0.131969,0.132572,1.242586,TP_HIT,11,False,76.874806
Trend pullback — value-confirmed,Trend pullback,Development (2019-09 to 2022-12),2022-08-19T07:05:00+00:00,2022-08-19T11:05:00+00:00,SHORT,1754.01,1751.43,0.1922,4.0,0.495876,0.134848,0.13465,0.226378,TIME_EXIT,48,False,77.101184
Trend pullback — value-confirmed,Trend pullback,Development (2019-09 to 2022-12),2022-09-30T13:35:00+00:00,2022-09-30T13:40:00+00:00,LONG,1669.59,1665.19,0.1928,4.0,-0.84832,0.128759,0.128419,-1.105498,SL_HIT,1,False,75.995685
Trend pullback — value-confirmed,Trend pullback,Development (2019-09 to 2022-12),2022-10-03T12:25:00+00:00,2022-10-03T13:00:00+00:00,LONG,1669.36,1665.22,0.19,4.0,-0.7866,0.126871,0.126557,-1.040028,SL_HIT,7,False,74.955657
Trend pullback — value-confirmed,Trend pullback,Development (2019-09 to 2022-12),2022-10-20T07:40:00+00:00,2022-10-20T07:50:00+00:00,SHORT,1627.16,1631.33,0.1874,4.0,-0.781458,0.121972,0.122284,-1.025714,SL_HIT,2,False,73.929943
Trend pullback — value-confirmed,Trend pullback,Development (2019-09 to 2022-12),2022-12-22T13:35:00+00:00,2022-12-22T14:30:00+00:00,SHORT,1812.84,1804.87,0.1848,4.0,1.472856,0.134005,0.133416,1.205435,TP_HIT,11,False,75.135378
Trend pullback — value-confirmed,Trend pullback,Development (2019-09 to 2022-12),2022-12-27T14:40:00+00:00,2022-12-27T15:15:00+00:00,LONG,1807.92,1815.89,0.1878,4.0,1.496766,0.135811,0.13641,1.224545,TP_HIT,7,False,76.359923
Trend pullback — value-confirmed,Trend pullback,Development (2019-09 to 2022-12),2022-12-29T08:10:00+00:00,2022-12-29T12:10:00+00:00,LONG,1807.91,1806.77,0.1909,4.0,-0.217626,0.138052,0.137965,-0.493643,TIME_EXIT,48,False,75.86628
Squeeze breakout — core,Squeeze breakout,Development (2019-09 to 2022-12),2019-10-02T12:40:00+00:00,2019-10-02T13:20:00+00:00,LONG,1488.92,1496.89,0.25,4.0,1.9925,0.148892,0.149689,1.693919,TP_HIT,8,False,101.693919
Squeeze breakout — core,Squeeze breakout,Development (2019-09 to 2022-12),2019-10-02T17:35:00+00:00,2019-10-02T18:20:00+00:00,LONG,1504.4,1500.17,0.2542,4.0,-1.075266,0.152967,0.152537,-1.380771,SL_HIT,9,False,100.313148
Squeeze breakout — core,Squeeze breakout,Development (2019-09 to 2022-12),2019-10-07T17:35:00+00:00,2019-10-07T22:10:00+00:00,SHORT,1493.87,1493.82,0.2508,4.0,0.01254,0.149865,0.14986,-0.287185,DAY_EXIT,41,False,100.025963
Squeeze breakout — core,Squeeze breakout,Development (2019-09 to 2022-12),2019-10-09T19:45:00+00:00,2019-10-09T19:50:00+00:00,LONG,1510.88,1506.56,0.2501,4.0,-1.080432,0.151148,0.150716,-1.382297,SL_HIT,1,False,98.643667
Squeeze breakout — core,Squeeze breakout,Development (2019-09 to 2022-12),2019-10-11T14:05:00+00:00,2019-10-11T15:10:00+00:00,SHORT,1477.86,1482.33,0.2466,4.0,-1.102302,0.145776,0.146217,-1.394295,SL_HIT,13,False,97.249371
Squeeze breakout — core,Squeeze breakout,Development (2019-09 to 2022-12),2019-10-17T15:30:00+00:00,2019-10-17T19:30:00+00:00,LONG,1494.15,1491.4,0.2431,4.0,-0.668525,0.145291,0.145024,-0.95884,TIME_EXIT,48,False,96.290532
Squeeze breakout — core,Squeeze breakout,Development (2019-09 to 2022-12),2019-10-24T18:05:00+00:00,2019-10-24T22:10:00+00:00,LONG,1502.9,1503.1,0.2407,4.0,0.04814,0.144699,0.144718,-0.241278,DAY_EXIT,35,False,96.049254
Squeeze breakout — core,Squeeze breakout,Development (2019-09 to 2022-12),2019-12-11T15:20:00+00:00,2019-12-11T19:20:00+00:00,LONG,1468.32,1472.72,0.2401,4.0,1.05644,0.141017,0.14144,0.773983,TIME_EXIT,48,False,96.823236
Squeeze breakout — core,Squeeze breakout,Development (2019-09 to 2022-12),2020-01-08T16:10:00+00:00,2020-01-08T16:40:00+00:00,SHORT,1568.6,1560.63,0.2421,4.0,1.929537,0.151903,0.151131,1.626502,TP_HIT,6,False,98.449739
Squeeze breakout — core,Squeeze breakout,Development (2019-09 to 2022-12),2020-02-03T07:05:00+00:00,2020-02-03T11:05:00+00:00,SHORT,1577.52,1580.52,0.2461,4.0,-0.7383,0.155291,0.155586,-1.049177,TIME_EXIT,48,False,97.400561
Squeeze breakout — core,Squeeze breakout,Development (2019-09 to 2022-12),2020-03-04T12:10:00+00:00,2020-03-04T13:20:00+00:00,LONG,1645.61,1641.47,0.2435,4.0,-1.00809,0.160282,0.159879,-1.328252,SL_HIT,14,False,96.07231
Squeeze breakout — core,Squeeze breakout,Development (2019-09 to 2022-12),2020-03-11T17:30:00+00:00,2020-03-11T17:45:00+00:00,SHORT,1642.0,1646.46,0.2402,4.0,-1.071292,0.157763,0.158192,-1.387247,SL_HIT,3,False,94.685062
Squeeze breakout — core,Squeeze breakout,Development (2019-09 to 2022-12),2020-03-11T18:30:00+00:00,2020-03-11T19:25:00+00:00,SHORT,1637.79,1646.49,0.2367,4.0,-2.05929,0.155066,0.15589,-2.370246,SL_HIT,11,False,92.314817
Squeeze breakout — core,Squeeze breakout,Development (2019-09 to 2022-12),2020-03-17T09:35:00+00:00,2020-03-17T09:40:00+00:00,SHORT,1472.39,1479.85,0.1754,5.264026,-1.308484,0.103303,0.103826,-1.515613,SL_HIT,1,False,90.799204
Squeeze breakout — core,Squeeze breakout,Development (2019-09 to 2022-12),2020-03-18T17:30:00+00:00,2020-03-18T17:45:00+00:00,SHORT,1476.6,1491.64,0.1226,7.403787,-1.843904,0.072412,0.07315,-1.989466,SL_HIT,3,False,88.809737
Squeeze breakout — core,Squeeze breakout,Development (2019-09 to 2022-12),2020-04-14T11:05:00+00:00,2020-04-14T11:15:00+00:00,LONG,1722.35,1718.31,0.222,4.0,-0.89688,0.152945,0.152586,-1.202411,SL_HIT,2,False,87.607327
Squeeze breakout — core,Squeeze breakout,Development (2019-09 to 2022-12),2020-04-14T12:05:00+00:00,2020-04-14T13:25:00+00:00,LONG,1722.87,1731.027222,0.214,4.093611,1.745646,0.147478,0.148176,1.449992,TP_HIT,16,False,89.057319
Squeeze breakout — core,Squeeze breakout,Development (2019-09 to 2022-12),2020-04-17T09:35:00+00:00,2020-04-17T09:45:00+00:00,SHORT,1690.65,1695.89,0.2048,4.348951,-1.073152,0.138498,0.138927,-1.350577,SL_HIT,2,False,87.706741
Squeeze breakout — core,Squeeze breakout,Development (2019-09 to 2022-12),2020-04-17T18:15:00+00:00,2020-04-17T18:20:00+00:00,SHORT,1680.49,1685.01,0.2193,4.0,-0.991236,0.147413,0.147809,-1.286458,SL_HIT,1,False,86.420284
Squeeze breakout — core,Squeeze breakout,Development (2019-09 to 2022-12),2020-04-17T19:40:00+00:00,2020-04-17T20:00:00+00:00,SHORT,1680.25,1684.43,0.2161,4.0,-0.903298,0.145241,0.145602,-1.194141,SL_HIT,4,False,85.226143
Squeeze breakout — core,Squeeze breakout,Development (2019-09 to 2022-12),2020-04-22T16:25:00+00:00,2020-04-22T17:00:00+00:00,LONG,1713.92,1709.61,0.2074,4.10863,-0.893894,0.142187,0.141829,-1.17791,SL_HIT,7,False,84.048233
Squeeze breakout — core,Squeeze breakout,Development (2019-09 to 2022-12),2020-04-27T12:00:00+00:00,2020-04-27T12:20:00+00:00,SHORT,1714.58,1719.82,0.2101,4.0,-1.100924,0.144093,0.144534,-1.389551,SL_HIT,4,False,82.658682
Squeeze breakout — core,Squeeze breakout,Development (2019-09 to 2022-12),2020-05-01T18:05:00+00:00,2020-05-03T22:10:00+00:00,LONG,1699.71,1698.35,0.2066,4.0,-0.280976,0.140464,0.140352,-0.561792,DAY_EXIT,35,False,82.09689
Squeeze breakout — core,Squeeze breakout,Development (2019-09 to 2022-12),2020-05-07T12:00:00+00:00,2020-05-07T15:40:00+00:00,LONG,1695.89,1703.86,0.2052,4.0,1.635444,0.139199,0.139853,1.356393,TP_HIT,44,False,83.453282
Squeeze breakout — core,Squeeze breakout,Development (2019-09 to 2022-12),2020-05-14T08:55:00+00:00,2020-05-14T11:05:00+00:00,LONG,1718.27,1713.58,0.2086,4.0,-0.978334,0.143372,0.142981,-1.264688,SL_HIT,26,False,82.188595
Squeeze breakout — core,Squeeze breakout,Development (2019-09 to 2022-12),2020-06-01T19:05:00+00:00,2020-06-01T22:10:00+00:00,LONG,1738.75,1737.54,0.2055,4.0,-0.248655,0.142925,0.142826,-0.534406,DAY_EXIT,23,False,81.654189
Squeeze breakout — core,Squeeze breakout,Development (2019-09 to 2022-12),2020-06-04T17:30:00+00:00,2020-06-04T18:55:00+00:00,LONG,1720.64,1715.97,0.2041,4.0,-0.953147,0.140473,0.140092,-1.233712,SL_HIT,17,False,80.420477
Squeeze breakout — core,Squeeze breakout,Development (2019-09 to 2022-12),2020-06-15T12:35:00+00:00,2020-06-15T14:10:00+00:00,SHORT,1707.63,1712.11,0.2011,4.0,-0.900928,0.137362,0.137722,-1.176012,SL_HIT,19,False,79.244465
Squeeze breakout — core,Squeeze breakout,Development (2019-09 to 2022-12),2020-06-23T18:55:00+00:00,2020-06-23T22:10:00+00:00,LONG,1768.83,1768.96,0.1981,4.0,0.025753,0.140162,0.140172,-0.254581,DAY_EXIT,25,False,78.989884
Squeeze breakout — core,Squeeze breakout,Development (2019-09 to 2022-12),2020-06-26T19:25:00+00:00,2020-06-28T22:10:00+00:00,LONG,1769.37,1772.21,0.1975,4.0,0.5609,0.13978,0.140005,0.281115,DAY_EXIT,19,False,79.270999
Squeeze breakout — core,Squeeze breakout,Development (2019-09 to 2022-12),2020-07-10T12:35:00+00:00,2020-07-10T13:35:00+00:00,LONG,1810.03,1805.32,0.1982,4.0,-0.933522,0.143499,0.143126,-1.220147,SL_HIT,12,False,78.050852
Squeeze breakout — core,Squeeze breakout,Development (2019-09 to 2022-12),2020-07-16T08:10:00+00:00,2020-07-16T12:10:00+00:00,SHORT,1804.76,1804.81,0.1951,4.0,-0.009755,0.140843,0.140847,-0.291446,TIME_EXIT,48,False,77.759406
Squeeze breakout — core,Squeeze breakout,Development (2019-09 to 2022-12),2020-07-22T12:05:00+00:00,2020-07-22T12:10:00+00:00,LONG,1861.95,1855.84,0.1944,4.0,-1.187784,0.144785,0.14431,-1.476879,SL_HIT,1,False,76.282527
Squeeze breakout — core,Squeeze breakout,Development (2019-09 to 2022-12),2020-07-23T08:05:00+00:00,2020-07-23T08:45:00+00:00,LONG,1878.37,1886.34,0.1907,4.0,1.519879,0.143282,0.14389,1.232707,TP_HIT,8,False,77.515234
Squeeze breakout — core,Squeeze breakout,Development (2019-09 to 2022-12),2020-07-27T10:20:00+00:00,2020-07-27T10:40:00+00:00,LONG,1943.59,1939.44,0.1938,4.0,-0.80427,0.150667,0.150345,-1.105282,SL_HIT,4,False,76.409951
Squeeze breakout — core,Squeeze breakout,Development (2019-09 to 2022-12),2020-07-28T17:45:00+00:00,2020-07-28T22:10:00+00:00,LONG,1953.19,1961.16,0.191,4.0,1.52227,0.149224,0.149833,1.223214,TP_HIT,39,False,77.633165
Squeeze breakout — core,Squeeze breakout,Development (2019-09 to 2022-12),2020-08-10T18:25:00+00:00,2020-08-10T19:15:00+00:00,SHORT,2023.39,2027.7,0.1941,4.0,-0.836571,0.157096,0.157431,-1.151098,SL_HIT,10,False,76.482067
Squeeze breakout — core,Squeeze breakout,Development (2019-09 to 2022-12),2020-08-11T17:10:00+00:00,2020-08-11T17:55:00+00:00,SHORT,1939.01,1927.719938,0.1351,5.660031,1.525287,0.104784,0.104174,1.316329,TP_HIT,9,False,77.798396
Squeeze breakout — core,Squeeze breakout,Development (2019-09 to 2022-12),2020-08-12T11:15:00+00:00,2020-08-12T11:25:00+00:00,LONG,1939.73,1926.12,0.1353,5.75043,-1.841433,0.104978,0.104242,-2.050653,SL_HIT,2,False,75.747744
Squeeze breakout — core,Squeeze breakout,Development (2019-09 to 2022-12),2020-08-24T12:05:00+00:00,2020-08-24T12:35:00+00:00,LONG,1956.73,1948.5,0.1894,4.0,-1.558762,0.148242,0.147618,-1.854622,SL_HIT,6,False,73.893121
Squeeze breakout — core,Squeeze breakout,Development (2019-09 to 2022-12),2020-09-09T16:40:00+00:00,2020-09-09T20:40:00+00:00,LONG,1948.27,1947.16,0.1847,4.0,-0.205017,0.143938,0.143856,-0.492811,TIME_EXIT,48,False,73.40031
Squeeze breakout — core,Squeeze breakout,Development (2019-09 to 2022-12),2020-09-23T13:55:00+00:00,2020-09-23T14:20:00+00:00,SHORT,1878.21,1869.228232,0.1629,4.505884,1.46313,0.122384,0.121799,1.218947,TP_HIT,5,False,74.619257
Squeeze breakout — core,Squeeze breakout,Development (2019-09 to 2022-12),2020-09-23T18:20:00+00:00,2020-09-23T18:25:00+00:00,SHORT,1860.83,1865.46,0.1865,4.0,-0.863495,0.138818,0.139163,-1.141476,SL_HIT,1,False,73.477781
Squeeze breakout — core,Squeeze breakout,Development (2019-09 to 2022-12),2020-09-23T19:05:00+00:00,2020-09-23T19:15:00+00:00,SHORT,1856.24,1861.37,0.1721,4.270561,-0.882873,0.127784,0.128137,-1.138793,SL_HIT,2,False,72.338987
Squeeze breakout — core,Squeeze breakout,Development (2019-09 to 2022-12),2020-10-08T16:45:00+00:00,2020-10-08T17:30:00+00:00,SHORT,1885.29,1891.26,0.1808,4.0,-1.079376,0.136344,0.136776,-1.352496,SL_HIT,9,False,70.986491
Squeeze breakout — core,Squeeze breakout,Development (2019-09 to 2022-12),2020-10-15T17:35:00+00:00,2020-10-15T22:10:00+00:00,LONG,1906.25,1907.6,0.1775,4.0,0.239625,0.135344,0.13544,-0.031158,DAY_EXIT,41,False,70.955333
Squeeze breakout — core,Squeeze breakout,Development (2019-09 to 2022-12),2020-10-19T12:10:00+00:00,2020-10-19T12:55:00+00:00,LONG,1914.79,1909.4,0.1774,4.0,-0.956186,0.135873,0.135491,-1.227551,SL_HIT,9,False,69.727782
Squeeze breakout — core,Squeeze breakout,Development (2019-09 to 2022-12),2020-10-29T11:35:00+00:00,2020-10-29T12:25:00+00:00,SHORT,1875.55,1867.58,0.1743,4.0,1.389171,0.130763,0.130208,1.1282,TP_HIT,10,False,70.855982
Squeeze breakout — core,Squeeze breakout,Development (2019-09 to 2022-12),2020-11-02T12:15:00+00:00,2020-11-02T12:50:00+00:00,LONG,1891.77,1886.84,0.1771,4.0,-0.873103,0.134013,0.133664,-1.14078,SL_HIT,7,False,69.715203
Squeeze breakout — core,Squeeze breakout,Development (2019-09 to 2022-12),2020-11-03T13:25:00+00:00,2020-11-03T17:25:00+00:00,LONG,1903.0,1907.81,0.1743,4.0,0.838383,0.132677,0.133013,0.572693,TIME_EXIT,48,False,70.287896
Squeeze breakout — core,Squeeze breakout,Development (2019-09 to 2022-12),2020-12-10T17:45:00+00:00,2020-12-10T19:55:00+00:00,SHORT,1832.01,1836.09,0.1757,4.0,-0.716856,0.128754,0.12904,-0.97465,SL_HIT,26,False,69.313246
Squeeze breakout — core,Squeeze breakout,Development (2019-09 to 2022-12),2020-12-28T10:30:00+00:00,2020-12-28T11:55:00+00:00,SHORT,1880.97,1873.0,0.1733,4.0,1.381201,0.130389,0.129836,1.120976,TP_HIT,17,False,70.434222
Squeeze breakout — core,Squeeze breakout,Development (2019-09 to 2022-12),2021-01-04T10:55:00+00:00,2021-01-04T12:50:00+00:00,LONG,1934.53,1929.9,0.1761,4.0,-0.815343,0.136268,0.135942,-1.087553,SL_HIT,23,False,69.346668
Squeeze breakout — core,Squeeze breakout,Development (2019-09 to 2022-12),2021-01-15T13:45:00+00:00,2021-01-15T15:10:00+00:00,SHORT,1842.66,1834.69,0.1734,4.0,1.381998,0.127807,0.127254,1.126937,TP_HIT,17,False,70.473605
Squeeze breakout — core,Squeeze breakout,Development (2019-09 to 2022-12),2021-01-20T07:55:00+00:00,2021-01-20T10:25:00+00:00,LONG,1855.95,1851.52,0.1762,4.0,-0.780566,0.130807,0.130495,-1.041868,SL_HIT,30,False,69.431737
Squeeze breakout — core,Squeeze breakout,Development (2019-09 to 2022-12),2021-02-03T07:50:00+00:00,2021-02-03T11:50:00+00:00,SHORT,1835.33,1834.43,0.1736,4.0,0.15624,0.127445,0.127383,-0.098588,TIME_EXIT,48,False,69.333149
Squeeze breakout — core,Squeeze breakout,Development (2019-09 to 2022-12),2021-02-09T18:35:00+00:00,2021-02-09T21:00:00+00:00,SHORT,1834.46,1836.15,0.1733,4.0,-0.292877,0.127165,0.127282,-0.547324,DAY_EXIT,29,False,68.785825
Squeeze breakout — core,Squeeze breakout,Development (2019-09 to 2022-12),2021-02-12T13:15:00+00:00,2021-02-12T14:50:00+00:00,SHORT,1815.14,1820.96,0.172,4.0,-1.00104,0.124882,0.125282,-1.251204,SL_HIT,19,False,67.534621
Squeeze breakout — core,Squeeze breakout,Development (2019-09 to 2022-12),2021-02-15T10:10:00+00:00,2021-02-15T11:30:00+00:00,SHORT,1816.74,1820.83,0.1688,4.0,-0.690392,0.122666,0.122942,-0.936001,SL_HIT,16,False,66.598621
Squeeze breakout — core,Squeeze breakout,Development (2019-09 to 2022-12),2021-02-16T10:45:00+00:00,2021-02-16T11:20:00+00:00,LONG,1825.43,1820.81,0.1665,4.0,-0.76923,0.121574,0.121266,-1.01207,SL_HIT,7,False,65.586551
Squeeze breakout — core,Squeeze breakout,Development (2019-09 to 2022-12),2021-03-29T10:05:00+00:00,2021-03-29T10:55:00+00:00,SHORT,1723.96,1728.42,0.164,4.0,-0.73144,0.113092,0.113384,-0.957916,SL_HIT,10,False,64.628635
Squeeze breakout — core,Squeeze breakout,Development (2019-09 to 2022-12),2021-04-09T10:10:00+00:00,2021-04-09T11:15:00+00:00,SHORT,1744.15,1748.39,0.1616,4.0,-0.685184,0.112742,0.113016,-0.910942,SL_HIT,13,False,63.717693
Squeeze breakout — core,Squeeze breakout,Development (2019-09 to 2022-12),2021-04-23T11:30:00+00:00,2021-04-23T13:55:00+00:00,LONG,1788.4,1782.16,0.1593,4.0,-0.994032,0.113957,0.113559,-1.221548,SL_HIT,29,False,62.496145
Squeeze breakout — core,Squeeze breakout,Development (2019-09 to 2022-12),2021-04-27T17:45:00+00:00,2021-04-27T22:10:00+00:00,SHORT,1777.4,1776.82,0.1562,4.0,0.090596,0.111052,0.111016,-0.131472,DAY_EXIT,39,False,62.364673
Squeeze breakout — core,Squeeze breakout,Development (2019-09 to 2022-12),2021-04-29T10:00:00+00:00,2021-04-29T12:25:00+00:00,SHORT,1774.64,1779.11,0.1559,4.0,-0.696873,0.110667,0.110945,-0.918485,SL_HIT,29,False,61.446189
Squeeze breakout — core,Squeeze breakout,Development (2019-09 to 2022-12),2021-05-13T16:50:00+00:00,2021-05-13T17:05:00+00:00,LONG,1828.31,1824.01,0.1536,4.0,-0.66048,0.112331,0.112067,-0.884879,SL_HIT,3,False,60.56131
Squeeze breakout — core,Squeeze breakout,Development (2019-09 to 2022-12),2021-05-20T16:05:00+00:00,2021-05-20T18:00:00+00:00,LONG,1881.55,1876.37,0.1514,4.0,-0.784252,0.113947,0.113633,-1.011832,SL_HIT,23,False,59.549478
Squeeze breakout — core,Squeeze breakout,Development (2019-09 to 2022-12),2021-06-07T13:15:00+00:00,2021-06-07T17:15:00+00:00,LONG,1889.81,1894.9,0.1489,4.0,0.757901,0.112557,0.11286,0.532484,TIME_EXIT,48,False,60.081962
Squeeze breakout — core,Squeeze breakout,Development (2019-09 to 2022-12),2021-06-07T18:00:00+00:00,2021-06-07T22:10:00+00:00,LONG,1897.88,1898.94,0.1502,4.0,0.159212,0.114025,0.114088,-0.068901,DAY_EXIT,36,False,60.013061
Squeeze breakout — core,Squeeze breakout,Development (2019-09 to 2022-12),2021-06-14T12:05:00+00:00,2021-06-14T13:40:00+00:00,SHORT,1852.85,1857.3,0.15,4.0,-0.6675,0.111171,0.111438,-0.890109,SL_HIT,19,False,59.122952
Squeeze breakout — core,Squeeze breakout,Development (2019-09 to 2022-12),2021-06-15T16:00:00+00:00,2021-06-15T20:00:00+00:00,SHORT,1855.65,1859.45,0.1478,4.0,-0.56164,0.109706,0.109931,-0.781277,TIME_EXIT,48,False,58.341675
Squeeze breakout — core,Squeeze breakout,Development (2019-09 to 2022-12),2021-06-24T17:35:00+00:00,2021-06-24T22:10:00+00:00,SHORT,1775.33,1776.54,0.1459,4.0,-0.176539,0.103608,0.103679,-0.383826,DAY_EXIT,41,False,57.957849
Squeeze breakout — core,Squeeze breakout,Development (2019-09 to 2022-12),2021-06-30T16:40:00+00:00,2021-06-30T20:40:00+00:00,LONG,1769.54,1769.4,0.1449,4.0,-0.020286,0.102563,0.102554,-0.225403,TIME_EXIT,48,False,57.732446
Squeeze breakout — core,Squeeze breakout,Development (2019-09 to 2022-12),2021-07-09T18:10:00+00:00,2021-07-09T19:55:00+00:00,LONG,1812.37,1808.11,0.1443,4.0,-0.614718,0.10461,0.104364,-0.823692,SL_HIT,21,False,56.908754
Squeeze breakout — core,Squeeze breakout,Development (2019-09 to 2022-12),2021-08-02T16:35:00+00:00,2021-08-02T19:35:00+00:00,LONG,1817.19,1813.09,0.1423,4.0,-0.58343,0.103434,0.103201,-0.790066,SL_HIT,36,False,56.118689
Squeeze breakout — core,Squeeze breakout,Development (2019-09 to 2022-12),2021-09-28T09:35:00+00:00,2021-09-28T12:45:00+00:00,SHORT,1739.59,1731.62,0.1403,4.0,1.118191,0.097626,0.097179,0.923387,TP_HIT,38,False,57.042075
Squeeze breakout — core,Squeeze breakout,Development (2019-09 to 2022-12),2021-09-29T10:20:00+00:00,2021-09-29T11:25:00+00:00,LONG,1745.27,1740.88,0.1426,4.0,-0.626014,0.09955,0.0993,-0.824864,SL_HIT,13,False,56.217211
Squeeze breakout — core,Squeeze breakout,Development (2019-09 to 2022-12),2021-10-06T18:55:00+00:00,2021-10-06T22:10:00+00:00,LONG,1764.69,1762.8,0.1405,4.0,-0.265545,0.099176,0.099069,-0.46379,DAY_EXIT,25,False,55.753421
Squeeze breakout — core,Squeeze breakout,Development (2019-09 to 2022-12),2021-10-07T19:45:00+00:00,2021-10-07T22:10:00+00:00,SHORT,1754.73,1755.79,0.1394,4.0,-0.147764,0.097844,0.097903,-0.343511,DAY_EXIT,15,False,55.409911
Squeeze breakout — core,Squeeze breakout,Development (2019-09 to 2022-12),2021-12-01T12:45:00+00:00,2021-12-01T13:15:00+00:00,LONG,1788.72,1783.33,0.1385,4.0,-0.746515,0.099095,0.098796,-0.944407,SL_HIT,6,False,54.465504
Squeeze breakout — core,Squeeze breakout,Development (2019-09 to 2022-12),2021-12-16T08:50:00+00:00,2021-12-16T12:25:00+00:00,LONG,1787.02,1782.52,0.1362,4.0,-0.6129,0.097357,0.097112,-0.807369,SL_HIT,43,False,53.658136
Squeeze breakout — core,Squeeze breakout,Development (2019-09 to 2022-12),2022-01-21T18:35:00+00:00,2022-01-21T21:00:00+00:00,SHORT,1830.02,1832.15,0.1341,4.0,-0.285633,0.098162,0.098277,-0.482072,DAY_EXIT,29,False,53.176064
Squeeze breakout — core,Squeeze breakout,Development (2019-09 to 2022-12),2022-01-26T19:05:00+00:00,2022-01-26T19:10:00+00:00,SHORT,1825.95,1831.52,0.1329,4.0,-0.740253,0.097068,0.097364,-0.934684,SL_HIT,1,False,52.24138
Squeeze breakout — core,Squeeze breakout,Development (2019-09 to 2022-12),2022-02-01T10:40:00+00:00,2022-02-01T13:30:00+00:00,LONG,1807.58,1802.83,0.1306,4.0,-0.62035,0.094428,0.09418,-0.808958,SL_HIT,34,False,51.432422
Squeeze breakout — core,Squeeze breakout,Development (2019-09 to 2022-12),2022-02-16T09:50:00+00:00,2022-02-16T10:35:00+00:00,LONG,1858.48,1854.41,0.1286,4.0,-0.523402,0.0956,0.095391,-0.714393,SL_HIT,9,False,50.718029
Squeeze breakout — core,Squeeze breakout,Development (2019-09 to 2022-12),2022-03-02T12:30:00+00:00,2022-03-02T12:35:00+00:00,SHORT,1923.57,1928.69,0.1268,4.0,-0.649216,0.097563,0.097823,-0.844603,SL_HIT,1,False,49.873426
Squeeze breakout — core,Squeeze breakout,Development (2019-09 to 2022-12),2022-03-18T18:40:00+00:00,2022-03-20T22:10:00+00:00,SHORT,1926.06,1924.32,0.1247,4.0,0.216978,0.096072,0.095985,0.024921,DAY_EXIT,28,False,49.898347
Squeeze breakout — core,Squeeze breakout,Development (2019-09 to 2022-12),2022-03-23T19:25:00+00:00,2022-03-23T22:10:00+00:00,LONG,1941.63,1944.46,0.1247,4.0,0.352901,0.096849,0.09699,0.159063,DAY_EXIT,19,False,50.05741
Squeeze breakout — core,Squeeze breakout,Development (2019-09 to 2022-12),2022-03-28T08:30:00+00:00,2022-03-28T12:15:00+00:00,SHORT,1930.27,1938.67,0.1251,4.0,-1.05084,0.096591,0.097011,-1.244442,SL_HIT,45,False,48.812968
Squeeze breakout — core,Squeeze breakout,Development (2019-09 to 2022-12),2022-03-31T12:30:00+00:00,2022-03-31T13:50:00+00:00,LONG,1933.81,1941.78,0.122,4.0,0.97234,0.09437,0.094759,0.783211,TP_HIT,16,False,49.59618
Squeeze breakout — core,Squeeze breakout,Development (2019-09 to 2022-12),2022-04-26T11:00:00+00:00,2022-04-26T11:25:00+00:00,LONG,1909.66,1905.29,0.124,4.0,-0.54188,0.094719,0.094502,-0.731102,SL_HIT,5,False,48.865078
Squeeze breakout — core,Squeeze breakout,Development (2019-09 to 2022-12),2022-04-29T10:30:00+00:00,2022-04-29T11:15:00+00:00,LONG,1917.98,1913.95,0.1222,4.0,-0.492466,0.093751,0.093554,-0.679771,SL_HIT,9,False,48.185307
Squeeze breakout — core,Squeeze breakout,Development (2019-09 to 2022-12),2022-05-09T07:20:00+00:00,2022-05-09T10:20:00+00:00,SHORT,1869.08,1861.11,0.1205,4.0,0.960385,0.09009,0.089706,0.78059,TP_HIT,36,False,48.965897
Squeeze breakout — core,Squeeze breakout,Development (2019-09 to 2022-12),2022-05-13T10:05:00+00:00,2022-05-13T12:25:00+00:00,SHORT,1821.18,1813.21,0.1224,4.0,0.975528,0.089165,0.088775,0.797588,TP_HIT,28,False,49.763485
Squeeze breakout — core,Squeeze breakout,Development (2019-09 to 2022-12),2022-05-16T17:45:00+00:00,2022-05-16T19:30:00+00:00,LONG,1817.4,1825.37,0.1244,4.0,0.991468,0.090434,0.09083,0.810204,TP_HIT,21,False,50.573689
Squeeze breakout — core,Squeeze breakout,Development (2019-09 to 2022-12),2022-05-25T08:30:00+00:00,2022-05-25T09:35:00+00:00,SHORT,1855.02,1859.6,0.1264,4.0,-0.578912,0.09379,0.094021,-0.766723,SL_HIT,13,False,49.806966
Squeeze breakout — core,Squeeze breakout,Development (2019-09 to 2022-12),2022-05-25T15:45:00+00:00,2022-05-25T18:05:00+00:00,SHORT,1847.51,1852.44,0.1245,4.0,-0.613785,0.092006,0.092252,-0.798043,SL_HIT,28,False,49.008923
Squeeze breakout — core,Squeeze breakout,Development (2019-09 to 2022-12),2022-05-31T08:20:00+00:00,2022-05-31T09:00:00+00:00,LONG,1856.82,1851.96,0.1225,4.0,-0.59535,0.090984,0.090746,-0.77708,SL_HIT,8,False,48.231843
Squeeze breakout — core,Squeeze breakout,Development (2019-09 to 2022-12),2022-06-02T09:20:00+00:00,2022-06-02T13:20:00+00:00,LONG,1853.84,1859.27,0.1206,4.0,0.654858,0.089429,0.089691,0.475738,TIME_EXIT,48,False,48.707581
Squeeze breakout — core,Squeeze breakout,Development (2019-09 to 2022-12),2022-06-10T11:20:00+00:00,2022-06-10T12:05:00+00:00,SHORT,1840.81,1832.84,0.1218,4.0,0.970746,0.089684,0.089296,0.791766,TP_HIT,9,False,49.499347
Squeeze breakout — core,Squeeze breakout,Development (2019-09 to 2022-12),2022-06-21T17:45:00+00:00,2022-06-21T22:10:00+00:00,SHORT,1834.22,1831.57,0.1237,4.0,0.327805,0.090757,0.090626,0.146422,DAY_EXIT,39,False,49.645768
Squeeze breakout — core,Squeeze breakout,Development (2019-09 to 2022-12),2022-06-23T18:20:00+00:00,2022-06-23T22:10:00+00:00,SHORT,1823.85,1825.27,0.1241,4.0,-0.176222,0.090536,0.090606,-0.357364,DAY_EXIT,32,False,49.288404
Squeeze breakout — core,Squeeze breakout,Development (2019-09 to 2022-12),2022-07-14T09:35:00+00:00,2022-07-14T09:45:00+00:00,SHORT,1712.24,1716.47,0.1232,4.0,-0.521136,0.084379,0.084588,-0.690103,SL_HIT,2,False,48.598301
Squeeze breakout — core,Squeeze breakout,Development (2019-09 to 2022-12),2022-07-18T09:25:00+00:00,2022-07-18T10:40:00+00:00,LONG,1721.78,1715.32,0.1215,4.0,-0.78489,0.083679,0.083365,-0.951933,SL_HIT,15,False,47.646368
Squeeze breakout — core,Squeeze breakout,Development (2019-09 to 2022-12),2022-07-19T09:45:00+00:00,2022-07-19T12:25:00+00:00,LONG,1714.28,1709.18,0.1191,4.0,-0.60741,0.081668,0.081425,-0.770504,SL_HIT,32,False,46.875864
Squeeze breakout — core,Squeeze breakout,Development (2019-09 to 2022-12),2022-07-26T12:25:00+00:00,2022-07-26T12:30:00+00:00,SHORT,1713.75,1719.02,0.1172,4.0,-0.617644,0.080341,0.080588,-0.778572,SL_HIT,1,False,46.097292
Squeeze breakout — core,Squeeze breakout,Development (2019-09 to 2022-12),2022-08-04T08:55:00+00:00,2022-08-04T11:50:00+00:00,LONG,1775.89,1783.86,0.1152,4.0,0.918144,0.081833,0.0822,0.754111,TP_HIT,35,False,46.851403
Squeeze breakout — core,Squeeze breakout,Development (2019-09 to 2022-12),2022-08-22T11:35:00+00:00,2022-08-22T13:35:00+00:00,SHORT,1732.75,1737.81,0.1171,4.0,-0.592526,0.081162,0.081399,-0.755087,SL_HIT,24,False,46.096316
Squeeze breakout — core,Squeeze breakout,Development (2019-09 to 2022-12),2022-08-26T09:55:00+00:00,2022-08-26T13:25:00+00:00,SHORT,1749.68,1754.01,0.1152,4.0,-0.498816,0.080625,0.080825,-0.660266,SL_HIT,42,False,45.43605
Squeeze breakout — core,Squeeze breakout,Development (2019-09 to 2022-12),2022-08-29T07:20:00+00:00,2022-08-29T10:25:00+00:00,SHORT,1721.4,1725.47,0.1136,4.0,-0.462352,0.07822,0.078405,-0.618978,SL_HIT,37,False,44.817072
Squeeze breakout — core,Squeeze breakout,Development (2019-09 to 2022-12),2022-08-31T19:00:00+00:00,2022-08-31T21:00:00+00:00,SHORT,1710.71,1711.22,0.112,4.0,-0.05712,0.07664,0.076663,-0.210422,DAY_EXIT,24,False,44.60665
Squeeze breakout — core,Squeeze breakout,Development (2019-09 to 2022-12),2022-09-15T12:25:00+00:00,2022-09-15T12:35:00+00:00,SHORT,1683.06,1688.24,0.1115,4.0,-0.57757,0.075064,0.075296,-0.72793,SL_HIT,2,False,43.87872
Squeeze breakout — core,Squeeze breakout,Development (2019-09 to 2022-12),2022-09-21T09:10:00+00:00,2022-09-21T13:10:00+00:00,LONG,1673.37,1673.76,0.1097,4.0,0.042783,0.073427,0.073445,-0.104089,TIME_EXIT,48,False,43.774631
Squeeze breakout — core,Squeeze breakout,Development (2019-09 to 2022-12),2022-09-26T14:25:00+00:00,2022-09-26T14:50:00+00:00,LONG,1648.07,1642.76,0.1094,4.0,-0.580914,0.07212,0.071887,-0.724921,SL_HIT,5,False,43.04971
Squeeze breakout — core,Squeeze breakout,Development (2019-09 to 2022-12),2022-10-03T12:25:00+00:00,2022-10-03T13:00:00+00:00,LONG,1669.36,1665.22,0.1076,4.0,-0.445464,0.071849,0.071671,-0.588984,SL_HIT,7,False,42.460726
Squeeze breakout — core,Squeeze breakout,Development (2019-09 to 2022-12),2022-10-03T17:35:00+00:00,2022-10-03T21:00:00+00:00,LONG,1696.63,1699.39,0.1062,4.0,0.293112,0.072073,0.07219,0.148849,DAY_EXIT,41,False,42.609575
Squeeze breakout — core,Squeeze breakout,Development (2019-09 to 2022-12),2022-10-04T10:25:00+00:00,2022-10-04T10:55:00+00:00,LONG,1712.01,1707.85,0.1065,4.0,-0.44304,0.072932,0.072754,-0.588726,SL_HIT,6,False,42.020849
Squeeze breakout — core,Squeeze breakout,Development (2019-09 to 2022-12),2022-10-10T11:45:00+00:00,2022-10-10T14:55:00+00:00,SHORT,1675.83,1667.86,0.1051,4.0,0.837647,0.070452,0.070117,0.697078,TP_HIT,38,False,42.717927
Squeeze breakout — core,Squeeze breakout,Development (2019-09 to 2022-12),2022-10-21T19:20:00+00:00,2022-10-21T21:00:00+00:00,LONG,1656.44,1657.1,0.1068,4.0,0.070488,0.070763,0.070791,-0.071066,DAY_EXIT,20,False,42.64686
Squeeze breakout — core,Squeeze breakout,Development (2019-09 to 2022-12),2022-10-31T19:05:00+00:00,2022-10-31T21:00:00+00:00,SHORT,1633.78,1633.79,0.1066,4.0,-0.001066,0.069664,0.069665,-0.140395,DAY_EXIT,23,False,42.506465
Squeeze breakout — core,Squeeze breakout,Development (2019-09 to 2022-12),2022-11-02T12:05:00+00:00,2022-11-02T12:20:00+00:00,LONG,1658.12,1653.67,0.1063,4.0,-0.473035,0.070503,0.070314,-0.613852,SL_HIT,3,False,41.892613
Squeeze breakout — core,Squeeze breakout,Development (2019-09 to 2022-12),2022-11-04T12:45:00+00:00,2022-11-04T13:15:00+00:00,LONG,1656.4,1664.37,0.1047,4.0,0.834459,0.06937,0.069704,0.695385,TP_HIT,6,False,42.587998
Squeeze breakout — core,Squeeze breakout,Development (2019-09 to 2022-12),2022-11-04T18:30:00+00:00,2022-11-04T21:00:00+00:00,LONG,1676.23,1680.56,0.1065,4.0,0.461145,0.071407,0.071592,0.318146,DAY_EXIT,30,False,42.906144
Squeeze breakout — core,Squeeze breakout,Development (2019-09 to 2022-12),2022-11-11T19:30:00+00:00,2022-11-11T21:00:00+00:00,LONG,1767.55,1767.54,0.1073,4.0,-0.001073,0.075863,0.075863,-0.152799,DAY_EXIT,18,False,42.753345
Squeeze breakout — core,Squeeze breakout,Development (2019-09 to 2022-12),2022-11-22T17:35:00+00:00,2022-11-22T21:00:00+00:00,SHORT,1739.13,1740.64,0.1069,4.0,-0.161419,0.074365,0.07443,-0.310214,DAY_EXIT,41,False,42.443131
Squeeze breakout — core,Squeeze breakout,Development (2019-09 to 2022-12),2022-11-23T18:30:00+00:00,2022-11-23T21:00:00+00:00,LONG,1745.25,1751.01,0.1061,4.0,0.611136,0.074068,0.074313,0.462755,DAY_EXIT,30,False,42.905886
Squeeze breakout — core,Squeeze breakout,Development (2019-09 to 2022-12),2022-11-28T18:10:00+00:00,2022-11-28T21:00:00+00:00,SHORT,1741.07,1740.3,0.1073,4.0,0.082621,0.074727,0.074694,-0.066799,DAY_EXIT,34,False,42.839086
Squeeze breakout — core,Squeeze breakout,Development (2019-09 to 2022-12),2022-12-12T19:10:00+00:00,2022-12-12T21:00:00+00:00,SHORT,1778.1,1780.61,0.1071,4.0,-0.268821,0.076174,0.076281,-0.421276,DAY_EXIT,22,False,42.41781
Squeeze breakout — core,Squeeze breakout,Development (2019-09 to 2022-12),2022-12-13T12:50:00+00:00,2022-12-13T13:35:00+00:00,LONG,1789.26,1797.23,0.106,4.0,0.84482,0.075865,0.076203,0.692753,TP_HIT,9,False,43.110563
Squeeze breakout — core,Squeeze breakout,Development (2019-09 to 2022-12),2022-12-16T14:50:00+00:00,2022-12-16T18:50:00+00:00,LONG,1788.73,1791.82,0.1078,4.0,0.333102,0.07713,0.077263,0.178709,TIME_EXIT,48,False,43.289272
Squeeze breakout — core,Squeeze breakout,Development (2019-09 to 2022-12),2022-12-20T17:10:00+00:00,2022-12-20T18:10:00+00:00,LONG,1820.05,1815.56,0.1082,4.0,-0.485818,0.078772,0.078577,-0.643167,SL_HIT,12,False,42.646104
Squeeze breakout — value-confirmed,Squeeze breakout,Development (2019-09 to 2022-12),2019-10-02T12:40:00+00:00,2019-10-02T13:20:00+00:00,LONG,1488.92,1496.89,0.25,4.0,1.9925,0.148892,0.149689,1.693919,TP_HIT,8,False,101.693919
Squeeze breakout — value-confirmed,Squeeze breakout,Development (2019-09 to 2022-12),2019-10-02T17:35:00+00:00,2019-10-02T18:20:00+00:00,LONG,1504.4,1500.17,0.2542,4.0,-1.075266,0.152967,0.152537,-1.380771,SL_HIT,9,False,100.313148
Squeeze breakout — value-confirmed,Squeeze breakout,Development (2019-09 to 2022-12),2019-10-07T17:35:00+00:00,2019-10-07T22:10:00+00:00,SHORT,1493.87,1493.82,0.2508,4.0,0.01254,0.149865,0.14986,-0.287185,DAY_EXIT,41,False,100.025963
Squeeze breakout — value-confirmed,Squeeze breakout,Development (2019-09 to 2022-12),2019-10-09T19:45:00+00:00,2019-10-09T19:50:00+00:00,LONG,1510.88,1506.56,0.2501,4.0,-1.080432,0.151148,0.150716,-1.382297,SL_HIT,1,False,98.643667
Squeeze breakout — value-confirmed,Squeeze breakout,Development (2019-09 to 2022-12),2019-10-11T14:05:00+00:00,2019-10-11T15:10:00+00:00,SHORT,1477.86,1482.33,0.2466,4.0,-1.102302,0.145776,0.146217,-1.394295,SL_HIT,13,False,97.249371
Squeeze breakout — value-confirmed,Squeeze breakout,Development (2019-09 to 2022-12),2019-10-17T15:30:00+00:00,2019-10-17T19:30:00+00:00,LONG,1494.15,1491.4,0.2431,4.0,-0.668525,0.145291,0.145024,-0.95884,TIME_EXIT,48,False,96.290532
Squeeze breakout — value-confirmed,Squeeze breakout,Development (2019-09 to 2022-12),2019-10-24T18:05:00+00:00,2019-10-24T22:10:00+00:00,LONG,1502.9,1503.1,0.2407,4.0,0.04814,0.144699,0.144718,-0.241278,DAY_EXIT,35,False,96.049254
Squeeze breakout — value-confirmed,Squeeze breakout,Development (2019-09 to 2022-12),2019-12-11T15:20:00+00:00,2019-12-11T19:20:00+00:00,LONG,1468.32,1472.72,0.2401,4.0,1.05644,0.141017,0.14144,0.773983,TIME_EXIT,48,False,96.823236
Squeeze breakout — value-confirmed,Squeeze breakout,Development (2019-09 to 2022-12),2020-01-08T16:10:00+00:00,2020-01-08T16:40:00+00:00,SHORT,1568.6,1560.63,0.2421,4.0,1.929537,0.151903,0.151131,1.626502,TP_HIT,6,False,98.449739
Squeeze breakout — value-confirmed,Squeeze breakout,Development (2019-09 to 2022-12),2020-02-03T07:05:00+00:00,2020-02-03T11:05:00+00:00,SHORT,1577.52,1580.52,0.2461,4.0,-0.7383,0.155291,0.155586,-1.049177,TIME_EXIT,48,False,97.400561
Squeeze breakout — value-confirmed,Squeeze breakout,Development (2019-09 to 2022-12),2020-03-04T12:10:00+00:00,2020-03-04T13:20:00+00:00,LONG,1645.61,1641.47,0.2435,4.0,-1.00809,0.160282,0.159879,-1.328252,SL_HIT,14,False,96.07231
Squeeze breakout — value-confirmed,Squeeze breakout,Development (2019-09 to 2022-12),2020-03-11T17:30:00+00:00,2020-03-11T17:45:00+00:00,SHORT,1642.0,1646.46,0.2402,4.0,-1.071292,0.157763,0.158192,-1.387247,SL_HIT,3,False,94.685062
Squeeze breakout — value-confirmed,Squeeze breakout,Development (2019-09 to 2022-12),2020-03-11T18:30:00+00:00,2020-03-11T19:25:00+00:00,SHORT,1637.79,1646.49,0.2367,4.0,-2.05929,0.155066,0.15589,-2.370246,SL_HIT,11,False,92.314817
Squeeze breakout — value-confirmed,Squeeze breakout,Development (2019-09 to 2022-12),2020-03-17T09:35:00+00:00,2020-03-17T09:40:00+00:00,SHORT,1472.39,1479.85,0.1754,5.264026,-1.308484,0.103303,0.103826,-1.515613,SL_HIT,1,False,90.799204
Squeeze breakout — value-confirmed,Squeeze breakout,Development (2019-09 to 2022-12),2020-03-18T17:30:00+00:00,2020-03-18T17:45:00+00:00,SHORT,1476.6,1491.64,0.1226,7.403787,-1.843904,0.072412,0.07315,-1.989466,SL_HIT,3,False,88.809737
Squeeze breakout — value-confirmed,Squeeze breakout,Development (2019-09 to 2022-12),2020-04-14T11:05:00+00:00,2020-04-14T11:15:00+00:00,LONG,1722.35,1718.31,0.222,4.0,-0.89688,0.152945,0.152586,-1.202411,SL_HIT,2,False,87.607327
Squeeze breakout — value-confirmed,Squeeze breakout,Development (2019-09 to 2022-12),2020-04-14T12:05:00+00:00,2020-04-14T13:25:00+00:00,LONG,1722.87,1731.027222,0.214,4.093611,1.745646,0.147478,0.148176,1.449992,TP_HIT,16,False,89.057319
Squeeze breakout — value-confirmed,Squeeze breakout,Development (2019-09 to 2022-12),2020-04-17T09:35:00+00:00,2020-04-17T09:45:00+00:00,SHORT,1690.65,1695.89,0.2048,4.348951,-1.073152,0.138498,0.138927,-1.350577,SL_HIT,2,False,87.706741
Squeeze breakout — value-confirmed,Squeeze breakout,Development (2019-09 to 2022-12),2020-04-17T18:15:00+00:00,2020-04-17T18:20:00+00:00,SHORT,1680.49,1685.01,0.2193,4.0,-0.991236,0.147413,0.147809,-1.286458,SL_HIT,1,False,86.420284
Squeeze breakout — value-confirmed,Squeeze breakout,Development (2019-09 to 2022-12),2020-04-17T19:40:00+00:00,2020-04-17T20:00:00+00:00,SHORT,1680.25,1684.43,0.2161,4.0,-0.903298,0.145241,0.145602,-1.194141,SL_HIT,4,False,85.226143
Squeeze breakout — value-confirmed,Squeeze breakout,Development (2019-09 to 2022-12),2020-04-22T16:25:00+00:00,2020-04-22T17:00:00+00:00,LONG,1713.92,1709.61,0.2074,4.10863,-0.893894,0.142187,0.141829,-1.17791,SL_HIT,7,False,84.048233
Squeeze breakout — value-confirmed,Squeeze breakout,Development (2019-09 to 2022-12),2020-04-27T12:00:00+00:00,2020-04-27T12:20:00+00:00,SHORT,1714.58,1719.82,0.2101,4.0,-1.100924,0.144093,0.144534,-1.389551,SL_HIT,4,False,82.658682
Squeeze breakout — value-confirmed,Squeeze breakout,Development (2019-09 to 2022-12),2020-05-01T18:05:00+00:00,2020-05-03T22:10:00+00:00,LONG,1699.71,1698.35,0.2066,4.0,-0.280976,0.140464,0.140352,-0.561792,DAY_EXIT,35,False,82.09689
Squeeze breakout — value-confirmed,Squeeze breakout,Development (2019-09 to 2022-12),2020-05-07T12:00:00+00:00,2020-05-07T15:40:00+00:00,LONG,1695.89,1703.86,0.2052,4.0,1.635444,0.139199,0.139853,1.356393,TP_HIT,44,False,83.453282
Squeeze breakout — value-confirmed,Squeeze breakout,Development (2019-09 to 2022-12),2020-05-14T08:55:00+00:00,2020-05-14T11:05:00+00:00,LONG,1718.27,1713.58,0.2086,4.0,-0.978334,0.143372,0.142981,-1.264688,SL_HIT,26,False,82.188595
Squeeze breakout — value-confirmed,Squeeze breakout,Development (2019-09 to 2022-12),2020-06-01T19:05:00+00:00,2020-06-01T22:10:00+00:00,LONG,1738.75,1737.54,0.2055,4.0,-0.248655,0.142925,0.142826,-0.534406,DAY_EXIT,23,False,81.654189
Squeeze breakout — value-confirmed,Squeeze breakout,Development (2019-09 to 2022-12),2020-06-04T17:30:00+00:00,2020-06-04T18:55:00+00:00,LONG,1720.64,1715.97,0.2041,4.0,-0.953147,0.140473,0.140092,-1.233712,SL_HIT,17,False,80.420477
Squeeze breakout — value-confirmed,Squeeze breakout,Development (2019-09 to 2022-12),2020-06-15T12:35:00+00:00,2020-06-15T14:10:00+00:00,SHORT,1707.63,1712.11,0.2011,4.0,-0.900928,0.137362,0.137722,-1.176012,SL_HIT,19,False,79.244465
Squeeze breakout — value-confirmed,Squeeze breakout,Development (2019-09 to 2022-12),2020-06-23T18:55:00+00:00,2020-06-23T22:10:00+00:00,LONG,1768.83,1768.96,0.1981,4.0,0.025753,0.140162,0.140172,-0.254581,DAY_EXIT,25,False,78.989884
Squeeze breakout — value-confirmed,Squeeze breakout,Development (2019-09 to 2022-12),2020-06-26T19:25:00+00:00,2020-06-28T22:10:00+00:00,LONG,1769.37,1772.21,0.1975,4.0,0.5609,0.13978,0.140005,0.281115,DAY_EXIT,19,False,79.270999
Squeeze breakout — value-confirmed,Squeeze breakout,Development (2019-09 to 2022-12),2020-07-10T12:35:00+00:00,2020-07-10T13:35:00+00:00,LONG,1810.03,1805.32,0.1982,4.0,-0.933522,0.143499,0.143126,-1.220147,SL_HIT,12,False,78.050852
Squeeze breakout — value-confirmed,Squeeze breakout,Development (2019-09 to 2022-12),2020-07-16T08:10:00+00:00,2020-07-16T12:10:00+00:00,SHORT,1804.76,1804.81,0.1951,4.0,-0.009755,0.140843,0.140847,-0.291446,TIME_EXIT,48,False,77.759406
Squeeze breakout — value-confirmed,Squeeze breakout,Development (2019-09 to 2022-12),2020-07-22T12:05:00+00:00,2020-07-22T12:10:00+00:00,LONG,1861.95,1855.84,0.1944,4.0,-1.187784,0.144785,0.14431,-1.476879,SL_HIT,1,False,76.282527
Squeeze breakout — value-confirmed,Squeeze breakout,Development (2019-09 to 2022-12),2020-07-23T08:05:00+00:00,2020-07-23T08:45:00+00:00,LONG,1878.37,1886.34,0.1907,4.0,1.519879,0.143282,0.14389,1.232707,TP_HIT,8,False,77.515234
Squeeze breakout — value-confirmed,Squeeze breakout,Development (2019-09 to 2022-12),2020-07-27T10:20:00+00:00,2020-07-27T10:40:00+00:00,LONG,1943.59,1939.44,0.1938,4.0,-0.80427,0.150667,0.150345,-1.105282,SL_HIT,4,False,76.409951
Squeeze breakout — value-confirmed,Squeeze breakout,Development (2019-09 to 2022-12),2020-07-28T17:45:00+00:00,2020-07-28T22:10:00+00:00,LONG,1953.19,1961.16,0.191,4.0,1.52227,0.149224,0.149833,1.223214,TP_HIT,39,False,77.633165
Squeeze breakout — value-confirmed,Squeeze breakout,Development (2019-09 to 2022-12),2020-08-10T18:25:00+00:00,2020-08-10T19:15:00+00:00,SHORT,2023.39,2027.7,0.1941,4.0,-0.836571,0.157096,0.157431,-1.151098,SL_HIT,10,False,76.482067
Squeeze breakout — value-confirmed,Squeeze breakout,Development (2019-09 to 2022-12),2020-08-11T17:10:00+00:00,2020-08-11T17:55:00+00:00,SHORT,1939.01,1927.719938,0.1351,5.660031,1.525287,0.104784,0.104174,1.316329,TP_HIT,9,False,77.798396
Squeeze breakout — value-confirmed,Squeeze breakout,Development (2019-09 to 2022-12),2020-08-12T11:15:00+00:00,2020-08-12T11:25:00+00:00,LONG,1939.73,1926.12,0.1353,5.75043,-1.841433,0.104978,0.104242,-2.050653,SL_HIT,2,False,75.747744
Squeeze breakout — value-confirmed,Squeeze breakout,Development (2019-09 to 2022-12),2020-08-24T12:05:00+00:00,2020-08-24T12:35:00+00:00,LONG,1956.73,1948.5,0.1894,4.0,-1.558762,0.148242,0.147618,-1.854622,SL_HIT,6,False,73.893121
Squeeze breakout — value-confirmed,Squeeze breakout,Development (2019-09 to 2022-12),2020-09-09T16:40:00+00:00,2020-09-09T20:40:00+00:00,LONG,1948.27,1947.16,0.1847,4.0,-0.205017,0.143938,0.143856,-0.492811,TIME_EXIT,48,False,73.40031
Squeeze breakout — value-confirmed,Squeeze breakout,Development (2019-09 to 2022-12),2020-09-23T13:55:00+00:00,2020-09-23T14:20:00+00:00,SHORT,1878.21,1869.228232,0.1629,4.505884,1.46313,0.122384,0.121799,1.218947,TP_HIT,5,False,74.619257
Squeeze breakout — value-confirmed,Squeeze breakout,Development (2019-09 to 2022-12),2020-09-23T18:20:00+00:00,2020-09-23T18:25:00+00:00,SHORT,1860.83,1865.46,0.1865,4.0,-0.863495,0.138818,0.139163,-1.141476,SL_HIT,1,False,73.477781
Squeeze breakout — value-confirmed,Squeeze breakout,Development (2019-09 to 2022-12),2020-09-23T19:05:00+00:00,2020-09-23T19:15:00+00:00,SHORT,1856.24,1861.37,0.1721,4.270561,-0.882873,0.127784,0.128137,-1.138793,SL_HIT,2,False,72.338987
Squeeze breakout — value-confirmed,Squeeze breakout,Development (2019-09 to 2022-12),2020-10-08T16:45:00+00:00,2020-10-08T17:30:00+00:00,SHORT,1885.29,1891.26,0.1808,4.0,-1.079376,0.136344,0.136776,-1.352496,SL_HIT,9,False,70.986491
Squeeze breakout — value-confirmed,Squeeze breakout,Development (2019-09 to 2022-12),2020-10-15T17:35:00+00:00,2020-10-15T22:10:00+00:00,LONG,1906.25,1907.6,0.1775,4.0,0.239625,0.135344,0.13544,-0.031158,DAY_EXIT,41,False,70.955333
Squeeze breakout — value-confirmed,Squeeze breakout,Development (2019-09 to 2022-12),2020-10-19T12:10:00+00:00,2020-10-19T12:55:00+00:00,LONG,1914.79,1909.4,0.1774,4.0,-0.956186,0.135873,0.135491,-1.227551,SL_HIT,9,False,69.727782
Squeeze breakout — value-confirmed,Squeeze breakout,Development (2019-09 to 2022-12),2020-10-29T11:35:00+00:00,2020-10-29T12:25:00+00:00,SHORT,1875.55,1867.58,0.1743,4.0,1.389171,0.130763,0.130208,1.1282,TP_HIT,10,False,70.855982
Squeeze breakout — value-confirmed,Squeeze breakout,Development (2019-09 to 2022-12),2020-11-02T12:15:00+00:00,2020-11-02T12:50:00+00:00,LONG,1891.77,1886.84,0.1771,4.0,-0.873103,0.134013,0.133664,-1.14078,SL_HIT,7,False,69.715203
Squeeze breakout — value-confirmed,Squeeze breakout,Development (2019-09 to 2022-12),2020-11-03T13:25:00+00:00,2020-11-03T17:25:00+00:00,LONG,1903.0,1907.81,0.1743,4.0,0.838383,0.132677,0.133013,0.572693,TIME_EXIT,48,False,70.287896
Squeeze breakout — value-confirmed,Squeeze breakout,Development (2019-09 to 2022-12),2020-12-10T17:45:00+00:00,2020-12-10T19:55:00+00:00,SHORT,1832.01,1836.09,0.1757,4.0,-0.716856,0.128754,0.12904,-0.97465,SL_HIT,26,False,69.313246
Squeeze breakout — value-confirmed,Squeeze breakout,Development (2019-09 to 2022-12),2020-12-28T10:30:00+00:00,2020-12-28T11:55:00+00:00,SHORT,1880.97,1873.0,0.1733,4.0,1.381201,0.130389,0.129836,1.120976,TP_HIT,17,False,70.434222
Squeeze breakout — value-confirmed,Squeeze breakout,Development (2019-09 to 2022-12),2021-01-04T10:55:00+00:00,2021-01-04T12:50:00+00:00,LONG,1934.53,1929.9,0.1761,4.0,-0.815343,0.136268,0.135942,-1.087553,SL_HIT,23,False,69.346668
Squeeze breakout — value-confirmed,Squeeze breakout,Development (2019-09 to 2022-12),2021-01-15T13:45:00+00:00,2021-01-15T15:10:00+00:00,SHORT,1842.66,1834.69,0.1734,4.0,1.381998,0.127807,0.127254,1.126937,TP_HIT,17,False,70.473605
Squeeze breakout — value-confirmed,Squeeze breakout,Development (2019-09 to 2022-12),2021-01-20T07:55:00+00:00,2021-01-20T10:25:00+00:00,LONG,1855.95,1851.52,0.1762,4.0,-0.780566,0.130807,0.130495,-1.041868,SL_HIT,30,False,69.431737
Squeeze breakout — value-confirmed,Squeeze breakout,Development (2019-09 to 2022-12),2021-02-03T07:50:00+00:00,2021-02-03T11:50:00+00:00,SHORT,1835.33,1834.43,0.1736,4.0,0.15624,0.127445,0.127383,-0.098588,TIME_EXIT,48,False,69.333149
Squeeze breakout — value-confirmed,Squeeze breakout,Development (2019-09 to 2022-12),2021-02-09T18:35:00+00:00,2021-02-09T21:00:00+00:00,SHORT,1834.46,1836.15,0.1733,4.0,-0.292877,0.127165,0.127282,-0.547324,DAY_EXIT,29,False,68.785825
Squeeze breakout — value-confirmed,Squeeze breakout,Development (2019-09 to 2022-12),2021-02-12T13:15:00+00:00,2021-02-12T14:50:00+00:00,SHORT,1815.14,1820.96,0.172,4.0,-1.00104,0.124882,0.125282,-1.251204,SL_HIT,19,False,67.534621
Squeeze breakout — value-confirmed,Squeeze breakout,Development (2019-09 to 2022-12),2021-02-15T10:10:00+00:00,2021-02-15T11:30:00+00:00,SHORT,1816.74,1820.83,0.1688,4.0,-0.690392,0.122666,0.122942,-0.936001,SL_HIT,16,False,66.598621
Squeeze breakout — value-confirmed,Squeeze breakout,Development (2019-09 to 2022-12),2021-02-16T10:45:00+00:00,2021-02-16T11:20:00+00:00,LONG,1825.43,1820.81,0.1665,4.0,-0.76923,0.121574,0.121266,-1.01207,SL_HIT,7,False,65.586551
Squeeze breakout — value-confirmed,Squeeze breakout,Development (2019-09 to 2022-12),2021-03-29T10:05:00+00:00,2021-03-29T10:55:00+00:00,SHORT,1723.96,1728.42,0.164,4.0,-0.73144,0.113092,0.113384,-0.957916,SL_HIT,10,False,64.628635
Squeeze breakout — value-confirmed,Squeeze breakout,Development (2019-09 to 2022-12),2021-04-09T10:10:00+00:00,2021-04-09T11:15:00+00:00,SHORT,1744.15,1748.39,0.1616,4.0,-0.685184,0.112742,0.113016,-0.910942,SL_HIT,13,False,63.717693
Squeeze breakout — value-confirmed,Squeeze breakout,Development (2019-09 to 2022-12),2021-04-23T11:30:00+00:00,2021-04-23T13:55:00+00:00,LONG,1788.4,1782.16,0.1593,4.0,-0.994032,0.113957,0.113559,-1.221548,SL_HIT,29,False,62.496145
Squeeze breakout — value-confirmed,Squeeze breakout,Development (2019-09 to 2022-12),2021-04-27T17:45:00+00:00,2021-04-27T22:10:00+00:00,SHORT,1777.4,1776.82,0.1562,4.0,0.090596,0.111052,0.111016,-0.131472,DAY_EXIT,39,False,62.364673
Squeeze breakout — value-confirmed,Squeeze breakout,Development (2019-09 to 2022-12),2021-04-29T10:00:00+00:00,2021-04-29T12:25:00+00:00,SHORT,1774.64,1779.11,0.1559,4.0,-0.696873,0.110667,0.110945,-0.918485,SL_HIT,29,False,61.446189
Squeeze breakout — value-confirmed,Squeeze breakout,Development (2019-09 to 2022-12),2021-05-13T16:50:00+00:00,2021-05-13T17:05:00+00:00,LONG,1828.31,1824.01,0.1536,4.0,-0.66048,0.112331,0.112067,-0.884879,SL_HIT,3,False,60.56131
Squeeze breakout — value-confirmed,Squeeze breakout,Development (2019-09 to 2022-12),2021-05-20T16:05:00+00:00,2021-05-20T18:00:00+00:00,LONG,1881.55,1876.37,0.1514,4.0,-0.784252,0.113947,0.113633,-1.011832,SL_HIT,23,False,59.549478
Squeeze breakout — value-confirmed,Squeeze breakout,Development (2019-09 to 2022-12),2021-06-07T13:15:00+00:00,2021-06-07T17:15:00+00:00,LONG,1889.81,1894.9,0.1489,4.0,0.757901,0.112557,0.11286,0.532484,TIME_EXIT,48,False,60.081962
Squeeze breakout — value-confirmed,Squeeze breakout,Development (2019-09 to 2022-12),2021-06-07T18:00:00+00:00,2021-06-07T22:10:00+00:00,LONG,1897.88,1898.94,0.1502,4.0,0.159212,0.114025,0.114088,-0.068901,DAY_EXIT,36,False,60.013061
Squeeze breakout — value-confirmed,Squeeze breakout,Development (2019-09 to 2022-12),2021-06-14T12:05:00+00:00,2021-06-14T13:40:00+00:00,SHORT,1852.85,1857.3,0.15,4.0,-0.6675,0.111171,0.111438,-0.890109,SL_HIT,19,False,59.122952
Squeeze breakout — value-confirmed,Squeeze breakout,Development (2019-09 to 2022-12),2021-06-15T16:00:00+00:00,2021-06-15T20:00:00+00:00,SHORT,1855.65,1859.45,0.1478,4.0,-0.56164,0.109706,0.109931,-0.781277,TIME_EXIT,48,False,58.341675
Squeeze breakout — value-confirmed,Squeeze breakout,Development (2019-09 to 2022-12),2021-06-24T17:35:00+00:00,2021-06-24T22:10:00+00:00,SHORT,1775.33,1776.54,0.1459,4.0,-0.176539,0.103608,0.103679,-0.383826,DAY_EXIT,41,False,57.957849
Squeeze breakout — value-confirmed,Squeeze breakout,Development (2019-09 to 2022-12),2021-06-30T16:40:00+00:00,2021-06-30T20:40:00+00:00,LONG,1769.54,1769.4,0.1449,4.0,-0.020286,0.102563,0.102554,-0.225403,TIME_EXIT,48,False,57.732446
Squeeze breakout — value-confirmed,Squeeze breakout,Development (2019-09 to 2022-12),2021-07-09T18:10:00+00:00,2021-07-09T19:55:00+00:00,LONG,1812.37,1808.11,0.1443,4.0,-0.614718,0.10461,0.104364,-0.823692,SL_HIT,21,False,56.908754
Squeeze breakout — value-confirmed,Squeeze breakout,Development (2019-09 to 2022-12),2021-08-02T16:35:00+00:00,2021-08-02T19:35:00+00:00,LONG,1817.19,1813.09,0.1423,4.0,-0.58343,0.103434,0.103201,-0.790066,SL_HIT,36,False,56.118689
Squeeze breakout — value-confirmed,Squeeze breakout,Development (2019-09 to 2022-12),2021-09-28T09:35:00+00:00,2021-09-28T12:45:00+00:00,SHORT,1739.59,1731.62,0.1403,4.0,1.118191,0.097626,0.097179,0.923387,TP_HIT,38,False,57.042075
Squeeze breakout — value-confirmed,Squeeze breakout,Development (2019-09 to 2022-12),2021-09-29T10:20:00+00:00,2021-09-29T11:25:00+00:00,LONG,1745.27,1740.88,0.1426,4.0,-0.626014,0.09955,0.0993,-0.824864,SL_HIT,13,False,56.217211
Squeeze breakout — value-confirmed,Squeeze breakout,Development (2019-09 to 2022-12),2021-10-06T18:55:00+00:00,2021-10-06T22:10:00+00:00,LONG,1764.69,1762.8,0.1405,4.0,-0.265545,0.099176,0.099069,-0.46379,DAY_EXIT,25,False,55.753421
Squeeze breakout — value-confirmed,Squeeze breakout,Development (2019-09 to 2022-12),2021-10-07T19:45:00+00:00,2021-10-07T22:10:00+00:00,SHORT,1754.73,1755.79,0.1394,4.0,-0.147764,0.097844,0.097903,-0.343511,DAY_EXIT,15,False,55.409911
Squeeze breakout — value-confirmed,Squeeze breakout,Development (2019-09 to 2022-12),2021-12-01T12:45:00+00:00,2021-12-01T13:15:00+00:00,LONG,1788.72,1783.33,0.1385,4.0,-0.746515,0.099095,0.098796,-0.944407,SL_HIT,6,False,54.465504
Squeeze breakout — value-confirmed,Squeeze breakout,Development (2019-09 to 2022-12),2021-12-16T08:50:00+00:00,2021-12-16T12:25:00+00:00,LONG,1787.02,1782.52,0.1362,4.0,-0.6129,0.097357,0.097112,-0.807369,SL_HIT,43,False,53.658136
Squeeze breakout — value-confirmed,Squeeze breakout,Development (2019-09 to 2022-12),2022-01-21T18:35:00+00:00,2022-01-21T21:00:00+00:00,SHORT,1830.02,1832.15,0.1341,4.0,-0.285633,0.098162,0.098277,-0.482072,DAY_EXIT,29,False,53.176064
Squeeze breakout — value-confirmed,Squeeze breakout,Development (2019-09 to 2022-12),2022-01-26T19:05:00+00:00,2022-01-26T19:10:00+00:00,SHORT,1825.95,1831.52,0.1329,4.0,-0.740253,0.097068,0.097364,-0.934684,SL_HIT,1,False,52.24138
Squeeze breakout — value-confirmed,Squeeze breakout,Development (2019-09 to 2022-12),2022-02-01T10:40:00+00:00,2022-02-01T13:30:00+00:00,LONG,1807.58,1802.83,0.1306,4.0,-0.62035,0.094428,0.09418,-0.808958,SL_HIT,34,False,51.432422
Squeeze breakout — value-confirmed,Squeeze breakout,Development (2019-09 to 2022-12),2022-02-16T09:50:00+00:00,2022-02-16T10:35:00+00:00,LONG,1858.48,1854.41,0.1286,4.0,-0.523402,0.0956,0.095391,-0.714393,SL_HIT,9,False,50.718029
Squeeze breakout — value-confirmed,Squeeze breakout,Development (2019-09 to 2022-12),2022-03-02T12:30:00+00:00,2022-03-02T12:35:00+00:00,SHORT,1923.57,1928.69,0.1268,4.0,-0.649216,0.097563,0.097823,-0.844603,SL_HIT,1,False,49.873426
Squeeze breakout — value-confirmed,Squeeze breakout,Development (2019-09 to 2022-12),2022-03-18T18:40:00+00:00,2022-03-20T22:10:00+00:00,SHORT,1926.06,1924.32,0.1247,4.0,0.216978,0.096072,0.095985,0.024921,DAY_EXIT,28,False,49.898347
Squeeze breakout — value-confirmed,Squeeze breakout,Development (2019-09 to 2022-12),2022-03-23T19:25:00+00:00,2022-03-23T22:10:00+00:00,LONG,1941.63,1944.46,0.1247,4.0,0.352901,0.096849,0.09699,0.159063,DAY_EXIT,19,False,50.05741
Squeeze breakout — value-confirmed,Squeeze breakout,Development (2019-09 to 2022-12),2022-03-28T08:30:00+00:00,2022-03-28T12:15:00+00:00,SHORT,1930.27,1938.67,0.1251,4.0,-1.05084,0.096591,0.097011,-1.244442,SL_HIT,45,False,48.812968
Squeeze breakout — value-confirmed,Squeeze breakout,Development (2019-09 to 2022-12),2022-03-31T12:30:00+00:00,2022-03-31T13:50:00+00:00,LONG,1933.81,1941.78,0.122,4.0,0.97234,0.09437,0.094759,0.783211,TP_HIT,16,False,49.59618
Squeeze breakout — value-confirmed,Squeeze breakout,Development (2019-09 to 2022-12),2022-04-26T11:00:00+00:00,2022-04-26T11:25:00+00:00,LONG,1909.66,1905.29,0.124,4.0,-0.54188,0.094719,0.094502,-0.731102,SL_HIT,5,False,48.865078
Squeeze breakout — value-confirmed,Squeeze breakout,Development (2019-09 to 2022-12),2022-04-29T10:30:00+00:00,2022-04-29T11:15:00+00:00,LONG,1917.98,1913.95,0.1222,4.0,-0.492466,0.093751,0.093554,-0.679771,SL_HIT,9,False,48.185307
Squeeze breakout — value-confirmed,Squeeze breakout,Development (2019-09 to 2022-12),2022-05-09T07:20:00+00:00,2022-05-09T10:20:00+00:00,SHORT,1869.08,1861.11,0.1205,4.0,0.960385,0.09009,0.089706,0.78059,TP_HIT,36,False,48.965897
Squeeze breakout — value-confirmed,Squeeze breakout,Development (2019-09 to 2022-12),2022-05-13T10:05:00+00:00,2022-05-13T12:25:00+00:00,SHORT,1821.18,1813.21,0.1224,4.0,0.975528,0.089165,0.088775,0.797588,TP_HIT,28,False,49.763485
Squeeze breakout — value-confirmed,Squeeze breakout,Development (2019-09 to 2022-12),2022-05-16T17:45:00+00:00,2022-05-16T19:30:00+00:00,LONG,1817.4,1825.37,0.1244,4.0,0.991468,0.090434,0.09083,0.810204,TP_HIT,21,False,50.573689
Squeeze breakout — value-confirmed,Squeeze breakout,Development (2019-09 to 2022-12),2022-05-25T08:30:00+00:00,2022-05-25T09:35:00+00:00,SHORT,1855.02,1859.6,0.1264,4.0,-0.578912,0.09379,0.094021,-0.766723,SL_HIT,13,False,49.806966
Squeeze breakout — value-confirmed,Squeeze breakout,Development (2019-09 to 2022-12),2022-05-25T15:45:00+00:00,2022-05-25T18:05:00+00:00,SHORT,1847.51,1852.44,0.1245,4.0,-0.613785,0.092006,0.092252,-0.798043,SL_HIT,28,False,49.008923
Squeeze breakout — value-confirmed,Squeeze breakout,Development (2019-09 to 2022-12),2022-05-31T08:20:00+00:00,2022-05-31T09:00:00+00:00,LONG,1856.82,1851.96,0.1225,4.0,-0.59535,0.090984,0.090746,-0.77708,SL_HIT,8,False,48.231843
Squeeze breakout — value-confirmed,Squeeze breakout,Development (2019-09 to 2022-12),2022-06-02T09:20:00+00:00,2022-06-02T13:20:00+00:00,LONG,1853.84,1859.27,0.1206,4.0,0.654858,0.089429,0.089691,0.475738,TIME_EXIT,48,False,48.707581
Squeeze breakout — value-confirmed,Squeeze breakout,Development (2019-09 to 2022-12),2022-06-10T11:20:00+00:00,2022-06-10T12:05:00+00:00,SHORT,1840.81,1832.84,0.1218,4.0,0.970746,0.089684,0.089296,0.791766,TP_HIT,9,False,49.499347
Squeeze breakout — value-confirmed,Squeeze breakout,Development (2019-09 to 2022-12),2022-06-21T17:45:00+00:00,2022-06-21T22:10:00+00:00,SHORT,1834.22,1831.57,0.1237,4.0,0.327805,0.090757,0.090626,0.146422,DAY_EXIT,39,False,49.645768
Squeeze breakout — value-confirmed,Squeeze breakout,Development (2019-09 to 2022-12),2022-06-23T18:20:00+00:00,2022-06-23T22:10:00+00:00,SHORT,1823.85,1825.27,0.1241,4.0,-0.176222,0.090536,0.090606,-0.357364,DAY_EXIT,32,False,49.288404
Squeeze breakout — value-confirmed,Squeeze breakout,Development (2019-09 to 2022-12),2022-07-14T09:35:00+00:00,2022-07-14T09:45:00+00:00,SHORT,1712.24,1716.47,0.1232,4.0,-0.521136,0.084379,0.084588,-0.690103,SL_HIT,2,False,48.598301
Squeeze breakout — value-confirmed,Squeeze breakout,Development (2019-09 to 2022-12),2022-07-18T09:25:00+00:00,2022-07-18T10:40:00+00:00,LONG,1721.78,1715.32,0.1215,4.0,-0.78489,0.083679,0.083365,-0.951933,SL_HIT,15,False,47.646368
Squeeze breakout — value-confirmed,Squeeze breakout,Development (2019-09 to 2022-12),2022-07-19T09:45:00+00:00,2022-07-19T12:25:00+00:00,LONG,1714.28,1709.18,0.1191,4.0,-0.60741,0.081668,0.081425,-0.770504,SL_HIT,32,False,46.875864
Squeeze breakout — value-confirmed,Squeeze breakout,Development (2019-09 to 2022-12),2022-07-26T12:25:00+00:00,2022-07-26T12:30:00+00:00,SHORT,1713.75,1719.02,0.1172,4.0,-0.617644,0.080341,0.080588,-0.778572,SL_HIT,1,False,46.097292
Squeeze breakout — value-confirmed,Squeeze breakout,Development (2019-09 to 2022-12),2022-08-04T08:55:00+00:00,2022-08-04T11:50:00+00:00,LONG,1775.89,1783.86,0.1152,4.0,0.918144,0.081833,0.0822,0.754111,TP_HIT,35,False,46.851403
Squeeze breakout — value-confirmed,Squeeze breakout,Development (2019-09 to 2022-12),2022-08-22T11:35:00+00:00,2022-08-22T13:35:00+00:00,SHORT,1732.75,1737.81,0.1171,4.0,-0.592526,0.081162,0.081399,-0.755087,SL_HIT,24,False,46.096316
Squeeze breakout — value-confirmed,Squeeze breakout,Development (2019-09 to 2022-12),2022-08-26T09:55:00+00:00,2022-08-26T13:25:00+00:00,SHORT,1749.68,1754.01,0.1152,4.0,-0.498816,0.080625,0.080825,-0.660266,SL_HIT,42,False,45.43605
Squeeze breakout — value-confirmed,Squeeze breakout,Development (2019-09 to 2022-12),2022-08-29T07:20:00+00:00,2022-08-29T10:25:00+00:00,SHORT,1721.4,1725.47,0.1136,4.0,-0.462352,0.07822,0.078405,-0.618978,SL_HIT,37,False,44.817072
Squeeze breakout — value-confirmed,Squeeze breakout,Development (2019-09 to 2022-12),2022-08-31T19:00:00+00:00,2022-08-31T21:00:00+00:00,SHORT,1710.71,1711.22,0.112,4.0,-0.05712,0.07664,0.076663,-0.210422,DAY_EXIT,24,False,44.60665
Squeeze breakout — value-confirmed,Squeeze breakout,Development (2019-09 to 2022-12),2022-09-15T12:25:00+00:00,2022-09-15T12:35:00+00:00,SHORT,1683.06,1688.24,0.1115,4.0,-0.57757,0.075064,0.075296,-0.72793,SL_HIT,2,False,43.87872
Squeeze breakout — value-confirmed,Squeeze breakout,Development (2019-09 to 2022-12),2022-09-21T09:10:00+00:00,2022-09-21T13:10:00+00:00,LONG,1673.37,1673.76,0.1097,4.0,0.042783,0.073427,0.073445,-0.104089,TIME_EXIT,48,False,43.774631
Squeeze breakout — value-confirmed,Squeeze breakout,Development (2019-09 to 2022-12),2022-09-26T14:25:00+00:00,2022-09-26T14:50:00+00:00,LONG,1648.07,1642.76,0.1094,4.0,-0.580914,0.07212,0.071887,-0.724921,SL_HIT,5,False,43.04971
Squeeze breakout — value-confirmed,Squeeze breakout,Development (2019-09 to 2022-12),2022-10-03T12:25:00+00:00,2022-10-03T13:00:00+00:00,LONG,1669.36,1665.22,0.1076,4.0,-0.445464,0.071849,0.071671,-0.588984,SL_HIT,7,False,42.460726
Squeeze breakout — value-confirmed,Squeeze breakout,Development (2019-09 to 2022-12),2022-10-03T17:35:00+00:00,2022-10-03T21:00:00+00:00,LONG,1696.63,1699.39,0.1062,4.0,0.293112,0.072073,0.07219,0.148849,DAY_EXIT,41,False,42.609575
Squeeze breakout — value-confirmed,Squeeze breakout,Development (2019-09 to 2022-12),2022-10-04T10:25:00+00:00,2022-10-04T10:55:00+00:00,LONG,1712.01,1707.85,0.1065,4.0,-0.44304,0.072932,0.072754,-0.588726,SL_HIT,6,False,42.020849
Squeeze breakout — value-confirmed,Squeeze breakout,Development (2019-09 to 2022-12),2022-10-10T11:45:00+00:00,2022-10-10T14:55:00+00:00,SHORT,1675.83,1667.86,0.1051,4.0,0.837647,0.070452,0.070117,0.697078,TP_HIT,38,False,42.717927
Squeeze breakout — value-confirmed,Squeeze breakout,Development (2019-09 to 2022-12),2022-10-21T19:20:00+00:00,2022-10-21T21:00:00+00:00,LONG,1656.44,1657.1,0.1068,4.0,0.070488,0.070763,0.070791,-0.071066,DAY_EXIT,20,False,42.64686
Squeeze breakout — value-confirmed,Squeeze breakout,Development (2019-09 to 2022-12),2022-10-31T19:05:00+00:00,2022-10-31T21:00:00+00:00,SHORT,1633.78,1633.79,0.1066,4.0,-0.001066,0.069664,0.069665,-0.140395,DAY_EXIT,23,False,42.506465
Squeeze breakout — value-confirmed,Squeeze breakout,Development (2019-09 to 2022-12),2022-11-02T12:05:00+00:00,2022-11-02T12:20:00+00:00,LONG,1658.12,1653.67,0.1063,4.0,-0.473035,0.070503,0.070314,-0.613852,SL_HIT,3,False,41.892613
Squeeze breakout — value-confirmed,Squeeze breakout,Development (2019-09 to 2022-12),2022-11-04T12:45:00+00:00,2022-11-04T13:15:00+00:00,LONG,1656.4,1664.37,0.1047,4.0,0.834459,0.06937,0.069704,0.695385,TP_HIT,6,False,42.587998
Squeeze breakout — value-confirmed,Squeeze breakout,Development (2019-09 to 2022-12),2022-11-04T18:30:00+00:00,2022-11-04T21:00:00+00:00,LONG,1676.23,1680.56,0.1065,4.0,0.461145,0.071407,0.071592,0.318146,DAY_EXIT,30,False,42.906144
Squeeze breakout — value-confirmed,Squeeze breakout,Development (2019-09 to 2022-12),2022-11-11T19:30:00+00:00,2022-11-11T21:00:00+00:00,LONG,1767.55,1767.54,0.1073,4.0,-0.001073,0.075863,0.075863,-0.152799,DAY_EXIT,18,False,42.753345
Squeeze breakout — value-confirmed,Squeeze breakout,Development (2019-09 to 2022-12),2022-11-22T17:35:00+00:00,2022-11-22T21:00:00+00:00,SHORT,1739.13,1740.64,0.1069,4.0,-0.161419,0.074365,0.07443,-0.310214,DAY_EXIT,41,False,42.443131
Squeeze breakout — value-confirmed,Squeeze breakout,Development (2019-09 to 2022-12),2022-11-23T18:30:00+00:00,2022-11-23T21:00:00+00:00,LONG,1745.25,1751.01,0.1061,4.0,0.611136,0.074068,0.074313,0.462755,DAY_EXIT,30,False,42.905886
Squeeze breakout — value-confirmed,Squeeze breakout,Development (2019-09 to 2022-12),2022-11-28T18:10:00+00:00,2022-11-28T21:00:00+00:00,SHORT,1741.07,1740.3,0.1073,4.0,0.082621,0.074727,0.074694,-0.066799,DAY_EXIT,34,False,42.839086
Squeeze breakout — value-confirmed,Squeeze breakout,Development (2019-09 to 2022-12),2022-12-12T19:10:00+00:00,2022-12-12T21:00:00+00:00,SHORT,1778.1,1780.61,0.1071,4.0,-0.268821,0.076174,0.076281,-0.421276,DAY_EXIT,22,False,42.41781
Squeeze breakout — value-confirmed,Squeeze breakout,Development (2019-09 to 2022-12),2022-12-13T12:50:00+00:00,2022-12-13T13:35:00+00:00,LONG,1789.26,1797.23,0.106,4.0,0.84482,0.075865,0.076203,0.692753,TP_HIT,9,False,43.110563
Squeeze breakout — value-confirmed,Squeeze breakout,Development (2019-09 to 2022-12),2022-12-16T14:50:00+00:00,2022-12-16T18:50:00+00:00,LONG,1788.73,1791.82,0.1078,4.0,0.333102,0.07713,0.077263,0.178709,TIME_EXIT,48,False,43.289272
Squeeze breakout — value-confirmed,Squeeze breakout,Development (2019-09 to 2022-12),2022-12-20T17:10:00+00:00,2022-12-20T18:10:00+00:00,LONG,1820.05,1815.56,0.1082,4.0,-0.485818,0.078772,0.078577,-0.643167,SL_HIT,12,False,42.646104
Range reversion — core,Range reversion,Development (2019-09 to 2022-12),2020-11-25T13:45:00+00:00,2020-11-25T14:50:00+00:00,SHORT,1813.2,1817.86,0.25,4.0,-1.165,0.18132,0.181786,-1.528106,SL_HIT,13,False,98.471894
Range reversion — core,Range reversion,Development (2019-09 to 2022-12),2020-12-08T14:00:00+00:00,2020-12-08T14:10:00+00:00,SHORT,1864.46,1869.4,0.2462,4.0,-1.216228,0.183612,0.184099,-1.583939,SL_HIT,2,False,96.887955
Range reversion — core,Range reversion,Development (2019-09 to 2022-12),2021-06-09T07:20:00+00:00,2021-06-09T09:20:00+00:00,LONG,1891.42,1887.1,0.2422,4.0,-1.046304,0.183241,0.182822,-1.412367,SL_HIT,24,False,95.475588
Range reversion — core,Range reversion,Development (2019-09 to 2022-12),2021-06-23T12:25:00+00:00,2021-06-23T13:35:00+00:00,SHORT,1782.67,1787.01,0.2387,4.0,-1.035958,0.170209,0.170624,-1.376791,SL_HIT,14,False,94.098797
Range reversion — core,Range reversion,Development (2019-09 to 2022-12),2022-02-07T13:35:00+00:00,2022-02-07T15:35:00+00:00,SHORT,1813.91,1815.58,0.2352,4.0,-0.392784,0.170653,0.17081,-0.734246,TIME_EXIT,24,False,93.364551
Range reversion — core,Range reversion,Development (2019-09 to 2022-12),2022-10-05T13:50:00+00:00,2022-10-05T14:05:00+00:00,LONG,1709.19,1700.31,0.2334,4.0,-2.072592,0.15957,0.158741,-2.390903,SL_HIT,3,False,90.973648
Range reversion — core,Range reversion,Development (2019-09 to 2022-12),2022-11-30T18:35:00+00:00,2022-11-30T19:05:00+00:00,LONG,1753.65,1761.62,0.2274,4.0,1.812378,0.159512,0.160237,1.492629,TP_HIT,6,False,92.466277
Range reversion — value-confirmed,Range reversion,Development (2019-09 to 2022-12),2020-11-25T13:45:00+00:00,2020-11-25T14:50:00+00:00,SHORT,1813.2,1817.86,0.25,4.0,-1.165,0.18132,0.181786,-1.528106,SL_HIT,13,False,98.471894
Range reversion — value-confirmed,Range reversion,Development (2019-09 to 2022-12),2021-06-09T07:20:00+00:00,2021-06-09T09:20:00+00:00,LONG,1891.42,1887.1,0.2462,4.0,-1.063584,0.186267,0.185842,-1.435693,SL_HIT,24,False,97.036201
Range reversion — value-confirmed,Range reversion,Development (2019-09 to 2022-12),2021-06-23T12:25:00+00:00,2021-06-23T13:35:00+00:00,SHORT,1782.67,1787.01,0.2426,4.0,-1.052884,0.17299,0.173411,-1.399286,SL_HIT,14,False,95.636916
Range reversion — value-confirmed,Range reversion,Development (2019-09 to 2022-12),2022-02-07T13:35:00+00:00,2022-02-07T15:35:00+00:00,SHORT,1813.91,1815.58,0.2391,4.0,-0.399297,0.173482,0.173642,-0.746421,TIME_EXIT,24,False,94.890494
Range reversion — value-confirmed,Range reversion,Development (2019-09 to 2022-12),2022-10-05T13:50:00+00:00,2022-10-05T14:05:00+00:00,LONG,1709.19,1700.31,0.2372,4.0,-2.106336,0.162168,0.161325,-2.429829,SL_HIT,3,False,92.460665
Range reversion — value-confirmed,Range reversion,Development (2019-09 to 2022-12),2022-11-30T18:35:00+00:00,2022-11-30T19:05:00+00:00,LONG,1753.65,1761.62,0.2312,4.0,1.842664,0.162178,0.162915,1.517572,TP_HIT,6,False,93.978237
Trend pullback — core,Trend pullback,Validation (2023-2024),2023-01-03T09:30:00+00:00,2023-01-03T09:45:00+00:00,LONG,1841.59,1837.5,0.25,4.0,-1.0225,0.184159,0.18375,-1.390409,SL_HIT,3,False,98.609591
Trend pullback — core,Trend pullback,Validation (2023-2024),2023-01-03T13:05:00+00:00,2023-01-03T14:35:00+00:00,LONG,1837.01,1844.98,0.2465,4.0,1.964605,0.181129,0.181915,1.601561,TP_HIT,18,False,100.211152
Trend pullback — core,Trend pullback,Validation (2023-2024),2023-01-04T13:25:00+00:00,2023-01-04T15:05:00+00:00,LONG,1857.41,1852.39,0.2505,4.0,-1.25751,0.186112,0.185609,-1.629232,SL_HIT,20,False,98.58192
Trend pullback — core,Trend pullback,Validation (2023-2024),2023-01-05T19:15:00+00:00,2023-01-05T21:00:00+00:00,SHORT,1834.09,1833.27,0.2465,4.0,0.20213,0.180841,0.18076,-0.159472,DAY_EXIT,21,False,98.422448
Trend pullback — core,Trend pullback,Validation (2023-2024),2023-01-10T11:00:00+00:00,2023-01-10T12:40:00+00:00,LONG,1875.41,1871.24,0.2461,4.0,-1.026237,0.184615,0.184205,-1.395057,SL_HIT,20,False,97.027391
Trend pullback — core,Trend pullback,Validation (2023-2024),2023-01-10T13:25:00+00:00,2023-01-10T17:25:00+00:00,LONG,1874.51,1873.5,0.2426,4.0,-0.245026,0.181902,0.181804,-0.608733,TIME_EXIT,48,False,96.418658
Trend pullback — core,Trend pullback,Validation (2023-2024),2023-01-13T07:35:00+00:00,2023-01-13T08:25:00+00:00,LONG,1896.75,1904.72,0.241,4.0,1.92077,0.182847,0.183615,1.554308,TP_HIT,10,False,97.972966
Trend pullback — core,Trend pullback,Validation (2023-2024),2023-01-17T12:50:00+00:00,2023-01-17T13:30:00+00:00,SHORT,1908.57,1913.26,0.2449,4.0,-1.148581,0.186964,0.187423,-1.522967,SL_HIT,8,False,96.449999
Trend pullback — core,Trend pullback,Validation (2023-2024),2023-01-20T07:05:00+00:00,2023-01-20T08:10:00+00:00,LONG,1927.99,1935.96,0.2411,4.0,1.921567,0.185935,0.186704,1.548928,TP_HIT,13,False,97.998927
Trend pullback — core,Trend pullback,Validation (2023-2024),2023-01-20T09:20:00+00:00,2023-01-20T11:55:00+00:00,LONG,1931.09,1926.66,0.245,4.0,-1.08535,0.189247,0.188813,-1.463409,SL_HIT,31,False,96.535517
Trend pullback — core,Trend pullback,Validation (2023-2024),2023-01-23T11:05:00+00:00,2023-01-23T14:10:00+00:00,SHORT,1924.74,1916.77,0.2413,4.0,1.923161,0.185776,0.185007,1.552378,TP_HIT,37,False,98.087895
Trend pullback — core,Trend pullback,Validation (2023-2024),2023-01-24T16:45:00+00:00,2023-01-24T18:35:00+00:00,SHORT,1931.17,1935.54,0.2452,4.0,-1.071524,0.189409,0.189838,-1.450771,SL_HIT,22,False,96.637125
Trend pullback — core,Trend pullback,Validation (2023-2024),2023-01-25T07:35:00+00:00,2023-01-25T08:35:00+00:00,SHORT,1928.2,1932.66,0.2416,4.0,-1.077536,0.186341,0.186772,-1.45065,SL_HIT,12,False,95.186475
Trend pullback — core,Trend pullback,Validation (2023-2024),2023-01-30T11:25:00+00:00,2023-01-30T13:45:00+00:00,SHORT,1925.61,1929.85,0.238,4.0,-1.00912,0.183318,0.183722,-1.37616,SL_HIT,28,False,93.810315
Trend pullback — core,Trend pullback,Validation (2023-2024),2023-02-01T13:45:00+00:00,2023-02-01T14:55:00+00:00,LONG,1930.48,1926.34,0.2345,4.0,-0.97083,0.181079,0.180691,-1.3326,SL_HIT,14,False,92.477716
Trend pullback — core,Trend pullback,Validation (2023-2024),2023-02-06T09:10:00+00:00,2023-02-06T13:10:00+00:00,SHORT,1875.08,1872.98,0.2312,4.0,0.48552,0.173407,0.173213,0.138899,TIME_EXIT,48,False,92.616615
Trend pullback — core,Trend pullback,Validation (2023-2024),2023-02-06T13:50:00+00:00,2023-02-06T14:55:00+00:00,SHORT,1871.67,1876.04,0.2315,4.0,-1.011655,0.173317,0.173721,-1.358693,SL_HIT,13,False,91.257922
Trend pullback — core,Trend pullback,Validation (2023-2024),2023-02-10T09:20:00+00:00,2023-02-10T13:20:00+00:00,SHORT,1861.65,1864.86,0.2281,4.0,-0.732201,0.169857,0.17015,-1.072208,TIME_EXIT,48,False,90.185714
Trend pullback — core,Trend pullback,Validation (2023-2024),2023-02-13T12:10:00+00:00,2023-02-13T16:10:00+00:00,SHORT,1859.83,1853.04,0.2255,4.0,1.531145,0.167757,0.167144,1.196244,TIME_EXIT,48,False,91.381958
Trend pullback — core,Trend pullback,Validation (2023-2024),2023-02-13T19:30:00+00:00,2023-02-13T21:00:00+00:00,SHORT,1852.67,1854.52,0.2285,4.0,-0.422725,0.169334,0.169503,-0.761562,DAY_EXIT,18,False,90.620396
Trend pullback — core,Trend pullback,Validation (2023-2024),2023-02-14T12:30:00+00:00,2023-02-14T13:35:00+00:00,LONG,1859.94,1850.17,0.2266,4.0,-2.213882,0.168585,0.167699,-2.550166,SL_HIT,13,True,88.07023
Trend pullback — core,Trend pullback,Validation (2023-2024),2023-02-16T09:10:00+00:00,2023-02-16T09:40:00+00:00,LONG,1839.69,1835.65,0.2202,4.0,-0.889608,0.16204,0.161684,-1.213332,SL_HIT,6,False,86.856898
Trend pullback — core,Trend pullback,Validation (2023-2024),2023-02-20T14:55:00+00:00,2023-02-20T15:40:00+00:00,LONG,1846.34,1842.11,0.2171,4.0,-0.918333,0.160336,0.159969,-1.238638,SL_HIT,9,False,85.61826
Trend pullback — core,Trend pullback,Validation (2023-2024),2023-02-21T14:50:00+00:00,2023-02-21T15:35:00+00:00,SHORT,1835.79,1840.5,0.214,4.0,-1.00794,0.157144,0.157547,-1.32263,SL_HIT,9,False,84.295629
Trend pullback — core,Trend pullback,Validation (2023-2024),2023-02-28T07:05:00+00:00,2023-02-28T08:20:00+00:00,SHORT,1814.04,1806.07,0.2107,4.0,1.679279,0.152887,0.152216,1.374176,TP_HIT,15,False,85.669806
Trend pullback — core,Trend pullback,Validation (2023-2024),2023-03-01T15:20:00+00:00,2023-03-01T19:20:00+00:00,LONG,1839.45,1837.42,0.2142,4.0,-0.434826,0.157604,0.15743,-0.74986,TIME_EXIT,48,False,84.919945
Trend pullback — core,Trend pullback,Validation (2023-2024),2023-03-02T12:30:00+00:00,2023-03-02T14:45:00+00:00,SHORT,1833.21,1837.96,0.2123,4.0,-1.008425,0.155676,0.15608,-1.320181,SL_HIT,27,False,83.599765
Trend pullback — core,Trend pullback,Validation (2023-2024),2023-03-02T18:35:00+00:00,2023-03-02T21:00:00+00:00,LONG,1835.16,1835.95,0.209,4.0,0.16511,0.153419,0.153485,-0.141795,DAY_EXIT,29,False,83.45797
Trend pullback — core,Trend pullback,Validation (2023-2024),2023-03-08T13:30:00+00:00,2023-03-08T14:35:00+00:00,SHORT,1812.47,1817.9,0.2086,4.0,-1.132698,0.151232,0.151686,-1.435616,SL_HIT,13,False,82.022354
Trend pullback — core,Trend pullback,Validation (2023-2024),2023-03-09T17:10:00+00:00,2023-03-09T21:00:00+00:00,LONG,1828.54,1830.34,0.2051,4.0,0.36918,0.150013,0.150161,0.069005,DAY_EXIT,46,False,82.091359
Trend pullback — core,Trend pullback,Validation (2023-2024),2023-03-13T08:10:00+00:00,2023-03-13T09:05:00+00:00,LONG,1878.23,1886.2,0.2052,4.0,1.635444,0.154165,0.154819,1.32646,TP_HIT,11,False,83.417819
Trend pullback — core,Trend pullback,Validation (2023-2024),2023-03-13T11:00:00+00:00,2023-03-13T12:25:00+00:00,LONG,1884.5,1892.47,0.2085,4.0,1.661745,0.157167,0.157832,1.346746,TP_HIT,17,False,84.764564
Trend pullback — core,Trend pullback,Validation (2023-2024),2023-03-17T07:40:00+00:00,2023-03-17T11:40:00+00:00,LONG,1930.92,1934.0,0.2119,4.0,0.652652,0.163665,0.163926,0.325061,TIME_EXIT,48,False,85.089626
Trend pullback — core,Trend pullback,Validation (2023-2024),2023-03-23T07:20:00+00:00,2023-03-23T07:55:00+00:00,LONG,1979.66,1975.46,0.2127,4.0,-0.89334,0.168429,0.168072,-1.229842,SL_HIT,7,False,83.859784
Trend pullback — core,Trend pullback,Validation (2023-2024),2023-03-24T07:50:00+00:00,2023-03-24T08:30:00+00:00,LONG,1990.3,1986.24,0.2096,4.0,-0.850976,0.166867,0.166526,-1.184369,SL_HIT,8,False,82.675415
Trend pullback — core,Trend pullback,Validation (2023-2024),2023-03-29T07:50:00+00:00,2023-03-29T09:05:00+00:00,SHORT,1961.87,1965.94,0.2067,4.0,-0.841269,0.162207,0.162544,-1.16602,SL_HIT,15,False,81.509395
Trend pullback — core,Trend pullback,Validation (2023-2024),2023-03-29T12:15:00+00:00,2023-03-29T14:40:00+00:00,SHORT,1965.05,1970.13,0.2038,4.0,-1.035304,0.160191,0.160605,-1.3561,SL_HIT,29,False,80.153295
Trend pullback — core,Trend pullback,Validation (2023-2024),2023-03-30T13:00:00+00:00,2023-03-30T13:30:00+00:00,LONG,1970.47,1965.36,0.2004,4.0,-1.024044,0.157953,0.157543,-1.33954,SL_HIT,6,False,78.813755
Trend pullback — core,Trend pullback,Validation (2023-2024),2023-04-03T19:20:00+00:00,2023-04-03T21:00:00+00:00,LONG,1985.66,1984.12,0.197,4.0,-0.30338,0.15647,0.156349,-0.616199,DAY_EXIT,20,False,78.197556
Trend pullback — core,Trend pullback,Validation (2023-2024),2023-04-10T12:10:00+00:00,2023-04-10T13:00:00+00:00,SHORT,1999.42,1991.45,0.1955,4.0,1.558135,0.156355,0.155731,1.246049,TP_HIT,10,False,79.443605
Trend pullback — core,Trend pullback,Validation (2023-2024),2023-04-10T17:30:00+00:00,2023-04-10T19:45:00+00:00,SHORT,1988.78,1993.12,0.1986,4.0,-0.861924,0.157989,0.158333,-1.178246,SL_HIT,27,False,78.265359
Trend pullback — core,Trend pullback,Validation (2023-2024),2023-04-11T13:55:00+00:00,2023-04-11T17:55:00+00:00,LONG,2002.0,2004.54,0.1957,4.0,0.497078,0.156717,0.156915,0.183446,TIME_EXIT,48,False,78.448805
Trend pullback — core,Trend pullback,Validation (2023-2024),2023-04-18T10:20:00+00:00,2023-04-18T13:05:00+00:00,LONG,2003.68,1999.52,0.1961,4.0,-0.815776,0.157169,0.156842,-1.129787,SL_HIT,33,False,77.319018
Trend pullback — core,Trend pullback,Validation (2023-2024),2023-04-20T08:15:00+00:00,2023-04-20T09:15:00+00:00,LONG,1998.1,1992.59,0.1933,4.0,-1.065083,0.154493,0.154067,-1.373643,SL_HIT,12,False,75.945375
Trend pullback — core,Trend pullback,Validation (2023-2024),2023-04-20T09:40:00+00:00,2023-04-20T12:35:00+00:00,LONG,1997.44,2005.41,0.1899,4.0,1.513503,0.151726,0.152331,1.209447,TP_HIT,35,False,77.154821
Trend pullback — core,Trend pullback,Validation (2023-2024),2023-04-21T13:50:00+00:00,2023-04-21T14:20:00+00:00,SHORT,1979.3,1984.69,0.1488,5.186522,-0.802032,0.117808,0.118129,-1.037969,SL_HIT,6,False,76.116853
Trend pullback — core,Trend pullback,Validation (2023-2024),2023-04-25T14:15:00+00:00,2023-04-25T15:35:00+00:00,SHORT,1986.07,1990.82,0.184,4.137535,-0.874,0.146175,0.146524,-1.166699,SL_HIT,16,False,74.950154
Trend pullback — core,Trend pullback,Validation (2023-2024),2023-04-26T07:20:00+00:00,2023-04-26T11:20:00+00:00,LONG,1997.99,1999.29,0.1874,4.0,0.24362,0.149769,0.149867,-0.056016,TIME_EXIT,48,False,74.894137
Trend pullback — core,Trend pullback,Validation (2023-2024),2023-05-02T07:15:00+00:00,2023-05-02T09:50:00+00:00,SHORT,1982.15,1986.64,0.1872,4.0,-0.840528,0.148423,0.14876,-1.137711,SL_HIT,31,False,73.756426
Trend pullback — core,Trend pullback,Validation (2023-2024),2023-05-04T09:35:00+00:00,2023-05-04T13:25:00+00:00,LONG,2037.02,2032.85,0.1844,4.0,-0.768948,0.150251,0.149943,-1.069142,SL_HIT,46,False,72.687285
Trend pullback — core,Trend pullback,Validation (2023-2024),2023-05-09T07:50:00+00:00,2023-05-09T08:25:00+00:00,LONG,2025.76,2021.21,0.1817,4.0,-0.826735,0.147232,0.146902,-1.120869,SL_HIT,7,False,71.566416
Trend pullback — core,Trend pullback,Validation (2023-2024),2023-05-12T07:50:00+00:00,2023-05-12T09:50:00+00:00,SHORT,2009.31,2001.34,0.1789,4.0,1.425833,0.143786,0.143216,1.138831,TP_HIT,24,False,72.705247
Trend pullback — core,Trend pullback,Validation (2023-2024),2023-05-15T12:35:00+00:00,2023-05-15T16:35:00+00:00,LONG,2015.59,2019.44,0.1818,4.0,0.69993,0.146574,0.146854,0.406503,TIME_EXIT,48,False,73.11175
Trend pullback — core,Trend pullback,Validation (2023-2024),2023-05-15T17:35:00+00:00,2023-05-15T18:50:00+00:00,LONG,2019.45,2015.31,0.1828,4.0,-0.756792,0.147662,0.147359,-1.051814,SL_HIT,15,False,72.059936
Trend pullback — core,Trend pullback,Validation (2023-2024),2023-05-17T11:10:00+00:00,2023-05-17T14:00:00+00:00,SHORT,1986.73,1978.76,0.1801,4.0,1.435397,0.143124,0.14255,1.149723,TP_HIT,34,False,73.209659
Trend pullback — core,Trend pullback,Validation (2023-2024),2023-05-22T07:55:00+00:00,2023-05-22T11:45:00+00:00,LONG,1976.89,1969.6,0.183,4.0,-1.33407,0.144708,0.144175,-1.622953,SL_HIT,46,False,71.586706
Trend pullback — core,Trend pullback,Validation (2023-2024),2023-05-29T09:15:00+00:00,2023-05-29T12:50:00+00:00,SHORT,1944.28,1949.21,0.179,4.0,-0.88247,0.13921,0.139563,-1.161244,SL_HIT,43,False,70.425462
Trend pullback — core,Trend pullback,Validation (2023-2024),2023-05-30T14:10:00+00:00,2023-05-30T18:10:00+00:00,LONG,1957.4,1958.42,0.1761,4.0,0.179622,0.137879,0.137951,-0.096208,TIME_EXIT,48,False,70.329254
Trend pullback — core,Trend pullback,Validation (2023-2024),2023-05-31T09:30:00+00:00,2023-05-31T13:30:00+00:00,LONG,1958.56,1963.18,0.1758,4.0,0.812196,0.137726,0.138051,0.536419,TIME_EXIT,48,False,70.865673
Trend pullback — core,Trend pullback,Validation (2023-2024),2023-06-16T14:05:00+00:00,2023-06-16T14:10:00+00:00,LONG,1964.15,1958.74,0.1772,4.0,-0.958652,0.139219,0.138835,-1.236706,SL_HIT,1,False,69.628967
Trend pullback — core,Trend pullback,Validation (2023-2024),2023-06-19T14:05:00+00:00,2023-06-19T18:05:00+00:00,SHORT,1950.88,1950.15,0.1741,4.0,0.127093,0.135859,0.135808,-0.144575,TIME_EXIT,48,False,69.484392
Trend pullback — core,Trend pullback,Validation (2023-2024),2023-06-21T19:45:00+00:00,2023-06-21T21:00:00+00:00,SHORT,1933.6,1932.66,0.1737,4.0,0.163278,0.134347,0.134281,-0.10535,DAY_EXIT,15,False,69.379042
Trend pullback — core,Trend pullback,Validation (2023-2024),2023-06-22T12:45:00+00:00,2023-06-22T14:25:00+00:00,SHORT,1925.63,1917.66,0.1734,4.0,1.381998,0.133562,0.133009,1.115427,TP_HIT,20,False,70.494469
Trend pullback — core,Trend pullback,Validation (2023-2024),2023-06-26T07:15:00+00:00,2023-06-26T11:15:00+00:00,LONG,1926.26,1932.1,0.1762,4.0,1.029008,0.135763,0.136174,0.757071,TIME_EXIT,48,False,71.25154
Trend pullback — core,Trend pullback,Validation (2023-2024),2023-06-27T07:00:00+00:00,2023-06-27T09:45:00+00:00,LONG,1927.63,1923.6,0.1781,4.0,-0.717743,0.137324,0.137037,-0.992105,SL_HIT,33,False,70.259436
Trend pullback — core,Trend pullback,Validation (2023-2024),2023-06-28T13:45:00+00:00,2023-06-28T13:50:00+00:00,SHORT,1905.1,1910.96,0.1756,4.0,-1.029016,0.133814,0.134226,-1.297056,SL_HIT,1,False,68.96238
Trend pullback — core,Trend pullback,Validation (2023-2024),2023-06-29T07:30:00+00:00,2023-06-29T08:20:00+00:00,SHORT,1903.77,1908.32,0.1724,4.0,-0.78442,0.131284,0.131598,-1.047302,SL_HIT,10,False,67.915078
Trend pullback — core,Trend pullback,Validation (2023-2024),2023-07-07T07:10:00+00:00,2023-07-07T11:10:00+00:00,LONG,1914.42,1916.02,0.1698,4.0,0.27168,0.130027,0.130136,0.011517,TIME_EXIT,48,False,67.926594
Trend pullback — core,Trend pullback,Validation (2023-2024),2023-07-13T07:40:00+00:00,2023-07-13T11:40:00+00:00,LONG,1961.12,1958.95,0.1698,4.0,-0.368466,0.133199,0.133052,-0.634717,TIME_EXIT,48,False,67.291877
Trend pullback — core,Trend pullback,Validation (2023-2024),2023-07-14T12:40:00+00:00,2023-07-14T13:55:00+00:00,SHORT,1956.73,1961.18,0.1682,4.0,-0.74849,0.131649,0.131948,-1.012087,SL_HIT,15,False,66.27979
Trend pullback — core,Trend pullback,Validation (2023-2024),2023-07-17T17:15:00+00:00,2023-07-17T21:00:00+00:00,SHORT,1952.94,1955.15,0.1657,4.0,-0.366197,0.129441,0.129587,-0.625225,DAY_EXIT,45,False,65.654565
Trend pullback — core,Trend pullback,Validation (2023-2024),2023-07-19T13:35:00+00:00,2023-07-19T14:15:00+00:00,LONG,1978.08,1973.52,0.1641,4.0,-0.748296,0.129841,0.129542,-1.007679,SL_HIT,8,False,64.646886
Trend pullback — core,Trend pullback,Validation (2023-2024),2023-07-20T13:35:00+00:00,2023-07-20T14:45:00+00:00,SHORT,1976.36,1968.39,0.1616,4.0,1.287952,0.127752,0.127237,1.032963,TP_HIT,14,False,65.679849
Trend pullback — core,Trend pullback,Validation (2023-2024),2023-07-25T13:05:00+00:00,2023-07-25T13:40:00+00:00,SHORT,1957.06,1961.37,0.1642,4.0,-0.707702,0.12854,0.128823,-0.965064,SL_HIT,7,False,64.714785
Trend pullback — core,Trend pullback,Validation (2023-2024),2023-07-26T17:45:00+00:00,2023-07-26T18:05:00+00:00,LONG,1970.52,1965.29,0.1618,4.0,-0.846214,0.127532,0.127194,-1.10094,SL_HIT,4,False,63.613845
Trend pullback — core,Trend pullback,Validation (2023-2024),2023-07-27T07:15:00+00:00,2023-07-27T09:05:00+00:00,LONG,1978.51,1974.34,0.159,4.0,-0.66303,0.125833,0.125568,-0.914431,SL_HIT,22,False,62.699414
Trend pullback — core,Trend pullback,Validation (2023-2024),2023-07-28T13:45:00+00:00,2023-07-28T17:45:00+00:00,LONG,1956.26,1959.38,0.1567,4.0,0.488904,0.122618,0.122814,0.243472,TIME_EXIT,48,False,62.942886
Trend pullback — core,Trend pullback,Validation (2023-2024),2023-08-09T07:05:00+00:00,2023-08-09T09:50:00+00:00,LONG,1930.78,1926.29,0.1574,4.0,-0.706726,0.121562,0.121279,-0.949567,SL_HIT,33,False,61.993319
Trend pullback — core,Trend pullback,Validation (2023-2024),2023-08-09T12:45:00+00:00,2023-08-09T14:25:00+00:00,SHORT,1923.74,1927.84,0.155,4.0,-0.6355,0.119272,0.119526,-0.874298,SL_HIT,20,False,61.119021
Trend pullback — core,Trend pullback,Validation (2023-2024),2023-08-18T13:45:00+00:00,2023-08-18T15:45:00+00:00,LONG,1895.09,1890.32,0.1528,4.0,-0.728856,0.115828,0.115536,-0.96022,SL_HIT,24,False,60.1588
Trend pullback — core,Trend pullback,Validation (2023-2024),2023-08-24T07:25:00+00:00,2023-08-24T11:25:00+00:00,LONG,1921.71,1917.91,0.1504,4.0,-0.57152,0.11561,0.115381,-0.802512,TIME_EXIT,48,False,59.356289
Trend pullback — core,Trend pullback,Validation (2023-2024),2023-08-24T17:30:00+00:00,2023-08-24T21:00:00+00:00,LONG,1919.4,1916.46,0.1484,4.0,-0.436296,0.113936,0.113761,-0.663993,DAY_EXIT,42,False,58.692296
Trend pullback — core,Trend pullback,Validation (2023-2024),2023-09-18T13:15:00+00:00,2023-09-18T14:05:00+00:00,LONG,1927.18,1922.6,0.1467,4.0,-0.671886,0.113087,0.112818,-0.897791,SL_HIT,10,False,57.794505
Trend pullback — core,Trend pullback,Validation (2023-2024),2023-09-25T07:50:00+00:00,2023-09-25T11:50:00+00:00,SHORT,1922.89,1924.7,0.1445,4.0,-0.261545,0.111143,0.111248,-0.483936,TIME_EXIT,48,False,57.310569
Trend pullback — core,Trend pullback,Validation (2023-2024),2023-09-25T13:55:00+00:00,2023-09-25T14:10:00+00:00,LONG,1926.49,1921.41,0.1433,4.0,-0.727964,0.110426,0.110135,-0.948526,SL_HIT,3,False,56.362044
Trend pullback — core,Trend pullback,Validation (2023-2024),2023-09-28T10:20:00+00:00,2023-09-28T12:35:00+00:00,SHORT,1874.94,1879.81,0.1409,4.0,-0.686183,0.105672,0.105946,-0.897801,SL_HIT,27,False,55.464243
Trend pullback — core,Trend pullback,Validation (2023-2024),2023-10-04T08:35:00+00:00,2023-10-04T11:15:00+00:00,SHORT,1820.94,1827.24,0.1387,4.0,-0.87381,0.101026,0.101375,-1.076211,SL_HIT,32,False,54.388032
Trend pullback — core,Trend pullback,Validation (2023-2024),2023-10-10T13:25:00+00:00,2023-10-10T14:15:00+00:00,SHORT,1854.67,1858.73,0.136,4.0,-0.55216,0.100894,0.101115,-0.754169,SL_HIT,10,False,53.633863
Trend pullback — core,Trend pullback,Validation (2023-2024),2023-10-17T12:50:00+00:00,2023-10-17T13:35:00+00:00,LONG,1925.98,1920.66,0.1341,4.0,-0.713412,0.10331,0.103024,-0.919746,SL_HIT,9,False,52.714117
Trend pullback — core,Trend pullback,Validation (2023-2024),2023-10-19T09:00:00+00:00,2023-10-19T13:00:00+00:00,LONG,1949.95,1954.63,0.1318,4.0,0.616824,0.102801,0.103048,0.410975,TIME_EXIT,48,False,53.125092
Trend pullback — core,Trend pullback,Validation (2023-2024),2023-10-26T07:10:00+00:00,2023-10-26T11:10:00+00:00,LONG,1986.55,1986.01,0.1328,4.0,-0.071712,0.105526,0.105497,-0.282734,TIME_EXIT,48,False,52.842357
Trend pullback — core,Trend pullback,Validation (2023-2024),2023-10-26T19:55:00+00:00,2023-10-26T21:00:00+00:00,LONG,1984.83,1984.5,0.1321,4.0,-0.043593,0.104878,0.104861,-0.253332,DAY_EXIT,13,False,52.589025
Trend pullback — core,Trend pullback,Validation (2023-2024),2023-10-27T12:55:00+00:00,2023-10-27T13:05:00+00:00,SHORT,1978.57,1983.19,0.1315,4.0,-0.60753,0.104073,0.104316,-0.815919,SL_HIT,2,False,51.773106
Trend pullback — core,Trend pullback,Validation (2023-2024),2023-10-27T14:35:00+00:00,2023-10-27T17:20:00+00:00,SHORT,1982.93,1987.42,0.1294,4.0,-0.581006,0.102636,0.102869,-0.786511,SL_HIT,33,False,50.986595
Trend pullback — core,Trend pullback,Validation (2023-2024),2023-11-01T07:20:00+00:00,2023-11-01T08:50:00+00:00,SHORT,1977.25,1982.19,0.1275,4.0,-0.62985,0.10084,0.101092,-0.831781,SL_HIT,18,False,50.154814
Trend pullback — core,Trend pullback,Validation (2023-2024),2023-11-09T08:55:00+00:00,2023-11-09T12:55:00+00:00,SHORT,1948.01,1946.33,0.1254,4.0,0.210672,0.097712,0.097628,0.015332,TIME_EXIT,48,False,50.170146
Trend pullback — core,Trend pullback,Validation (2023-2024),2023-11-10T08:40:00+00:00,2023-11-10T11:35:00+00:00,SHORT,1955.65,1947.68,0.1254,4.0,0.999438,0.098095,0.097696,0.803647,TP_HIT,35,False,50.973793
Trend pullback — core,Trend pullback,Validation (2023-2024),2023-11-13T07:55:00+00:00,2023-11-13T11:55:00+00:00,SHORT,1938.22,1938.46,0.1274,4.0,-0.030576,0.098772,0.098784,-0.228132,TIME_EXIT,48,False,50.745661
Trend pullback — core,Trend pullback,Validation (2023-2024),2023-11-13T13:40:00+00:00,2023-11-13T16:10:00+00:00,SHORT,1935.89,1940.3,0.1269,4.0,-0.559629,0.098266,0.09849,-0.756384,SL_HIT,30,False,49.989277
Trend pullback — core,Trend pullback,Validation (2023-2024),2023-11-16T13:25:00+00:00,2023-11-16T14:20:00+00:00,LONG,1966.13,1974.1,0.125,4.0,0.99625,0.098307,0.098705,0.799239,TP_HIT,11,False,50.788515
Trend pullback — core,Trend pullback,Validation (2023-2024),2023-11-22T09:10:00+00:00,2023-11-22T13:10:00+00:00,LONG,2002.22,2001.18,0.127,4.0,-0.13208,0.101713,0.10166,-0.335453,TIME_EXIT,48,False,50.453062
Trend pullback — core,Trend pullback,Validation (2023-2024),2023-11-28T09:50:00+00:00,2023-11-28T13:20:00+00:00,LONG,2015.32,2011.26,0.1261,4.0,-0.511966,0.101653,0.101448,-0.715067,SL_HIT,42,False,49.737996
Trend pullback — core,Trend pullback,Validation (2023-2024),2023-11-30T08:00:00+00:00,2023-11-30T08:50:00+00:00,LONG,2044.75,2040.6,0.1243,4.0,-0.515845,0.101665,0.101459,-0.718969,SL_HIT,10,False,49.019027
Trend pullback — core,Trend pullback,Validation (2023-2024),2023-11-30T13:35:00+00:00,2023-11-30T17:35:00+00:00,SHORT,2038.83,2039.41,0.1225,4.0,-0.07105,0.099903,0.099931,-0.270884,TIME_EXIT,48,False,48.748143
Trend pullback — core,Trend pullback,Validation (2023-2024),2023-11-30T17:55:00+00:00,2023-11-30T21:00:00+00:00,SHORT,2038.14,2036.4,0.1219,4.0,0.212106,0.09938,0.099295,0.013431,DAY_EXIT,37,False,48.761575
Trend pullback — core,Trend pullback,Validation (2023-2024),2023-12-13T14:30:00+00:00,2023-12-13T15:15:00+00:00,LONG,1983.44,1978.41,0.1219,4.0,-0.613157,0.096713,0.096467,-0.806337,SL_HIT,9,False,47.955238
Trend pullback — core,Trend pullback,Validation (2023-2024),2023-12-20T08:35:00+00:00,2023-12-20T10:20:00+00:00,LONG,2041.74,2037.61,0.1199,4.0,-0.495187,0.097922,0.097724,-0.690833,SL_HIT,21,False,47.264405
Trend pullback — core,Trend pullback,Validation (2023-2024),2023-12-21T13:35:00+00:00,2023-12-21T15:15:00+00:00,LONG,2040.33,2036.27,0.1182,4.0,-0.479892,0.096467,0.096275,-0.672634,SL_HIT,20,False,46.591772
Trend pullback — core,Trend pullback,Validation (2023-2024),2023-12-26T10:10:00+00:00,2023-12-26T14:00:00+00:00,LONG,2062.87,2058.4,0.1165,4.0,-0.520755,0.09613,0.095921,-0.712806,SL_HIT,46,False,45.878965
Trend pullback — core,Trend pullback,Validation (2023-2024),2023-12-29T08:15:00+00:00,2023-12-29T09:00:00+00:00,LONG,2073.49,2068.46,0.1147,4.0,-0.576941,0.095132,0.094901,-0.766974,SL_HIT,9,False,45.111992
Trend pullback — core,Trend pullback,Validation (2023-2024),2024-01-04T08:50:00+00:00,2024-01-04T12:10:00+00:00,LONG,2047.35,2042.97,0.1128,4.0,-0.494064,0.092376,0.092179,-0.678619,SL_HIT,40,False,44.433373
Trend pullback — core,Trend pullback,Validation (2023-2024),2024-01-08T13:10:00+00:00,2024-01-08T15:00:00+00:00,SHORT,2021.84,2027.52,0.1111,4.0,-0.631048,0.089851,0.090103,-0.811002,SL_HIT,22,False,43.622371
Trend pullback — core,Trend pullback,Validation (2023-2024),2024-01-11T13:05:00+00:00,2024-01-11T13:35:00+00:00,LONG,2033.77,2024.9,0.1091,4.0,-0.967717,0.088754,0.088367,-1.144837,SL_HIT,6,True,42.477534
Trend pullback — core,Trend pullback,Validation (2023-2024),2024-01-15T13:15:00+00:00,2024-01-15T15:20:00+00:00,LONG,2053.8,2048.92,0.1062,4.0,-0.518256,0.087245,0.087038,-0.69254,SL_HIT,25,False,41.784994
Trend pullback — core,Trend pullback,Validation (2023-2024),2024-01-16T16:05:00+00:00,2024-01-16T16:25:00+00:00,SHORT,2035.71,2040.68,0.1045,4.0,-0.519365,0.085093,0.0853,-0.689758,SL_HIT,4,False,41.095236
Trend pullback — core,Trend pullback,Validation (2023-2024),2024-01-18T08:35:00+00:00,2024-01-18T12:10:00+00:00,SHORT,2010.12,2016.08,0.1027,4.0,-0.612092,0.082576,0.082821,-0.777488,SL_HIT,43,False,40.317748
Trend pullback — core,Trend pullback,Validation (2023-2024),2024-01-18T14:35:00+00:00,2024-01-18T18:30:00+00:00,LONG,2012.51,2020.48,0.1008,4.0,0.803376,0.081144,0.081466,0.640766,TP_HIT,47,False,40.958514
Trend pullback — core,Trend pullback,Validation (2023-2024),2024-01-22T08:35:00+00:00,2024-01-22T12:00:00+00:00,SHORT,2022.54,2026.88,0.1024,4.0,-0.444416,0.082843,0.083021,-0.61028,SL_HIT,41,False,40.348233
Trend pullback — core,Trend pullback,Validation (2023-2024),2024-01-22T16:05:00+00:00,2024-01-22T20:05:00+00:00,SHORT,2022.53,2020.35,0.1009,4.0,0.219962,0.081629,0.081541,0.056791,TIME_EXIT,48,False,40.405025
Trend pullback — core,Trend pullback,Validation (2023-2024),2024-01-23T07:35:00+00:00,2024-01-23T08:45:00+00:00,LONG,2031.6,2027.45,0.101,4.0,-0.41915,0.082077,0.081909,-0.583136,SL_HIT,14,False,39.821889
Trend pullback — core,Trend pullback,Validation (2023-2024),2024-01-23T12:55:00+00:00,2024-01-23T14:35:00+00:00,LONG,2026.55,2021.5,0.0996,4.0,-0.50298,0.080738,0.080537,-0.664254,SL_HIT,20,False,39.157635
Trend pullback — core,Trend pullback,Validation (2023-2024),2024-01-25T18:40:00+00:00,2024-01-25T21:00:00+00:00,SHORT,2015.77,2020.58,0.0979,4.0,-0.470899,0.078938,0.079126,-0.628962,SL_HIT,28,False,38.528672
Trend pullback — core,Trend pullback,Validation (2023-2024),2024-01-26T13:45:00+00:00,2024-01-26T14:50:00+00:00,LONG,2022.79,2018.7,0.0963,4.0,-0.393867,0.077918,0.07776,-0.549545,SL_HIT,13,False,37.979127
Trend pullback — core,Trend pullback,Validation (2023-2024),2024-02-05T12:20:00+00:00,2024-02-05T13:30:00+00:00,SHORT,2024.88,2016.91,0.0949,4.0,0.756353,0.076864,0.076562,0.602927,TP_HIT,14,False,38.582054
Trend pullback — core,Trend pullback,Validation (2023-2024),2024-02-05T15:05:00+00:00,2024-02-05T16:35:00+00:00,SHORT,2018.57,2022.75,0.0965,4.0,-0.40337,0.077917,0.078078,-0.559365,SL_HIT,18,False,38.022689
Trend pullback — core,Trend pullback,Validation (2023-2024),2024-02-06T07:05:00+00:00,2024-02-06T09:00:00+00:00,LONG,2027.62,2023.05,0.0951,4.0,-0.434607,0.077131,0.076957,-0.588694,SL_HIT,23,False,37.433994
Trend pullback — core,Trend pullback,Validation (2023-2024),2024-02-07T14:40:00+00:00,2024-02-07T18:40:00+00:00,LONG,2036.82,2035.18,0.0936,4.0,-0.153504,0.076259,0.076197,-0.30596,TIME_EXIT,48,False,37.128035
Trend pullback — core,Trend pullback,Validation (2023-2024),2024-02-08T16:35:00+00:00,2024-02-08T17:00:00+00:00,SHORT,2027.99,2032.15,0.0928,4.0,-0.386048,0.075279,0.075433,-0.53676,SL_HIT,5,False,36.591274
Trend pullback — core,Trend pullback,Validation (2023-2024),2024-02-15T17:05:00+00:00,2024-02-15T21:00:00+00:00,LONG,2001.57,2004.12,0.0915,4.0,0.233325,0.073257,0.073351,0.086717,DAY_EXIT,47,False,36.677991
Trend pullback — core,Trend pullback,Validation (2023-2024),2024-02-19T08:20:00+00:00,2024-02-19T12:20:00+00:00,LONG,2021.45,2018.39,0.0917,4.0,-0.280602,0.074147,0.074035,-0.428783,TIME_EXIT,48,False,36.249208
Trend pullback — core,Trend pullback,Validation (2023-2024),2024-02-23T08:10:00+00:00,2024-02-23T12:05:00+00:00,SHORT,2020.57,2025.05,0.0906,4.0,-0.405888,0.073225,0.073388,-0.552501,SL_HIT,47,False,35.696706
Trend pullback — core,Trend pullback,Validation (2023-2024),2024-02-27T09:50:00+00:00,2024-02-27T13:50:00+00:00,LONG,2036.9,2036.64,0.0892,4.0,-0.023192,0.072677,0.072667,-0.168536,TIME_EXIT,48,False,35.52817
Trend pullback — core,Trend pullback,Validation (2023-2024),2024-03-01T13:35:00+00:00,2024-03-01T14:50:00+00:00,LONG,2054.21,2045.65,0.0888,4.0,-0.760128,0.072966,0.072661,-0.905755,SL_HIT,15,False,34.622415
Trend pullback — core,Trend pullback,Validation (2023-2024),2024-03-11T19:00:00+00:00,2024-03-11T21:00:00+00:00,LONG,2181.0,2182.42,0.0866,4.0,0.122972,0.07555,0.075599,-0.028177,DAY_EXIT,24,False,34.594239
Trend pullback — core,Trend pullback,Validation (2023-2024),2024-03-14T18:00:00+00:00,2024-03-14T20:15:00+00:00,SHORT,2160.01,2164.1,0.0865,4.0,-0.353785,0.074736,0.074878,-0.503399,SL_HIT,27,False,34.090839
Trend pullback — core,Trend pullback,Validation (2023-2024),2024-03-18T14:05:00+00:00,2024-03-18T16:05:00+00:00,LONG,2159.23,2154.58,0.0852,4.0,-0.39618,0.073587,0.073428,-0.543195,SL_HIT,24,False,33.547645
Trend pullback — core,Trend pullback,Validation (2023-2024),2024-03-20T12:00:00+00:00,2024-03-20T14:00:00+00:00,SHORT,2153.74,2158.9,0.0839,4.0,-0.432924,0.07228,0.072453,-0.577656,SL_HIT,24,False,32.969988
Trend pullback — core,Trend pullback,Validation (2023-2024),2024-03-21T09:25:00+00:00,2024-03-21T13:25:00+00:00,LONG,2204.83,2201.4,0.0824,4.0,-0.282632,0.072671,0.072558,-0.427861,TIME_EXIT,48,False,32.542127
Trend pullback — core,Trend pullback,Validation (2023-2024),2024-03-22T14:35:00+00:00,2024-03-22T14:45:00+00:00,SHORT,2171.72,2176.16,0.0814,4.0,-0.361416,0.070711,0.070856,-0.502983,SL_HIT,2,False,32.039144
Trend pullback — core,Trend pullback,Validation (2023-2024),2024-03-22T15:05:00+00:00,2024-03-22T16:50:00+00:00,SHORT,2171.41,2163.44,0.0801,4.0,0.638397,0.069572,0.069317,0.499508,TP_HIT,21,False,32.538653
Trend pullback — core,Trend pullback,Validation (2023-2024),2024-03-26T08:10:00+00:00,2024-03-26T09:15:00+00:00,LONG,2173.31,2181.28,0.0813,4.0,0.647961,0.070676,0.070935,0.50635,TP_HIT,13,False,33.045002
Trend pullback — core,Trend pullback,Validation (2023-2024),2024-03-27T13:35:00+00:00,2024-03-27T17:35:00+00:00,LONG,2187.98,2190.66,0.0826,4.0,0.221368,0.072291,0.072379,0.076698,TIME_EXIT,48,False,33.1217
Trend pullback — core,Trend pullback,Validation (2023-2024),2024-03-28T08:40:00+00:00,2024-03-28T10:25:00+00:00,LONG,2196.22,2204.19,0.0828,4.0,0.659916,0.072739,0.073003,0.514174,TP_HIT,21,False,33.635874
Trend pullback — core,Trend pullback,Validation (2023-2024),2024-04-04T07:35:00+00:00,2024-04-04T07:55:00+00:00,LONG,2297.54,2291.66,0.0841,4.0,-0.494508,0.077289,0.077091,-0.648889,SL_HIT,4,False,32.986986
Trend pullback — core,Trend pullback,Validation (2023-2024),2024-04-04T13:35:00+00:00,2024-04-04T14:05:00+00:00,SHORT,2286.15,2294.21,0.0825,4.0,-0.66495,0.075443,0.075709,-0.816102,SL_HIT,6,False,32.170884
Trend pullback — core,Trend pullback,Validation (2023-2024),2024-04-04T15:35:00+00:00,2024-04-04T18:10:00+00:00,SHORT,2291.67,2297.33,0.0804,4.0,-0.455064,0.0737,0.073882,-0.602646,SL_HIT,31,False,31.568238
Trend pullback — core,Trend pullback,Validation (2023-2024),2024-04-11T12:15:00+00:00,2024-04-11T12:35:00+00:00,SHORT,2335.24,2343.36,0.0789,4.0,-0.640668,0.0737,0.073956,-0.788325,SL_HIT,4,False,30.779913
Trend pullback — core,Trend pullback,Validation (2023-2024),2024-04-11T15:05:00+00:00,2024-04-11T17:10:00+00:00,LONG,2340.91,2351.321874,0.059,5.220937,0.614301,0.055245,0.055491,0.503564,TP_HIT,25,False,31.283477
Trend pullback — core,Trend pullback,Validation (2023-2024),2024-04-15T12:35:00+00:00,2024-04-15T12:45:00+00:00,SHORT,2353.18,2357.21,0.0782,4.0,-0.315146,0.073607,0.073734,-0.462487,SL_HIT,2,False,30.82099
Trend pullback — core,Trend pullback,Validation (2023-2024),2024-04-17T07:25:00+00:00,2024-04-17T07:50:00+00:00,SHORT,2378.05,2382.62,0.0771,4.0,-0.352347,0.073339,0.07348,-0.499166,SL_HIT,5,False,30.321824
Trend pullback — core,Trend pullback,Validation (2023-2024),2024-04-17T11:15:00+00:00,2024-04-17T12:15:00+00:00,LONG,2389.26,2384.3,0.0758,4.0,-0.375968,0.072442,0.072292,-0.520702,SL_HIT,12,False,29.801122
Trend pullback — core,Trend pullback,Validation (2023-2024),2024-04-25T12:45:00+00:00,2024-04-25T13:05:00+00:00,LONG,2329.73,2324.78,0.0745,4.0,-0.368775,0.069426,0.069278,-0.507479,SL_HIT,4,False,29.293642
Trend pullback — core,Trend pullback,Validation (2023-2024),2024-04-29T14:25:00+00:00,2024-04-29T14:30:00+00:00,SHORT,2334.06,2339.48,0.0732,4.0,-0.396744,0.068341,0.0685,-0.533585,SL_HIT,1,False,28.760057
Trend pullback — core,Trend pullback,Validation (2023-2024),2024-04-29T18:00:00+00:00,2024-04-29T18:30:00+00:00,LONG,2342.38,2338.03,0.0719,4.0,-0.312765,0.067367,0.067242,-0.447374,SL_HIT,6,False,28.312683
Trend pullback — core,Trend pullback,Validation (2023-2024),2024-05-03T12:25:00+00:00,2024-05-03T12:35:00+00:00,SHORT,2295.48,2320.82,0.0708,4.0,-1.794072,0.065008,0.065726,-1.924806,SL_HIT,2,False,26.387878
Trend pullback — core,Trend pullback,Validation (2023-2024),2024-05-07T15:00:00+00:00,2024-05-07T15:10:00+00:00,SHORT,2313.92,2318.38,0.066,4.0,-0.29436,0.061087,0.061205,-0.416653,SL_HIT,2,False,25.971225
Trend pullback — core,Trend pullback,Validation (2023-2024),2024-05-08T15:15:00+00:00,2024-05-08T15:30:00+00:00,SHORT,2313.47,2318.95,0.0649,4.0,-0.355652,0.060058,0.0602,-0.47591,SL_HIT,3,False,25.495315
Trend pullback — core,Trend pullback,Validation (2023-2024),2024-05-13T13:40:00+00:00,2024-05-13T15:05:00+00:00,SHORT,2344.16,2336.19,0.0637,4.0,0.507689,0.059729,0.059526,0.388434,TP_HIT,17,False,25.883749
Trend pullback — core,Trend pullback,Validation (2023-2024),2024-05-22T12:35:00+00:00,2024-05-22T14:10:00+00:00,SHORT,2411.82,2403.85,0.0647,4.0,0.515659,0.062418,0.062212,0.391029,TP_HIT,19,False,26.274778
Trend pullback — core,Trend pullback,Validation (2023-2024),2024-05-23T12:35:00+00:00,2024-05-23T13:15:00+00:00,SHORT,2363.23,2369.21,0.0657,4.0,-0.392886,0.062106,0.062263,-0.517255,SL_HIT,8,False,25.757524
Trend pullback — core,Trend pullback,Validation (2023-2024),2024-05-27T08:15:00+00:00,2024-05-27T12:15:00+00:00,LONG,2341.66,2344.74,0.0644,4.0,0.198352,0.060321,0.060401,0.07763,TIME_EXIT,48,False,25.835154
Trend pullback — core,Trend pullback,Validation (2023-2024),2024-05-29T13:45:00+00:00,2024-05-29T14:00:00+00:00,SHORT,2340.44,2346.47,0.0584,4.422855,-0.352152,0.054673,0.054814,-0.461638,SL_HIT,3,False,25.373516
Trend pullback — core,Trend pullback,Validation (2023-2024),2024-06-03T12:25:00+00:00,2024-06-03T14:05:00+00:00,LONG,2330.3,2338.27,0.0634,4.0,0.505298,0.059096,0.059299,0.386903,TP_HIT,20,False,25.760419
Trend pullback — core,Trend pullback,Validation (2023-2024),2024-06-04T13:35:00+00:00,2024-06-04T14:00:00+00:00,SHORT,2331.71,2323.74,0.0644,4.0,0.513268,0.060065,0.05986,0.393344,TP_HIT,5,False,26.153763
Trend pullback — core,Trend pullback,Validation (2023-2024),2024-06-05T14:20:00+00:00,2024-06-05T15:05:00+00:00,LONG,2340.91,2350.181634,0.0562,4.650817,0.521066,0.052624,0.052832,0.41561,TP_HIT,9,False,26.569373
Trend pullback — core,Trend pullback,Validation (2023-2024),2024-06-07T07:15:00+00:00,2024-06-07T07:30:00+00:00,LONG,2379.35,2374.73,0.0664,4.0,-0.306768,0.063196,0.063073,-0.433036,SL_HIT,3,False,26.136336
Trend pullback — core,Trend pullback,Validation (2023-2024),2024-06-10T08:55:00+00:00,2024-06-10T10:55:00+00:00,SHORT,2294.33,2298.51,0.0653,4.0,-0.272954,0.059928,0.060037,-0.392919,SL_HIT,24,False,25.743417
Trend pullback — core,Trend pullback,Validation (2023-2024),2024-06-17T08:35:00+00:00,2024-06-17T09:15:00+00:00,SHORT,2318.72,2322.81,0.0644,4.0,-0.263396,0.05973,0.059836,-0.382962,SL_HIT,8,False,25.360456
Trend pullback — core,Trend pullback,Validation (2023-2024),2024-06-17T12:55:00+00:00,2024-06-17T13:15:00+00:00,SHORT,2318.82,2325.25,0.0634,4.0,-0.407662,0.058805,0.058968,-0.525436,SL_HIT,4,False,24.83502
Trend pullback — core,Trend pullback,Validation (2023-2024),2024-06-24T09:10:00+00:00,2024-06-24T09:25:00+00:00,SHORT,2325.93,2330.85,0.0621,4.0,-0.305532,0.057776,0.057898,-0.421206,SL_HIT,3,False,24.413814
Trend pullback — core,Trend pullback,Validation (2023-2024),2024-06-24T12:25:00+00:00,2024-06-24T13:15:00+00:00,SHORT,2324.42,2328.62,0.061,4.0,-0.2562,0.056716,0.056818,-0.369734,SL_HIT,10,False,24.044079
Trend pullback — core,Trend pullback,Validation (2023-2024),2024-06-25T15:15:00+00:00,2024-06-25T19:15:00+00:00,SHORT,2323.63,2319.7,0.0601,4.0,0.236193,0.05586,0.055766,0.124567,TIME_EXIT,48,False,24.168647
Trend pullback — core,Trend pullback,Validation (2023-2024),2024-06-26T12:55:00+00:00,2024-06-26T13:15:00+00:00,SHORT,2312.91,2304.94,0.0604,4.0,0.481388,0.05588,0.055687,0.369821,TP_HIT,4,False,24.538468
Trend pullback — core,Trend pullback,Validation (2023-2024),2024-07-01T13:40:00+00:00,2024-07-01T14:00:00+00:00,LONG,2331.02,2326.36,0.0613,4.0,-0.285658,0.057157,0.057042,-0.399857,SL_HIT,4,False,24.138611
Trend pullback — core,Trend pullback,Validation (2023-2024),2024-07-02T14:10:00+00:00,2024-07-02T15:10:00+00:00,SHORT,2324.57,2328.97,0.0585,4.122758,-0.2574,0.054395,0.054498,-0.366293,SL_HIT,12,False,23.772318
Trend pullback — core,Trend pullback,Validation (2023-2024),2024-07-03T17:30:00+00:00,2024-07-03T17:50:00+00:00,LONG,2360.72,2356.53,0.0594,4.0,-0.248886,0.056091,0.055991,-0.360968,SL_HIT,4,False,23.41135
Trend pullback — core,Trend pullback,Validation (2023-2024),2024-07-11T07:30:00+00:00,2024-07-11T11:30:00+00:00,LONG,2381.83,2381.57,0.0585,4.0,-0.01521,0.055735,0.055729,-0.126674,TIME_EXIT,48,False,23.284676
Trend pullback — core,Trend pullback,Validation (2023-2024),2024-07-16T13:40:00+00:00,2024-07-16T15:00:00+00:00,LONG,2442.87,2451.183131,0.0558,4.171565,0.463873,0.054525,0.05471,0.354637,TP_HIT,16,False,23.639314
Trend pullback — core,Trend pullback,Validation (2023-2024),2024-07-19T08:45:00+00:00,2024-07-19T11:55:00+00:00,SHORT,2418.23,2410.26,0.0591,4.0,0.471027,0.057167,0.056979,0.356881,TP_HIT,38,False,23.996195
Trend pullback — core,Trend pullback,Validation (2023-2024),2024-07-25T11:20:00+00:00,2024-07-25T12:05:00+00:00,SHORT,2374.82,2366.85,0.06,4.0,0.4782,0.056996,0.056804,0.3644,TP_HIT,9,False,24.360595
Trend pullback — core,Trend pullback,Validation (2023-2024),2024-07-25T12:35:00+00:00,2024-07-25T12:40:00+00:00,SHORT,2364.8,2370.64,0.0465,5.237323,-0.27156,0.043985,0.044094,-0.359639,SL_HIT,1,False,24.000956
Trend pullback — core,Trend pullback,Validation (2023-2024),2024-07-25T13:25:00+00:00,2024-07-25T14:20:00+00:00,SHORT,2369.59,2358.504286,0.0432,5.557857,0.478903,0.040947,0.040755,0.397201,TP_HIT,11,False,24.398157
Trend pullback — core,Trend pullback,Validation (2023-2024),2024-07-30T16:25:00+00:00,2024-07-30T17:00:00+00:00,LONG,2389.45,2397.42,0.061,4.0,0.48617,0.058303,0.058497,0.36937,TP_HIT,7,False,24.767528
Trend pullback — core,Trend pullback,Validation (2023-2024),2024-07-31T07:50:00+00:00,2024-07-31T11:50:00+00:00,LONG,2419.0,2418.73,0.0619,4.0,-0.016713,0.059894,0.059888,-0.136495,TIME_EXIT,48,False,24.631033
Trend pullback — core,Trend pullback,Validation (2023-2024),2024-08-05T17:05:00+00:00,2024-08-05T17:15:00+00:00,SHORT,2399.98,2406.25,0.0447,5.510965,-0.280269,0.042912,0.043024,-0.366204,SL_HIT,2,False,24.264828
Trend pullback — core,Trend pullback,Validation (2023-2024),2024-08-06T14:15:00+00:00,2024-08-06T15:10:00+00:00,SHORT,2396.67,2384.842298,0.0409,5.928851,0.483753,0.03921,0.039016,0.405527,TP_HIT,11,False,24.670356
Trend pullback — core,Trend pullback,Validation (2023-2024),2024-08-06T19:05:00+00:00,2024-08-06T21:00:00+00:00,SHORT,2390.87,2390.08,0.0617,4.0,0.048743,0.059007,0.058987,-0.069251,DAY_EXIT,23,False,24.601105
Trend pullback — core,Trend pullback,Validation (2023-2024),2024-08-08T09:05:00+00:00,2024-08-08T11:00:00+00:00,LONG,2397.48,2405.45,0.0615,4.0,0.490155,0.058978,0.059174,0.372003,TP_HIT,23,False,24.973108
Trend pullback — core,Trend pullback,Validation (2023-2024),2024-08-12T14:30:00+00:00,2024-08-12T15:15:00+00:00,LONG,2448.73,2456.7,0.0624,4.0,0.497328,0.06112,0.061319,0.374888,TP_HIT,9,False,25.347996
Trend pullback — core,Trend pullback,Validation (2023-2024),2024-08-20T07:15:00+00:00,2024-08-20T07:45:00+00:00,LONG,2504.47,2512.44,0.0634,4.0,0.505298,0.063513,0.063715,0.378069,TP_HIT,6,False,25.726065
Trend pullback — core,Trend pullback,Validation (2023-2024),2024-08-21T11:05:00+00:00,2024-08-21T11:40:00+00:00,SHORT,2507.45,2511.51,0.0643,4.0,-0.261058,0.064492,0.064596,-0.390146,SL_HIT,7,False,25.33592
Trend pullback — core,Trend pullback,Validation (2023-2024),2024-08-22T11:00:00+00:00,2024-08-22T12:15:00+00:00,SHORT,2505.02,2497.05,0.0633,4.0,0.504501,0.063427,0.063225,0.377849,TP_HIT,15,False,25.713768
Trend pullback — core,Trend pullback,Validation (2023-2024),2024-08-22T12:50:00+00:00,2024-08-22T13:25:00+00:00,SHORT,2501.3,2493.33,0.0643,4.0,0.512471,0.064333,0.064128,0.384009,TP_HIT,7,False,26.097777
Trend pullback — core,Trend pullback,Validation (2023-2024),2024-08-27T07:30:00+00:00,2024-08-27T11:30:00+00:00,SHORT,2510.96,2511.76,0.0652,4.0,-0.05216,0.065486,0.065507,-0.183153,TIME_EXIT,48,False,25.914625
Trend pullback — core,Trend pullback,Validation (2023-2024),2024-09-16T08:20:00+00:00,2024-09-16T10:30:00+00:00,LONG,2585.94,2581.69,0.0648,4.0,-0.2754,0.067028,0.066917,-0.409345,SL_HIT,26,False,25.50528
Trend pullback — core,Trend pullback,Validation (2023-2024),2024-09-20T14:20:00+00:00,2024-09-20T15:45:00+00:00,LONG,2611.75,2621.763838,0.0508,5.021919,0.508703,0.053071,0.053274,0.402358,TP_HIT,17,False,25.907638
Trend pullback — core,Trend pullback,Validation (2023-2024),2024-09-24T12:55:00+00:00,2024-09-24T14:45:00+00:00,LONG,2631.67,2639.64,0.0648,4.0,0.516456,0.068213,0.068419,0.379824,TP_HIT,22,False,26.287462
Trend pullback — core,Trend pullback,Validation (2023-2024),2024-09-27T10:10:00+00:00,2024-09-27T11:15:00+00:00,SHORT,2662.34,2667.47,0.0657,4.0,-0.337041,0.069966,0.070101,-0.477108,SL_HIT,13,False,25.810353
Trend pullback — core,Trend pullback,Validation (2023-2024),2024-10-02T08:15:00+00:00,2024-10-02T08:30:00+00:00,SHORT,2648.48,2652.58,0.0645,4.0,-0.26445,0.068331,0.068437,-0.401217,SL_HIT,3,False,25.409136
Trend pullback — core,Trend pullback,Validation (2023-2024),2024-10-02T08:50:00+00:00,2024-10-02T09:10:00+00:00,SHORT,2649.75,2653.84,0.0635,4.0,-0.259715,0.067304,0.067408,-0.394426,SL_HIT,4,False,25.01471
Trend pullback — core,Trend pullback,Validation (2023-2024),2024-10-02T12:45:00+00:00,2024-10-02T13:10:00+00:00,SHORT,2649.22,2654.51,0.0625,4.0,-0.330625,0.06623,0.066363,-0.463218,SL_HIT,5,False,24.551491
Trend pullback — core,Trend pullback,Validation (2023-2024),2024-10-07T13:20:00+00:00,2024-10-07T13:30:00+00:00,LONG,2652.34,2646.61,0.0602,4.079805,-0.344946,0.063868,0.06373,-0.472545,SL_HIT,2,False,24.078947
Trend pullback — core,Trend pullback,Validation (2023-2024),2024-10-08T09:10:00+00:00,2024-10-08T09:35:00+00:00,SHORT,2635.63,2639.77,0.0602,4.0,-0.249228,0.063466,0.063566,-0.37626,SL_HIT,5,False,23.702687
Trend pullback — core,Trend pullback,Validation (2023-2024),2024-10-09T18:15:00+00:00,2024-10-09T21:00:00+00:00,SHORT,2609.44,2607.91,0.0593,4.0,0.090729,0.061896,0.06186,-0.033027,DAY_EXIT,33,False,23.66966
Trend pullback — core,Trend pullback,Validation (2023-2024),2024-10-11T07:30:00+00:00,2024-10-11T09:05:00+00:00,LONG,2642.88,2638.85,0.0592,4.0,-0.238576,0.062583,0.062488,-0.363647,SL_HIT,19,False,23.306013
Trend pullback — core,Trend pullback,Validation (2023-2024),2024-10-15T12:20:00+00:00,2024-10-15T12:55:00+00:00,LONG,2652.35,2648.04,0.0583,4.0,-0.251273,0.061853,0.061752,-0.374878,SL_HIT,7,False,22.931135
Trend pullback — core,Trend pullback,Validation (2023-2024),2024-10-18T09:00:00+00:00,2024-10-18T12:35:00+00:00,LONG,2706.54,2714.51,0.0573,4.0,0.456681,0.062034,0.062217,0.332431,TP_HIT,43,False,23.263566
Trend pullback — core,Trend pullback,Validation (2023-2024),2024-10-21T07:55:00+00:00,2024-10-21T11:35:00+00:00,LONG,2729.12,2737.09,0.0582,4.0,0.463854,0.063534,0.063719,0.336601,TP_HIT,44,False,23.600166
Trend pullback — core,Trend pullback,Validation (2023-2024),2024-10-22T12:15:00+00:00,2024-10-22T15:10:00+00:00,LONG,2735.53,2743.5,0.059,4.0,0.47023,0.064559,0.064747,0.340925,TP_HIT,35,False,23.941091
Trend pullback — core,Trend pullback,Validation (2023-2024),2024-10-31T07:50:00+00:00,2024-10-31T10:20:00+00:00,SHORT,2782.12,2774.15,0.0599,4.0,0.477403,0.06666,0.066469,0.344275,TP_HIT,30,False,24.285366
Trend pullback — core,Trend pullback,Validation (2023-2024),2024-11-08T08:45:00+00:00,2024-11-08T09:00:00+00:00,SHORT,2685.88,2690.14,0.0607,4.0,-0.258582,0.065213,0.065317,-0.389112,SL_HIT,3,False,23.896254
Trend pullback — core,Trend pullback,Validation (2023-2024),2024-11-11T10:40:00+00:00,2024-11-11T11:05:00+00:00,SHORT,2668.66,2660.69,0.0597,4.0,0.475809,0.063728,0.063537,0.348544,TP_HIT,5,False,24.244798
Trend pullback — core,Trend pullback,Validation (2023-2024),2024-11-12T15:05:00+00:00,2024-11-12T17:15:00+00:00,SHORT,2606.26,2595.447108,0.0447,5.421446,0.483336,0.0466,0.046407,0.39033,TP_HIT,26,False,24.635128
Trend pullback — core,Trend pullback,Validation (2023-2024),2024-11-18T08:15:00+00:00,2024-11-18T09:50:00+00:00,LONG,2586.26,2594.23,0.0616,4.0,0.490952,0.063725,0.063922,0.363305,TP_HIT,19,False,24.998433
Trend pullback — core,Trend pullback,Validation (2023-2024),2024-12-02T08:05:00+00:00,2024-12-02T08:15:00+00:00,SHORT,2627.1,2632.09,0.0625,4.0,-0.311875,0.065677,0.065802,-0.443355,SL_HIT,2,False,24.555078
Trend pullback — core,Trend pullback,Validation (2023-2024),2024-12-03T10:10:00+00:00,2024-12-03T12:20:00+00:00,LONG,2645.23,2640.22,0.0614,4.0,-0.307614,0.064967,0.064844,-0.437425,SL_HIT,26,False,24.117653
Trend pullback — core,Trend pullback,Validation (2023-2024),2024-12-11T07:20:00+00:00,2024-12-11T07:30:00+00:00,LONG,2693.19,2686.75,0.0459,5.249112,-0.295596,0.049447,0.049329,-0.394372,SL_HIT,2,False,23.723282
Trend pullback — core,Trend pullback,Validation (2023-2024),2024-12-16T13:05:00+00:00,2024-12-16T13:35:00+00:00,LONG,2663.3,2659.2,0.0593,4.0,-0.24313,0.063173,0.063076,-0.36938,SL_HIT,6,False,23.353902
Trend pullback — core,Trend pullback,Validation (2023-2024),2024-12-18T10:10:00+00:00,2024-12-18T13:00:00+00:00,LONG,2647.92,2643.24,0.0584,4.0,-0.273312,0.061855,0.061746,-0.396913,SL_HIT,34,False,22.956988
Trend pullback — core,Trend pullback,Validation (2023-2024),2024-12-23T14:00:00+00:00,2024-12-23T16:10:00+00:00,SHORT,2617.15,2609.18,0.0574,4.0,0.457478,0.06009,0.059907,0.337481,TP_HIT,26,False,23.29447
Trend pullback — core,Trend pullback,Validation (2023-2024),2024-12-23T17:20:00+00:00,2024-12-23T21:00:00+00:00,SHORT,2612.97,2611.31,0.0582,4.0,0.096612,0.06083,0.060791,-0.025009,DAY_EXIT,44,False,23.269461
Trend pullback — core,Trend pullback,Validation (2023-2024),2024-12-26T13:05:00+00:00,2024-12-26T13:25:00+00:00,LONG,2630.64,2626.42,0.0582,4.0,-0.245604,0.061241,0.061143,-0.367988,SL_HIT,4,False,22.901472
Trend pullback — core,Trend pullback,Validation (2023-2024),2024-12-26T14:25:00+00:00,2024-12-26T15:20:00+00:00,LONG,2627.49,2635.46,0.0573,4.0,0.456681,0.060222,0.060405,0.336054,TP_HIT,11,False,23.237526
Trend pullback — MACD + CCI,Trend pullback,Validation (2023-2024),2023-01-03T09:30:00+00:00,2023-01-03T09:45:00+00:00,LONG,1841.59,1837.5,0.25,4.0,-1.0225,0.184159,0.18375,-1.390409,SL_HIT,3,False,98.609591
Trend pullback — MACD + CCI,Trend pullback,Validation (2023-2024),2023-01-05T19:15:00+00:00,2023-01-05T21:00:00+00:00,SHORT,1834.09,1833.27,0.2465,4.0,0.20213,0.180841,0.18076,-0.159472,DAY_EXIT,21,False,98.450119
Trend pullback — MACD + CCI,Trend pullback,Validation (2023-2024),2023-01-10T13:25:00+00:00,2023-01-10T17:25:00+00:00,LONG,1874.51,1873.5,0.2461,4.0,-0.248561,0.184527,0.184427,-0.617515,TIME_EXIT,48,False,97.832604
Trend pullback — MACD + CCI,Trend pullback,Validation (2023-2024),2023-01-17T12:50:00+00:00,2023-01-17T13:30:00+00:00,SHORT,1908.57,1913.26,0.2446,4.0,-1.147174,0.186734,0.187193,-1.521102,SL_HIT,8,False,96.311502
Trend pullback — MACD + CCI,Trend pullback,Validation (2023-2024),2023-01-23T11:05:00+00:00,2023-01-23T14:10:00+00:00,SHORT,1924.74,1916.77,0.2408,4.0,1.919176,0.185391,0.184623,1.549162,TP_HIT,37,False,97.860664
Trend pullback — MACD + CCI,Trend pullback,Validation (2023-2024),2023-01-25T07:35:00+00:00,2023-01-25T08:35:00+00:00,SHORT,1928.2,1932.66,0.2447,4.0,-1.091362,0.188732,0.189169,-1.469263,SL_HIT,12,False,96.391401
Trend pullback — MACD + CCI,Trend pullback,Validation (2023-2024),2023-01-30T11:25:00+00:00,2023-01-30T13:45:00+00:00,SHORT,1925.61,1929.85,0.241,4.0,-1.02184,0.185629,0.186038,-1.393506,SL_HIT,28,False,94.997895
Trend pullback — MACD + CCI,Trend pullback,Validation (2023-2024),2023-02-06T09:10:00+00:00,2023-02-06T13:10:00+00:00,SHORT,1875.08,1872.98,0.2375,4.0,0.49875,0.178133,0.177933,0.142684,TIME_EXIT,48,False,95.140579
Trend pullback — MACD + CCI,Trend pullback,Validation (2023-2024),2023-02-10T09:20:00+00:00,2023-02-10T13:20:00+00:00,SHORT,1861.65,1864.86,0.2379,4.0,-0.763659,0.177155,0.17746,-1.118274,TIME_EXIT,48,False,94.022305
Trend pullback — MACD + CCI,Trend pullback,Validation (2023-2024),2023-02-13T19:30:00+00:00,2023-02-13T21:00:00+00:00,SHORT,1852.67,1854.52,0.2351,4.0,-0.434935,0.174225,0.174399,-0.783559,DAY_EXIT,18,False,93.238746
Trend pullback — MACD + CCI,Trend pullback,Validation (2023-2024),2023-03-02T12:30:00+00:00,2023-03-02T14:45:00+00:00,SHORT,1833.21,1837.96,0.2331,4.0,-1.107225,0.170929,0.171371,-1.449525,SL_HIT,27,False,91.789221
Trend pullback — MACD + CCI,Trend pullback,Validation (2023-2024),2023-03-02T18:35:00+00:00,2023-03-02T21:00:00+00:00,LONG,1835.16,1835.95,0.2295,4.0,0.181305,0.168468,0.16854,-0.155703,DAY_EXIT,29,False,91.633518
Trend pullback — MACD + CCI,Trend pullback,Validation (2023-2024),2023-03-24T07:50:00+00:00,2023-03-24T08:30:00+00:00,LONG,1990.3,1986.24,0.2291,4.0,-0.930146,0.182391,0.182019,-1.294556,SL_HIT,8,False,90.338962
Trend pullback — MACD + CCI,Trend pullback,Validation (2023-2024),2023-04-03T19:20:00+00:00,2023-04-03T21:00:00+00:00,LONG,1985.66,1984.12,0.2258,4.0,-0.347732,0.179345,0.179206,-0.706283,DAY_EXIT,20,False,89.63268
Trend pullback — MACD + CCI,Trend pullback,Validation (2023-2024),2023-04-11T13:55:00+00:00,2023-04-11T17:55:00+00:00,LONG,2002.0,2004.54,0.2241,4.0,0.569214,0.179459,0.179687,0.210068,TIME_EXIT,48,False,89.842748
Trend pullback — MACD + CCI,Trend pullback,Validation (2023-2024),2023-04-18T10:20:00+00:00,2023-04-18T13:05:00+00:00,LONG,2003.68,1999.52,0.2246,4.0,-0.934336,0.180011,0.179637,-1.293983,SL_HIT,33,False,88.548764
Trend pullback — MACD + CCI,Trend pullback,Validation (2023-2024),2023-04-21T13:50:00+00:00,2023-04-21T14:20:00+00:00,SHORT,1979.3,1984.69,0.1707,5.186522,-0.920073,0.135147,0.135515,-1.190734,SL_HIT,6,False,87.35803
Trend pullback — MACD + CCI,Trend pullback,Validation (2023-2024),2023-05-02T07:15:00+00:00,2023-05-02T09:50:00+00:00,SHORT,1982.15,1986.64,0.2184,4.0,-0.980616,0.173161,0.173553,-1.327329,SL_HIT,31,False,86.0307
Trend pullback — MACD + CCI,Trend pullback,Validation (2023-2024),2023-05-09T07:50:00+00:00,2023-05-09T08:25:00+00:00,LONG,2025.76,2021.21,0.2151,4.0,-0.978705,0.174296,0.173905,-1.326906,SL_HIT,7,False,84.703794
Trend pullback — MACD + CCI,Trend pullback,Validation (2023-2024),2023-06-16T14:05:00+00:00,2023-06-16T14:10:00+00:00,LONG,1964.15,1958.74,0.2118,4.0,-1.145838,0.166403,0.165944,-1.478185,SL_HIT,1,False,83.225609
Trend pullback — MACD + CCI,Trend pullback,Validation (2023-2024),2023-06-19T14:05:00+00:00,2023-06-19T18:05:00+00:00,SHORT,1950.88,1950.15,0.2081,4.0,0.151913,0.162391,0.16233,-0.172809,TIME_EXIT,48,False,83.0528
Trend pullback — MACD + CCI,Trend pullback,Validation (2023-2024),2023-06-26T07:15:00+00:00,2023-06-26T11:15:00+00:00,LONG,1926.26,1932.1,0.2076,4.0,1.212384,0.159957,0.160442,0.891986,TIME_EXIT,48,False,83.944786
Trend pullback — MACD + CCI,Trend pullback,Validation (2023-2024),2023-06-27T07:00:00+00:00,2023-06-27T09:45:00+00:00,LONG,1927.63,1923.6,0.2099,4.0,-0.845897,0.161844,0.161505,-1.169246,SL_HIT,33,False,82.77554
Trend pullback — MACD + CCI,Trend pullback,Validation (2023-2024),2023-07-14T12:40:00+00:00,2023-07-14T13:55:00+00:00,SHORT,1956.73,1961.18,0.2069,4.0,-0.920705,0.161939,0.162307,-1.244951,SL_HIT,15,False,81.530588
Trend pullback — MACD + CCI,Trend pullback,Validation (2023-2024),2023-07-17T17:15:00+00:00,2023-07-17T21:00:00+00:00,SHORT,1952.94,1955.15,0.2038,4.0,-0.450398,0.159204,0.159384,-0.768985,DAY_EXIT,45,False,80.761603
Trend pullback — MACD + CCI,Trend pullback,Validation (2023-2024),2023-07-27T07:15:00+00:00,2023-07-27T09:05:00+00:00,LONG,1978.51,1974.34,0.2019,4.0,-0.841923,0.159784,0.159448,-1.161155,SL_HIT,22,False,79.600448
Trend pullback — MACD + CCI,Trend pullback,Validation (2023-2024),2023-08-18T13:45:00+00:00,2023-08-18T15:45:00+00:00,LONG,1895.09,1890.32,0.199,4.0,-0.94923,0.150849,0.150469,-1.250549,SL_HIT,24,False,78.349899
Trend pullback — MACD + CCI,Trend pullback,Validation (2023-2024),2023-09-25T07:50:00+00:00,2023-09-25T11:50:00+00:00,SHORT,1922.89,1924.7,0.1959,4.0,-0.354579,0.150678,0.150819,-0.656076,TIME_EXIT,48,False,77.693823
Trend pullback — MACD + CCI,Trend pullback,Validation (2023-2024),2023-10-26T07:10:00+00:00,2023-10-26T11:10:00+00:00,LONG,1986.55,1986.01,0.1942,4.0,-0.104868,0.154315,0.154273,-0.413456,TIME_EXIT,48,False,77.280366
Trend pullback — MACD + CCI,Trend pullback,Validation (2023-2024),2023-11-13T07:55:00+00:00,2023-11-13T11:55:00+00:00,SHORT,1938.22,1938.46,0.1932,4.0,-0.046368,0.149786,0.149804,-0.345958,TIME_EXIT,48,False,76.934409
Trend pullback — MACD + CCI,Trend pullback,Validation (2023-2024),2023-11-30T17:55:00+00:00,2023-11-30T21:00:00+00:00,SHORT,2038.14,2036.4,0.1923,4.0,0.334602,0.156774,0.15664,0.021188,DAY_EXIT,37,False,76.955597
Trend pullback — MACD + CCI,Trend pullback,Validation (2023-2024),2023-12-21T13:35:00+00:00,2023-12-21T15:15:00+00:00,LONG,2040.33,2036.27,0.1924,4.0,-0.781144,0.157024,0.156711,-1.094879,SL_HIT,20,False,75.860718
Trend pullback — MACD + CCI,Trend pullback,Validation (2023-2024),2023-12-26T10:10:00+00:00,2023-12-26T14:00:00+00:00,LONG,2062.87,2058.4,0.1897,4.0,-0.847959,0.156531,0.156191,-1.160681,SL_HIT,46,False,74.700037
Trend pullback — MACD + CCI,Trend pullback,Validation (2023-2024),2024-01-16T16:05:00+00:00,2024-01-16T16:25:00+00:00,SHORT,2035.71,2040.68,0.1868,4.0,-0.928396,0.152108,0.15248,-1.232984,SL_HIT,4,False,73.467053
Trend pullback — MACD + CCI,Trend pullback,Validation (2023-2024),2024-01-18T14:35:00+00:00,2024-01-18T18:30:00+00:00,LONG,2012.51,2020.48,0.1837,4.0,1.464089,0.147879,0.148465,1.167745,TP_HIT,47,False,74.634798
Trend pullback — MACD + CCI,Trend pullback,Validation (2023-2024),2024-02-05T12:20:00+00:00,2024-02-05T13:30:00+00:00,SHORT,2024.88,2016.91,0.1866,4.0,1.487202,0.151137,0.150542,1.185523,TP_HIT,14,False,75.820321
Trend pullback — MACD + CCI,Trend pullback,Validation (2023-2024),2024-03-11T19:00:00+00:00,2024-03-11T21:00:00+00:00,LONG,2181.0,2182.42,0.1896,4.0,0.269232,0.165407,0.165515,-0.06169,DAY_EXIT,24,False,75.758631
Trend pullback — MACD + CCI,Trend pullback,Validation (2023-2024),2024-03-14T18:00:00+00:00,2024-03-14T20:15:00+00:00,SHORT,2160.01,2164.1,0.1894,4.0,-0.774646,0.163642,0.163952,-1.102241,SL_HIT,27,False,74.65639
Trend pullback — MACD + CCI,Trend pullback,Validation (2023-2024),2024-03-21T09:25:00+00:00,2024-03-21T13:25:00+00:00,LONG,2204.83,2201.4,0.1866,4.0,-0.640038,0.164569,0.164312,-0.968919,TIME_EXIT,48,False,73.687471
Trend pullback — MACD + CCI,Trend pullback,Validation (2023-2024),2024-03-27T13:35:00+00:00,2024-03-27T17:35:00+00:00,LONG,2187.98,2190.66,0.1842,4.0,0.493656,0.16121,0.161408,0.171038,TIME_EXIT,48,False,73.858509
Trend pullback — MACD + CCI,Trend pullback,Validation (2023-2024),2024-03-28T08:40:00+00:00,2024-03-28T10:25:00+00:00,LONG,2196.22,2204.19,0.1846,4.0,1.471262,0.162169,0.162757,1.146336,TP_HIT,21,False,75.004845
Trend pullback — MACD + CCI,Trend pullback,Validation (2023-2024),2024-04-04T07:35:00+00:00,2024-04-04T07:55:00+00:00,LONG,2297.54,2291.66,0.1875,4.0,-1.1025,0.172316,0.171874,-1.44669,SL_HIT,4,False,73.558155
Trend pullback — MACD + CCI,Trend pullback,Validation (2023-2024),2024-05-03T12:25:00+00:00,2024-05-03T12:35:00+00:00,SHORT,2295.48,2320.82,0.1839,4.0,-4.660026,0.168856,0.17072,-4.999601,SL_HIT,2,False,68.558554
Trend pullback — MACD + CCI,Trend pullback,Validation (2023-2024),2024-05-13T13:40:00+00:00,2024-05-13T15:05:00+00:00,SHORT,2344.16,2336.19,0.1714,4.0,1.366058,0.160716,0.160169,1.045173,TP_HIT,17,False,69.603727
Trend pullback — MACD + CCI,Trend pullback,Validation (2023-2024),2024-05-27T08:15:00+00:00,2024-05-27T12:15:00+00:00,LONG,2341.66,2344.74,0.174,4.0,0.53592,0.16298,0.163194,0.209747,TIME_EXIT,48,False,69.813474
Trend pullback — MACD + CCI,Trend pullback,Validation (2023-2024),2024-06-07T07:15:00+00:00,2024-06-07T07:30:00+00:00,LONG,2379.35,2374.73,0.1745,4.0,-0.80619,0.166079,0.165756,-1.138025,SL_HIT,3,False,68.675449
Trend pullback — MACD + CCI,Trend pullback,Validation (2023-2024),2024-06-10T08:55:00+00:00,2024-06-10T10:55:00+00:00,SHORT,2294.33,2298.51,0.1717,4.0,-0.717706,0.157575,0.157862,-1.033142,SL_HIT,24,False,67.642307
Trend pullback — MACD + CCI,Trend pullback,Validation (2023-2024),2024-06-24T12:25:00+00:00,2024-06-24T13:15:00+00:00,SHORT,2324.42,2328.62,0.1691,4.0,-0.71022,0.157224,0.157508,-1.024952,SL_HIT,10,False,66.617355
Trend pullback — MACD + CCI,Trend pullback,Validation (2023-2024),2024-07-02T14:10:00+00:00,2024-07-02T15:10:00+00:00,SHORT,2324.57,2328.97,0.1616,4.122758,-0.71104,0.15026,0.150545,-1.011845,SL_HIT,12,False,65.60551
Trend pullback — MACD + CCI,Trend pullback,Validation (2023-2024),2024-07-03T17:30:00+00:00,2024-07-03T17:50:00+00:00,LONG,2360.72,2356.53,0.164,4.0,-0.68716,0.154863,0.154588,-0.996612,SL_HIT,4,False,64.608899
Trend pullback — MACD + CCI,Trend pullback,Validation (2023-2024),2024-07-25T12:35:00+00:00,2024-07-25T12:40:00+00:00,SHORT,2364.8,2370.64,0.1234,5.237323,-0.720656,0.116727,0.117015,-0.954397,SL_HIT,1,False,63.654501
Trend pullback — MACD + CCI,Trend pullback,Validation (2023-2024),2024-07-30T16:25:00+00:00,2024-07-30T17:00:00+00:00,LONG,2389.45,2397.42,0.1591,4.0,1.268027,0.152065,0.152572,0.963391,TP_HIT,7,False,64.617892
Trend pullback — MACD + CCI,Trend pullback,Validation (2023-2024),2024-08-06T19:05:00+00:00,2024-08-06T21:00:00+00:00,SHORT,2390.87,2390.08,0.1615,4.0,0.127585,0.15445,0.154399,-0.181264,DAY_EXIT,23,False,64.436627
Trend pullback — MACD + CCI,Trend pullback,Validation (2023-2024),2024-08-22T11:00:00+00:00,2024-08-22T12:15:00+00:00,SHORT,2505.02,2497.05,0.1611,4.0,1.283967,0.161423,0.16091,0.961634,TP_HIT,15,False,65.398261
Trend pullback — MACD + CCI,Trend pullback,Validation (2023-2024),2024-09-16T08:20:00+00:00,2024-09-16T10:30:00+00:00,LONG,2585.94,2581.69,0.1635,4.0,-0.694875,0.16912,0.168843,-1.032838,SL_HIT,26,False,64.365423
Trend pullback — MACD + CCI,Trend pullback,Validation (2023-2024),2024-09-20T14:20:00+00:00,2024-09-20T15:45:00+00:00,LONG,2611.75,2621.763838,0.1282,5.021919,1.283774,0.133931,0.134444,1.015399,TP_HIT,17,False,65.380823
Trend pullback — MACD + CCI,Trend pullback,Validation (2023-2024),2024-09-24T12:55:00+00:00,2024-09-24T14:45:00+00:00,LONG,2631.67,2639.64,0.1635,4.0,1.303095,0.172111,0.172632,0.958351,TP_HIT,22,False,66.339174
Trend pullback — MACD + CCI,Trend pullback,Validation (2023-2024),2024-10-02T08:15:00+00:00,2024-10-02T08:30:00+00:00,SHORT,2648.48,2652.58,0.1658,4.0,-0.67978,0.175647,0.175919,-1.031346,SL_HIT,3,False,65.307828
Trend pullback — MACD + CCI,Trend pullback,Validation (2023-2024),2024-10-02T08:50:00+00:00,2024-10-02T09:10:00+00:00,SHORT,2649.75,2653.84,0.1633,4.0,-0.667897,0.173082,0.173349,-1.014327,SL_HIT,4,False,64.2935
Trend pullback — MACD + CCI,Trend pullback,Validation (2023-2024),2024-10-07T13:20:00+00:00,2024-10-07T13:30:00+00:00,LONG,2652.34,2646.61,0.1576,4.079805,-0.903048,0.167204,0.166842,-1.237094,SL_HIT,2,False,63.056406
Trend pullback — MACD + CCI,Trend pullback,Validation (2023-2024),2024-10-15T12:20:00+00:00,2024-10-15T12:55:00+00:00,LONG,2652.35,2648.04,0.1576,4.0,-0.679256,0.167204,0.166932,-1.013393,SL_HIT,7,False,62.043014
Trend pullback — MACD + CCI,Trend pullback,Validation (2023-2024),2024-11-18T08:15:00+00:00,2024-11-18T09:50:00+00:00,LONG,2586.26,2594.23,0.1551,4.0,1.236147,0.160452,0.160946,0.914749,TP_HIT,19,False,62.957763
Trend pullback — MACD + CCI,Trend pullback,Validation (2023-2024),2024-12-02T08:05:00+00:00,2024-12-02T08:15:00+00:00,SHORT,2627.1,2632.09,0.1574,4.0,-0.785426,0.165402,0.165716,-1.116545,SL_HIT,2,False,61.841218
Trend pullback — MACD + CCI,Trend pullback,Validation (2023-2024),2024-12-26T13:05:00+00:00,2024-12-26T13:25:00+00:00,LONG,2630.64,2626.42,0.1546,4.0,-0.652412,0.162679,0.162418,-0.977509,SL_HIT,4,False,60.86371
Trend pullback — MACD + CCI,Trend pullback,Validation (2023-2024),2024-12-26T14:25:00+00:00,2024-12-26T15:20:00+00:00,LONG,2627.49,2635.46,0.1522,4.0,1.213034,0.159962,0.160447,0.892626,TP_HIT,11,False,61.756335
Trend pullback — value-confirmed,Trend pullback,Validation (2023-2024),2023-01-10T13:25:00+00:00,2023-01-10T17:25:00+00:00,LONG,1874.51,1873.5,0.25,4.0,-0.2525,0.187451,0.18735,-0.627301,TIME_EXIT,48,False,99.372699
Trend pullback — value-confirmed,Trend pullback,Validation (2023-2024),2023-01-23T11:05:00+00:00,2023-01-23T14:10:00+00:00,SHORT,1924.74,1916.77,0.2484,4.0,1.979748,0.191242,0.19045,1.598056,TP_HIT,37,False,100.970755
Trend pullback — value-confirmed,Trend pullback,Validation (2023-2024),2023-01-30T11:25:00+00:00,2023-01-30T13:45:00+00:00,SHORT,1925.61,1929.85,0.2524,4.0,-1.070176,0.19441,0.194838,-1.459423,SL_HIT,28,False,99.511331
Trend pullback — value-confirmed,Trend pullback,Validation (2023-2024),2023-02-10T09:20:00+00:00,2023-02-10T13:20:00+00:00,SHORT,1861.65,1864.86,0.2488,4.0,-0.798648,0.185271,0.185591,-1.16951,TIME_EXIT,48,False,98.341821
Trend pullback — value-confirmed,Trend pullback,Validation (2023-2024),2023-03-02T13:35:00+00:00,2023-03-02T14:05:00+00:00,SHORT,1831.24,1835.49,0.2459,4.0,-1.045075,0.180121,0.180539,-1.405735,SL_HIT,6,False,96.936086
Trend pullback — value-confirmed,Trend pullback,Validation (2023-2024),2023-04-21T13:50:00+00:00,2023-04-21T14:20:00+00:00,SHORT,1979.3,1984.69,0.1869,5.186522,-1.007391,0.147972,0.148375,-1.303739,SL_HIT,6,False,95.632348
Trend pullback — value-confirmed,Trend pullback,Validation (2023-2024),2023-05-02T07:15:00+00:00,2023-05-02T09:50:00+00:00,SHORT,1982.15,1986.64,0.2391,4.0,-1.073559,0.189573,0.190002,-1.453134,SL_HIT,31,False,94.179214
Trend pullback — value-confirmed,Trend pullback,Validation (2023-2024),2023-05-09T07:50:00+00:00,2023-05-09T08:25:00+00:00,LONG,2025.76,2021.21,0.2354,4.0,-1.07107,0.190746,0.190317,-1.452133,SL_HIT,7,False,92.727081
Trend pullback — value-confirmed,Trend pullback,Validation (2023-2024),2023-06-26T07:15:00+00:00,2023-06-26T11:15:00+00:00,LONG,1926.26,1932.1,0.2318,4.0,1.353712,0.178603,0.179144,0.995965,TIME_EXIT,48,False,93.723046
Trend pullback — value-confirmed,Trend pullback,Validation (2023-2024),2023-06-27T07:00:00+00:00,2023-06-27T09:45:00+00:00,LONG,1927.63,1923.6,0.2343,4.0,-0.944229,0.180657,0.18028,-1.305166,SL_HIT,33,False,92.417879
Trend pullback — value-confirmed,Trend pullback,Validation (2023-2024),2023-07-14T12:40:00+00:00,2023-07-14T13:55:00+00:00,SHORT,1956.73,1961.18,0.231,4.0,-1.02795,0.180802,0.181213,-1.389965,SL_HIT,15,False,91.027915
Trend pullback — value-confirmed,Trend pullback,Validation (2023-2024),2023-07-17T17:15:00+00:00,2023-07-17T21:00:00+00:00,SHORT,1952.94,1955.15,0.2276,4.0,-0.502996,0.177796,0.177997,-0.858789,DAY_EXIT,45,False,90.169126
Trend pullback — value-confirmed,Trend pullback,Validation (2023-2024),2023-07-27T07:15:00+00:00,2023-07-27T09:05:00+00:00,LONG,1978.51,1974.34,0.2254,4.0,-0.939918,0.178382,0.178006,-1.296307,SL_HIT,22,False,88.872819
Trend pullback — value-confirmed,Trend pullback,Validation (2023-2024),2023-08-18T13:45:00+00:00,2023-08-18T15:45:00+00:00,LONG,1895.09,1890.32,0.2222,4.0,-1.059894,0.168436,0.168012,-1.396341,SL_HIT,24,False,87.476478
Trend pullback — value-confirmed,Trend pullback,Validation (2023-2024),2023-09-25T07:50:00+00:00,2023-09-25T11:50:00+00:00,SHORT,1922.89,1924.7,0.2187,4.0,-0.395847,0.168214,0.168373,-0.732434,TIME_EXIT,48,False,86.744044
Trend pullback — value-confirmed,Trend pullback,Validation (2023-2024),2023-10-26T07:10:00+00:00,2023-10-26T11:10:00+00:00,LONG,1986.55,1986.01,0.2169,4.0,-0.117126,0.172353,0.172306,-0.461785,TIME_EXIT,48,False,86.282258
Trend pullback — value-confirmed,Trend pullback,Validation (2023-2024),2023-11-13T07:55:00+00:00,2023-11-13T11:55:00+00:00,SHORT,1938.22,1938.46,0.2157,4.0,-0.051768,0.16723,0.16725,-0.386248,TIME_EXIT,48,False,85.89601
Trend pullback — value-confirmed,Trend pullback,Validation (2023-2024),2023-12-21T13:35:00+00:00,2023-12-21T15:15:00+00:00,LONG,2040.33,2036.27,0.2147,4.0,-0.871682,0.175224,0.174875,-1.22178,SL_HIT,20,False,84.67423
Trend pullback — value-confirmed,Trend pullback,Validation (2023-2024),2023-12-26T10:10:00+00:00,2023-12-26T14:00:00+00:00,LONG,2062.87,2058.4,0.2117,4.0,-0.946299,0.174684,0.174305,-1.295288,SL_HIT,46,False,83.378942
Trend pullback — value-confirmed,Trend pullback,Validation (2023-2024),2024-01-18T14:35:00+00:00,2024-01-18T18:30:00+00:00,LONG,2012.51,2020.48,0.2084,4.0,1.660948,0.167763,0.168427,1.324758,TP_HIT,47,False,84.7037
Trend pullback — value-confirmed,Trend pullback,Validation (2023-2024),2024-03-11T19:00:00+00:00,2024-03-11T21:00:00+00:00,LONG,2181.0,2182.42,0.2118,4.0,0.300756,0.184774,0.184895,-0.068913,DAY_EXIT,24,False,84.634787
Trend pullback — value-confirmed,Trend pullback,Validation (2023-2024),2024-03-21T09:25:00+00:00,2024-03-21T13:25:00+00:00,LONG,2204.83,2201.4,0.2116,4.0,-0.725788,0.186617,0.186326,-1.098731,TIME_EXIT,48,False,83.536056
Trend pullback — value-confirmed,Trend pullback,Validation (2023-2024),2024-05-27T08:15:00+00:00,2024-05-27T12:15:00+00:00,LONG,2341.66,2344.74,0.2088,4.0,0.643104,0.195575,0.195833,0.251696,TIME_EXIT,48,False,83.787751
Trend pullback — value-confirmed,Trend pullback,Validation (2023-2024),2024-06-07T07:15:00+00:00,2024-06-07T07:30:00+00:00,LONG,2379.35,2374.73,0.2095,4.0,-0.96789,0.19939,0.199002,-1.366282,SL_HIT,3,False,82.42147
Trend pullback — value-confirmed,Trend pullback,Validation (2023-2024),2024-06-10T08:55:00+00:00,2024-06-10T10:55:00+00:00,SHORT,2294.33,2298.51,0.2061,4.0,-0.861498,0.189145,0.189489,-1.240132,SL_HIT,24,False,81.181338
Trend pullback — value-confirmed,Trend pullback,Validation (2023-2024),2024-06-24T12:25:00+00:00,2024-06-24T13:15:00+00:00,SHORT,2324.42,2328.62,0.203,4.0,-0.8526,0.188743,0.189084,-1.230427,SL_HIT,10,False,79.950911
Trend pullback — value-confirmed,Trend pullback,Validation (2023-2024),2024-07-02T14:10:00+00:00,2024-07-02T15:10:00+00:00,SHORT,2324.57,2328.97,0.1939,4.122758,-0.85316,0.180294,0.180635,-1.214089,SL_HIT,12,False,78.736822
Trend pullback — value-confirmed,Trend pullback,Validation (2023-2024),2024-08-22T11:00:00+00:00,2024-08-22T12:15:00+00:00,SHORT,2505.02,2497.05,0.1968,4.0,1.568496,0.197195,0.196568,1.174733,TP_HIT,15,False,79.911555
Trend pullback — value-confirmed,Trend pullback,Validation (2023-2024),2024-09-16T08:20:00+00:00,2024-09-16T10:30:00+00:00,LONG,2585.94,2581.69,0.1998,4.0,-0.84915,0.206668,0.206329,-1.262147,SL_HIT,26,False,78.649408
Trend pullback — value-confirmed,Trend pullback,Validation (2023-2024),2024-09-24T12:55:00+00:00,2024-09-24T14:45:00+00:00,LONG,2631.67,2639.64,0.1966,4.0,1.566902,0.206955,0.207581,1.152366,TP_HIT,22,False,79.801775
Trend pullback — value-confirmed,Trend pullback,Validation (2023-2024),2024-10-07T13:20:00+00:00,2024-10-07T13:30:00+00:00,LONG,2652.34,2646.61,0.1956,4.079805,-1.120788,0.207519,0.207071,-1.535378,SL_HIT,2,False,78.266397
Trend pullback — value-confirmed,Trend pullback,Validation (2023-2024),2024-12-02T08:05:00+00:00,2024-12-02T08:15:00+00:00,SHORT,2627.1,2632.09,0.1957,4.0,-0.976543,0.205649,0.20604,-1.388232,SL_HIT,2,False,76.878164
Trend pullback — value-confirmed,Trend pullback,Validation (2023-2024),2024-12-26T14:25:00+00:00,2024-12-26T15:20:00+00:00,LONG,2627.49,2635.46,0.1922,4.0,1.531834,0.202001,0.202614,1.127218,TP_HIT,11,False,78.005383
Squeeze breakout — core,Squeeze breakout,Validation (2023-2024),2023-01-03T07:20:00+00:00,2023-01-03T08:25:00+00:00,LONG,1844.31,1839.02,0.25,4.0,-1.3225,0.184431,0.183902,-1.690833,SL_HIT,13,False,98.309167
Squeeze breakout — core,Squeeze breakout,Validation (2023-2024),2023-01-17T19:15:00+00:00,2023-01-17T19:40:00+00:00,SHORT,1904.06,1908.64,0.2458,4.0,-1.125764,0.187207,0.187657,-1.500629,SL_HIT,5,False,96.808538
Squeeze breakout — core,Squeeze breakout,Validation (2023-2024),2023-01-18T09:50:00+00:00,2023-01-18T10:35:00+00:00,LONG,1915.31,1911.06,0.242,4.0,-1.0285,0.185402,0.184991,-1.398893,SL_HIT,9,False,95.409646
Squeeze breakout — core,Squeeze breakout,Validation (2023-2024),2023-01-18T12:05:00+00:00,2023-01-18T14:20:00+00:00,LONG,1916.92,1924.89,0.2385,4.0,1.900845,0.182874,0.183635,1.534336,TP_HIT,27,False,96.943982
Squeeze breakout — core,Squeeze breakout,Validation (2023-2024),2023-01-31T11:35:00+00:00,2023-01-31T12:45:00+00:00,SHORT,1901.26,1905.67,0.2424,4.0,-1.068984,0.184346,0.184774,-1.438104,SL_HIT,14,False,95.505878
Squeeze breakout — core,Squeeze breakout,Validation (2023-2024),2023-02-09T19:40:00+00:00,2023-02-09T21:00:00+00:00,SHORT,1860.57,1861.08,0.2388,4.0,-0.121788,0.177722,0.17777,-0.47728,DAY_EXIT,16,False,95.028598
Squeeze breakout — core,Squeeze breakout,Validation (2023-2024),2023-02-23T10:25:00+00:00,2023-02-23T12:45:00+00:00,SHORT,1824.69,1828.75,0.2376,4.0,-0.964656,0.173419,0.173804,-1.311879,SL_HIT,28,False,93.716719
Squeeze breakout — core,Squeeze breakout,Validation (2023-2024),2023-03-24T17:30:00+00:00,2023-03-24T21:00:00+00:00,SHORT,1980.71,1979.04,0.2343,4.0,0.391281,0.185632,0.185476,0.020173,DAY_EXIT,42,False,93.736892
Squeeze breakout — core,Squeeze breakout,Validation (2023-2024),2023-03-30T10:30:00+00:00,2023-03-30T13:45:00+00:00,LONG,1969.06,1965.0,0.2343,4.0,-0.951258,0.18454,0.18416,-1.319958,SL_HIT,39,False,92.416934
Squeeze breakout — core,Squeeze breakout,Validation (2023-2024),2023-04-19T18:50:00+00:00,2023-04-19T21:00:00+00:00,LONG,1996.64,1994.44,0.231,4.0,-0.5082,0.18449,0.184286,-0.876976,DAY_EXIT,26,False,91.539959
Squeeze breakout — core,Squeeze breakout,Validation (2023-2024),2023-05-01T12:25:00+00:00,2023-05-01T12:40:00+00:00,LONG,1995.41,2003.38,0.2288,4.0,1.823536,0.18262,0.183349,1.457567,TP_HIT,3,False,92.997525
Squeeze breakout — core,Squeeze breakout,Validation (2023-2024),2023-05-02T19:05:00+00:00,2023-05-02T21:00:00+00:00,LONG,2016.78,2016.3,0.2325,4.0,-0.1116,0.187561,0.187516,-0.486676,DAY_EXIT,23,False,92.510849
Squeeze breakout — core,Squeeze breakout,Validation (2023-2024),2023-05-05T11:45:00+00:00,2023-05-05T12:35:00+00:00,SHORT,2035.59,2027.62,0.2313,4.0,1.843461,0.188333,0.187595,1.467533,TP_HIT,10,False,93.978382
Squeeze breakout — core,Squeeze breakout,Validation (2023-2024),2023-05-23T18:25:00+00:00,2023-05-23T21:00:00+00:00,LONG,1976.83,1974.65,0.2349,4.0,-0.512082,0.185743,0.185538,-0.883363,DAY_EXIT,31,False,93.095019
Squeeze breakout — core,Squeeze breakout,Validation (2023-2024),2023-05-24T19:00:00+00:00,2023-05-24T21:00:00+00:00,SHORT,1959.59,1957.47,0.2327,4.0,0.493324,0.182399,0.182201,0.128724,DAY_EXIT,24,False,93.223743
Squeeze breakout — core,Squeeze breakout,Validation (2023-2024),2023-05-30T12:00:00+00:00,2023-05-30T12:40:00+00:00,LONG,1960.43,1956.39,0.2331,4.0,-0.941724,0.18279,0.182414,-1.306928,SL_HIT,8,False,91.916814
Squeeze breakout — core,Squeeze breakout,Validation (2023-2024),2023-06-05T17:55:00+00:00,2023-06-05T21:00:00+00:00,LONG,1960.85,1961.47,0.2298,4.0,0.142476,0.180241,0.180298,-0.218064,DAY_EXIT,37,False,91.698751
Squeeze breakout — core,Squeeze breakout,Validation (2023-2024),2023-06-06T12:25:00+00:00,2023-06-06T12:35:00+00:00,LONG,1966.08,1960.39,0.2292,4.0,-1.304148,0.18025,0.179729,-1.664127,SL_HIT,2,False,90.034624
Squeeze breakout — core,Squeeze breakout,Validation (2023-2024),2023-06-07T19:55:00+00:00,2023-06-07T21:00:00+00:00,SHORT,1940.68,1940.1,0.2251,4.0,0.130558,0.174739,0.174687,-0.218867,DAY_EXIT,13,False,89.815756
Squeeze breakout — core,Squeeze breakout,Validation (2023-2024),2023-06-16T11:05:00+00:00,2023-06-16T13:05:00+00:00,LONG,1966.04,1961.44,0.2245,4.0,-1.0327,0.17655,0.176137,-1.385388,SL_HIT,24,False,88.430369
Squeeze breakout — core,Squeeze breakout,Validation (2023-2024),2023-06-19T07:45:00+00:00,2023-06-19T08:20:00+00:00,SHORT,1952.87,1958.39,0.2211,4.0,-1.220472,0.172712,0.1732,-1.566384,SL_HIT,7,False,86.863985
Squeeze breakout — core,Squeeze breakout,Validation (2023-2024),2023-06-27T11:05:00+00:00,2023-06-27T12:10:00+00:00,SHORT,1921.35,1925.52,0.2172,4.0,-0.905724,0.166927,0.167289,-1.23994,SL_HIT,13,False,85.624045
Squeeze breakout — core,Squeeze breakout,Validation (2023-2024),2023-07-07T10:40:00+00:00,2023-07-07T12:35:00+00:00,LONG,1917.32,1925.29,0.2141,4.0,1.706377,0.164199,0.164882,1.377296,TP_HIT,23,False,87.001341
Squeeze breakout — core,Squeeze breakout,Validation (2023-2024),2023-07-24T11:05:00+00:00,2023-07-24T13:25:00+00:00,LONG,1967.23,1962.21,0.2175,4.0,-1.09185,0.171149,0.170712,-1.433711,SL_HIT,28,False,85.567629
Squeeze breakout — core,Squeeze breakout,Validation (2023-2024),2023-07-26T18:40:00+00:00,2023-07-26T19:10:00+00:00,LONG,1976.89,1972.02,0.2139,4.0,-1.041693,0.169143,0.168726,-1.379562,SL_HIT,6,False,84.188068
Squeeze breakout — core,Squeeze breakout,Validation (2023-2024),2023-08-07T07:40:00+00:00,2023-08-07T11:40:00+00:00,SHORT,1935.35,1935.73,0.2105,4.0,-0.07999,0.162956,0.162988,-0.405935,TIME_EXIT,48,False,83.782133
Squeeze breakout — core,Squeeze breakout,Validation (2023-2024),2023-09-26T18:30:00+00:00,2023-09-26T21:00:00+00:00,SHORT,1899.7,1900.81,0.2095,4.0,-0.232545,0.159195,0.159288,-0.551028,DAY_EXIT,30,False,83.231105
Squeeze breakout — core,Squeeze breakout,Validation (2023-2024),2023-10-12T17:05:00+00:00,2023-10-12T21:00:00+00:00,SHORT,1870.13,1868.96,0.2081,4.0,0.243477,0.15567,0.155572,-0.067765,DAY_EXIT,47,False,83.16334
Squeeze breakout — core,Squeeze breakout,Validation (2023-2024),2023-10-25T13:15:00+00:00,2023-10-25T13:55:00+00:00,LONG,1977.81,1985.78,0.2079,4.0,1.656963,0.164475,0.165137,1.327351,TP_HIT,8,False,84.490691
Squeeze breakout — core,Squeeze breakout,Validation (2023-2024),2023-10-31T09:50:00+00:00,2023-10-31T13:35:00+00:00,LONG,1998.38,1994.35,0.2112,4.0,-0.851136,0.168823,0.168483,-1.188442,SL_HIT,45,False,83.302249
Squeeze breakout — core,Squeeze breakout,Validation (2023-2024),2023-11-01T18:45:00+00:00,2023-11-01T18:55:00+00:00,SHORT,1970.62,1975.63,0.2083,4.0,-1.043583,0.164192,0.164609,-1.372385,SL_HIT,2,False,81.929865
Squeeze breakout — core,Squeeze breakout,Validation (2023-2024),2024-01-11T13:25:00+00:00,2024-01-11T13:35:00+00:00,LONG,2039.06,2024.9,0.2048,4.0,-2.899968,0.16704,0.16588,-3.232888,SL_HIT,2,False,78.696977
Squeeze breakout — core,Squeeze breakout,Validation (2023-2024),2024-01-12T07:30:00+00:00,2024-01-12T11:05:00+00:00,LONG,2038.05,2046.02,0.1967,4.0,1.567699,0.160354,0.160981,1.246364,TP_HIT,43,False,79.943341
Squeeze breakout — core,Squeeze breakout,Validation (2023-2024),2024-01-16T12:15:00+00:00,2024-01-16T12:35:00+00:00,SHORT,2036.12,2040.31,0.1999,4.0,-0.837581,0.162808,0.163143,-1.163532,SL_HIT,4,False,78.779809
Squeeze breakout — core,Squeeze breakout,Validation (2023-2024),2024-02-13T13:30:00+00:00,2024-02-13T13:35:00+00:00,LONG,2029.23,2013.7,0.1969,4.0,-3.057857,0.159822,0.158599,-3.376278,SL_HIT,1,False,75.403531
Squeeze breakout — core,Squeeze breakout,Validation (2023-2024),2024-02-15T11:50:00+00:00,2024-02-15T14:35:00+00:00,LONG,1998.02,2005.99,0.1885,4.0,1.502345,0.150651,0.151252,1.200443,TP_HIT,33,False,76.603974
Squeeze breakout — core,Squeeze breakout,Validation (2023-2024),2024-02-28T16:20:00+00:00,2024-02-28T20:20:00+00:00,LONG,2034.0,2033.01,0.1915,4.0,-0.189585,0.155804,0.155729,-0.501118,TIME_EXIT,48,False,76.102856
Squeeze breakout — core,Squeeze breakout,Validation (2023-2024),2024-03-19T08:10:00+00:00,2024-03-19T12:10:00+00:00,SHORT,2153.38,2156.41,0.1903,4.0,-0.576609,0.163915,0.164146,-0.90467,TIME_EXIT,48,False,75.198185
Squeeze breakout — core,Squeeze breakout,Validation (2023-2024),2024-03-28T16:25:00+00:00,2024-03-28T20:25:00+00:00,LONG,2217.75,2219.56,0.188,4.0,0.34028,0.166775,0.166911,0.006594,TIME_EXIT,48,False,75.20478
Squeeze breakout — core,Squeeze breakout,Validation (2023-2024),2024-04-03T19:05:00+00:00,2024-04-03T19:20:00+00:00,LONG,2298.85,2294.45,0.188,4.0,-0.8272,0.172874,0.172543,-1.172616,SL_HIT,3,False,74.032164
Squeeze breakout — core,Squeeze breakout,Validation (2023-2024),2024-04-04T07:35:00+00:00,2024-04-04T07:55:00+00:00,LONG,2297.54,2291.66,0.1851,4.0,-1.088388,0.17011,0.169675,-1.428172,SL_HIT,4,False,72.603991
Squeeze breakout — core,Squeeze breakout,Validation (2023-2024),2024-04-12T09:55:00+00:00,2024-04-12T10:20:00+00:00,LONG,2400.09,2395.66,0.1815,4.0,-0.804045,0.174247,0.173925,-1.152216,SL_HIT,5,False,71.451775
Squeeze breakout — core,Squeeze breakout,Validation (2023-2024),2024-04-24T12:15:00+00:00,2024-04-24T12:35:00+00:00,SHORT,2312.84,2317.67,0.1786,4.0,-0.862638,0.165229,0.165574,-1.193442,SL_HIT,4,False,70.258333
Squeeze breakout — core,Squeeze breakout,Validation (2023-2024),2024-04-29T09:50:00+00:00,2024-04-29T11:45:00+00:00,LONG,2342.66,2338.16,0.1756,4.0,-0.7902,0.164548,0.164232,-1.118981,SL_HIT,23,False,69.139352
Squeeze breakout — core,Squeeze breakout,Validation (2023-2024),2024-05-03T12:25:00+00:00,2024-05-03T12:35:00+00:00,SHORT,2295.48,2320.82,0.1728,4.0,-4.378752,0.158664,0.160415,-4.697831,SL_HIT,2,False,64.441522
Squeeze breakout — core,Squeeze breakout,Validation (2023-2024),2024-05-08T19:15:00+00:00,2024-05-08T21:00:00+00:00,SHORT,2310.4,2309.06,0.1611,4.0,0.215874,0.148882,0.148796,-0.081804,DAY_EXIT,21,False,64.359718
Squeeze breakout — core,Squeeze breakout,Validation (2023-2024),2024-05-13T08:30:00+00:00,2024-05-13T12:15:00+00:00,SHORT,2343.19,2347.35,0.1609,4.0,-0.669344,0.150808,0.151075,-0.971227,SL_HIT,45,False,63.38849
Squeeze breakout — core,Squeeze breakout,Validation (2023-2024),2024-05-17T12:50:00+00:00,2024-05-17T13:15:00+00:00,LONG,2392.08,2400.05,0.1585,4.0,1.263245,0.151658,0.152163,0.959424,TP_HIT,5,False,64.347914
Squeeze breakout — core,Squeeze breakout,Validation (2023-2024),2024-06-03T14:05:00+00:00,2024-06-03T15:10:00+00:00,LONG,2339.92,2335.29,0.1461,4.40381,-0.676443,0.136745,0.136474,-0.949662,SL_HIT,13,False,63.398252
Squeeze breakout — core,Squeeze breakout,Validation (2023-2024),2024-06-11T12:05:00+00:00,2024-06-11T12:45:00+00:00,LONG,2309.87,2317.84,0.1585,4.0,1.263245,0.146446,0.146951,0.969848,TP_HIT,8,False,64.3681
Squeeze breakout — core,Squeeze breakout,Validation (2023-2024),2024-06-18T15:45:00+00:00,2024-06-18T19:45:00+00:00,LONG,2329.06,2329.29,0.1609,4.0,0.037007,0.149898,0.149913,-0.262804,TIME_EXIT,48,False,64.105296
Squeeze breakout — core,Squeeze breakout,Validation (2023-2024),2024-07-02T11:45:00+00:00,2024-07-02T12:40:00+00:00,SHORT,2321.02,2325.27,0.1603,4.0,-0.681275,0.148824,0.149096,-0.979195,SL_HIT,11,False,63.126101
Squeeze breakout — core,Squeeze breakout,Validation (2023-2024),2024-08-05T10:25:00+00:00,2024-08-05T11:00:00+00:00,SHORT,2419.08,2409.766179,0.1351,4.67191,1.258297,0.130727,0.130224,0.997346,TP_HIT,7,False,64.123447
Squeeze breakout — core,Squeeze breakout,Validation (2023-2024),2024-08-12T10:45:00+00:00,2024-08-12T11:35:00+00:00,LONG,2444.69,2440.48,0.1603,4.0,-0.674863,0.156754,0.156484,-0.9881,SL_HIT,10,False,63.135347
Squeeze breakout — core,Squeeze breakout,Validation (2023-2024),2024-08-14T10:55:00+00:00,2024-08-14T11:10:00+00:00,LONG,2475.44,2471.41,0.1578,4.0,-0.635934,0.15625,0.155995,-0.948179,SL_HIT,3,False,62.187168
Squeeze breakout — core,Squeeze breakout,Validation (2023-2024),2024-08-30T14:30:00+00:00,2024-08-30T14:55:00+00:00,SHORT,2509.74,2514.65,0.1351,4.603906,-0.663341,0.135626,0.135892,-0.934859,SL_HIT,5,False,61.252309
Squeeze breakout — core,Squeeze breakout,Validation (2023-2024),2024-09-24T19:20:00+00:00,2024-09-24T21:00:00+00:00,LONG,2660.14,2656.76,0.1531,4.0,-0.517478,0.162907,0.1627,-0.843085,DAY_EXIT,20,False,60.409224
Squeeze breakout — core,Squeeze breakout,Validation (2023-2024),2024-10-07T09:55:00+00:00,2024-10-07T12:25:00+00:00,LONG,2655.85,2650.0,0.151,4.0,-0.88335,0.160413,0.16006,-1.203823,SL_HIT,30,False,59.205401
Squeeze breakout — core,Squeeze breakout,Validation (2023-2024),2024-10-15T10:30:00+00:00,2024-10-15T11:15:00+00:00,LONG,2656.25,2651.88,0.148,4.0,-0.64676,0.15725,0.156991,-0.961001,SL_HIT,9,False,58.244399
Squeeze breakout — core,Squeeze breakout,Validation (2023-2024),2024-10-28T10:20:00+00:00,2024-10-28T10:30:00+00:00,SHORT,2727.78,2732.18,0.1456,4.0,-0.64064,0.158866,0.159122,-0.958628,SL_HIT,2,False,57.285771
Squeeze breakout — core,Squeeze breakout,Validation (2023-2024),2024-10-31T10:10:00+00:00,2024-10-31T10:40:00+00:00,SHORT,2775.95,2780.03,0.1432,4.0,-0.584256,0.159006,0.15924,-0.902503,SL_HIT,6,False,56.383269
Squeeze breakout — core,Squeeze breakout,Validation (2023-2024),2024-11-21T08:25:00+00:00,2024-11-21T12:25:00+00:00,LONG,2666.1,2666.17,0.141,4.0,0.00987,0.150368,0.150372,-0.29087,TIME_EXIT,48,False,56.092399
Squeeze breakout — core,Squeeze breakout,Validation (2023-2024),2024-11-26T07:25:00+00:00,2024-11-26T09:20:00+00:00,SHORT,2619.0,2623.47,0.1402,4.0,-0.626694,0.146874,0.147124,-0.920692,SL_HIT,23,False,55.171707
Squeeze breakout — core,Squeeze breakout,Validation (2023-2024),2024-11-27T19:30:00+00:00,2024-11-27T21:00:00+00:00,SHORT,2636.1,2637.17,0.1379,4.0,-0.147553,0.145407,0.145466,-0.438427,DAY_EXIT,18,False,54.73328
Squeeze breakout — core,Squeeze breakout,Validation (2023-2024),2024-11-29T12:25:00+00:00,2024-11-29T12:45:00+00:00,LONG,2664.67,2659.05,0.1368,4.0,-0.768816,0.145811,0.145503,-1.06013,SL_HIT,4,False,53.67315
Squeeze breakout — core,Squeeze breakout,Validation (2023-2024),2024-12-09T09:15:00+00:00,2024-12-09T13:15:00+00:00,LONG,2652.46,2655.58,0.1342,4.0,0.418704,0.142384,0.142552,0.133768,TIME_EXIT,48,False,53.806919
Squeeze breakout — core,Squeeze breakout,Validation (2023-2024),2024-12-10T17:00:00+00:00,2024-12-10T21:00:00+00:00,LONG,2692.36,2691.38,0.1345,4.0,-0.13181,0.144849,0.144796,-0.421455,DAY_EXIT,48,False,53.385464
Squeeze breakout — core,Squeeze breakout,Validation (2023-2024),2024-12-13T15:25:00+00:00,2024-12-13T15:40:00+00:00,SHORT,2655.56,2660.38,0.1283,4.159882,-0.618406,0.136283,0.136531,-0.89122,SL_HIT,3,False,52.494243
Squeeze breakout — core,Squeeze breakout,Validation (2023-2024),2024-12-19T10:50:00+00:00,2024-12-19T10:55:00+00:00,LONG,2623.76,2617.63,0.1312,4.0,-0.804256,0.137695,0.137373,-1.079324,SL_HIT,1,False,51.414919
Squeeze breakout — value-confirmed,Squeeze breakout,Validation (2023-2024),2023-01-03T07:20:00+00:00,2023-01-03T08:25:00+00:00,LONG,1844.31,1839.02,0.25,4.0,-1.3225,0.184431,0.183902,-1.690833,SL_HIT,13,False,98.309167
Squeeze breakout — value-confirmed,Squeeze breakout,Validation (2023-2024),2023-01-17T19:15:00+00:00,2023-01-17T19:40:00+00:00,SHORT,1904.06,1908.64,0.2458,4.0,-1.125764,0.187207,0.187657,-1.500629,SL_HIT,5,False,96.808538
Squeeze breakout — value-confirmed,Squeeze breakout,Validation (2023-2024),2023-01-18T09:50:00+00:00,2023-01-18T10:35:00+00:00,LONG,1915.31,1911.06,0.242,4.0,-1.0285,0.185402,0.184991,-1.398893,SL_HIT,9,False,95.409646
Squeeze breakout — value-confirmed,Squeeze breakout,Validation (2023-2024),2023-01-18T12:05:00+00:00,2023-01-18T14:20:00+00:00,LONG,1916.92,1924.89,0.2385,4.0,1.900845,0.182874,0.183635,1.534336,TP_HIT,27,False,96.943982
Squeeze breakout — value-confirmed,Squeeze breakout,Validation (2023-2024),2023-01-31T11:35:00+00:00,2023-01-31T12:45:00+00:00,SHORT,1901.26,1905.67,0.2424,4.0,-1.068984,0.184346,0.184774,-1.438104,SL_HIT,14,False,95.505878
Squeeze breakout — value-confirmed,Squeeze breakout,Validation (2023-2024),2023-02-09T19:40:00+00:00,2023-02-09T21:00:00+00:00,SHORT,1860.57,1861.08,0.2388,4.0,-0.121788,0.177722,0.17777,-0.47728,DAY_EXIT,16,False,95.028598
Squeeze breakout — value-confirmed,Squeeze breakout,Validation (2023-2024),2023-02-23T10:25:00+00:00,2023-02-23T12:45:00+00:00,SHORT,1824.69,1828.75,0.2376,4.0,-0.964656,0.173419,0.173804,-1.311879,SL_HIT,28,False,93.716719
Squeeze breakout — value-confirmed,Squeeze breakout,Validation (2023-2024),2023-03-24T17:30:00+00:00,2023-03-24T21:00:00+00:00,SHORT,1980.71,1979.04,0.2343,4.0,0.391281,0.185632,0.185476,0.020173,DAY_EXIT,42,False,93.736892
Squeeze breakout — value-confirmed,Squeeze breakout,Validation (2023-2024),2023-03-30T10:30:00+00:00,2023-03-30T13:45:00+00:00,LONG,1969.06,1965.0,0.2343,4.0,-0.951258,0.18454,0.18416,-1.319958,SL_HIT,39,False,92.416934
Squeeze breakout — value-confirmed,Squeeze breakout,Validation (2023-2024),2023-04-19T18:50:00+00:00,2023-04-19T21:00:00+00:00,LONG,1996.64,1994.44,0.231,4.0,-0.5082,0.18449,0.184286,-0.876976,DAY_EXIT,26,False,91.539959
Squeeze breakout — value-confirmed,Squeeze breakout,Validation (2023-2024),2023-05-01T12:25:00+00:00,2023-05-01T12:40:00+00:00,LONG,1995.41,2003.38,0.2288,4.0,1.823536,0.18262,0.183349,1.457567,TP_HIT,3,False,92.997525
Squeeze breakout — value-confirmed,Squeeze breakout,Validation (2023-2024),2023-05-02T19:05:00+00:00,2023-05-02T21:00:00+00:00,LONG,2016.78,2016.3,0.2325,4.0,-0.1116,0.187561,0.187516,-0.486676,DAY_EXIT,23,False,92.510849
Squeeze breakout — value-confirmed,Squeeze breakout,Validation (2023-2024),2023-05-05T11:45:00+00:00,2023-05-05T12:35:00+00:00,SHORT,2035.59,2027.62,0.2313,4.0,1.843461,0.188333,0.187595,1.467533,TP_HIT,10,False,93.978382
Squeeze breakout — value-confirmed,Squeeze breakout,Validation (2023-2024),2023-05-23T18:25:00+00:00,2023-05-23T21:00:00+00:00,LONG,1976.83,1974.65,0.2349,4.0,-0.512082,0.185743,0.185538,-0.883363,DAY_EXIT,31,False,93.095019
Squeeze breakout — value-confirmed,Squeeze breakout,Validation (2023-2024),2023-05-24T19:00:00+00:00,2023-05-24T21:00:00+00:00,SHORT,1959.59,1957.47,0.2327,4.0,0.493324,0.182399,0.182201,0.128724,DAY_EXIT,24,False,93.223743
Squeeze breakout — value-confirmed,Squeeze breakout,Validation (2023-2024),2023-05-30T12:00:00+00:00,2023-05-30T12:40:00+00:00,LONG,1960.43,1956.39,0.2331,4.0,-0.941724,0.18279,0.182414,-1.306928,SL_HIT,8,False,91.916814
Squeeze breakout — value-confirmed,Squeeze breakout,Validation (2023-2024),2023-06-05T17:55:00+00:00,2023-06-05T21:00:00+00:00,LONG,1960.85,1961.47,0.2298,4.0,0.142476,0.180241,0.180298,-0.218064,DAY_EXIT,37,False,91.698751
Squeeze breakout — value-confirmed,Squeeze breakout,Validation (2023-2024),2023-06-06T12:25:00+00:00,2023-06-06T12:35:00+00:00,LONG,1966.08,1960.39,0.2292,4.0,-1.304148,0.18025,0.179729,-1.664127,SL_HIT,2,False,90.034624
Squeeze breakout — value-confirmed,Squeeze breakout,Validation (2023-2024),2023-06-07T19:55:00+00:00,2023-06-07T21:00:00+00:00,SHORT,1940.68,1940.1,0.2251,4.0,0.130558,0.174739,0.174687,-0.218867,DAY_EXIT,13,False,89.815756
Squeeze breakout — value-confirmed,Squeeze breakout,Validation (2023-2024),2023-06-16T11:05:00+00:00,2023-06-16T13:05:00+00:00,LONG,1966.04,1961.44,0.2245,4.0,-1.0327,0.17655,0.176137,-1.385388,SL_HIT,24,False,88.430369
Squeeze breakout — value-confirmed,Squeeze breakout,Validation (2023-2024),2023-06-19T07:45:00+00:00,2023-06-19T08:20:00+00:00,SHORT,1952.87,1958.39,0.2211,4.0,-1.220472,0.172712,0.1732,-1.566384,SL_HIT,7,False,86.863985
Squeeze breakout — value-confirmed,Squeeze breakout,Validation (2023-2024),2023-06-27T11:05:00+00:00,2023-06-27T12:10:00+00:00,SHORT,1921.35,1925.52,0.2172,4.0,-0.905724,0.166927,0.167289,-1.23994,SL_HIT,13,False,85.624045
Squeeze breakout — value-confirmed,Squeeze breakout,Validation (2023-2024),2023-07-07T10:40:00+00:00,2023-07-07T12:35:00+00:00,LONG,1917.32,1925.29,0.2141,4.0,1.706377,0.164199,0.164882,1.377296,TP_HIT,23,False,87.001341
Squeeze breakout — value-confirmed,Squeeze breakout,Validation (2023-2024),2023-07-24T11:05:00+00:00,2023-07-24T13:25:00+00:00,LONG,1967.23,1962.21,0.2175,4.0,-1.09185,0.171149,0.170712,-1.433711,SL_HIT,28,False,85.567629
Squeeze breakout — value-confirmed,Squeeze breakout,Validation (2023-2024),2023-07-26T18:40:00+00:00,2023-07-26T19:10:00+00:00,LONG,1976.89,1972.02,0.2139,4.0,-1.041693,0.169143,0.168726,-1.379562,SL_HIT,6,False,84.188068
Squeeze breakout — value-confirmed,Squeeze breakout,Validation (2023-2024),2023-08-07T07:40:00+00:00,2023-08-07T11:40:00+00:00,SHORT,1935.35,1935.73,0.2105,4.0,-0.07999,0.162956,0.162988,-0.405935,TIME_EXIT,48,False,83.782133
Squeeze breakout — value-confirmed,Squeeze breakout,Validation (2023-2024),2023-09-26T18:30:00+00:00,2023-09-26T21:00:00+00:00,SHORT,1899.7,1900.81,0.2095,4.0,-0.232545,0.159195,0.159288,-0.551028,DAY_EXIT,30,False,83.231105
Squeeze breakout — value-confirmed,Squeeze breakout,Validation (2023-2024),2023-10-12T17:05:00+00:00,2023-10-12T21:00:00+00:00,SHORT,1870.13,1868.96,0.2081,4.0,0.243477,0.15567,0.155572,-0.067765,DAY_EXIT,47,False,83.16334
Squeeze breakout — value-confirmed,Squeeze breakout,Validation (2023-2024),2023-10-25T13:15:00+00:00,2023-10-25T13:55:00+00:00,LONG,1977.81,1985.78,0.2079,4.0,1.656963,0.164475,0.165137,1.327351,TP_HIT,8,False,84.490691
Squeeze breakout — value-confirmed,Squeeze breakout,Validation (2023-2024),2023-10-31T09:50:00+00:00,2023-10-31T13:35:00+00:00,LONG,1998.38,1994.35,0.2112,4.0,-0.851136,0.168823,0.168483,-1.188442,SL_HIT,45,False,83.302249
Squeeze breakout — value-confirmed,Squeeze breakout,Validation (2023-2024),2023-11-01T18:45:00+00:00,2023-11-01T18:55:00+00:00,SHORT,1970.62,1975.63,0.2083,4.0,-1.043583,0.164192,0.164609,-1.372385,SL_HIT,2,False,81.929865
Squeeze breakout — value-confirmed,Squeeze breakout,Validation (2023-2024),2024-01-11T13:25:00+00:00,2024-01-11T13:35:00+00:00,LONG,2039.06,2024.9,0.2048,4.0,-2.899968,0.16704,0.16588,-3.232888,SL_HIT,2,False,78.696977
Squeeze breakout — value-confirmed,Squeeze breakout,Validation (2023-2024),2024-01-12T07:30:00+00:00,2024-01-12T11:05:00+00:00,LONG,2038.05,2046.02,0.1967,4.0,1.567699,0.160354,0.160981,1.246364,TP_HIT,43,False,79.943341
Squeeze breakout — value-confirmed,Squeeze breakout,Validation (2023-2024),2024-01-16T12:15:00+00:00,2024-01-16T12:35:00+00:00,SHORT,2036.12,2040.31,0.1999,4.0,-0.837581,0.162808,0.163143,-1.163532,SL_HIT,4,False,78.779809
Squeeze breakout — value-confirmed,Squeeze breakout,Validation (2023-2024),2024-02-13T13:30:00+00:00,2024-02-13T13:35:00+00:00,LONG,2029.23,2013.7,0.1969,4.0,-3.057857,0.159822,0.158599,-3.376278,SL_HIT,1,False,75.403531
Squeeze breakout — value-confirmed,Squeeze breakout,Validation (2023-2024),2024-02-15T11:50:00+00:00,2024-02-15T14:35:00+00:00,LONG,1998.02,2005.99,0.1885,4.0,1.502345,0.150651,0.151252,1.200443,TP_HIT,33,False,76.603974
Squeeze breakout — value-confirmed,Squeeze breakout,Validation (2023-2024),2024-02-28T16:20:00+00:00,2024-02-28T20:20:00+00:00,LONG,2034.0,2033.01,0.1915,4.0,-0.189585,0.155804,0.155729,-0.501118,TIME_EXIT,48,False,76.102856
Squeeze breakout — value-confirmed,Squeeze breakout,Validation (2023-2024),2024-03-19T08:10:00+00:00,2024-03-19T12:10:00+00:00,SHORT,2153.38,2156.41,0.1903,4.0,-0.576609,0.163915,0.164146,-0.90467,TIME_EXIT,48,False,75.198185
Squeeze breakout — value-confirmed,Squeeze breakout,Validation (2023-2024),2024-03-28T16:25:00+00:00,2024-03-28T20:25:00+00:00,LONG,2217.75,2219.56,0.188,4.0,0.34028,0.166775,0.166911,0.006594,TIME_EXIT,48,False,75.20478
Squeeze breakout — value-confirmed,Squeeze breakout,Validation (2023-2024),2024-04-03T19:05:00+00:00,2024-04-03T19:20:00+00:00,LONG,2298.85,2294.45,0.188,4.0,-0.8272,0.172874,0.172543,-1.172616,SL_HIT,3,False,74.032164
Squeeze breakout — value-confirmed,Squeeze breakout,Validation (2023-2024),2024-04-12T09:55:00+00:00,2024-04-12T10:20:00+00:00,LONG,2400.09,2395.66,0.1851,4.0,-0.819993,0.177703,0.177375,-1.17507,SL_HIT,5,False,72.857093
Squeeze breakout — value-confirmed,Squeeze breakout,Validation (2023-2024),2024-04-24T12:15:00+00:00,2024-04-24T12:35:00+00:00,SHORT,2312.84,2317.67,0.1821,4.0,-0.879543,0.168467,0.168819,-1.216829,SL_HIT,4,False,71.640264
Squeeze breakout — value-confirmed,Squeeze breakout,Validation (2023-2024),2024-04-29T09:50:00+00:00,2024-04-29T11:45:00+00:00,LONG,2342.66,2338.16,0.1791,4.0,-0.80595,0.167828,0.167506,-1.141284,SL_HIT,23,False,70.49898
Squeeze breakout — value-confirmed,Squeeze breakout,Validation (2023-2024),2024-05-03T12:25:00+00:00,2024-05-03T12:35:00+00:00,SHORT,2295.48,2320.82,0.1762,4.0,-4.464908,0.161785,0.163571,-4.790265,SL_HIT,2,False,65.708715
Squeeze breakout — value-confirmed,Squeeze breakout,Validation (2023-2024),2024-05-08T19:15:00+00:00,2024-05-08T21:00:00+00:00,SHORT,2310.4,2309.06,0.1643,4.0,0.220162,0.151839,0.151751,-0.083429,DAY_EXIT,21,False,65.625286
Squeeze breakout — value-confirmed,Squeeze breakout,Validation (2023-2024),2024-05-13T08:30:00+00:00,2024-05-13T12:15:00+00:00,SHORT,2343.19,2347.35,0.1641,4.0,-0.682656,0.153807,0.15408,-0.990543,SL_HIT,45,False,64.634743
Squeeze breakout — value-confirmed,Squeeze breakout,Validation (2023-2024),2024-05-17T12:50:00+00:00,2024-05-17T13:15:00+00:00,LONG,2392.08,2400.05,0.1616,4.0,1.287952,0.154624,0.155139,0.978189,TP_HIT,5,False,65.612932
Squeeze breakout — value-confirmed,Squeeze breakout,Validation (2023-2024),2024-06-03T14:05:00+00:00,2024-06-03T15:10:00+00:00,LONG,2339.92,2335.29,0.149,4.40381,-0.68987,0.139459,0.139183,-0.968513,SL_HIT,13,False,64.644419
Squeeze breakout — value-confirmed,Squeeze breakout,Validation (2023-2024),2024-06-11T12:05:00+00:00,2024-06-11T12:45:00+00:00,LONG,2309.87,2317.84,0.1616,4.0,1.287952,0.14931,0.149825,0.988817,TP_HIT,8,False,65.633236
Squeeze breakout — value-confirmed,Squeeze breakout,Validation (2023-2024),2024-06-18T15:45:00+00:00,2024-06-18T19:45:00+00:00,LONG,2329.06,2329.29,0.1641,4.0,0.037743,0.152879,0.152895,-0.268031,TIME_EXIT,48,False,65.365205
Squeeze breakout — value-confirmed,Squeeze breakout,Validation (2023-2024),2024-07-02T11:45:00+00:00,2024-07-02T12:40:00+00:00,SHORT,2321.02,2325.27,0.1634,4.0,-0.69445,0.151702,0.15198,-0.998132,SL_HIT,11,False,64.367074
Squeeze breakout — value-confirmed,Squeeze breakout,Validation (2023-2024),2024-08-05T10:25:00+00:00,2024-08-05T11:00:00+00:00,SHORT,2419.08,2409.766179,0.1378,4.67191,1.283444,0.13334,0.132826,1.017278,TP_HIT,7,False,65.384352
Squeeze breakout — value-confirmed,Squeeze breakout,Validation (2023-2024),2024-08-12T10:45:00+00:00,2024-08-12T11:35:00+00:00,LONG,2444.69,2440.48,0.1635,4.0,-0.688335,0.159883,0.159607,-1.007825,SL_HIT,10,False,64.376527
Squeeze breakout — value-confirmed,Squeeze breakout,Validation (2023-2024),2024-08-14T10:55:00+00:00,2024-08-14T11:10:00+00:00,LONG,2475.44,2471.41,0.1609,4.0,-0.648427,0.159319,0.15906,-0.966806,SL_HIT,3,False,63.409721
Squeeze breakout — value-confirmed,Squeeze breakout,Validation (2023-2024),2024-08-30T14:30:00+00:00,2024-08-30T14:55:00+00:00,SHORT,2509.74,2514.65,0.1377,4.603906,-0.676107,0.138236,0.138507,-0.95285,SL_HIT,5,False,62.45687
Squeeze breakout — value-confirmed,Squeeze breakout,Validation (2023-2024),2024-09-24T19:20:00+00:00,2024-09-24T21:00:00+00:00,LONG,2660.14,2656.76,0.1561,4.0,-0.527618,0.166099,0.165888,-0.859605,DAY_EXIT,20,False,61.597265
Squeeze breakout — value-confirmed,Squeeze breakout,Validation (2023-2024),2024-10-07T09:55:00+00:00,2024-10-07T12:25:00+00:00,LONG,2655.85,2650.0,0.154,4.0,-0.9009,0.1636,0.16324,-1.22774,SL_HIT,30,False,60.369525
Squeeze breakout — value-confirmed,Squeeze breakout,Validation (2023-2024),2024-10-15T10:30:00+00:00,2024-10-15T11:15:00+00:00,LONG,2656.25,2651.88,0.1509,4.0,-0.659433,0.160331,0.160067,-0.979832,SL_HIT,9,False,59.389693
Squeeze breakout — value-confirmed,Squeeze breakout,Validation (2023-2024),2024-10-28T10:20:00+00:00,2024-10-28T10:30:00+00:00,SHORT,2727.78,2732.18,0.1485,4.0,-0.6534,0.16203,0.162291,-0.977722,SL_HIT,2,False,58.411971
Squeeze breakout — value-confirmed,Squeeze breakout,Validation (2023-2024),2024-10-31T10:10:00+00:00,2024-10-31T10:40:00+00:00,SHORT,2775.95,2780.03,0.146,4.0,-0.59568,0.162115,0.162354,-0.920149,SL_HIT,6,False,57.491822
Squeeze breakout — value-confirmed,Squeeze breakout,Validation (2023-2024),2024-11-21T08:25:00+00:00,2024-11-21T12:25:00+00:00,LONG,2666.1,2666.17,0.1437,4.0,0.010059,0.153247,0.153251,-0.29644,TIME_EXIT,48,False,57.195382
Squeeze breakout — value-confirmed,Squeeze breakout,Validation (2023-2024),2024-11-26T07:25:00+00:00,2024-11-26T09:20:00+00:00,SHORT,2619.0,2623.47,0.143,4.0,-0.63921,0.149807,0.150062,-0.939079,SL_HIT,23,False,56.256303
Squeeze breakout — value-confirmed,Squeeze breakout,Validation (2023-2024),2024-11-27T19:30:00+00:00,2024-11-27T21:00:00+00:00,SHORT,2636.1,2637.17,0.1406,4.0,-0.150442,0.148254,0.148314,-0.447011,DAY_EXIT,18,False,55.809292
Squeeze breakout — value-confirmed,Squeeze breakout,Validation (2023-2024),2024-11-29T12:25:00+00:00,2024-11-29T12:45:00+00:00,LONG,2664.67,2659.05,0.1395,4.0,-0.78399,0.148689,0.148375,-1.081054,SL_HIT,4,False,54.728239
Squeeze breakout — value-confirmed,Squeeze breakout,Validation (2023-2024),2024-12-09T09:15:00+00:00,2024-12-09T13:15:00+00:00,LONG,2652.46,2655.58,0.1368,4.0,0.426816,0.145143,0.145313,0.13636,TIME_EXIT,48,False,54.864599
Squeeze breakout — value-confirmed,Squeeze breakout,Validation (2023-2024),2024-12-10T17:00:00+00:00,2024-12-10T21:00:00+00:00,LONG,2692.36,2691.38,0.1372,4.0,-0.134456,0.147757,0.147703,-0.429916,DAY_EXIT,48,False,54.434683
Squeeze breakout — value-confirmed,Squeeze breakout,Validation (2023-2024),2024-12-13T15:25:00+00:00,2024-12-13T15:40:00+00:00,SHORT,2655.56,2660.38,0.1309,4.159882,-0.630938,0.139045,0.139297,-0.909281,SL_HIT,3,False,53.525402
Squeeze breakout — value-confirmed,Squeeze breakout,Validation (2023-2024),2024-12-19T10:50:00+00:00,2024-12-19T10:55:00+00:00,LONG,2623.76,2617.63,0.1338,4.0,-0.820194,0.140424,0.140096,-1.100713,SL_HIT,1,False,52.424689
Range reversion — core,Range reversion,Validation (2023-2024),2023-01-09T07:30:00+00:00,2023-01-09T09:30:00+00:00,SHORT,1878.46,1872.74,0.25,4.0,1.43,0.187846,0.187274,1.05488,TIME_EXIT,24,False,101.05488
Range reversion — core,Range reversion,Validation (2023-2024),2023-02-15T13:45:00+00:00,2023-02-15T15:45:00+00:00,LONG,1836.22,1830.22,0.2526,4.0,-1.5156,0.185532,0.184925,-1.886057,SL_HIT,24,False,99.168823
Range reversion — core,Range reversion,Validation (2023-2024),2023-04-04T12:30:00+00:00,2023-04-04T13:05:00+00:00,SHORT,1982.08,1986.24,0.2479,4.0,-1.031264,0.196543,0.196956,-1.424763,SL_HIT,7,False,97.74406
Range reversion — core,Range reversion,Validation (2023-2024),2023-07-21T15:10:00+00:00,2023-07-21T17:10:00+00:00,LONG,1960.29,1963.97,0.2444,4.0,0.899392,0.191638,0.191998,0.515756,TIME_EXIT,24,False,98.259817
Range reversion — core,Range reversion,Validation (2023-2024),2023-09-28T12:25:00+00:00,2023-09-28T12:35:00+00:00,SHORT,1875.71,1879.81,0.2456,4.0,-1.00696,0.18427,0.184673,-1.375902,SL_HIT,2,False,96.883914
Range reversion — core,Range reversion,Validation (2023-2024),2023-10-19T12:15:00+00:00,2023-10-19T12:25:00+00:00,SHORT,1950.99,1955.43,0.2422,4.0,-1.075368,0.189012,0.189442,-1.453822,SL_HIT,2,False,95.430092
Range reversion — core,Range reversion,Validation (2023-2024),2023-11-13T11:05:00+00:00,2023-11-13T13:05:00+00:00,SHORT,1938.6,1934.81,0.2386,4.0,0.904294,0.18502,0.184658,0.534616,TIME_EXIT,24,False,95.964708
Range reversion — core,Range reversion,Validation (2023-2024),2023-11-27T13:40:00+00:00,2023-11-27T15:40:00+00:00,SHORT,2013.27,2010.91,0.2399,4.0,0.566164,0.193193,0.192967,0.180004,TIME_EXIT,24,False,96.144712
Range reversion — core,Range reversion,Validation (2023-2024),2024-03-07T07:45:00+00:00,2024-03-07T08:35:00+00:00,SHORT,2154.89,2159.61,0.2404,4.0,-1.134688,0.207214,0.207668,-1.54957,SL_HIT,10,False,94.595141
Range reversion — core,Range reversion,Validation (2023-2024),2024-03-14T09:55:00+00:00,2024-03-14T11:55:00+00:00,SHORT,2169.85,2168.76,0.2365,4.0,0.257785,0.205268,0.205165,-0.152648,TIME_EXIT,24,False,94.442494
Range reversion — core,Range reversion,Validation (2023-2024),2024-05-14T12:25:00+00:00,2024-05-14T12:50:00+00:00,SHORT,2344.3,2350.36,0.2361,4.0,-1.430766,0.221396,0.221968,-1.87413,SL_HIT,5,False,92.568364
Range reversion — core,Range reversion,Validation (2023-2024),2024-07-17T14:05:00+00:00,2024-07-17T14:15:00+00:00,SHORT,2476.33,2466.292126,0.1839,5.033937,1.845965,0.182159,0.18142,1.482386,TP_HIT,2,False,94.05075
Range reversion — core,Range reversion,Validation (2023-2024),2024-07-24T08:00:00+00:00,2024-07-24T09:00:00+00:00,LONG,2414.74,2410.37,0.2351,4.0,-1.027387,0.227082,0.226671,-1.48114,SL_HIT,12,False,92.56961
Range reversion — core,Range reversion,Validation (2023-2024),2024-12-04T15:50:00+00:00,2024-12-04T17:50:00+00:00,SHORT,2651.81,2652.3,0.1973,4.692872,-0.096677,0.209281,0.20932,-0.515277,TIME_EXIT,24,False,92.054332
Range reversion — core,Range reversion,Validation (2023-2024),2024-12-06T13:25:00+00:00,2024-12-06T13:35:00+00:00,LONG,2637.77,2630.78,0.2301,4.0,-1.608399,0.24278,0.242137,-2.093316,SL_HIT,2,False,89.961016
Range reversion — value-confirmed,Range reversion,Validation (2023-2024),2023-01-09T07:30:00+00:00,2023-01-09T09:30:00+00:00,SHORT,1878.46,1872.74,0.25,4.0,1.43,0.187846,0.187274,1.05488,TIME_EXIT,24,False,101.05488
Range reversion — value-confirmed,Range reversion,Validation (2023-2024),2023-02-15T13:45:00+00:00,2023-02-15T15:45:00+00:00,LONG,1836.22,1830.22,0.2526,4.0,-1.5156,0.185532,0.184925,-1.886057,SL_HIT,24,False,99.168823
Range reversion — value-confirmed,Range reversion,Validation (2023-2024),2023-04-04T12:30:00+00:00,2023-04-04T13:05:00+00:00,SHORT,1982.08,1986.24,0.2479,4.0,-1.031264,0.196543,0.196956,-1.424763,SL_HIT,7,False,97.74406
Range reversion — value-confirmed,Range reversion,Validation (2023-2024),2023-07-21T15:10:00+00:00,2023-07-21T17:10:00+00:00,LONG,1960.29,1963.97,0.2444,4.0,0.899392,0.191638,0.191998,0.515756,TIME_EXIT,24,False,98.259817
Range reversion — value-confirmed,Range reversion,Validation (2023-2024),2023-10-19T12:15:00+00:00,2023-10-19T12:25:00+00:00,SHORT,1950.99,1955.43,0.2456,4.0,-1.090464,0.191665,0.192101,-1.474231,SL_HIT,2,False,96.785586
Range reversion — value-confirmed,Range reversion,Validation (2023-2024),2023-11-13T11:05:00+00:00,2023-11-13T13:05:00+00:00,SHORT,1938.6,1934.81,0.242,4.0,0.91718,0.187656,0.18729,0.542234,TIME_EXIT,24,False,97.32782
Range reversion — value-confirmed,Range reversion,Validation (2023-2024),2023-11-27T13:40:00+00:00,2023-11-27T15:40:00+00:00,SHORT,2013.27,2010.91,0.2433,4.0,0.574188,0.195931,0.195702,0.182555,TIME_EXIT,24,False,97.510375
Range reversion — value-confirmed,Range reversion,Validation (2023-2024),2024-03-07T07:45:00+00:00,2024-03-07T08:35:00+00:00,SHORT,2154.89,2159.61,0.2438,4.0,-1.150736,0.210145,0.210605,-1.571486,SL_HIT,10,False,95.938889
Range reversion — value-confirmed,Range reversion,Validation (2023-2024),2024-05-14T12:25:00+00:00,2024-05-14T12:50:00+00:00,SHORT,2344.3,2350.36,0.2398,4.0,-1.453188,0.224865,0.225447,-1.9035,SL_HIT,5,False,94.035389
Range reversion — value-confirmed,Range reversion,Validation (2023-2024),2024-07-17T14:05:00+00:00,2024-07-17T14:15:00+00:00,SHORT,2476.33,2466.292126,0.1868,5.033937,1.875075,0.185031,0.184281,1.505762,TP_HIT,2,False,95.541151
Range reversion — value-confirmed,Range reversion,Validation (2023-2024),2024-12-04T15:50:00+00:00,2024-12-04T17:50:00+00:00,SHORT,2651.81,2652.3,0.2036,4.692872,-0.099764,0.215963,0.216003,-0.531731,TIME_EXIT,24,False,95.00942
Trend pullback — core,Trend pullback,Holdout (2025 onward),2025-01-06T10:10:00+00:00,2025-01-06T11:15:00+00:00,SHORT,2631.63,2637.32,0.25,4.0,-1.4225,0.263163,0.263732,-1.949395,SL_HIT,13,False,98.050605
Trend pullback — core,Trend pullback,Holdout (2025 onward),2025-01-07T08:05:00+00:00,2025-01-07T12:05:00+00:00,LONG,2643.65,2648.21,0.2451,4.0,1.117656,0.259183,0.259631,0.598842,TIME_EXIT,48,False,98.649447
Trend pullback — core,Trend pullback,Holdout (2025 onward),2025-01-08T08:20:00+00:00,2025-01-08T11:35:00+00:00,LONG,2652.01,2647.32,0.2466,4.0,-1.156554,0.261594,0.261132,-1.67928,SL_HIT,39,False,96.970167
Trend pullback — core,Trend pullback,Holdout (2025 onward),2025-01-08T19:20:00+00:00,2025-01-08T21:00:00+00:00,LONG,2660.07,2663.17,0.2386,4.06466,0.73966,0.253877,0.254173,0.23161,DAY_EXIT,20,False,97.201777
Trend pullback — core,Trend pullback,Holdout (2025 onward),2025-01-09T08:50:00+00:00,2025-01-09T12:40:00+00:00,LONG,2666.07,2674.04,0.243,4.0,1.93671,0.259142,0.259917,1.417651,TP_HIT,46,False,98.619428
Trend pullback — core,Trend pullback,Holdout (2025 onward),2025-01-13T15:05:00+00:00,2025-01-13T17:10:00+00:00,SHORT,2669.49,2660.302737,0.214,4.608631,1.966074,0.228508,0.227722,1.509844,TP_HIT,25,False,100.129272
Trend pullback — core,Trend pullback,Holdout (2025 onward),2025-01-20T08:40:00+00:00,2025-01-20T09:20:00+00:00,LONG,2707.12,2702.81,0.2503,4.0,-1.078793,0.271037,0.270605,-1.620435,SL_HIT,8,False,98.508837
Trend pullback — core,Trend pullback,Holdout (2025 onward),2025-01-22T12:55:00+00:00,2025-01-22T13:30:00+00:00,LONG,2757.75,2753.14,0.2463,4.0,-1.135443,0.271694,0.271239,-1.678376,SL_HIT,7,False,96.830461
Trend pullback — core,Trend pullback,Holdout (2025 onward),2025-01-23T14:45:00+00:00,2025-01-23T15:00:00+00:00,SHORT,2741.05,2746.85,0.2179,4.444172,-1.26382,0.23891,0.239415,-1.742145,SL_HIT,3,False,95.088316
Trend pullback — core,Trend pullback,Holdout (2025 onward),2025-01-24T15:10:00+00:00,2025-01-24T15:55:00+00:00,LONG,2781.31,2777.1,0.2357,4.033972,-0.992297,0.262222,0.261825,-1.516344,SL_HIT,9,False,93.571972
Trend pullback — core,Trend pullback,Holdout (2025 onward),2025-01-31T07:15:00+00:00,2025-01-31T09:00:00+00:00,LONG,2796.16,2791.46,0.2339,4.0,-1.09933,0.261609,0.261169,-1.622108,SL_HIT,21,False,91.949864
Trend pullback — core,Trend pullback,Holdout (2025 onward),2025-02-05T14:35:00+00:00,2025-02-05T14:50:00+00:00,LONG,2869.43,2864.29,0.2157,4.263354,-1.108698,0.247574,0.247131,-1.603403,SL_HIT,3,False,90.346461
Trend pullback — core,Trend pullback,Holdout (2025 onward),2025-02-07T07:15:00+00:00,2025-02-07T11:15:00+00:00,LONG,2864.41,2866.21,0.2259,4.0,0.40662,0.258828,0.258991,-0.111199,TIME_EXIT,48,False,90.235262
Trend pullback — core,Trend pullback,Holdout (2025 onward),2025-02-11T15:00:00+00:00,2025-02-11T15:45:00+00:00,SHORT,2896.41,2904.93,0.1542,5.85166,-1.313784,0.178651,0.179176,-1.671611,SL_HIT,9,False,88.563652
Trend pullback — core,Trend pullback,Holdout (2025 onward),2025-02-13T07:50:00+00:00,2025-02-13T08:00:00+00:00,LONG,2918.41,2914.15,0.2214,4.0,-0.943164,0.258454,0.258077,-1.459696,SL_HIT,2,False,87.103956
Trend pullback — core,Trend pullback,Holdout (2025 onward),2025-02-14T13:35:00+00:00,2025-02-14T13:45:00+00:00,LONG,2932.79,2917.62,0.2178,4.0,-3.304026,0.255505,0.254183,-3.813714,SL_HIT,2,False,83.290242
Trend pullback — core,Trend pullback,Holdout (2025 onward),2025-02-19T07:05:00+00:00,2025-02-19T09:20:00+00:00,LONG,2932.98,2940.95,0.2082,4.0,1.659354,0.244259,0.244922,1.170173,TP_HIT,27,False,84.460415
Trend pullback — core,Trend pullback,Holdout (2025 onward),2025-02-19T13:05:00+00:00,2025-02-19T13:55:00+00:00,LONG,2939.69,2932.31,0.2112,4.0,-1.558656,0.248345,0.247722,-2.054723,SL_HIT,10,False,82.405693
Trend pullback — core,Trend pullback,Holdout (2025 onward),2025-02-20T13:35:00+00:00,2025-02-20T13:45:00+00:00,LONG,2947.67,2939.64,0.206,4.0,-1.65418,0.242888,0.242226,-2.139294,SL_HIT,2,False,80.266399
Trend pullback — core,Trend pullback,Holdout (2025 onward),2025-02-21T12:55:00+00:00,2025-02-21T13:30:00+00:00,SHORT,2930.45,2934.78,0.2007,4.0,-0.869031,0.235257,0.235604,-1.339892,SL_HIT,7,False,78.926507
Trend pullback — core,Trend pullback,Holdout (2025 onward),2025-02-24T11:25:00+00:00,2025-02-24T12:05:00+00:00,LONG,2942.15,2950.12,0.1973,4.0,1.572481,0.232194,0.232823,1.107463,TP_HIT,8,False,80.03397
Trend pullback — core,Trend pullback,Holdout (2025 onward),2025-02-24T16:45:00+00:00,2025-02-24T20:45:00+00:00,LONG,2942.98,2949.75,0.1907,4.19641,1.291039,0.224491,0.225007,0.841542,TIME_EXIT,48,False,80.875511
Trend pullback — core,Trend pullback,Holdout (2025 onward),2025-03-03T18:50:00+00:00,2025-03-03T19:55:00+00:00,LONG,2889.66,2882.05,0.2022,4.0,-1.538742,0.233716,0.2331,-2.005558,SL_HIT,13,False,78.869954
Trend pullback — core,Trend pullback,Holdout (2025 onward),2025-03-07T13:35:00+00:00,2025-03-07T14:00:00+00:00,LONG,2919.63,2912.59,0.1904,4.141493,-1.340416,0.222359,0.221823,-1.784598,SL_HIT,5,False,77.085356
Trend pullback — core,Trend pullback,Holdout (2025 onward),2025-03-10T10:05:00+00:00,2025-03-10T10:35:00+00:00,SHORT,2909.11,2900.240423,0.1732,4.449788,1.536211,0.201543,0.200929,1.133739,TP_HIT,6,False,78.219095
Trend pullback — core,Trend pullback,Holdout (2025 onward),2025-03-10T12:25:00+00:00,2025-03-10T12:30:00+00:00,SHORT,2902.48,2906.99,0.1751,4.46622,-0.789701,0.20329,0.203606,-1.196596,SL_HIT,1,False,77.022498
Trend pullback — core,Trend pullback,Holdout (2025 onward),2025-03-18T13:50:00+00:00,2025-03-18T14:05:00+00:00,LONG,3034.8,3028.32,0.1571,4.902855,-1.018008,0.190707,0.1903,-1.399014,SL_HIT,3,False,75.623484
Trend pullback — core,Trend pullback,Holdout (2025 onward),2025-03-19T10:20:00+00:00,2025-03-19T13:35:00+00:00,LONG,3033.96,3028.87,0.1891,4.0,-0.962519,0.229489,0.229104,-1.421111,SL_HIT,39,False,74.202372
Trend pullback — core,Trend pullback,Holdout (2025 onward),2025-03-20T09:25:00+00:00,2025-03-20T09:55:00+00:00,LONG,3045.41,3040.47,0.1855,4.0,-0.91637,0.225969,0.225603,-1.367942,SL_HIT,6,False,72.83443
Trend pullback — core,Trend pullback,Holdout (2025 onward),2025-03-21T07:20:00+00:00,2025-03-21T08:05:00+00:00,SHORT,3029.95,3034.45,0.1821,4.0,-0.81945,0.220702,0.221029,-1.261181,SL_HIT,9,False,71.573249
Trend pullback — core,Trend pullback,Holdout (2025 onward),2025-03-21T19:05:00+00:00,2025-03-21T19:15:00+00:00,SHORT,3016.15,3021.54,0.1789,4.0,-0.964271,0.215836,0.216221,-1.396328,SL_HIT,2,False,70.176921
Trend pullback — core,Trend pullback,Holdout (2025 onward),2025-03-25T08:25:00+00:00,2025-03-25T10:15:00+00:00,LONG,3016.57,3024.54,0.1754,4.0,1.397938,0.211643,0.212202,0.974094,TP_HIT,22,False,71.151015
Trend pullback — core,Trend pullback,Holdout (2025 onward),2025-03-26T10:55:00+00:00,2025-03-26T13:45:00+00:00,LONG,3024.11,3019.52,0.1779,4.0,-0.816561,0.215196,0.214869,-1.246626,SL_HIT,34,False,69.904389
Trend pullback — core,Trend pullback,Holdout (2025 onward),2025-03-27T14:15:00+00:00,2025-03-27T14:50:00+00:00,LONG,3047.41,3058.408395,0.1268,5.514197,1.394596,0.154565,0.155122,1.084909,TP_HIT,7,False,70.989299
Trend pullback — core,Trend pullback,Holdout (2025 onward),2025-03-28T09:45:00+00:00,2025-03-28T10:10:00+00:00,LONG,3075.29,3070.83,0.1775,4.0,-0.79165,0.218346,0.218029,-1.228025,SL_HIT,5,False,69.761274
Trend pullback — core,Trend pullback,Holdout (2025 onward),2025-03-31T10:35:00+00:00,2025-03-31T11:05:00+00:00,LONG,3121.38,3117.11,0.1744,4.0,-0.744688,0.217747,0.21745,-1.179885,SL_HIT,6,False,68.581389
Trend pullback — core,Trend pullback,Holdout (2025 onward),2025-03-31T14:35:00+00:00,2025-03-31T16:15:00+00:00,LONG,3118.62,3111.36,0.1103,6.220088,-0.800778,0.137594,0.137273,-1.075645,SL_HIT,20,False,67.505744
Trend pullback — core,Trend pullback,Holdout (2025 onward),2025-04-03T18:20:00+00:00,2025-04-03T19:00:00+00:00,SHORT,3105.24,3111.93,0.1365,4.943768,-0.913185,0.169546,0.169911,-1.252642,SL_HIT,8,False,66.253102
Trend pullback — core,Trend pullback,Holdout (2025 onward),2025-04-08T13:15:00+00:00,2025-04-08T13:40:00+00:00,LONG,3018.65,3006.47,0.0936,7.078532,-1.140048,0.113018,0.112562,-1.365628,SL_HIT,5,False,64.887473
Trend pullback — core,Trend pullback,Holdout (2025 onward),2025-04-09T13:10:00+00:00,2025-04-09T13:40:00+00:00,LONG,3055.73,3075.213303,0.0665,9.756652,1.29564,0.081282,0.081801,1.132557,TP_HIT,6,False,66.02003
Trend pullback — core,Trend pullback,Holdout (2025 onward),2025-04-11T07:05:00+00:00,2025-04-11T08:25:00+00:00,LONG,3207.27,3226.053199,0.0702,9.4066,1.318581,0.09006,0.090588,1.137933,TP_HIT,16,False,67.157963
Trend pullback — core,Trend pullback,Holdout (2025 onward),2025-04-11T11:10:00+00:00,2025-04-11T11:45:00+00:00,LONG,3221.68,3213.03,0.0863,7.783367,-0.746495,0.111212,0.110914,-0.968621,SL_HIT,7,False,66.189341
Trend pullback — core,Trend pullback,Holdout (2025 onward),2025-04-15T12:15:00+00:00,2025-04-15T12:25:00+00:00,LONG,3223.92,3216.67,0.1655,4.0,-1.199875,0.213424,0.212944,-1.626242,SL_HIT,2,False,64.563099
Trend pullback — core,Trend pullback,Holdout (2025 onward),2025-04-16T08:50:00+00:00,2025-04-16T11:30:00+00:00,LONG,3302.47,3292.94,0.0703,9.178765,-0.669959,0.092865,0.092597,-0.855422,SL_HIT,32,False,63.707677
Trend pullback — core,Trend pullback,Holdout (2025 onward),2025-04-23T09:55:00+00:00,2025-04-23T10:15:00+00:00,SHORT,3323.3,3330.69,0.0872,7.304592,-0.644408,0.115917,0.116174,-0.876499,SL_HIT,4,False,62.831178
Trend pullback — core,Trend pullback,Holdout (2025 onward),2025-04-29T11:00:00+00:00,2025-04-29T12:25:00+00:00,SHORT,3312.56,3303.629284,0.1402,4.480358,1.252086,0.185768,0.185268,0.88105,TP_HIT,17,False,63.712229
Trend pullback — core,Trend pullback,Holdout (2025 onward),2025-04-30T14:35:00+00:00,2025-04-30T14:55:00+00:00,SHORT,3295.15,3305.59,0.0622,10.2475,-0.649368,0.081983,0.082243,-0.813594,SL_HIT,4,False,62.898634
Trend pullback — core,Trend pullback,Holdout (2025 onward),2025-05-01T14:05:00+00:00,2025-05-01T14:45:00+00:00,SHORT,3220.51,3231.38,0.0683,9.215015,-0.742421,0.087984,0.088281,-0.918687,SL_HIT,8,False,61.979948
Trend pullback — core,Trend pullback,Holdout (2025 onward),2025-05-02T10:25:00+00:00,2025-05-02T10:40:00+00:00,LONG,3262.43,3257.07,0.1399,4.431638,-0.749864,0.182566,0.182266,-1.114695,SL_HIT,3,False,60.865252
Trend pullback — core,Trend pullback,Holdout (2025 onward),2025-05-13T18:05:00+00:00,2025-05-13T21:00:00+00:00,LONG,3249.29,3249.75,0.1522,4.0,0.070012,0.197817,0.197845,-0.32565,DAY_EXIT,35,False,60.539603
Trend pullback — core,Trend pullback,Holdout (2025 onward),2025-05-20T13:35:00+00:00,2025-05-20T14:00:00+00:00,LONG,3241.49,3252.372066,0.111,5.456033,1.207909,0.143922,0.144405,0.919582,TP_HIT,5,False,61.459185
Trend pullback — core,Trend pullback,Holdout (2025 onward),2025-05-22T12:40:00+00:00,2025-05-22T13:05:00+00:00,SHORT,3304.62,3312.5,0.0901,6.823149,-0.709988,0.119099,0.119383,-0.948469,SL_HIT,5,False,60.510716
Trend pullback — core,Trend pullback,Holdout (2025 onward),2025-05-26T12:25:00+00:00,2025-05-26T12:45:00+00:00,SHORT,3328.12,3334.28,0.1513,4.0,-0.932008,0.201418,0.201791,-1.335216,SL_HIT,4,False,59.175499
Trend pullback — core,Trend pullback,Holdout (2025 onward),2025-06-04T12:30:00+00:00,2025-06-04T12:35:00+00:00,SHORT,3349.48,3355.5,0.1108,5.342817,-0.667016,0.148449,0.148716,-0.964181,SL_HIT,1,False,58.211319
Trend pullback — core,Trend pullback,Holdout (2025 onward),2025-06-04T13:35:00+00:00,2025-06-04T14:10:00+00:00,SHORT,3354.65,3365.95,0.0998,5.830604,-1.12774,0.133918,0.134369,-1.396026,SL_HIT,7,False,56.815292
Trend pullback — core,Trend pullback,Holdout (2025 onward),2025-06-06T09:10:00+00:00,2025-06-06T11:10:00+00:00,SHORT,3359.64,3364.36,0.1331,4.268372,-0.628232,0.178867,0.179119,-0.986218,SL_HIT,24,False,55.829075
Trend pullback — core,Trend pullback,Holdout (2025 onward),2025-06-09T11:55:00+00:00,2025-06-09T12:00:00+00:00,SHORT,3313.81,3318.11,0.1396,4.0,-0.60028,0.185043,0.185283,-0.970606,SL_HIT,1,False,54.858468
Trend pullback — core,Trend pullback,Holdout (2025 onward),2025-06-09T12:50:00+00:00,2025-06-09T14:00:00+00:00,SHORT,3317.31,3321.88,0.1349,4.06577,-0.616493,0.179002,0.179249,-0.974744,SL_HIT,14,False,53.883724
Trend pullback — core,Trend pullback,Holdout (2025 onward),2025-06-11T14:45:00+00:00,2025-06-11T15:50:00+00:00,LONG,3340.93,3329.38,0.0797,6.761423,-0.920535,0.106509,0.106141,-1.133184,SL_HIT,13,False,52.75054
Trend pullback — core,Trend pullback,Holdout (2025 onward),2025-06-13T08:10:00+00:00,2025-06-13T10:40:00+00:00,LONG,3420.15,3413.87,0.0893,5.905424,-0.560804,0.122168,0.121943,-0.804915,SL_HIT,30,False,51.945625
Trend pullback — core,Trend pullback,Holdout (2025 onward),2025-06-17T07:30:00+00:00,2025-06-17T07:50:00+00:00,SHORT,3387.06,3391.56,0.1188,4.370743,-0.5346,0.160953,0.161167,-0.85672,SL_HIT,4,False,51.088905
Trend pullback — core,Trend pullback,Holdout (2025 onward),2025-06-17T13:50:00+00:00,2025-06-17T14:35:00+00:00,SHORT,3389.58,3377.405533,0.0837,6.102234,1.019003,0.113483,0.113076,0.792444,TP_HIT,9,False,51.881349
Trend pullback — core,Trend pullback,Holdout (2025 onward),2025-06-20T07:40:00+00:00,2025-06-20T08:45:00+00:00,SHORT,3348.13,3352.6,0.1209,4.291295,-0.540423,0.161916,0.162132,-0.86447,SL_HIT,13,False,51.016879
Trend pullback — core,Trend pullback,Holdout (2025 onward),2025-06-23T13:15:00+00:00,2025-06-23T13:40:00+00:00,LONG,3367.55,3376.998233,0.1077,4.739116,1.017575,0.145074,0.145481,0.72702,TP_HIT,5,False,51.743898
Trend pullback — core,Trend pullback,Holdout (2025 onward),2025-06-26T12:30:00+00:00,2025-06-26T12:35:00+00:00,LONG,3343.04,3333.74,0.1294,4.0,-1.20342,0.173036,0.172554,-1.54901,SL_HIT,1,False,50.194888
Trend pullback — core,Trend pullback,Holdout (2025 onward),2025-07-02T12:20:00+00:00,2025-07-02T12:35:00+00:00,LONG,3346.95,3342.71,0.1255,4.0,-0.53212,0.168017,0.167804,-0.867941,SL_HIT,3,False,49.326947
Trend pullback — core,Trend pullback,Holdout (2025 onward),2025-07-03T17:35:00+00:00,2025-07-03T21:00:00+00:00,SHORT,3329.8,3326.15,0.1233,4.0,0.450045,0.164226,0.164046,0.121774,DAY_EXIT,41,False,49.448721
Trend pullback — core,Trend pullback,Holdout (2025 onward),2025-07-08T18:25:00+00:00,2025-07-08T21:00:00+00:00,SHORT,3304.01,3301.71,0.1236,4.0,0.28428,0.16335,0.163237,-0.042307,DAY_EXIT,31,False,49.406414
Trend pullback — core,Trend pullback,Holdout (2025 onward),2025-07-10T08:40:00+00:00,2025-07-10T11:55:00+00:00,LONG,3324.72,3320.22,0.1235,4.0,-0.55575,0.164241,0.164019,-0.88401,SL_HIT,39,False,48.522404
Trend pullback — core,Trend pullback,Holdout (2025 onward),2025-07-10T12:55:00+00:00,2025-07-10T13:50:00+00:00,LONG,3324.91,3315.88,0.1213,4.0,-1.095339,0.161325,0.160886,-1.41755,SL_HIT,11,False,47.104854
Trend pullback — core,Trend pullback,Holdout (2025 onward),2025-07-29T12:25:00+00:00,2025-07-29T12:35:00+00:00,LONG,3322.9,3318.61,0.1178,4.0,-0.505362,0.156575,0.156373,-0.81831,SL_HIT,2,False,46.286544
Trend pullback — core,Trend pullback,Holdout (2025 onward),2025-07-31T11:35:00+00:00,2025-07-31T13:50:00+00:00,LONG,3305.21,3300.79,0.1157,4.0,-0.511394,0.152965,0.152761,-0.81712,SL_HIT,27,False,45.469424
Trend pullback — core,Trend pullback,Holdout (2025 onward),2025-08-06T08:00:00+00:00,2025-08-06T08:35:00+00:00,SHORT,3373.37,3365.4,0.1137,4.0,0.906189,0.153421,0.153058,0.59971,TP_HIT,7,False,46.069134
Trend pullback — core,Trend pullback,Holdout (2025 onward),2025-08-06T18:50:00+00:00,2025-08-06T20:00:00+00:00,LONG,3374.18,3370.14,0.1152,4.0,-0.465408,0.155482,0.155296,-0.776186,SL_HIT,14,False,45.292948
Trend pullback — core,Trend pullback,Holdout (2025 onward),2025-08-07T11:15:00+00:00,2025-08-07T11:45:00+00:00,LONG,3380.31,3375.65,0.1049,4.316177,-0.488834,0.141838,0.141642,-0.772314,SL_HIT,6,False,44.520633
Trend pullback — core,Trend pullback,Holdout (2025 onward),2025-08-08T13:00:00+00:00,2025-08-08T13:45:00+00:00,SHORT,3391.26,3397.98,0.0765,5.819188,-0.51408,0.103773,0.103978,-0.721831,SL_HIT,9,False,43.798803
Trend pullback — core,Trend pullback,Holdout (2025 onward),2025-08-08T15:10:00+00:00,2025-08-08T16:05:00+00:00,SHORT,3389.59,3396.68,0.0741,5.914088,-0.525369,0.100467,0.100678,-0.726514,SL_HIT,11,False,43.072289
Trend pullback — core,Trend pullback,Holdout (2025 onward),2025-08-11T13:05:00+00:00,2025-08-11T13:50:00+00:00,SHORT,3353.72,3360.95,0.0815,5.281946,-0.589245,0.109331,0.109567,-0.808143,SL_HIT,9,False,42.264145
Trend pullback — core,Trend pullback,Holdout (2025 onward),2025-08-13T12:00:00+00:00,2025-08-13T12:10:00+00:00,LONG,3362.54,3356.19,0.1057,4.0,-0.671195,0.142168,0.1419,-0.955263,SL_HIT,2,False,41.308882
Trend pullback — core,Trend pullback,Holdout (2025 onward),2025-08-25T10:35:00+00:00,2025-08-25T13:05:00+00:00,LONG,3368.04,3363.2,0.1033,4.0,-0.499972,0.139167,0.138967,-0.778107,SL_HIT,30,False,40.530776
Trend pullback — core,Trend pullback,Holdout (2025 onward),2025-08-25T13:40:00+00:00,2025-08-25T15:10:00+00:00,LONG,3367.58,3375.55,0.1013,4.0,0.807361,0.136454,0.136777,0.534129,TP_HIT,18,False,41.064905
Trend pullback — core,Trend pullback,Holdout (2025 onward),2025-08-26T18:15:00+00:00,2025-08-26T20:15:00+00:00,LONG,3382.77,3390.74,0.1027,4.0,0.818519,0.138964,0.139292,0.540263,TP_HIT,24,False,41.605168
Trend pullback — core,Trend pullback,Holdout (2025 onward),2025-08-27T13:35:00+00:00,2025-08-27T14:30:00+00:00,SHORT,3378.52,3383.83,0.104,4.0,-0.55224,0.140546,0.140767,-0.833554,SL_HIT,11,False,40.771614
Trend pullback — core,Trend pullback,Holdout (2025 onward),2025-09-10T12:35:00+00:00,2025-09-10T12:40:00+00:00,LONG,3652.22,3642.05,0.1019,4.0,-1.036323,0.148864,0.14845,-1.333637,SL_HIT,1,False,39.437977
Trend pullback — core,Trend pullback,Holdout (2025 onward),2025-09-10T13:35:00+00:00,2025-09-10T14:50:00+00:00,LONG,3651.69,3644.6,0.0726,5.430576,-0.514734,0.106045,0.105839,-0.726618,SL_HIT,15,False,38.711359
Trend pullback — core,Trend pullback,Holdout (2025 onward),2025-09-12T07:10:00+00:00,2025-09-12T07:45:00+00:00,LONG,3652.86,3647.74,0.0968,4.0,-0.495616,0.141439,0.14124,-0.778295,SL_HIT,7,False,37.933064
Trend pullback — core,Trend pullback,Holdout (2025 onward),2025-09-12T09:55:00+00:00,2025-09-12T12:25:00+00:00,LONG,3646.99,3642.13,0.0948,4.0,-0.460728,0.138294,0.13811,-0.737131,SL_HIT,30,False,37.195932
Trend pullback — core,Trend pullback,Holdout (2025 onward),2025-09-24T12:15:00+00:00,2025-09-24T12:20:00+00:00,SHORT,3765.915,3771.055,0.093,4.0,-0.47802,0.140092,0.140283,-0.758395,SL_HIT,1,False,36.437537
Trend pullback — core,Trend pullback,Holdout (2025 onward),2025-09-29T10:25:00+00:00,2025-09-29T11:40:00+00:00,LONG,3815.765,3825.123843,0.0776,4.694421,0.726246,0.118441,0.118732,0.489073,TP_HIT,15,False,36.92661
Trend pullback — core,Trend pullback,Holdout (2025 onward),2025-09-29T13:20:00+00:00,2025-09-29T15:55:00+00:00,LONG,3820.075,3832.774737,0.058,6.364868,0.736585,0.088626,0.08892,0.559039,TP_HIT,31,False,37.485648
Trend pullback — core,Trend pullback,Holdout (2025 onward),2025-10-02T07:10:00+00:00,2025-10-02T07:30:00+00:00,LONG,3871.565,3863.135,0.0897,4.179133,-0.756171,0.138912,0.138609,-1.033692,SL_HIT,4,False,36.451956
Trend pullback — core,Trend pullback,Holdout (2025 onward),2025-10-09T12:30:00+00:00,2025-10-09T13:00:00+00:00,LONG,4040.995,4050.195667,0.079,4.615333,0.726853,0.127695,0.127986,0.471171,TP_HIT,6,False,36.923127
Trend pullback — core,Trend pullback,Holdout (2025 onward),2025-10-15T14:05:00+00:00,2025-10-15T15:35:00+00:00,LONG,4201.56,4186.98,0.0341,10.825235,-0.497178,0.057309,0.05711,-0.611598,SL_HIT,18,False,36.31153
Trend pullback — core,Trend pullback,Holdout (2025 onward),2025-10-31T10:05:00+00:00,2025-10-31T10:50:00+00:00,LONG,4012.31,4004.51,0.0471,7.706519,-0.36738,0.075592,0.075445,-0.518417,SL_HIT,9,False,35.793113
Trend pullback — core,Trend pullback,Holdout (2025 onward),2025-10-31T14:05:00+00:00,2025-10-31T14:30:00+00:00,LONG,4025.72,4014.61,0.0352,10.182134,-0.391072,0.056682,0.056526,-0.50428,SL_HIT,5,False,35.288833
Trend pullback — core,Trend pullback,Holdout (2025 onward),2025-11-05T12:20:00+00:00,2025-11-05T14:00:00+00:00,LONG,3967.99,3979.150407,0.0631,5.595204,0.704222,0.100152,0.100434,0.503636,TP_HIT,20,False,35.792469
Trend pullback — core,Trend pullback,Holdout (2025 onward),2025-11-11T08:05:00+00:00,2025-11-11T08:40:00+00:00,LONG,4135.26,4128.7,0.0581,6.165467,-0.381136,0.096103,0.095951,-0.57319,SL_HIT,7,False,35.219278
Trend pullback — core,Trend pullback,Holdout (2025 onward),2025-11-12T07:45:00+00:00,2025-11-12T08:15:00+00:00,SHORT,4114.05,4119.8,0.0624,5.645398,-0.3588,0.102687,0.10283,-0.564317,SL_HIT,6,False,34.654962
Trend pullback — core,Trend pullback,Holdout (2025 onward),2025-11-18T13:05:00+00:00,2025-11-18T13:40:00+00:00,LONG,4044.59,4060.954452,0.0423,8.197226,0.692216,0.068434,0.068711,0.555071,TP_HIT,7,False,35.210032
Trend pullback — core,Trend pullback,Holdout (2025 onward),2025-11-26T08:55:00+00:00,2025-11-26T11:35:00+00:00,LONG,4159.92,4172.033158,0.058,6.071579,0.702563,0.09651,0.096791,0.509262,TP_HIT,32,False,35.719294
Trend pullback — core,Trend pullback,Holdout (2025 onward),2025-11-27T09:55:00+00:00,2025-11-27T10:30:00+00:00,LONG,4159.19,4152.44,0.0678,5.270556,-0.45765,0.112797,0.112614,-0.683061,SL_HIT,7,False,35.036233
Trend pullback — core,Trend pullback,Holdout (2025 onward),2025-11-28T13:35:00+00:00,2025-11-28T14:05:00+00:00,LONG,4175.8,4186.332219,0.0663,5.281109,0.698286,0.110742,0.111022,0.476522,TP_HIT,6,False,35.512755
Trend pullback — core,Trend pullback,Holdout (2025 onward),2025-12-02T08:45:00+00:00,2025-12-02T09:25:00+00:00,SHORT,4212.18,4201.147021,0.0642,5.531489,0.708317,0.108169,0.107885,0.492263,TP_HIT,8,False,36.005018
Trend pullback — core,Trend pullback,Holdout (2025 onward),2025-12-02T15:10:00+00:00,2025-12-02T15:25:00+00:00,SHORT,4209.45,4191.694435,0.0405,8.892782,0.7191,0.068193,0.067905,0.583002,TP_HIT,3,False,36.58802
Trend pullback — core,Trend pullback,Holdout (2025 onward),2025-12-04T07:30:00+00:00,2025-12-04T08:10:00+00:00,SHORT,4189.07,4196.04,0.064,5.717045,-0.44608,0.10724,0.107419,-0.660739,SL_HIT,8,False,35.927281
Trend pullback — core,Trend pullback,Holdout (2025 onward),2025-12-05T13:15:00+00:00,2025-12-05T13:40:00+00:00,LONG,4228.24,4238.340482,0.0709,5.065241,0.716124,0.119913,0.120199,0.476012,TP_HIT,5,False,36.403293
Trend pullback — core,Trend pullback,Holdout (2025 onward),2025-12-08T10:00:00+00:00,2025-12-08T11:40:00+00:00,SHORT,4207.63,4214.26,0.0726,5.01533,-0.481338,0.12219,0.122382,-0.72591,SL_HIT,20,False,35.677383
Trend pullback — core,Trend pullback,Holdout (2025 onward),2025-12-09T07:15:00+00:00,2025-12-09T08:05:00+00:00,SHORT,4182.53,4187.39,0.0809,4.407517,-0.393174,0.135347,0.135504,-0.664025,SL_HIT,10,False,35.013359
Trend pullback — core,Trend pullback,Holdout (2025 onward),2025-12-09T14:35:00+00:00,2025-12-09T15:10:00+00:00,LONG,4200.85,4193.25,0.0495,7.07015,-0.3762,0.083177,0.083026,-0.542403,SL_HIT,7,False,34.470955
Trend pullback — core,Trend pullback,Holdout (2025 onward),2025-12-10T19:30:00+00:00,2025-12-10T19:35:00+00:00,SHORT,4198.14,4212.94,0.0371,9.28882,-0.54908,0.0623,0.06252,-0.6739,SL_HIT,1,False,33.797055
Trend pullback — core,Trend pullback,Holdout (2025 onward),2025-12-18T11:25:00+00:00,2025-12-18T12:30:00+00:00,SHORT,4325.76,4317.79,0.0845,4.0,0.673465,0.146211,0.145941,0.381313,TP_HIT,13,False,34.178368
Trend pullback — core,Trend pullback,Holdout (2025 onward),2025-12-22T12:05:00+00:00,2025-12-22T12:10:00+00:00,LONG,4413.17,4407.61,0.0854,4.0,-0.474824,0.150754,0.150564,-0.776142,SL_HIT,1,False,33.402226
Trend pullback — core,Trend pullback,Holdout (2025 onward),2025-12-24T14:15:00+00:00,2025-12-24T14:40:00+00:00,SHORT,4484.89,4472.450562,0.0536,6.234719,0.666754,0.096156,0.095889,0.474709,TP_HIT,5,False,33.876935
Trend pullback — core,Trend pullback,Holdout (2025 onward),2025-12-26T18:45:00+00:00,2025-12-26T20:00:00+00:00,LONG,4529.71,4519.69,0.0362,9.364765,-0.362724,0.06559,0.065445,-0.493759,SL_HIT,15,False,33.383175
Trend pullback — core,Trend pullback,Holdout (2025 onward),2025-12-29T13:15:00+00:00,2025-12-29T13:45:00+00:00,SHORT,4457.51,4440.019555,0.0381,8.760223,0.666386,0.067932,0.067666,0.530788,TP_HIT,6,False,33.913963
Trend pullback — core,Trend pullback,Holdout (2025 onward),2026-01-07T09:10:00+00:00,2026-01-07T10:50:00+00:00,SHORT,4461.1,4468.09,0.0489,6.932278,-0.341811,0.087259,0.087396,-0.516466,SL_HIT,20,False,33.397497
Trend pullback — core,Trend pullback,Holdout (2025 onward),2026-01-07T14:15:00+00:00,2026-01-07T15:15:00+00:00,SHORT,4447.06,4427.995125,0.035,9.547438,0.667271,0.062259,0.061992,0.54302,TP_HIT,12,False,33.940517
Trend pullback — core,Trend pullback,Holdout (2025 onward),2026-01-08T09:20:00+00:00,2026-01-08T09:35:00+00:00,SHORT,4426.23,4435.12,0.0463,7.333064,-0.411607,0.081974,0.082138,-0.575719,SL_HIT,3,False,33.364798
Trend pullback — core,Trend pullback,Holdout (2025 onward),2026-01-08T13:05:00+00:00,2026-01-08T13:25:00+00:00,SHORT,4423.56,4433.62,0.0471,7.08251,-0.473826,0.08334,0.083529,-0.640695,SL_HIT,4,False,32.724102
Trend pullback — core,Trend pullback,Holdout (2025 onward),2026-01-15T14:45:00+00:00,2026-01-15T14:55:00+00:00,SHORT,4602.115,4614.025,0.0346,9.46157,-0.412086,0.063693,0.063858,-0.539637,SL_HIT,2,False,32.184465
Trend pullback — core,Trend pullback,Holdout (2025 onward),2026-01-16T14:30:00+00:00,2026-01-16T14:40:00+00:00,SHORT,4598.488,4611.578,0.0364,8.845625,-0.476476,0.066954,0.067145,-0.610575,SL_HIT,2,False,31.57389
Trend pullback — core,Trend pullback,Holdout (2025 onward),2026-01-28T12:40:00+00:00,2026-01-28T13:50:00+00:00,LONG,5270.23,5256.67,0.0272,11.591727,-0.368832,0.05734,0.057193,-0.483365,SL_HIT,14,False,31.090526
Trend pullback — core,Trend pullback,Holdout (2025 onward),2026-01-29T14:10:00+00:00,2026-01-29T14:25:00+00:00,LONG,5537.07,5516.69,0.0162,19.214541,-0.330156,0.03588,0.035748,-0.401784,SL_HIT,3,False,30.688741
Trend pullback — MACD + CCI,Trend pullback,Holdout (2025 onward),2025-01-07T08:05:00+00:00,2025-01-07T12:05:00+00:00,LONG,2643.65,2648.21,0.25,4.0,1.14,0.264365,0.264821,0.610814,TIME_EXIT,48,False,100.610814
Trend pullback — MACD + CCI,Trend pullback,Holdout (2025 onward),2025-01-31T07:15:00+00:00,2025-01-31T09:00:00+00:00,LONG,2796.16,2791.46,0.2515,4.0,-1.18205,0.281294,0.280821,-1.744165,SL_HIT,21,False,98.866649
Trend pullback — MACD + CCI,Trend pullback,Holdout (2025 onward),2025-02-05T14:35:00+00:00,2025-02-05T14:50:00+00:00,LONG,2869.43,2864.29,0.2319,4.263354,-1.191966,0.266168,0.265692,-1.723826,SL_HIT,3,False,97.142824
Trend pullback — MACD + CCI,Trend pullback,Holdout (2025 onward),2025-02-07T07:15:00+00:00,2025-02-07T11:15:00+00:00,LONG,2864.41,2866.21,0.2429,4.0,0.43722,0.278306,0.278481,-0.119567,TIME_EXIT,48,False,97.023257
Trend pullback — MACD + CCI,Trend pullback,Holdout (2025 onward),2025-02-13T07:50:00+00:00,2025-02-13T08:00:00+00:00,LONG,2918.41,2914.15,0.2426,4.0,-1.033476,0.283203,0.282789,-1.599468,SL_HIT,2,False,95.423789
Trend pullback — MACD + CCI,Trend pullback,Holdout (2025 onward),2025-02-14T13:35:00+00:00,2025-02-14T13:45:00+00:00,LONG,2932.79,2917.62,0.2386,4.0,-3.619562,0.279905,0.278458,-4.177925,SL_HIT,2,False,91.245864
Trend pullback — MACD + CCI,Trend pullback,Holdout (2025 onward),2025-02-19T13:05:00+00:00,2025-02-19T13:55:00+00:00,LONG,2939.69,2932.31,0.2281,4.0,-1.683378,0.268217,0.267544,-2.219139,SL_HIT,10,False,89.026724
Trend pullback — MACD + CCI,Trend pullback,Holdout (2025 onward),2025-02-20T13:35:00+00:00,2025-02-20T13:45:00+00:00,LONG,2947.67,2939.64,0.2226,4.0,-1.787478,0.262461,0.261746,-2.311684,SL_HIT,2,False,86.71504
Trend pullback — MACD + CCI,Trend pullback,Holdout (2025 onward),2025-02-21T12:55:00+00:00,2025-02-21T13:30:00+00:00,SHORT,2930.45,2934.78,0.2168,4.0,-0.938744,0.254129,0.254504,-1.447377,SL_HIT,7,False,85.267664
Trend pullback — MACD + CCI,Trend pullback,Holdout (2025 onward),2025-02-24T11:25:00+00:00,2025-02-24T12:05:00+00:00,LONG,2942.15,2950.12,0.2132,4.0,1.699204,0.250907,0.251586,1.196711,TP_HIT,8,False,86.464375
Trend pullback — MACD + CCI,Trend pullback,Holdout (2025 onward),2025-03-21T19:05:00+00:00,2025-03-21T19:15:00+00:00,SHORT,3016.15,3021.54,0.2162,4.0,-1.165318,0.260837,0.261303,-1.687457,SL_HIT,2,False,84.776917
Trend pullback — MACD + CCI,Trend pullback,Holdout (2025 onward),2025-03-25T08:25:00+00:00,2025-03-25T10:15:00+00:00,LONG,3016.57,3024.54,0.2119,4.0,1.688843,0.255684,0.25636,1.176799,TP_HIT,22,False,85.953716
Trend pullback — MACD + CCI,Trend pullback,Holdout (2025 onward),2025-03-27T14:15:00+00:00,2025-03-27T14:50:00+00:00,LONG,3047.41,3058.408395,0.1559,5.514197,1.71465,0.190036,0.190722,1.333891,TP_HIT,7,False,87.287607
Trend pullback — MACD + CCI,Trend pullback,Holdout (2025 onward),2025-03-31T10:35:00+00:00,2025-03-31T11:05:00+00:00,LONG,3121.38,3117.11,0.2182,4.0,-0.931714,0.272434,0.272061,-1.476209,SL_HIT,6,False,85.811397
Trend pullback — MACD + CCI,Trend pullback,Holdout (2025 onward),2025-03-31T14:35:00+00:00,2025-03-31T16:15:00+00:00,LONG,3118.62,3111.36,0.138,6.220088,-1.00188,0.172148,0.171747,-1.345775,SL_HIT,20,False,84.465623
Trend pullback — MACD + CCI,Trend pullback,Holdout (2025 onward),2025-04-11T07:05:00+00:00,2025-04-11T08:25:00+00:00,LONG,3207.27,3226.053199,0.0898,9.4066,1.686731,0.115205,0.11588,1.455646,TP_HIT,16,False,85.921269
Trend pullback — MACD + CCI,Trend pullback,Holdout (2025 onward),2025-04-30T14:35:00+00:00,2025-04-30T14:55:00+00:00,SHORT,3295.15,3305.59,0.0838,10.2475,-0.874872,0.110453,0.110803,-1.096129,SL_HIT,4,False,84.82514
Trend pullback — MACD + CCI,Trend pullback,Holdout (2025 onward),2025-05-26T12:25:00+00:00,2025-05-26T12:45:00+00:00,SHORT,3328.12,3334.28,0.2121,4.0,-1.306536,0.282358,0.28288,-1.871774,SL_HIT,4,False,82.953366
Trend pullback — MACD + CCI,Trend pullback,Holdout (2025 onward),2025-06-11T14:45:00+00:00,2025-06-11T15:50:00+00:00,LONG,3340.93,3329.38,0.1227,6.761423,-1.417185,0.163973,0.163406,-1.744564,SL_HIT,13,False,81.208802
Trend pullback — MACD + CCI,Trend pullback,Holdout (2025 onward),2025-06-13T08:10:00+00:00,2025-06-13T10:40:00+00:00,LONG,3420.15,3413.87,0.1375,5.905424,-0.8635,0.188108,0.187763,-1.239371,SL_HIT,30,False,79.969431
Trend pullback — MACD + CCI,Trend pullback,Holdout (2025 onward),2025-06-26T12:30:00+00:00,2025-06-26T12:35:00+00:00,LONG,3343.04,3333.74,0.1999,4.0,-1.85907,0.267309,0.266566,-2.392945,SL_HIT,1,False,77.576486
Trend pullback — MACD + CCI,Trend pullback,Holdout (2025 onward),2025-07-08T18:25:00+00:00,2025-07-08T21:00:00+00:00,SHORT,3304.01,3301.71,0.1939,4.0,0.44597,0.256259,0.256081,-0.06637,DAY_EXIT,31,False,77.510116
Trend pullback — MACD + CCI,Trend pullback,Holdout (2025 onward),2025-07-10T12:55:00+00:00,2025-07-10T13:50:00+00:00,LONG,3324.91,3315.88,0.1938,4.0,-1.750014,0.257747,0.257047,-2.264808,SL_HIT,11,False,75.245308
Trend pullback — MACD + CCI,Trend pullback,Holdout (2025 onward),2025-07-29T12:25:00+00:00,2025-07-29T12:35:00+00:00,LONG,3322.9,3318.61,0.1881,4.0,-0.806949,0.250015,0.249692,-1.306656,SL_HIT,2,False,73.938652
Trend pullback — MACD + CCI,Trend pullback,Holdout (2025 onward),2025-07-31T11:35:00+00:00,2025-07-31T13:50:00+00:00,LONG,3305.21,3300.79,0.1848,4.0,-0.816816,0.244321,0.243994,-1.305132,SL_HIT,27,False,72.63352
Trend pullback — MACD + CCI,Trend pullback,Holdout (2025 onward),2025-08-06T18:50:00+00:00,2025-08-06T20:00:00+00:00,LONG,3374.18,3370.14,0.1816,4.0,-0.733664,0.2451,0.244807,-1.223571,SL_HIT,14,False,71.409949
Trend pullback — MACD + CCI,Trend pullback,Holdout (2025 onward),2025-08-07T11:15:00+00:00,2025-08-07T11:45:00+00:00,LONG,3380.31,3375.65,0.1654,4.316177,-0.770764,0.223641,0.223333,-1.217738,SL_HIT,6,False,70.192211
Trend pullback — MACD + CCI,Trend pullback,Holdout (2025 onward),2025-08-08T13:25:00+00:00,2025-08-08T13:35:00+00:00,SHORT,3387.62,3396.6,0.1111,6.32072,-0.997678,0.150546,0.150945,-1.299169,SL_HIT,2,False,68.893042
Trend pullback — MACD + CCI,Trend pullback,Holdout (2025 onward),2025-08-25T13:40:00+00:00,2025-08-25T15:10:00+00:00,LONG,3367.58,3375.55,0.1722,4.0,1.372434,0.231959,0.232508,0.907967,TP_HIT,18,False,69.801009
Trend pullback — MACD + CCI,Trend pullback,Holdout (2025 onward),2025-08-27T13:35:00+00:00,2025-08-27T14:30:00+00:00,SHORT,3378.52,3383.83,0.1745,4.0,-0.926595,0.235821,0.236191,-1.398607,SL_HIT,11,False,68.402402
Trend pullback — MACD + CCI,Trend pullback,Holdout (2025 onward),2025-09-10T13:35:00+00:00,2025-09-10T14:50:00+00:00,LONG,3651.69,3644.6,0.126,5.430576,-0.89334,0.184045,0.183688,-1.261073,SL_HIT,15,False,67.141329
Trend pullback — MACD + CCI,Trend pullback,Holdout (2025 onward),2025-10-31T10:05:00+00:00,2025-10-31T10:50:00+00:00,LONG,4012.31,4004.51,0.0871,7.706519,-0.67938,0.139789,0.139517,-0.958686,SL_HIT,9,False,66.182643
Trend pullback — MACD + CCI,Trend pullback,Holdout (2025 onward),2025-11-11T08:05:00+00:00,2025-11-11T08:40:00+00:00,LONG,4135.26,4128.7,0.1073,6.165467,-0.703888,0.177485,0.177204,-1.058577,SL_HIT,7,False,65.124066
Trend pullback — MACD + CCI,Trend pullback,Holdout (2025 onward),2025-11-12T07:45:00+00:00,2025-11-12T08:15:00+00:00,SHORT,4114.05,4119.8,0.1154,5.645398,-0.66355,0.189905,0.19017,-1.043625,SL_HIT,6,False,64.080441
Trend pullback — MACD + CCI,Trend pullback,Holdout (2025 onward),2025-12-02T15:10:00+00:00,2025-12-02T15:25:00+00:00,SHORT,4209.45,4191.694435,0.0721,8.892782,1.280176,0.121401,0.120888,1.037887,TP_HIT,3,False,65.118329
Trend pullback — MACD + CCI,Trend pullback,Holdout (2025 onward),2025-12-05T13:15:00+00:00,2025-12-05T13:40:00+00:00,LONG,4228.24,4238.340482,0.1286,5.065241,1.298922,0.217501,0.21802,0.863401,TP_HIT,5,False,65.98173
Trend pullback — MACD + CCI,Trend pullback,Holdout (2025 onward),2025-12-09T14:45:00+00:00,2025-12-09T15:05:00+00:00,LONG,4205.96,4197.03,0.0835,7.903854,-0.745655,0.140479,0.140181,-1.026315,SL_HIT,4,False,64.955415
Trend pullback — MACD + CCI,Trend pullback,Holdout (2025 onward),2025-12-22T12:05:00+00:00,2025-12-22T12:10:00+00:00,LONG,4413.17,4407.61,0.1624,4.0,-0.902944,0.28668,0.286318,-1.475942,SL_HIT,1,False,63.479473
Trend pullback — MACD + CCI,Trend pullback,Holdout (2025 onward),2026-01-07T09:10:00+00:00,2026-01-07T10:50:00+00:00,SHORT,4461.1,4468.09,0.0916,6.932278,-0.640284,0.163455,0.163711,-0.96745,SL_HIT,20,False,62.512023
Trend pullback — value-confirmed,Trend pullback,Holdout (2025 onward),2025-01-07T08:05:00+00:00,2025-01-07T12:05:00+00:00,LONG,2643.65,2648.21,0.25,4.0,1.14,0.264365,0.264821,0.610814,TIME_EXIT,48,False,100.610814
Trend pullback — value-confirmed,Trend pullback,Holdout (2025 onward),2025-01-31T07:15:00+00:00,2025-01-31T09:00:00+00:00,LONG,2796.16,2791.46,0.2515,4.0,-1.18205,0.281294,0.280821,-1.744165,SL_HIT,21,False,98.866649
Trend pullback — value-confirmed,Trend pullback,Holdout (2025 onward),2025-02-14T13:35:00+00:00,2025-02-14T13:45:00+00:00,LONG,2932.79,2917.62,0.2472,4.0,-3.750024,0.289994,0.288494,-4.328513,SL_HIT,2,False,94.538137
Trend pullback — value-confirmed,Trend pullback,Holdout (2025 onward),2025-02-19T13:05:00+00:00,2025-02-19T13:55:00+00:00,LONG,2939.69,2932.31,0.2363,4.0,-1.743894,0.277859,0.277162,-2.298915,SL_HIT,10,False,92.239221
Trend pullback — value-confirmed,Trend pullback,Holdout (2025 onward),2025-02-20T13:35:00+00:00,2025-02-20T13:45:00+00:00,LONG,2947.67,2939.64,0.2306,4.0,-1.851718,0.271893,0.271152,-2.394763,SL_HIT,2,False,89.844458
Trend pullback — value-confirmed,Trend pullback,Holdout (2025 onward),2025-02-21T12:55:00+00:00,2025-02-21T13:30:00+00:00,SHORT,2930.45,2934.78,0.2246,4.0,-0.972518,0.263272,0.263661,-1.49945,SL_HIT,7,False,88.345008
Trend pullback — value-confirmed,Trend pullback,Holdout (2025 onward),2025-03-25T08:25:00+00:00,2025-03-25T10:15:00+00:00,LONG,3016.57,3024.54,0.2209,4.0,1.760573,0.266544,0.267248,1.226781,TP_HIT,22,False,89.571788
Trend pullback — value-confirmed,Trend pullback,Holdout (2025 onward),2025-03-31T14:35:00+00:00,2025-03-31T16:15:00+00:00,LONG,3118.62,3111.36,0.144,6.220088,-1.04544,0.179633,0.179214,-1.404287,SL_HIT,20,False,88.167501
Trend pullback — value-confirmed,Trend pullback,Holdout (2025 onward),2025-04-30T14:35:00+00:00,2025-04-30T14:55:00+00:00,SHORT,3295.15,3305.59,0.086,10.2475,-0.89784,0.113353,0.113712,-1.124905,SL_HIT,4,False,87.042596
Trend pullback — value-confirmed,Trend pullback,Holdout (2025 onward),2025-06-11T14:45:00+00:00,2025-06-11T15:50:00+00:00,LONG,3340.93,3329.38,0.1287,6.761423,-1.486485,0.171991,0.171396,-1.829873,SL_HIT,13,False,85.212723
Trend pullback — value-confirmed,Trend pullback,Holdout (2025 onward),2025-06-26T12:30:00+00:00,2025-06-26T12:35:00+00:00,LONG,3343.04,3333.74,0.213,4.0,-1.9809,0.284827,0.284035,-2.549762,SL_HIT,1,False,82.662962
Trend pullback — value-confirmed,Trend pullback,Holdout (2025 onward),2025-07-10T12:55:00+00:00,2025-07-10T13:50:00+00:00,LONG,3324.91,3315.88,0.2067,4.0,-1.866501,0.274904,0.274157,-2.415562,SL_HIT,11,False,80.2474
Trend pullback — value-confirmed,Trend pullback,Holdout (2025 onward),2025-07-29T12:25:00+00:00,2025-07-29T12:35:00+00:00,LONG,3322.9,3318.61,0.2006,4.0,-0.860574,0.266629,0.266285,-1.393489,SL_HIT,2,False,78.853911
Trend pullback — value-confirmed,Trend pullback,Holdout (2025 onward),2025-08-07T11:15:00+00:00,2025-08-07T11:45:00+00:00,LONG,3380.31,3375.65,0.1827,4.316177,-0.851382,0.247033,0.246693,-1.345108,SL_HIT,6,False,77.508804
Trend pullback — value-confirmed,Trend pullback,Holdout (2025 onward),2025-08-08T13:25:00+00:00,2025-08-08T13:35:00+00:00,SHORT,3387.62,3396.6,0.1226,6.32072,-1.100948,0.166129,0.166569,-1.433646,SL_HIT,2,False,76.075158
Trend pullback — value-confirmed,Trend pullback,Holdout (2025 onward),2025-08-25T13:40:00+00:00,2025-08-25T15:10:00+00:00,LONG,3367.58,3375.55,0.1902,4.0,1.515894,0.256205,0.256812,1.002877,TP_HIT,18,False,77.078034
Trend pullback — value-confirmed,Trend pullback,Holdout (2025 onward),2025-08-27T13:35:00+00:00,2025-08-27T14:30:00+00:00,SHORT,3378.52,3383.83,0.1927,4.0,-1.023237,0.260416,0.260826,-1.544479,SL_HIT,11,False,75.533555
Trend pullback — value-confirmed,Trend pullback,Holdout (2025 onward),2025-11-11T08:05:00+00:00,2025-11-11T08:40:00+00:00,LONG,4135.26,4128.7,0.1225,6.165467,-0.8036,0.202628,0.202306,-1.208534,SL_HIT,7,False,74.325021
Trend pullback — value-confirmed,Trend pullback,Holdout (2025 onward),2025-12-02T15:10:00+00:00,2025-12-02T15:25:00+00:00,SHORT,4209.45,4191.694435,0.0836,8.892782,1.484365,0.140764,0.14017,1.203431,TP_HIT,3,False,75.528452
Squeeze breakout — core,Squeeze breakout,Holdout (2025 onward),2025-01-13T19:05:00+00:00,2025-01-13T20:40:00+00:00,SHORT,2657.52,2661.72,0.25,4.0,-1.05,0.265752,0.266172,-1.581924,SL_HIT,19,False,98.418076
Squeeze breakout — core,Squeeze breakout,Holdout (2025 onward),2025-01-15T08:25:00+00:00,2025-01-15T12:25:00+00:00,LONG,2684.61,2685.25,0.246,4.0,0.15744,0.264166,0.264229,-0.370954,TIME_EXIT,48,False,98.047122
Squeeze breakout — core,Squeeze breakout,Holdout (2025 onward),2025-01-24T13:05:00+00:00,2025-01-24T14:25:00+00:00,LONG,2780.04,2774.75,0.2451,4.0,-1.296579,0.272555,0.272036,-1.841171,SL_HIT,16,False,96.205951
Squeeze breakout — core,Squeeze breakout,Holdout (2025 onward),2025-01-27T07:30:00+00:00,2025-01-27T07:45:00+00:00,SHORT,2748.46,2753.17,0.2405,4.0,-1.132755,0.264402,0.264855,-1.662012,SL_HIT,3,False,94.543939
Squeeze breakout — core,Squeeze breakout,Holdout (2025 onward),2025-02-10T13:20:00+00:00,2025-02-10T13:25:00+00:00,LONG,2909.14,2905.1,0.2364,4.0,-0.955056,0.275088,0.274706,-1.504851,SL_HIT,1,False,93.039089
Squeeze breakout — core,Squeeze breakout,Holdout (2025 onward),2025-02-11T12:10:00+00:00,2025-02-11T12:20:00+00:00,SHORT,2898.8,2903.91,0.2326,4.0,-1.188586,0.269704,0.27018,-1.72847,SL_HIT,2,False,91.310619
Squeeze breakout — core,Squeeze breakout,Holdout (2025 onward),2025-02-19T17:45:00+00:00,2025-02-19T18:50:00+00:00,SHORT,2922.54,2926.83,0.2283,4.0,-0.979407,0.266886,0.267278,-1.513571,SL_HIT,13,False,89.797047
Squeeze breakout — core,Squeeze breakout,Holdout (2025 onward),2025-03-04T12:45:00+00:00,2025-03-04T13:50:00+00:00,LONG,2923.88,2919.65,0.2245,4.0,-0.949635,0.262564,0.262185,-1.474384,SL_HIT,13,False,88.322663
Squeeze breakout — core,Squeeze breakout,Holdout (2025 onward),2025-03-27T10:00:00+00:00,2025-03-27T10:20:00+00:00,LONG,3040.17,3048.14,0.2208,4.0,1.759776,0.268508,0.269212,1.222056,TP_HIT,4,False,89.54472
Squeeze breakout — core,Squeeze breakout,Holdout (2025 onward),2025-04-08T11:55:00+00:00,2025-04-08T12:25:00+00:00,LONG,3015.33,3005.53,0.1846,4.850256,-1.80908,0.222652,0.221928,-2.25366,SL_HIT,6,False,87.291059
Squeeze breakout — core,Squeeze breakout,Holdout (2025 onward),2025-04-11T09:50:00+00:00,2025-04-11T10:45:00+00:00,LONG,3226.84,3214.76,0.1146,7.618825,-1.384368,0.147918,0.147365,-1.679651,SL_HIT,11,False,85.611408
Squeeze breakout — core,Squeeze breakout,Holdout (2025 onward),2025-04-16T07:15:00+00:00,2025-04-16T08:15:00+00:00,LONG,3297.32,3308.333099,0.155,5.52155,1.70703,0.204434,0.205117,1.29748,TP_HIT,12,False,86.908888
Squeeze breakout — core,Squeeze breakout,Holdout (2025 onward),2025-04-24T19:40:00+00:00,2025-04-24T20:55:00+00:00,LONG,3340.74,3348.71,0.2173,4.0,1.731881,0.290377,0.29107,1.150434,TP_HIT,15,False,88.059322
Squeeze breakout — core,Squeeze breakout,Holdout (2025 onward),2025-04-25T08:15:00+00:00,2025-04-25T08:45:00+00:00,SHORT,3295.51,3303.65,0.1253,7.028523,-1.019942,0.165171,0.165579,-1.350692,SL_HIT,6,False,86.70863
Squeeze breakout — core,Squeeze breakout,Holdout (2025 onward),2025-04-29T10:20:00+00:00,2025-04-29T10:40:00+00:00,SHORT,3307.11,3312.0,0.181,4.790548,-0.88509,0.239435,0.239789,-1.364314,SL_HIT,4,False,85.344317
Squeeze breakout — core,Squeeze breakout,Holdout (2025 onward),2025-05-05T08:20:00+00:00,2025-05-05T08:45:00+00:00,LONG,3267.69,3276.353517,0.1963,4.346758,1.700648,0.256579,0.257259,1.18681,TP_HIT,5,False,86.531127
Squeeze breakout — core,Squeeze breakout,Holdout (2025 onward),2025-05-08T10:00:00+00:00,2025-05-08T10:10:00+00:00,SHORT,3331.7,3338.48,0.1476,5.863777,-1.000728,0.196704,0.197104,-1.394535,SL_HIT,2,False,85.136591
Squeeze breakout — core,Squeeze breakout,Holdout (2025 onward),2025-05-15T12:35:00+00:00,2025-05-15T12:50:00+00:00,LONG,3186.4,3179.87,0.1566,5.435115,-1.022598,0.199596,0.199187,-1.421381,SL_HIT,3,False,83.71521
Squeeze breakout — core,Squeeze breakout,Holdout (2025 onward),2025-05-15T19:25:00+00:00,2025-05-15T20:20:00+00:00,LONG,3228.44,3236.41,0.2093,4.0,1.668121,0.270285,0.270952,1.126884,TP_HIT,11,False,84.842094
Squeeze breakout — core,Squeeze breakout,Holdout (2025 onward),2025-05-20T12:35:00+00:00,2025-05-20T12:50:00+00:00,LONG,3248.26,3243.23,0.2006,4.229187,-1.009018,0.26064,0.260237,-1.529895,SL_HIT,3,False,83.312199
Squeeze breakout — core,Squeeze breakout,Holdout (2025 onward),2025-05-20T19:50:00+00:00,2025-05-20T20:30:00+00:00,LONG,3294.49,3289.87,0.2083,4.0,-0.962346,0.274497,0.274112,-1.510955,SL_HIT,8,False,81.801244
Squeeze breakout — core,Squeeze breakout,Holdout (2025 onward),2025-05-27T11:20:00+00:00,2025-05-27T12:20:00+00:00,SHORT,3290.57,3296.19,0.156,5.244709,-0.87672,0.205332,0.205682,-1.287734,SL_HIT,12,False,80.51351
Squeeze breakout — core,Squeeze breakout,Holdout (2025 onward),2025-06-16T13:40:00+00:00,2025-06-16T13:55:00+00:00,SHORT,3411.5,3400.510662,0.1461,5.509669,1.605542,0.199368,0.198726,1.207448,TP_HIT,3,False,81.720959
Squeeze breakout — core,Squeeze breakout,Holdout (2025 onward),2025-06-23T11:05:00+00:00,2025-06-23T11:25:00+00:00,LONG,3371.27,3379.24,0.2043,4.0,1.628271,0.2755,0.276151,1.076619,TP_HIT,4,False,82.797578
Squeeze breakout — core,Squeeze breakout,Holdout (2025 onward),2025-07-07T16:25:00+00:00,2025-07-07T17:20:00+00:00,LONG,3324.75,3332.72,0.207,4.0,1.64979,0.275289,0.275949,1.098551,TP_HIT,11,False,83.896129
Squeeze breakout — core,Squeeze breakout,Holdout (2025 onward),2025-07-11T12:45:00+00:00,2025-07-11T14:55:00+00:00,LONG,3352.76,3361.296276,0.1959,4.283138,1.672257,0.262722,0.263391,1.146143,TP_HIT,26,False,85.042272
Squeeze breakout — core,Squeeze breakout,Holdout (2025 onward),2025-07-17T12:35:00+00:00,2025-07-17T14:10:00+00:00,SHORT,3317.76,3323.65,0.179,4.74999,-1.05431,0.237552,0.237973,-1.529835,SL_HIT,19,False,83.512437
Squeeze breakout — core,Squeeze breakout,Holdout (2025 onward),2025-07-25T07:40:00+00:00,2025-07-25T08:35:00+00:00,SHORT,3353.64,3345.67,0.2088,4.0,1.664136,0.280096,0.27943,1.10461,TP_HIT,11,False,84.617047
Squeeze breakout — core,Squeeze breakout,Holdout (2025 onward),2025-07-28T17:05:00+00:00,2025-07-28T18:40:00+00:00,SHORT,3310.56,3314.75,0.2115,4.0,-0.886185,0.280073,0.280428,-1.446686,SL_HIT,19,False,83.170361
Squeeze breakout — core,Squeeze breakout,Holdout (2025 onward),2025-07-31T16:15:00+00:00,2025-07-31T16:45:00+00:00,SHORT,3290.92,3296.57,0.1855,4.483133,-1.048075,0.244186,0.244605,-1.536867,SL_HIT,6,False,81.633494
Squeeze breakout — core,Squeeze breakout,Holdout (2025 onward),2025-09-03T13:05:00+00:00,2025-09-03T14:25:00+00:00,LONG,3552.81,3562.679286,0.1649,4.949643,1.627445,0.234343,0.234994,1.158108,TP_HIT,16,False,82.791602
Squeeze breakout — core,Squeeze breakout,Holdout (2025 onward),2025-09-08T10:15:00+00:00,2025-09-08T10:20:00+00:00,LONG,3621.17,3616.31,0.207,4.0,-1.00602,0.299833,0.29943,-1.605283,SL_HIT,1,False,81.186318
Squeeze breakout — core,Squeeze breakout,Holdout (2025 onward),2025-09-16T09:55:00+00:00,2025-09-16T10:45:00+00:00,LONG,3698.145,3693.225,0.203,4.0,-0.99876,0.300289,0.29989,-1.598939,SL_HIT,10,False,79.587379
Squeeze breakout — core,Squeeze breakout,Holdout (2025 onward),2025-10-02T10:25:00+00:00,2025-10-02T12:10:00+00:00,LONG,3882.438,3891.182042,0.1814,4.387021,1.586169,0.28171,0.282344,1.022115,TP_HIT,21,False,80.609495
Squeeze breakout — core,Squeeze breakout,Holdout (2025 onward),2025-10-06T10:45:00+00:00,2025-10-06T11:05:00+00:00,LONG,3946.585,3938.925,0.1504,5.358854,-1.152064,0.237427,0.236966,-1.626456,SL_HIT,4,False,78.983038
Squeeze breakout — core,Squeeze breakout,Holdout (2025 onward),2025-10-13T07:45:00+00:00,2025-10-13T08:00:00+00:00,LONG,4075.115,4068.595,0.125,6.319316,-0.815,0.203756,0.20343,-1.222186,SL_HIT,3,False,77.760853
Squeeze breakout — core,Squeeze breakout,Holdout (2025 onward),2025-10-20T10:10:00+00:00,2025-10-20T10:15:00+00:00,SHORT,4246.72,4253.89,0.11,7.069648,-0.7887,0.186856,0.187171,-1.162727,SL_HIT,1,False,76.598126
Squeeze breakout — core,Squeeze breakout,Holdout (2025 onward),2025-10-20T18:30:00+00:00,2025-10-20T19:50:00+00:00,LONG,4357.98,4371.927112,0.1096,6.988556,1.528603,0.191054,0.191665,1.145884,TP_HIT,16,False,77.74401
Squeeze breakout — core,Squeeze breakout,Holdout (2025 onward),2025-10-21T19:20:00+00:00,2025-10-21T20:10:00+00:00,SHORT,4105.31,4120.43,0.0585,13.289277,-0.88452,0.096064,0.096418,-1.077002,SL_HIT,10,False,76.667008
Squeeze breakout — core,Squeeze breakout,Holdout (2025 onward),2025-10-24T10:35:00+00:00,2025-10-24T12:35:00+00:00,SHORT,4056.73,4093.36,0.0829,9.246032,-3.036627,0.134521,0.135736,-3.306884,SL_HIT,24,False,73.360124
Squeeze breakout — core,Squeeze breakout,Holdout (2025 onward),2025-10-27T11:15:00+00:00,2025-10-27T12:30:00+00:00,SHORT,4030.16,4042.06,0.0679,10.806683,-0.80801,0.109459,0.109782,-1.027251,SL_HIT,15,False,72.332872
Squeeze breakout — core,Squeeze breakout,Holdout (2025 onward),2025-11-03T07:05:00+00:00,2025-11-03T07:15:00+00:00,LONG,4022.16,4014.72,0.1101,6.571983,-0.819144,0.177136,0.176808,-1.173088,SL_HIT,2,False,71.159784
Squeeze breakout — core,Squeeze breakout,Holdout (2025 onward),2025-11-03T19:05:00+00:00,2025-11-03T19:15:00+00:00,SHORT,3997.32,4004.14,0.1082,6.575469,-0.737924,0.173004,0.173299,-1.084227,SL_HIT,2,False,70.075557
Squeeze breakout — core,Squeeze breakout,Holdout (2025 onward),2025-11-06T17:25:00+00:00,2025-11-06T17:45:00+00:00,SHORT,3967.25,3982.85,0.0823,8.518313,-1.28388,0.130602,0.131115,-1.545597,SL_HIT,4,False,68.52996
Squeeze breakout — core,Squeeze breakout,Holdout (2025 onward),2025-11-11T18:30:00+00:00,2025-11-11T19:10:00+00:00,SHORT,4110.18,4115.93,0.1246,5.498427,-0.71645,0.204851,0.205138,-1.126439,SL_HIT,8,False,67.40352
Squeeze breakout — core,Squeeze breakout,Holdout (2025 onward),2025-11-14T11:10:00+00:00,2025-11-14T11:20:00+00:00,SHORT,4159.68,4144.598201,0.0892,7.5559,1.345296,0.148417,0.147879,1.049,TP_HIT,2,False,68.45252
Squeeze breakout — core,Squeeze breakout,Holdout (2025 onward),2025-12-03T09:10:00+00:00,2025-12-03T10:30:00+00:00,SHORT,4198.55,4204.99,0.1297,5.279208,-0.835268,0.217821,0.218155,-1.271244,SL_HIT,16,False,67.181277
Squeeze breakout — core,Squeeze breakout,Holdout (2025 onward),2025-12-08T10:30:00+00:00,2025-12-08T11:35:00+00:00,SHORT,4205.72,4212.18,0.1476,4.552136,-0.953496,0.248306,0.248687,-1.450489,SL_HIT,13,False,65.730788
Squeeze breakout — core,Squeeze breakout,Holdout (2025 onward),2025-12-17T12:20:00+00:00,2025-12-17T12:40:00+00:00,LONG,4320.74,4316.22,0.1502,4.376403,-0.678904,0.25959,0.259318,-1.197813,SL_HIT,4,False,64.532975
Squeeze breakout — core,Squeeze breakout,Holdout (2025 onward),2025-12-18T12:05:00+00:00,2025-12-18T13:35:00+00:00,SHORT,4322.37,4335.78,0.1613,4.0,-2.163033,0.278879,0.279745,-2.721657,SL_HIT,18,False,61.811318
Squeeze breakout — core,Squeeze breakout,Holdout (2025 onward),2025-12-30T12:15:00+00:00,2025-12-30T13:25:00+00:00,LONG,4396.33,4389.33,0.0958,6.450993,-0.6706,0.168467,0.168199,-1.007266,SL_HIT,14,False,60.804052
Squeeze breakout — core,Squeeze breakout,Holdout (2025 onward),2026-01-05T08:45:00+00:00,2026-01-05T11:30:00+00:00,LONG,4430.25,4409.06,0.1014,5.9973,-2.148666,0.179691,0.178831,-2.507188,SL_HIT,33,False,58.296864
Squeeze breakout — core,Squeeze breakout,Holdout (2025 onward),2026-01-12T08:50:00+00:00,2026-01-12T10:00:00+00:00,LONG,4594.41,4587.46,0.0849,6.86886,-0.590055,0.156026,0.15579,-0.901871,SL_HIT,14,False,57.394992
Squeeze breakout — core,Squeeze breakout,Holdout (2025 onward),2026-01-27T07:35:00+00:00,2026-01-27T08:00:00+00:00,LONG,5096.34,5085.72,0.0556,10.317281,-0.590472,0.113343,0.113106,-0.816921,SL_HIT,5,False,56.578071
Squeeze breakout — core,Squeeze breakout,Holdout (2025 onward),2026-01-28T07:10:00+00:00,2026-01-28T08:05:00+00:00,LONG,5272.33,5293.861864,0.0525,10.780932,1.130423,0.110719,0.111171,0.908533,TP_HIT,11,False,57.486604
Squeeze breakout — core,Squeeze breakout,Holdout (2025 onward),2026-01-30T08:35:00+00:00,2026-01-30T08:50:00+00:00,SHORT,5077.57,5127.71,0.0137,42.048298,-0.686918,0.027825,0.0281,-0.742843,SL_HIT,3,False,56.743761
Squeeze breakout — value-confirmed,Squeeze breakout,Holdout (2025 onward),2025-01-13T19:05:00+00:00,2025-01-13T20:40:00+00:00,SHORT,2657.52,2661.72,0.25,4.0,-1.05,0.265752,0.266172,-1.581924,SL_HIT,19,False,98.418076
Squeeze breakout — value-confirmed,Squeeze breakout,Holdout (2025 onward),2025-01-15T08:25:00+00:00,2025-01-15T12:25:00+00:00,LONG,2684.61,2685.25,0.246,4.0,0.15744,0.264166,0.264229,-0.370954,TIME_EXIT,48,False,98.047122
Squeeze breakout — value-confirmed,Squeeze breakout,Holdout (2025 onward),2025-01-24T13:05:00+00:00,2025-01-24T14:25:00+00:00,LONG,2780.04,2774.75,0.2451,4.0,-1.296579,0.272555,0.272036,-1.841171,SL_HIT,16,False,96.205951
Squeeze breakout — value-confirmed,Squeeze breakout,Holdout (2025 onward),2025-01-27T07:30:00+00:00,2025-01-27T07:45:00+00:00,SHORT,2748.46,2753.17,0.2405,4.0,-1.132755,0.264402,0.264855,-1.662012,SL_HIT,3,False,94.543939
Squeeze breakout — value-confirmed,Squeeze breakout,Holdout (2025 onward),2025-02-10T13:20:00+00:00,2025-02-10T13:25:00+00:00,LONG,2909.14,2905.1,0.2364,4.0,-0.955056,0.275088,0.274706,-1.504851,SL_HIT,1,False,93.039089
Squeeze breakout — value-confirmed,Squeeze breakout,Holdout (2025 onward),2025-02-11T12:10:00+00:00,2025-02-11T12:20:00+00:00,SHORT,2898.8,2903.91,0.2326,4.0,-1.188586,0.269704,0.27018,-1.72847,SL_HIT,2,False,91.310619
Squeeze breakout — value-confirmed,Squeeze breakout,Holdout (2025 onward),2025-02-19T17:45:00+00:00,2025-02-19T18:50:00+00:00,SHORT,2922.54,2926.83,0.2283,4.0,-0.979407,0.266886,0.267278,-1.513571,SL_HIT,13,False,89.797047
Squeeze breakout — value-confirmed,Squeeze breakout,Holdout (2025 onward),2025-03-04T12:45:00+00:00,2025-03-04T13:50:00+00:00,LONG,2923.88,2919.65,0.2245,4.0,-0.949635,0.262564,0.262185,-1.474384,SL_HIT,13,False,88.322663
Squeeze breakout — value-confirmed,Squeeze breakout,Holdout (2025 onward),2025-03-27T10:00:00+00:00,2025-03-27T10:20:00+00:00,LONG,3040.17,3048.14,0.2208,4.0,1.759776,0.268508,0.269212,1.222056,TP_HIT,4,False,89.54472
Squeeze breakout — value-confirmed,Squeeze breakout,Holdout (2025 onward),2025-04-08T11:55:00+00:00,2025-04-08T12:25:00+00:00,LONG,3015.33,3005.53,0.1846,4.850256,-1.80908,0.222652,0.221928,-2.25366,SL_HIT,6,False,87.291059
Squeeze breakout — value-confirmed,Squeeze breakout,Holdout (2025 onward),2025-04-11T09:50:00+00:00,2025-04-11T10:45:00+00:00,LONG,3226.84,3214.76,0.1146,7.618825,-1.384368,0.147918,0.147365,-1.679651,SL_HIT,11,False,85.611408
Squeeze breakout — value-confirmed,Squeeze breakout,Holdout (2025 onward),2025-04-16T07:15:00+00:00,2025-04-16T08:15:00+00:00,LONG,3297.32,3308.333099,0.155,5.52155,1.70703,0.204434,0.205117,1.29748,TP_HIT,12,False,86.908888
Squeeze breakout — value-confirmed,Squeeze breakout,Holdout (2025 onward),2025-04-24T19:40:00+00:00,2025-04-24T20:55:00+00:00,LONG,3340.74,3348.71,0.2173,4.0,1.731881,0.290377,0.29107,1.150434,TP_HIT,15,False,88.059322
Squeeze breakout — value-confirmed,Squeeze breakout,Holdout (2025 onward),2025-04-25T08:15:00+00:00,2025-04-25T08:45:00+00:00,SHORT,3295.51,3303.65,0.1253,7.028523,-1.019942,0.165171,0.165579,-1.350692,SL_HIT,6,False,86.70863
Squeeze breakout — value-confirmed,Squeeze breakout,Holdout (2025 onward),2025-04-29T10:20:00+00:00,2025-04-29T10:40:00+00:00,SHORT,3307.11,3312.0,0.181,4.790548,-0.88509,0.239435,0.239789,-1.364314,SL_HIT,4,False,85.344317
Squeeze breakout — value-confirmed,Squeeze breakout,Holdout (2025 onward),2025-05-05T08:20:00+00:00,2025-05-05T08:45:00+00:00,LONG,3267.69,3276.353517,0.1963,4.346758,1.700648,0.256579,0.257259,1.18681,TP_HIT,5,False,86.531127
Squeeze breakout — value-confirmed,Squeeze breakout,Holdout (2025 onward),2025-05-08T10:00:00+00:00,2025-05-08T10:10:00+00:00,SHORT,3331.7,3338.48,0.1476,5.863777,-1.000728,0.196704,0.197104,-1.394535,SL_HIT,2,False,85.136591
Squeeze breakout — value-confirmed,Squeeze breakout,Holdout (2025 onward),2025-05-15T12:35:00+00:00,2025-05-15T12:50:00+00:00,LONG,3186.4,3179.87,0.1566,5.435115,-1.022598,0.199596,0.199187,-1.421381,SL_HIT,3,False,83.71521
Squeeze breakout — value-confirmed,Squeeze breakout,Holdout (2025 onward),2025-05-15T19:25:00+00:00,2025-05-15T20:20:00+00:00,LONG,3228.44,3236.41,0.2093,4.0,1.668121,0.270285,0.270952,1.126884,TP_HIT,11,False,84.842094
Squeeze breakout — value-confirmed,Squeeze breakout,Holdout (2025 onward),2025-05-20T12:35:00+00:00,2025-05-20T12:50:00+00:00,LONG,3248.26,3243.23,0.2006,4.229187,-1.009018,0.26064,0.260237,-1.529895,SL_HIT,3,False,83.312199
Squeeze breakout — value-confirmed,Squeeze breakout,Holdout (2025 onward),2025-05-20T19:50:00+00:00,2025-05-20T20:30:00+00:00,LONG,3294.49,3289.87,0.2083,4.0,-0.962346,0.274497,0.274112,-1.510955,SL_HIT,8,False,81.801244
Squeeze breakout — value-confirmed,Squeeze breakout,Holdout (2025 onward),2025-05-27T11:20:00+00:00,2025-05-27T12:20:00+00:00,SHORT,3290.57,3296.19,0.156,5.244709,-0.87672,0.205332,0.205682,-1.287734,SL_HIT,12,False,80.51351
Squeeze breakout — value-confirmed,Squeeze breakout,Holdout (2025 onward),2025-06-16T13:40:00+00:00,2025-06-16T13:55:00+00:00,SHORT,3411.5,3400.510662,0.1461,5.509669,1.605542,0.199368,0.198726,1.207448,TP_HIT,3,False,81.720959
Squeeze breakout — value-confirmed,Squeeze breakout,Holdout (2025 onward),2025-06-23T11:05:00+00:00,2025-06-23T11:25:00+00:00,LONG,3371.27,3379.24,0.2043,4.0,1.628271,0.2755,0.276151,1.076619,TP_HIT,4,False,82.797578
Squeeze breakout — value-confirmed,Squeeze breakout,Holdout (2025 onward),2025-07-07T16:25:00+00:00,2025-07-07T17:20:00+00:00,LONG,3324.75,3332.72,0.207,4.0,1.64979,0.275289,0.275949,1.098551,TP_HIT,11,False,83.896129
Squeeze breakout — value-confirmed,Squeeze breakout,Holdout (2025 onward),2025-07-11T12:45:00+00:00,2025-07-11T14:55:00+00:00,LONG,3352.76,3361.296276,0.1959,4.283138,1.672257,0.262722,0.263391,1.146143,TP_HIT,26,False,85.042272
Squeeze breakout — value-confirmed,Squeeze breakout,Holdout (2025 onward),2025-07-17T12:35:00+00:00,2025-07-17T14:10:00+00:00,SHORT,3317.76,3323.65,0.179,4.74999,-1.05431,0.237552,0.237973,-1.529835,SL_HIT,19,False,83.512437
Squeeze breakout — value-confirmed,Squeeze breakout,Holdout (2025 onward),2025-07-25T07:40:00+00:00,2025-07-25T08:35:00+00:00,SHORT,3353.64,3345.67,0.2088,4.0,1.664136,0.280096,0.27943,1.10461,TP_HIT,11,False,84.617047
Squeeze breakout — value-confirmed,Squeeze breakout,Holdout (2025 onward),2025-07-28T17:05:00+00:00,2025-07-28T18:40:00+00:00,SHORT,3310.56,3314.75,0.2115,4.0,-0.886185,0.280073,0.280428,-1.446686,SL_HIT,19,False,83.170361
Squeeze breakout — value-confirmed,Squeeze breakout,Holdout (2025 onward),2025-07-31T16:15:00+00:00,2025-07-31T16:45:00+00:00,SHORT,3290.92,3296.57,0.1855,4.483133,-1.048075,0.244186,0.244605,-1.536867,SL_HIT,6,False,81.633494
Squeeze breakout — value-confirmed,Squeeze breakout,Holdout (2025 onward),2025-09-03T13:05:00+00:00,2025-09-03T14:25:00+00:00,LONG,3552.81,3562.679286,0.1649,4.949643,1.627445,0.234343,0.234994,1.158108,TP_HIT,16,False,82.791602
Squeeze breakout — value-confirmed,Squeeze breakout,Holdout (2025 onward),2025-09-08T10:15:00+00:00,2025-09-08T10:20:00+00:00,LONG,3621.17,3616.31,0.207,4.0,-1.00602,0.299833,0.29943,-1.605283,SL_HIT,1,False,81.186318
Squeeze breakout — value-confirmed,Squeeze breakout,Holdout (2025 onward),2025-09-16T09:55:00+00:00,2025-09-16T10:45:00+00:00,LONG,3698.145,3693.225,0.203,4.0,-0.99876,0.300289,0.29989,-1.598939,SL_HIT,10,False,79.587379
Squeeze breakout — value-confirmed,Squeeze breakout,Holdout (2025 onward),2025-10-02T10:25:00+00:00,2025-10-02T12:10:00+00:00,LONG,3882.438,3891.182042,0.1814,4.387021,1.586169,0.28171,0.282344,1.022115,TP_HIT,21,False,80.609495
Squeeze breakout — value-confirmed,Squeeze breakout,Holdout (2025 onward),2025-10-06T10:45:00+00:00,2025-10-06T11:05:00+00:00,LONG,3946.585,3938.925,0.1504,5.358854,-1.152064,0.237427,0.236966,-1.626456,SL_HIT,4,False,78.983038
Squeeze breakout — value-confirmed,Squeeze breakout,Holdout (2025 onward),2025-10-13T07:45:00+00:00,2025-10-13T08:00:00+00:00,LONG,4075.115,4068.595,0.125,6.319316,-0.815,0.203756,0.20343,-1.222186,SL_HIT,3,False,77.760853
Squeeze breakout — value-confirmed,Squeeze breakout,Holdout (2025 onward),2025-10-20T10:10:00+00:00,2025-10-20T10:15:00+00:00,SHORT,4246.72,4253.89,0.11,7.069648,-0.7887,0.186856,0.187171,-1.162727,SL_HIT,1,False,76.598126
Squeeze breakout — value-confirmed,Squeeze breakout,Holdout (2025 onward),2025-10-20T18:30:00+00:00,2025-10-20T19:50:00+00:00,LONG,4357.98,4371.927112,0.1096,6.988556,1.528603,0.191054,0.191665,1.145884,TP_HIT,16,False,77.74401
Squeeze breakout — value-confirmed,Squeeze breakout,Holdout (2025 onward),2025-10-21T19:20:00+00:00,2025-10-21T20:10:00+00:00,SHORT,4105.31,4120.43,0.0585,13.289277,-0.88452,0.096064,0.096418,-1.077002,SL_HIT,10,False,76.667008
Squeeze breakout — value-confirmed,Squeeze breakout,Holdout (2025 onward),2025-10-24T10:35:00+00:00,2025-10-24T12:35:00+00:00,SHORT,4056.73,4093.36,0.0829,9.246032,-3.036627,0.134521,0.135736,-3.306884,SL_HIT,24,False,73.360124
Squeeze breakout — value-confirmed,Squeeze breakout,Holdout (2025 onward),2025-10-27T11:15:00+00:00,2025-10-27T12:30:00+00:00,SHORT,4030.16,4042.06,0.0679,10.806683,-0.80801,0.109459,0.109782,-1.027251,SL_HIT,15,False,72.332872
Squeeze breakout — value-confirmed,Squeeze breakout,Holdout (2025 onward),2025-11-03T07:05:00+00:00,2025-11-03T07:15:00+00:00,LONG,4022.16,4014.72,0.1101,6.571983,-0.819144,0.177136,0.176808,-1.173088,SL_HIT,2,False,71.159784
Squeeze breakout — value-confirmed,Squeeze breakout,Holdout (2025 onward),2025-11-03T19:05:00+00:00,2025-11-03T19:15:00+00:00,SHORT,3997.32,4004.14,0.1082,6.575469,-0.737924,0.173004,0.173299,-1.084227,SL_HIT,2,False,70.075557
Squeeze breakout — value-confirmed,Squeeze breakout,Holdout (2025 onward),2025-11-06T17:25:00+00:00,2025-11-06T17:45:00+00:00,SHORT,3967.25,3982.85,0.0823,8.518313,-1.28388,0.130602,0.131115,-1.545597,SL_HIT,4,False,68.52996
Squeeze breakout — value-confirmed,Squeeze breakout,Holdout (2025 onward),2025-11-11T18:30:00+00:00,2025-11-11T19:10:00+00:00,SHORT,4110.18,4115.93,0.1246,5.498427,-0.71645,0.204851,0.205138,-1.126439,SL_HIT,8,False,67.40352
Squeeze breakout — value-confirmed,Squeeze breakout,Holdout (2025 onward),2025-11-14T11:10:00+00:00,2025-11-14T11:20:00+00:00,SHORT,4159.68,4144.598201,0.0892,7.5559,1.345296,0.148417,0.147879,1.049,TP_HIT,2,False,68.45252
Squeeze breakout — value-confirmed,Squeeze breakout,Holdout (2025 onward),2025-12-03T09:10:00+00:00,2025-12-03T10:30:00+00:00,SHORT,4198.55,4204.99,0.1297,5.279208,-0.835268,0.217821,0.218155,-1.271244,SL_HIT,16,False,67.181277
Squeeze breakout — value-confirmed,Squeeze breakout,Holdout (2025 onward),2025-12-08T10:30:00+00:00,2025-12-08T11:35:00+00:00,SHORT,4205.72,4212.18,0.1476,4.552136,-0.953496,0.248306,0.248687,-1.450489,SL_HIT,13,False,65.730788
Squeeze breakout — value-confirmed,Squeeze breakout,Holdout (2025 onward),2025-12-18T12:05:00+00:00,2025-12-18T13:35:00+00:00,SHORT,4322.37,4335.78,0.1643,4.0,-2.203263,0.284066,0.284947,-2.772277,SL_HIT,18,False,62.958511
Squeeze breakout — value-confirmed,Squeeze breakout,Holdout (2025 onward),2025-12-30T12:15:00+00:00,2025-12-30T13:25:00+00:00,LONG,4396.33,4389.33,0.0976,6.450993,-0.6832,0.171633,0.171359,-1.026192,SL_HIT,14,False,61.932319
Squeeze breakout — value-confirmed,Squeeze breakout,Holdout (2025 onward),2026-01-05T08:45:00+00:00,2026-01-05T11:30:00+00:00,LONG,4430.25,4409.06,0.1033,5.9973,-2.188927,0.183058,0.182182,-2.554167,SL_HIT,33,False,59.378152
Squeeze breakout — value-confirmed,Squeeze breakout,Holdout (2025 onward),2026-01-12T08:50:00+00:00,2026-01-12T10:00:00+00:00,LONG,4594.41,4587.46,0.0864,6.86886,-0.60048,0.158783,0.158543,-0.917805,SL_HIT,14,False,58.460346
Squeeze breakout — value-confirmed,Squeeze breakout,Holdout (2025 onward),2026-01-27T07:35:00+00:00,2026-01-27T08:00:00+00:00,LONG,5096.34,5085.72,0.0567,10.317281,-0.602154,0.115585,0.115344,-0.833083,SL_HIT,5,False,57.627263
Squeeze breakout — value-confirmed,Squeeze breakout,Holdout (2025 onward),2026-01-28T07:10:00+00:00,2026-01-28T08:05:00+00:00,LONG,5272.33,5293.861864,0.0535,10.780932,1.151955,0.112828,0.113289,0.925838,TP_HIT,11,False,58.553101
Squeeze breakout — value-confirmed,Squeeze breakout,Holdout (2025 onward),2026-01-30T08:35:00+00:00,2026-01-30T08:50:00+00:00,SHORT,5077.57,5127.71,0.0139,42.048298,-0.696946,0.028231,0.02851,-0.753687,SL_HIT,3,False,57.799414
Range reversion — core,Range reversion,Holdout (2025 onward),2025-01-14T13:50:00+00:00,2025-01-14T14:00:00+00:00,LONG,2667.57,2662.19,0.2263,4.419738,-1.217494,0.241468,0.240981,-1.699944,SL_HIT,2,False,98.300056
Range reversion — core,Range reversion,Holdout (2025 onward),2025-05-09T11:35:00+00:00,2025-05-09T11:45:00+00:00,SHORT,3326.43,3334.23,0.1739,5.653368,-1.35642,0.231386,0.231929,-1.819736,SL_HIT,2,False,96.480321
Range reversion — core,Range reversion,Holdout (2025 onward),2025-08-22T12:20:00+00:00,2025-08-22T12:30:00+00:00,LONG,3330.08,3325.22,0.2412,4.0,-1.172232,0.321286,0.320817,-1.814335,SL_HIT,2,False,94.665985
Range reversion — core,Range reversion,Holdout (2025 onward),2025-11-13T13:05:00+00:00,2025-11-13T13:30:00+00:00,SHORT,4230.31,4237.86,0.1304,7.257267,-0.98452,0.220653,0.221047,-1.42622,SL_HIT,5,False,93.239766
Range reversion — core,Range reversion,Holdout (2025 onward),2026-01-06T13:25:00+00:00,2026-01-06T14:00:00+00:00,SHORT,4459.59,4468.53,0.1476,6.315335,-1.319544,0.263294,0.263822,-1.84666,SL_HIT,7,False,91.393105
Range reversion — value-confirmed,Range reversion,Holdout (2025 onward),2025-01-14T13:50:00+00:00,2025-01-14T14:00:00+00:00,LONG,2667.57,2662.19,0.2263,4.419738,-1.217494,0.241468,0.240981,-1.699944,SL_HIT,2,False,98.300056
Range reversion — value-confirmed,Range reversion,Holdout (2025 onward),2025-05-09T11:35:00+00:00,2025-05-09T11:45:00+00:00,SHORT,3326.43,3334.23,0.1739,5.653368,-1.35642,0.231386,0.231929,-1.819736,SL_HIT,2,False,96.480321
Range reversion — value-confirmed,Range reversion,Holdout (2025 onward),2025-08-22T12:20:00+00:00,2025-08-22T12:30:00+00:00,LONG,3330.08,3325.22,0.2412,4.0,-1.172232,0.321286,0.320817,-1.814335,SL_HIT,2,False,94.665985
Range reversion — value-confirmed,Range reversion,Holdout (2025 onward),2025-11-13T13:05:00+00:00,2025-11-13T13:30:00+00:00,SHORT,4230.31,4237.86,0.1304,7.257267,-0.98452,0.220653,0.221047,-1.42622,SL_HIT,5,False,93.239766
Range reversion — value-confirmed,Range reversion,Holdout (2025 onward),2026-01-06T13:25:00+00:00,2026-01-06T14:00:00+00:00,SHORT,4459.59,4468.53,0.1476,6.315335,-1.319544,0.263294,0.263822,-1.84666,SL_HIT,7,False,91.393105
