fold,train_start_utc,train_end_exclusive_utc,context,config_id,trades,net_pnl_usd,profit_factor,worst_sampled_segment_pf,eligible,selection_score,selected,parameters_json
2023-01 to 2023-06,2020-01-01T00:00:00+00:00,2023-01-01T00:00:00+00:00,BEAR_BREAKOUT,BEAR_BREAKOUT-C01,33,-18.677686,0.323915,0.138811,False,,False,"{""atr_ratio_max"":1.8,""atr_ratio_min"":0.65,""bb_width_percentile_max"":0.25,""breakout_range_atr"":1.2,""cci_level"":100.0,""context"":""BEAR_BREAKOUT"",""direction"":""SHORT"",""ema_touch_atr"":0.2,""max_hold_bars"":72,""range_adx_max"":22.0,""range_ema_separation_atr"":0.25,""require_confirmation_break"":true,""require_vwap"":true,""rsi_level"":60.0,""rsi_reclaim"":48.0,""setup"":""breakout"",""stop_atr"":2.0,""target_rr"":1.25,""trend_adx_min"":22.0,""trend_ema_separation_atr"":0.3,""vwap_distance_atr"":0.5}"
2023-01 to 2023-06,2020-01-01T00:00:00+00:00,2023-01-01T00:00:00+00:00,BEAR_BREAKOUT,BEAR_BREAKOUT-C02,55,-33.269732,0.362743,0.182125,False,,False,"{""atr_ratio_max"":1.5,""atr_ratio_min"":0.85,""bb_width_percentile_max"":0.35,""breakout_range_atr"":1.0,""cci_level"":125.0,""context"":""BEAR_BREAKOUT"",""direction"":""SHORT"",""ema_touch_atr"":0.2,""max_hold_bars"":72,""range_adx_max"":22.0,""range_ema_separation_atr"":0.1,""require_confirmation_break"":false,""require_vwap"":true,""rsi_level"":60.0,""rsi_reclaim"":50.0,""setup"":""breakout"",""stop_atr"":1.25,""target_rr"":2.0,""trend_adx_min"":18.0,""trend_ema_separation_atr"":0.05,""vwap_distance_atr"":0.0}"
2023-01 to 2023-06,2020-01-01T00:00:00+00:00,2023-01-01T00:00:00+00:00,BEAR_BREAKOUT,BEAR_BREAKOUT-C03,21,-11.343886,0.253816,0.017388,False,,False,"{""atr_ratio_max"":2.1,""atr_ratio_min"":0.45,""bb_width_percentile_max"":0.35,""breakout_range_atr"":0.8,""cci_level"":75.0,""context"":""BEAR_BREAKOUT"",""direction"":""SHORT"",""ema_touch_atr"":0.4,""max_hold_bars"":24,""range_adx_max"":18.0,""range_ema_separation_atr"":0.1,""require_confirmation_break"":true,""require_vwap"":true,""rsi_level"":65.0,""rsi_reclaim"":48.0,""setup"":""breakout"",""stop_atr"":2.0,""target_rr"":1.25,""trend_adx_min"":26.0,""trend_ema_separation_atr"":0.3,""vwap_distance_atr"":0.0}"
2023-01 to 2023-06,2020-01-01T00:00:00+00:00,2023-01-01T00:00:00+00:00,BEAR_BREAKOUT,BEAR_BREAKOUT-C04,25,-16.905022,0.361673,0.244216,False,,False,"{""atr_ratio_max"":1.8,""atr_ratio_min"":0.85,""bb_width_percentile_max"":0.35,""breakout_range_atr"":0.8,""cci_level"":75.0,""context"":""BEAR_BREAKOUT"",""direction"":""SHORT"",""ema_touch_atr"":0.0,""max_hold_bars"":72,""range_adx_max"":18.0,""range_ema_separation_atr"":0.25,""require_confirmation_break"":false,""require_vwap"":true,""rsi_level"":65.0,""rsi_reclaim"":50.0,""setup"":""breakout"",""stop_atr"":1.25,""target_rr"":2.0,""trend_adx_min"":22.0,""trend_ema_separation_atr"":0.3,""vwap_distance_atr"":0.0}"
2023-01 to 2023-06,2020-01-01T00:00:00+00:00,2023-01-01T00:00:00+00:00,BEAR_BREAKOUT,BEAR_BREAKOUT-C05,23,-15.780916,0.281523,0.167309,False,,False,"{""atr_ratio_max"":2.1,""atr_ratio_min"":0.65,""bb_width_percentile_max"":0.25,""breakout_range_atr"":1.2,""cci_level"":125.0,""context"":""BEAR_BREAKOUT"",""direction"":""SHORT"",""ema_touch_atr"":0.0,""max_hold_bars"":72,""range_adx_max"":18.0,""range_ema_separation_atr"":0.25,""require_confirmation_break"":true,""require_vwap"":false,""rsi_level"":60.0,""rsi_reclaim"":50.0,""setup"":""breakout"",""stop_atr"":1.25,""target_rr"":1.5,""trend_adx_min"":26.0,""trend_ema_separation_atr"":0.05,""vwap_distance_atr"":0.5}"
2023-01 to 2023-06,2020-01-01T00:00:00+00:00,2023-01-01T00:00:00+00:00,BEAR_BREAKOUT,BEAR_BREAKOUT-C06,27,-16.93768,0.249066,0.098111,False,,False,"{""atr_ratio_max"":1.5,""atr_ratio_min"":0.45,""bb_width_percentile_max"":0.15,""breakout_range_atr"":0.8,""cci_level"":125.0,""context"":""BEAR_BREAKOUT"",""direction"":""SHORT"",""ema_touch_atr"":0.4,""max_hold_bars"":48,""range_adx_max"":14.0,""range_ema_separation_atr"":0.4,""require_confirmation_break"":false,""require_vwap"":false,""rsi_level"":55.0,""rsi_reclaim"":52.0,""setup"":""breakout"",""stop_atr"":1.5,""target_rr"":1.5,""trend_adx_min"":22.0,""trend_ema_separation_atr"":0.05,""vwap_distance_atr"":0.25}"
2023-01 to 2023-06,2020-01-01T00:00:00+00:00,2023-01-01T00:00:00+00:00,BEAR_BREAKOUT,BEAR_BREAKOUT-C07,7,-3.391866,0.412601,0.0,False,,False,"{""atr_ratio_max"":2.1,""atr_ratio_min"":0.45,""bb_width_percentile_max"":0.15,""breakout_range_atr"":1.2,""cci_level"":100.0,""context"":""BEAR_BREAKOUT"",""direction"":""SHORT"",""ema_touch_atr"":0.0,""max_hold_bars"":48,""range_adx_max"":22.0,""range_ema_separation_atr"":0.4,""require_confirmation_break"":true,""require_vwap"":false,""rsi_level"":65.0,""rsi_reclaim"":48.0,""setup"":""breakout"",""stop_atr"":2.0,""target_rr"":1.5,""trend_adx_min"":26.0,""trend_ema_separation_atr"":0.15,""vwap_distance_atr"":0.5}"
2023-01 to 2023-06,2020-01-01T00:00:00+00:00,2023-01-01T00:00:00+00:00,BEAR_BREAKOUT,BEAR_BREAKOUT-C08,18,-13.980245,0.302417,0.0,False,,False,"{""atr_ratio_max"":1.5,""atr_ratio_min"":0.85,""bb_width_percentile_max"":0.15,""breakout_range_atr"":1.2,""cci_level"":75.0,""context"":""BEAR_BREAKOUT"",""direction"":""SHORT"",""ema_touch_atr"":0.2,""max_hold_bars"":48,""range_adx_max"":18.0,""range_ema_separation_atr"":0.25,""require_confirmation_break"":false,""require_vwap"":false,""rsi_level"":60.0,""rsi_reclaim"":52.0,""setup"":""breakout"",""stop_atr"":1.5,""target_rr"":2.0,""trend_adx_min"":18.0,""trend_ema_separation_atr"":0.3,""vwap_distance_atr"":0.25}"
2023-01 to 2023-06,2020-01-01T00:00:00+00:00,2023-01-01T00:00:00+00:00,BEAR_BREAKOUT,BEAR_BREAKOUT-C09,34,-22.14404,0.256421,0.206975,False,,False,"{""atr_ratio_max"":1.8,""atr_ratio_min"":0.85,""bb_width_percentile_max"":0.25,""breakout_range_atr"":0.8,""cci_level"":75.0,""context"":""BEAR_BREAKOUT"",""direction"":""SHORT"",""ema_touch_atr"":0.4,""max_hold_bars"":48,""range_adx_max"":22.0,""range_ema_separation_atr"":0.4,""require_confirmation_break"":true,""require_vwap"":false,""rsi_level"":55.0,""rsi_reclaim"":50.0,""setup"":""breakout"",""stop_atr"":1.5,""target_rr"":1.25,""trend_adx_min"":22.0,""trend_ema_separation_atr"":0.15,""vwap_distance_atr"":0.5}"
2023-01 to 2023-06,2020-01-01T00:00:00+00:00,2023-01-01T00:00:00+00:00,BEAR_BREAKOUT,BEAR_BREAKOUT-C10,76,-36.655606,0.284643,0.128261,False,,False,"{""atr_ratio_max"":1.8,""atr_ratio_min"":0.45,""bb_width_percentile_max"":0.35,""breakout_range_atr"":1.0,""cci_level"":100.0,""context"":""BEAR_BREAKOUT"",""direction"":""SHORT"",""ema_touch_atr"":0.4,""max_hold_bars"":24,""range_adx_max"":14.0,""range_ema_separation_atr"":0.1,""require_confirmation_break"":false,""require_vwap"":true,""rsi_level"":55.0,""rsi_reclaim"":52.0,""setup"":""breakout"",""stop_atr"":1.25,""target_rr"":1.25,""trend_adx_min"":18.0,""trend_ema_separation_atr"":0.05,""vwap_distance_atr"":0.25}"
2023-01 to 2023-06,2020-01-01T00:00:00+00:00,2023-01-01T00:00:00+00:00,BEAR_BREAKOUT,BEAR_BREAKOUT-C11,29,-18.52487,0.143394,0.0,False,,False,"{""atr_ratio_max"":1.5,""atr_ratio_min"":0.65,""bb_width_percentile_max"":0.25,""breakout_range_atr"":1.0,""cci_level"":125.0,""context"":""BEAR_BREAKOUT"",""direction"":""SHORT"",""ema_touch_atr"":0.0,""max_hold_bars"":24,""range_adx_max"":14.0,""range_ema_separation_atr"":0.1,""require_confirmation_break"":false,""require_vwap"":true,""rsi_level"":65.0,""rsi_reclaim"":48.0,""setup"":""breakout"",""stop_atr"":2.0,""target_rr"":2.0,""trend_adx_min"":18.0,""trend_ema_separation_atr"":0.15,""vwap_distance_atr"":0.25}"
2023-01 to 2023-06,2020-01-01T00:00:00+00:00,2023-01-01T00:00:00+00:00,BEAR_BREAKOUT,BEAR_BREAKOUT-C12,17,-7.716756,0.343851,0.146239,False,,False,"{""atr_ratio_max"":2.1,""atr_ratio_min"":0.65,""bb_width_percentile_max"":0.15,""breakout_range_atr"":1.0,""cci_level"":100.0,""context"":""BEAR_BREAKOUT"",""direction"":""SHORT"",""ema_touch_atr"":0.2,""max_hold_bars"":24,""range_adx_max"":14.0,""range_ema_separation_atr"":0.4,""require_confirmation_break"":true,""require_vwap"":false,""rsi_level"":55.0,""rsi_reclaim"":52.0,""setup"":""breakout"",""stop_atr"":1.5,""target_rr"":1.5,""trend_adx_min"":26.0,""trend_ema_separation_atr"":0.15,""vwap_distance_atr"":0.0}"
2023-01 to 2023-06,2020-01-01T00:00:00+00:00,2023-01-01T00:00:00+00:00,BEAR_PULLBACK,BEAR_PULLBACK-C01,23,-6.961763,0.563782,0.157311,False,,False,"{""atr_ratio_max"":1.8,""atr_ratio_min"":0.65,""bb_width_percentile_max"":0.35,""breakout_range_atr"":1.0,""cci_level"":25.0,""context"":""BEAR_PULLBACK"",""direction"":""SHORT"",""ema_touch_atr"":0.4,""max_hold_bars"":24,""range_adx_max"":22.0,""range_ema_separation_atr"":0.1,""require_confirmation_break"":false,""require_vwap"":false,""rsi_level"":45.0,""rsi_reclaim"":52.0,""setup"":""pullback"",""stop_atr"":1.25,""target_rr"":1.5,""trend_adx_min"":18.0,""trend_ema_separation_atr"":0.3,""vwap_distance_atr"":0.0}"
2023-01 to 2023-06,2020-01-01T00:00:00+00:00,2023-01-01T00:00:00+00:00,BEAR_PULLBACK,BEAR_PULLBACK-C02,39,-13.918154,0.499513,0.336242,False,,False,"{""atr_ratio_max"":1.8,""atr_ratio_min"":0.45,""bb_width_percentile_max"":0.25,""breakout_range_atr"":1.2,""cci_level"":0.0,""context"":""BEAR_PULLBACK"",""direction"":""SHORT"",""ema_touch_atr"":0.2,""max_hold_bars"":48,""range_adx_max"":14.0,""range_ema_separation_atr"":0.4,""require_confirmation_break"":true,""require_vwap"":false,""rsi_level"":45.0,""rsi_reclaim"":52.0,""setup"":""pullback"",""stop_atr"":2.0,""target_rr"":1.25,""trend_adx_min"":18.0,""trend_ema_separation_atr"":0.05,""vwap_distance_atr"":0.5}"
2023-01 to 2023-06,2020-01-01T00:00:00+00:00,2023-01-01T00:00:00+00:00,BEAR_PULLBACK,BEAR_PULLBACK-C03,6,-8.314552,0.0,0.0,False,,False,"{""atr_ratio_max"":2.1,""atr_ratio_min"":0.85,""bb_width_percentile_max"":0.35,""breakout_range_atr"":0.8,""cci_level"":0.0,""context"":""BEAR_PULLBACK"",""direction"":""SHORT"",""ema_touch_atr"":0.2,""max_hold_bars"":72,""range_adx_max"":14.0,""range_ema_separation_atr"":0.1,""require_confirmation_break"":true,""require_vwap"":true,""rsi_level"":48.0,""rsi_reclaim"":50.0,""setup"":""pullback"",""stop_atr"":2.0,""target_rr"":1.25,""trend_adx_min"":26.0,""trend_ema_separation_atr"":0.15,""vwap_distance_atr"":0.5}"
2023-01 to 2023-06,2020-01-01T00:00:00+00:00,2023-01-01T00:00:00+00:00,BEAR_PULLBACK,BEAR_PULLBACK-C04,18,-16.220876,0.06305,0.0,False,,False,"{""atr_ratio_max"":1.5,""atr_ratio_min"":0.85,""bb_width_percentile_max"":0.25,""breakout_range_atr"":1.2,""cci_level"":0.0,""context"":""BEAR_PULLBACK"",""direction"":""SHORT"",""ema_touch_atr"":0.0,""max_hold_bars"":24,""range_adx_max"":18.0,""range_ema_separation_atr"":0.1,""require_confirmation_break"":false,""require_vwap"":true,""rsi_level"":48.0,""rsi_reclaim"":48.0,""setup"":""pullback"",""stop_atr"":1.5,""target_rr"":2.0,""trend_adx_min"":22.0,""trend_ema_separation_atr"":0.05,""vwap_distance_atr"":0.5}"
2023-01 to 2023-06,2020-01-01T00:00:00+00:00,2023-01-01T00:00:00+00:00,BEAR_PULLBACK,BEAR_PULLBACK-C05,1,1.303561,,,False,,False,"{""atr_ratio_max"":2.1,""atr_ratio_min"":0.65,""bb_width_percentile_max"":0.25,""breakout_range_atr"":1.2,""cci_level"":50.0,""context"":""BEAR_PULLBACK"",""direction"":""SHORT"",""ema_touch_atr"":0.0,""max_hold_bars"":48,""range_adx_max"":22.0,""range_ema_separation_atr"":0.4,""require_confirmation_break"":true,""require_vwap"":true,""rsi_level"":40.0,""rsi_reclaim"":48.0,""setup"":""pullback"",""stop_atr"":2.0,""target_rr"":1.5,""trend_adx_min"":22.0,""trend_ema_separation_atr"":0.3,""vwap_distance_atr"":0.25}"
2023-01 to 2023-06,2020-01-01T00:00:00+00:00,2023-01-01T00:00:00+00:00,BEAR_PULLBACK,BEAR_PULLBACK-C06,7,-3.348245,0.350365,0.690725,False,,False,"{""atr_ratio_max"":1.8,""atr_ratio_min"":0.45,""bb_width_percentile_max"":0.15,""breakout_range_atr"":0.8,""cci_level"":50.0,""context"":""BEAR_PULLBACK"",""direction"":""SHORT"",""ema_touch_atr"":0.2,""max_hold_bars"":24,""range_adx_max"":22.0,""range_ema_separation_atr"":0.1,""require_confirmation_break"":true,""require_vwap"":false,""rsi_level"":48.0,""rsi_reclaim"":48.0,""setup"":""pullback"",""stop_atr"":1.5,""target_rr"":2.0,""trend_adx_min"":26.0,""trend_ema_separation_atr"":0.05,""vwap_distance_atr"":0.0}"
2023-01 to 2023-06,2020-01-01T00:00:00+00:00,2023-01-01T00:00:00+00:00,BEAR_PULLBACK,BEAR_PULLBACK-C07,7,-2.971217,0.478935,0.0,False,,False,"{""atr_ratio_max"":1.5,""atr_ratio_min"":0.85,""bb_width_percentile_max"":0.15,""breakout_range_atr"":0.8,""cci_level"":25.0,""context"":""BEAR_PULLBACK"",""direction"":""SHORT"",""ema_touch_atr"":0.4,""max_hold_bars"":48,""range_adx_max"":18.0,""range_ema_separation_atr"":0.25,""require_confirmation_break"":false,""require_vwap"":true,""rsi_level"":45.0,""rsi_reclaim"":52.0,""setup"":""pullback"",""stop_atr"":2.0,""target_rr"":1.5,""trend_adx_min"":22.0,""trend_ema_separation_atr"":0.05,""vwap_distance_atr"":0.25}"
2023-01 to 2023-06,2020-01-01T00:00:00+00:00,2023-01-01T00:00:00+00:00,BEAR_PULLBACK,BEAR_PULLBACK-C08,5,-6.018901,0.038302,0.064756,False,,False,"{""atr_ratio_max"":1.8,""atr_ratio_min"":0.65,""bb_width_percentile_max"":0.15,""breakout_range_atr"":1.0,""cci_level"":50.0,""context"":""BEAR_PULLBACK"",""direction"":""SHORT"",""ema_touch_atr"":0.4,""max_hold_bars"":48,""range_adx_max"":22.0,""range_ema_separation_atr"":0.25,""require_confirmation_break"":true,""require_vwap"":false,""rsi_level"":48.0,""rsi_reclaim"":50.0,""setup"":""pullback"",""stop_atr"":1.5,""target_rr"":2.0,""trend_adx_min"":26.0,""trend_ema_separation_atr"":0.15,""vwap_distance_atr"":0.25}"
2023-01 to 2023-06,2020-01-01T00:00:00+00:00,2023-01-01T00:00:00+00:00,BEAR_PULLBACK,BEAR_PULLBACK-C09,5,-3.225601,0.268712,,False,,False,"{""atr_ratio_max"":1.5,""atr_ratio_min"":0.45,""bb_width_percentile_max"":0.35,""breakout_range_atr"":0.8,""cci_level"":50.0,""context"":""BEAR_PULLBACK"",""direction"":""SHORT"",""ema_touch_atr"":0.4,""max_hold_bars"":24,""range_adx_max"":18.0,""range_ema_separation_atr"":0.4,""require_confirmation_break"":false,""require_vwap"":true,""rsi_level"":45.0,""rsi_reclaim"":52.0,""setup"":""pullback"",""stop_atr"":1.25,""target_rr"":1.5,""trend_adx_min"":22.0,""trend_ema_separation_atr"":0.15,""vwap_distance_atr"":0.0}"
2023-01 to 2023-06,2020-01-01T00:00:00+00:00,2023-01-01T00:00:00+00:00,BEAR_PULLBACK,BEAR_PULLBACK-C10,2,-0.276093,0.859243,,False,,False,"{""atr_ratio_max"":1.5,""atr_ratio_min"":0.85,""bb_width_percentile_max"":0.35,""breakout_range_atr"":1.0,""cci_level"":25.0,""context"":""BEAR_PULLBACK"",""direction"":""SHORT"",""ema_touch_atr"":0.0,""max_hold_bars"":72,""range_adx_max"":14.0,""range_ema_separation_atr"":0.4,""require_confirmation_break"":false,""require_vwap"":true,""rsi_level"":40.0,""rsi_reclaim"":50.0,""setup"":""pullback"",""stop_atr"":1.25,""target_rr"":2.0,""trend_adx_min"":18.0,""trend_ema_separation_atr"":0.15,""vwap_distance_atr"":0.25}"
2023-01 to 2023-06,2020-01-01T00:00:00+00:00,2023-01-01T00:00:00+00:00,BEAR_PULLBACK,BEAR_PULLBACK-C11,3,-0.098258,0.950005,,False,,False,"{""atr_ratio_max"":2.1,""atr_ratio_min"":0.45,""bb_width_percentile_max"":0.25,""breakout_range_atr"":1.2,""cci_level"":25.0,""context"":""BEAR_PULLBACK"",""direction"":""SHORT"",""ema_touch_atr"":0.2,""max_hold_bars"":72,""range_adx_max"":14.0,""range_ema_separation_atr"":0.25,""require_confirmation_break"":false,""require_vwap"":false,""rsi_level"":40.0,""rsi_reclaim"":50.0,""setup"":""pullback"",""stop_atr"":1.5,""target_rr"":1.25,""trend_adx_min"":18.0,""trend_ema_separation_atr"":0.3,""vwap_distance_atr"":0.5}"
2023-01 to 2023-06,2020-01-01T00:00:00+00:00,2023-01-01T00:00:00+00:00,BEAR_PULLBACK,BEAR_PULLBACK-C12,2,-0.575358,0.598609,,False,,False,"{""atr_ratio_max"":2.1,""atr_ratio_min"":0.65,""bb_width_percentile_max"":0.15,""breakout_range_atr"":1.0,""cci_level"":0.0,""context"":""BEAR_PULLBACK"",""direction"":""SHORT"",""ema_touch_atr"":0.0,""max_hold_bars"":72,""range_adx_max"":18.0,""range_ema_separation_atr"":0.25,""require_confirmation_break"":true,""require_vwap"":false,""rsi_level"":40.0,""rsi_reclaim"":48.0,""setup"":""pullback"",""stop_atr"":1.25,""target_rr"":1.25,""trend_adx_min"":26.0,""trend_ema_separation_atr"":0.3,""vwap_distance_atr"":0.0}"
2023-01 to 2023-06,2020-01-01T00:00:00+00:00,2023-01-01T00:00:00+00:00,BULL_BREAKOUT,BULL_BREAKOUT-C01,48,-29.935676,0.219489,0.07116,False,,False,"{""atr_ratio_max"":1.8,""atr_ratio_min"":0.65,""bb_width_percentile_max"":0.25,""breakout_range_atr"":1.0,""cci_level"":75.0,""context"":""BULL_BREAKOUT"",""direction"":""LONG"",""ema_touch_atr"":0.2,""max_hold_bars"":72,""range_adx_max"":22.0,""range_ema_separation_atr"":0.25,""require_confirmation_break"":false,""require_vwap"":true,""rsi_level"":60.0,""rsi_reclaim"":48.0,""setup"":""breakout"",""stop_atr"":2.0,""target_rr"":1.25,""trend_adx_min"":18.0,""trend_ema_separation_atr"":0.3,""vwap_distance_atr"":0.5}"
2023-01 to 2023-06,2020-01-01T00:00:00+00:00,2023-01-01T00:00:00+00:00,BULL_BREAKOUT,BULL_BREAKOUT-C02,35,-16.443451,0.296462,0.011948,False,,False,"{""atr_ratio_max"":1.5,""atr_ratio_min"":0.65,""bb_width_percentile_max"":0.35,""breakout_range_atr"":0.8,""cci_level"":125.0,""context"":""BULL_BREAKOUT"",""direction"":""LONG"",""ema_touch_atr"":0.4,""max_hold_bars"":24,""range_adx_max"":14.0,""range_ema_separation_atr"":0.4,""require_confirmation_break"":false,""require_vwap"":true,""rsi_level"":55.0,""rsi_reclaim"":48.0,""setup"":""breakout"",""stop_atr"":2.0,""target_rr"":1.25,""trend_adx_min"":26.0,""trend_ema_separation_atr"":0.15,""vwap_distance_atr"":0.0}"
2023-01 to 2023-06,2020-01-01T00:00:00+00:00,2023-01-01T00:00:00+00:00,BULL_BREAKOUT,BULL_BREAKOUT-C03,24,-14.354384,0.299792,0.0,False,,False,"{""atr_ratio_max"":2.1,""atr_ratio_min"":0.45,""bb_width_percentile_max"":0.35,""breakout_range_atr"":1.2,""cci_level"":125.0,""context"":""BULL_BREAKOUT"",""direction"":""LONG"",""ema_touch_atr"":0.4,""max_hold_bars"":72,""range_adx_max"":18.0,""range_ema_separation_atr"":0.4,""require_confirmation_break"":true,""require_vwap"":false,""rsi_level"":65.0,""rsi_reclaim"":50.0,""setup"":""breakout"",""stop_atr"":2.0,""target_rr"":2.0,""trend_adx_min"":26.0,""trend_ema_separation_atr"":0.05,""vwap_distance_atr"":0.0}"
2023-01 to 2023-06,2020-01-01T00:00:00+00:00,2023-01-01T00:00:00+00:00,BULL_BREAKOUT,BULL_BREAKOUT-C04,40,-19.390112,0.355191,0.171782,False,,False,"{""atr_ratio_max"":2.1,""atr_ratio_min"":0.65,""bb_width_percentile_max"":0.25,""breakout_range_atr"":0.8,""cci_level"":100.0,""context"":""BULL_BREAKOUT"",""direction"":""LONG"",""ema_touch_atr"":0.4,""max_hold_bars"":48,""range_adx_max"":22.0,""range_ema_separation_atr"":0.1,""require_confirmation_break"":true,""require_vwap"":true,""rsi_level"":55.0,""rsi_reclaim"":52.0,""setup"":""breakout"",""stop_atr"":1.5,""target_rr"":1.5,""trend_adx_min"":22.0,""trend_ema_separation_atr"":0.3,""vwap_distance_atr"":0.0}"
2023-01 to 2023-06,2020-01-01T00:00:00+00:00,2023-01-01T00:00:00+00:00,BULL_BREAKOUT,BULL_BREAKOUT-C05,30,-14.640142,0.298326,0.0,False,,False,"{""atr_ratio_max"":1.5,""atr_ratio_min"":0.45,""bb_width_percentile_max"":0.35,""breakout_range_atr"":1.0,""cci_level"":100.0,""context"":""BULL_BREAKOUT"",""direction"":""LONG"",""ema_touch_atr"":0.0,""max_hold_bars"":24,""range_adx_max"":18.0,""range_ema_separation_atr"":0.1,""require_confirmation_break"":true,""require_vwap"":false,""rsi_level"":60.0,""rsi_reclaim"":48.0,""setup"":""breakout"",""stop_atr"":1.25,""target_rr"":1.5,""trend_adx_min"":26.0,""trend_ema_separation_atr"":0.15,""vwap_distance_atr"":0.5}"
2023-01 to 2023-06,2020-01-01T00:00:00+00:00,2023-01-01T00:00:00+00:00,BULL_BREAKOUT,BULL_BREAKOUT-C06,24,-13.296642,0.317947,0.0,False,,False,"{""atr_ratio_max"":1.8,""atr_ratio_min"":0.45,""bb_width_percentile_max"":0.35,""breakout_range_atr"":1.0,""cci_level"":75.0,""context"":""BULL_BREAKOUT"",""direction"":""LONG"",""ema_touch_atr"":0.0,""max_hold_bars"":48,""range_adx_max"":14.0,""range_ema_separation_atr"":0.4,""require_confirmation_break"":true,""require_vwap"":false,""rsi_level"":65.0,""rsi_reclaim"":48.0,""setup"":""breakout"",""stop_atr"":1.25,""target_rr"":1.5,""trend_adx_min"":26.0,""trend_ema_separation_atr"":0.3,""vwap_distance_atr"":0.5}"
2023-01 to 2023-06,2020-01-01T00:00:00+00:00,2023-01-01T00:00:00+00:00,BULL_BREAKOUT,BULL_BREAKOUT-C07,21,-9.762766,0.377944,0.0,False,,False,"{""atr_ratio_max"":1.8,""atr_ratio_min"":0.65,""bb_width_percentile_max"":0.25,""breakout_range_atr"":1.2,""cci_level"":100.0,""context"":""BULL_BREAKOUT"",""direction"":""LONG"",""ema_touch_atr"":0.2,""max_hold_bars"":72,""range_adx_max"":18.0,""range_ema_separation_atr"":0.1,""require_confirmation_break"":false,""require_vwap"":false,""rsi_level"":65.0,""rsi_reclaim"":52.0,""setup"":""breakout"",""stop_atr"":1.25,""target_rr"":1.25,""trend_adx_min"":22.0,""trend_ema_separation_atr"":0.3,""vwap_distance_atr"":0.0}"
2023-01 to 2023-06,2020-01-01T00:00:00+00:00,2023-01-01T00:00:00+00:00,BULL_BREAKOUT,BULL_BREAKOUT-C08,21,-8.402167,0.482692,0.385486,False,,False,"{""atr_ratio_max"":1.5,""atr_ratio_min"":0.85,""bb_width_percentile_max"":0.15,""breakout_range_atr"":0.8,""cci_level"":75.0,""context"":""BULL_BREAKOUT"",""direction"":""LONG"",""ema_touch_atr"":0.2,""max_hold_bars"":48,""range_adx_max"":22.0,""range_ema_separation_atr"":0.25,""require_confirmation_break"":true,""require_vwap"":true,""rsi_level"":60.0,""rsi_reclaim"":50.0,""setup"":""breakout"",""stop_atr"":2.0,""target_rr"":1.5,""trend_adx_min"":18.0,""trend_ema_separation_atr"":0.15,""vwap_distance_atr"":0.25}"
2023-01 to 2023-06,2020-01-01T00:00:00+00:00,2023-01-01T00:00:00+00:00,BULL_BREAKOUT,BULL_BREAKOUT-C09,14,-8.665672,0.266123,0.012075,False,,False,"{""atr_ratio_max"":2.1,""atr_ratio_min"":0.45,""bb_width_percentile_max"":0.15,""breakout_range_atr"":1.0,""cci_level"":75.0,""context"":""BULL_BREAKOUT"",""direction"":""LONG"",""ema_touch_atr"":0.0,""max_hold_bars"":24,""range_adx_max"":14.0,""range_ema_separation_atr"":0.1,""require_confirmation_break"":false,""require_vwap"":false,""rsi_level"":65.0,""rsi_reclaim"":50.0,""setup"":""breakout"",""stop_atr"":1.25,""target_rr"":2.0,""trend_adx_min"":22.0,""trend_ema_separation_atr"":0.05,""vwap_distance_atr"":0.25}"
2023-01 to 2023-06,2020-01-01T00:00:00+00:00,2023-01-01T00:00:00+00:00,BULL_BREAKOUT,BULL_BREAKOUT-C10,40,-26.850961,0.227994,0.156694,False,,False,"{""atr_ratio_max"":1.5,""atr_ratio_min"":0.85,""bb_width_percentile_max"":0.25,""breakout_range_atr"":1.2,""cci_level"":100.0,""context"":""BULL_BREAKOUT"",""direction"":""LONG"",""ema_touch_atr"":0.2,""max_hold_bars"":48,""range_adx_max"":22.0,""range_ema_separation_atr"":0.4,""require_confirmation_break"":true,""require_vwap"":true,""rsi_level"":55.0,""rsi_reclaim"":52.0,""setup"":""breakout"",""stop_atr"":1.5,""target_rr"":1.25,""trend_adx_min"":18.0,""trend_ema_separation_atr"":0.05,""vwap_distance_atr"":0.25}"
2023-01 to 2023-06,2020-01-01T00:00:00+00:00,2023-01-01T00:00:00+00:00,BULL_BREAKOUT,BULL_BREAKOUT-C11,17,-8.132717,0.503199,0.279739,False,,False,"{""atr_ratio_max"":2.1,""atr_ratio_min"":0.85,""bb_width_percentile_max"":0.15,""breakout_range_atr"":0.8,""cci_level"":125.0,""context"":""BULL_BREAKOUT"",""direction"":""LONG"",""ema_touch_atr"":0.0,""max_hold_bars"":72,""range_adx_max"":14.0,""range_ema_separation_atr"":0.25,""require_confirmation_break"":false,""require_vwap"":false,""rsi_level"":55.0,""rsi_reclaim"":50.0,""setup"":""breakout"",""stop_atr"":1.5,""target_rr"":2.0,""trend_adx_min"":22.0,""trend_ema_separation_atr"":0.15,""vwap_distance_atr"":0.5}"
2023-01 to 2023-06,2020-01-01T00:00:00+00:00,2023-01-01T00:00:00+00:00,BULL_BREAKOUT,BULL_BREAKOUT-C12,16,-9.601549,0.293766,0.0,False,,False,"{""atr_ratio_max"":1.8,""atr_ratio_min"":0.85,""bb_width_percentile_max"":0.15,""breakout_range_atr"":1.2,""cci_level"":125.0,""context"":""BULL_BREAKOUT"",""direction"":""LONG"",""ema_touch_atr"":0.4,""max_hold_bars"":24,""range_adx_max"":18.0,""range_ema_separation_atr"":0.25,""require_confirmation_break"":false,""require_vwap"":true,""rsi_level"":60.0,""rsi_reclaim"":52.0,""setup"":""breakout"",""stop_atr"":1.5,""target_rr"":2.0,""trend_adx_min"":18.0,""trend_ema_separation_atr"":0.05,""vwap_distance_atr"":0.25}"
2023-01 to 2023-06,2020-01-01T00:00:00+00:00,2023-01-01T00:00:00+00:00,BULL_PULLBACK,BULL_PULLBACK-C01,5,-2.403734,0.571872,0.442153,False,,False,"{""atr_ratio_max"":2.1,""atr_ratio_min"":0.85,""bb_width_percentile_max"":0.15,""breakout_range_atr"":1.0,""cci_level"":0.0,""context"":""BULL_PULLBACK"",""direction"":""LONG"",""ema_touch_atr"":0.2,""max_hold_bars"":24,""range_adx_max"":18.0,""range_ema_separation_atr"":0.4,""require_confirmation_break"":true,""require_vwap"":false,""rsi_level"":40.0,""rsi_reclaim"":50.0,""setup"":""pullback"",""stop_atr"":1.5,""target_rr"":2.0,""trend_adx_min"":18.0,""trend_ema_separation_atr"":0.15,""vwap_distance_atr"":0.25}"
2023-01 to 2023-06,2020-01-01T00:00:00+00:00,2023-01-01T00:00:00+00:00,BULL_PULLBACK,BULL_PULLBACK-C02,2,-1.279047,0.405874,,False,,False,"{""atr_ratio_max"":1.8,""atr_ratio_min"":0.45,""bb_width_percentile_max"":0.15,""breakout_range_atr"":1.2,""cci_level"":50.0,""context"":""BULL_PULLBACK"",""direction"":""LONG"",""ema_touch_atr"":0.2,""max_hold_bars"":48,""range_adx_max"":22.0,""range_ema_separation_atr"":0.25,""require_confirmation_break"":false,""require_vwap"":true,""rsi_level"":40.0,""rsi_reclaim"":48.0,""setup"":""pullback"",""stop_atr"":1.25,""target_rr"":1.25,""trend_adx_min"":18.0,""trend_ema_separation_atr"":0.15,""vwap_distance_atr"":0.5}"
2023-01 to 2023-06,2020-01-01T00:00:00+00:00,2023-01-01T00:00:00+00:00,BULL_PULLBACK,BULL_PULLBACK-C03,2,-0.135463,0.922562,,False,,False,"{""atr_ratio_max"":1.5,""atr_ratio_min"":0.45,""bb_width_percentile_max"":0.25,""breakout_range_atr"":0.8,""cci_level"":25.0,""context"":""BULL_PULLBACK"",""direction"":""LONG"",""ema_touch_atr"":0.0,""max_hold_bars"":48,""range_adx_max"":18.0,""range_ema_separation_atr"":0.4,""require_confirmation_break"":false,""require_vwap"":false,""rsi_level"":40.0,""rsi_reclaim"":50.0,""setup"":""pullback"",""stop_atr"":2.0,""target_rr"":2.0,""trend_adx_min"":22.0,""trend_ema_separation_atr"":0.15,""vwap_distance_atr"":0.5}"
2023-01 to 2023-06,2020-01-01T00:00:00+00:00,2023-01-01T00:00:00+00:00,BULL_PULLBACK,BULL_PULLBACK-C04,5,-0.864156,0.753135,,False,,False,"{""atr_ratio_max"":2.1,""atr_ratio_min"":0.85,""bb_width_percentile_max"":0.15,""breakout_range_atr"":1.0,""cci_level"":0.0,""context"":""BULL_PULLBACK"",""direction"":""LONG"",""ema_touch_atr"":0.4,""max_hold_bars"":48,""range_adx_max"":14.0,""range_ema_separation_atr"":0.1,""require_confirmation_break"":true,""require_vwap"":false,""rsi_level"":45.0,""rsi_reclaim"":52.0,""setup"":""pullback"",""stop_atr"":1.25,""target_rr"":1.25,""trend_adx_min"":26.0,""trend_ema_separation_atr"":0.3,""vwap_distance_atr"":0.5}"
2023-01 to 2023-06,2020-01-01T00:00:00+00:00,2023-01-01T00:00:00+00:00,BULL_PULLBACK,BULL_PULLBACK-C05,3,-1.414973,0.440531,,False,,False,"{""atr_ratio_max"":1.8,""atr_ratio_min"":0.45,""bb_width_percentile_max"":0.15,""breakout_range_atr"":1.2,""cci_level"":25.0,""context"":""BULL_PULLBACK"",""direction"":""LONG"",""ema_touch_atr"":0.0,""max_hold_bars"":24,""range_adx_max"":22.0,""range_ema_separation_atr"":0.1,""require_confirmation_break"":false,""require_vwap"":false,""rsi_level"":40.0,""rsi_reclaim"":48.0,""setup"":""pullback"",""stop_atr"":1.5,""target_rr"":1.5,""trend_adx_min"":22.0,""trend_ema_separation_atr"":0.15,""vwap_distance_atr"":0.0}"
2023-01 to 2023-06,2020-01-01T00:00:00+00:00,2023-01-01T00:00:00+00:00,BULL_PULLBACK,BULL_PULLBACK-C06,64,-27.579975,0.391636,0.359021,False,,False,"{""atr_ratio_max"":1.8,""atr_ratio_min"":0.85,""bb_width_percentile_max"":0.25,""breakout_range_atr"":1.2,""cci_level"":0.0,""context"":""BULL_PULLBACK"",""direction"":""LONG"",""ema_touch_atr"":0.0,""max_hold_bars"":24,""range_adx_max"":18.0,""range_ema_separation_atr"":0.1,""require_confirmation_break"":true,""require_vwap"":false,""rsi_level"":48.0,""rsi_reclaim"":50.0,""setup"":""pullback"",""stop_atr"":2.0,""target_rr"":1.5,""trend_adx_min"":18.0,""trend_ema_separation_atr"":0.3,""vwap_distance_atr"":0.0}"
2023-01 to 2023-06,2020-01-01T00:00:00+00:00,2023-01-01T00:00:00+00:00,BULL_PULLBACK,BULL_PULLBACK-C07,3,3.588561,,,False,,False,"{""atr_ratio_max"":1.8,""atr_ratio_min"":0.45,""bb_width_percentile_max"":0.35,""breakout_range_atr"":0.8,""cci_level"":50.0,""context"":""BULL_PULLBACK"",""direction"":""LONG"",""ema_touch_atr"":0.2,""max_hold_bars"":72,""range_adx_max"":22.0,""range_ema_separation_atr"":0.4,""require_confirmation_break"":true,""require_vwap"":true,""rsi_level"":48.0,""rsi_reclaim"":48.0,""setup"":""pullback"",""stop_atr"":1.5,""target_rr"":2.0,""trend_adx_min"":26.0,""trend_ema_separation_atr"":0.3,""vwap_distance_atr"":0.25}"
2023-01 to 2023-06,2020-01-01T00:00:00+00:00,2023-01-01T00:00:00+00:00,BULL_PULLBACK,BULL_PULLBACK-C08,3,0.893201,1.638156,1.638156,False,,False,"{""atr_ratio_max"":1.5,""atr_ratio_min"":0.65,""bb_width_percentile_max"":0.35,""breakout_range_atr"":1.2,""cci_level"":50.0,""context"":""BULL_PULLBACK"",""direction"":""LONG"",""ema_touch_atr"":0.0,""max_hold_bars"":48,""range_adx_max"":22.0,""range_ema_separation_atr"":0.25,""require_confirmation_break"":false,""require_vwap"":true,""rsi_level"":48.0,""rsi_reclaim"":52.0,""setup"":""pullback"",""stop_atr"":2.0,""target_rr"":1.5,""trend_adx_min"":26.0,""trend_ema_separation_atr"":0.05,""vwap_distance_atr"":0.25}"
2023-01 to 2023-06,2020-01-01T00:00:00+00:00,2023-01-01T00:00:00+00:00,BULL_PULLBACK,BULL_PULLBACK-C09,24,-9.867643,0.540364,0.337877,False,,False,"{""atr_ratio_max"":2.1,""atr_ratio_min"":0.65,""bb_width_percentile_max"":0.25,""breakout_range_atr"":1.0,""cci_level"":0.0,""context"":""BULL_PULLBACK"",""direction"":""LONG"",""ema_touch_atr"":0.4,""max_hold_bars"":72,""range_adx_max"":14.0,""range_ema_separation_atr"":0.4,""require_confirmation_break"":true,""require_vwap"":false,""rsi_level"":45.0,""rsi_reclaim"":50.0,""setup"":""pullback"",""stop_atr"":1.25,""target_rr"":1.5,""trend_adx_min"":18.0,""trend_ema_separation_atr"":0.3,""vwap_distance_atr"":0.25}"
2023-01 to 2023-06,2020-01-01T00:00:00+00:00,2023-01-01T00:00:00+00:00,BULL_PULLBACK,BULL_PULLBACK-C10,7,-6.53962,0.20581,0.123378,False,,False,"{""atr_ratio_max"":2.1,""atr_ratio_min"":0.65,""bb_width_percentile_max"":0.25,""breakout_range_atr"":0.8,""cci_level"":25.0,""context"":""BULL_PULLBACK"",""direction"":""LONG"",""ema_touch_atr"":0.4,""max_hold_bars"":72,""range_adx_max"":18.0,""range_ema_separation_atr"":0.25,""require_confirmation_break"":false,""require_vwap"":true,""rsi_level"":45.0,""rsi_reclaim"":52.0,""setup"":""pullback"",""stop_atr"":1.25,""target_rr"":1.25,""trend_adx_min"":22.0,""trend_ema_separation_atr"":0.05,""vwap_distance_atr"":0.5}"
2023-01 to 2023-06,2020-01-01T00:00:00+00:00,2023-01-01T00:00:00+00:00,BULL_PULLBACK,BULL_PULLBACK-C11,4,0.310271,1.104954,,False,,False,"{""atr_ratio_max"":1.5,""atr_ratio_min"":0.65,""bb_width_percentile_max"":0.35,""breakout_range_atr"":0.8,""cci_level"":25.0,""context"":""BULL_PULLBACK"",""direction"":""LONG"",""ema_touch_atr"":0.4,""max_hold_bars"":24,""range_adx_max"":14.0,""range_ema_separation_atr"":0.25,""require_confirmation_break"":true,""require_vwap"":true,""rsi_level"":45.0,""rsi_reclaim"":48.0,""setup"":""pullback"",""stop_atr"":2.0,""target_rr"":2.0,""trend_adx_min"":22.0,""trend_ema_separation_atr"":0.05,""vwap_distance_atr"":0.0}"
2023-01 to 2023-06,2020-01-01T00:00:00+00:00,2023-01-01T00:00:00+00:00,BULL_PULLBACK,BULL_PULLBACK-C12,3,0.394588,1.283246,1.283246,False,,False,"{""atr_ratio_max"":1.5,""atr_ratio_min"":0.85,""bb_width_percentile_max"":0.35,""breakout_range_atr"":1.0,""cci_level"":50.0,""context"":""BULL_PULLBACK"",""direction"":""LONG"",""ema_touch_atr"":0.2,""max_hold_bars"":72,""range_adx_max"":14.0,""range_ema_separation_atr"":0.1,""require_confirmation_break"":false,""require_vwap"":true,""rsi_level"":48.0,""rsi_reclaim"":52.0,""setup"":""pullback"",""stop_atr"":1.5,""target_rr"":1.25,""trend_adx_min"":26.0,""trend_ema_separation_atr"":0.05,""vwap_distance_atr"":0.0}"
2023-01 to 2023-06,2020-01-01T00:00:00+00:00,2023-01-01T00:00:00+00:00,RANGE_REVERSION,RANGE_REVERSION-C01,0,0.0,,,False,,False,"{""atr_ratio_max"":1.5,""atr_ratio_min"":0.85,""bb_width_percentile_max"":0.15,""breakout_range_atr"":1.2,""cci_level"":125.0,""context"":""RANGE_REVERSION"",""direction"":""BOTH"",""ema_touch_atr"":0.0,""max_hold_bars"":48,""range_adx_max"":14.0,""range_ema_separation_atr"":0.25,""require_confirmation_break"":true,""require_vwap"":false,""rsi_level"":35.0,""rsi_reclaim"":35.0,""setup"":""reversion"",""stop_atr"":1.5,""target_rr"":1.25,""trend_adx_min"":22.0,""trend_ema_separation_atr"":0.15,""vwap_distance_atr"":0.5}"
2023-01 to 2023-06,2020-01-01T00:00:00+00:00,2023-01-01T00:00:00+00:00,RANGE_REVERSION,RANGE_REVERSION-C02,0,0.0,,,False,,False,"{""atr_ratio_max"":1.5,""atr_ratio_min"":0.45,""bb_width_percentile_max"":0.35,""breakout_range_atr"":0.8,""cci_level"":100.0,""context"":""RANGE_REVERSION"",""direction"":""BOTH"",""ema_touch_atr"":0.2,""max_hold_bars"":24,""range_adx_max"":14.0,""range_ema_separation_atr"":0.4,""require_confirmation_break"":false,""require_vwap"":false,""rsi_level"":35.0,""rsi_reclaim"":35.0,""setup"":""reversion"",""stop_atr"":1.25,""target_rr"":2.0,""trend_adx_min"":26.0,""trend_ema_separation_atr"":0.15,""vwap_distance_atr"":0.25}"
2023-01 to 2023-06,2020-01-01T00:00:00+00:00,2023-01-01T00:00:00+00:00,RANGE_REVERSION,RANGE_REVERSION-C03,0,0.0,,,False,,False,"{""atr_ratio_max"":2.1,""atr_ratio_min"":0.65,""bb_width_percentile_max"":0.15,""breakout_range_atr"":1.2,""cci_level"":100.0,""context"":""RANGE_REVERSION"",""direction"":""BOTH"",""ema_touch_atr"":0.2,""max_hold_bars"":72,""range_adx_max"":22.0,""range_ema_separation_atr"":0.1,""require_confirmation_break"":false,""require_vwap"":false,""rsi_level"":25.0,""rsi_reclaim"":40.0,""setup"":""reversion"",""stop_atr"":2.0,""target_rr"":1.5,""trend_adx_min"":26.0,""trend_ema_separation_atr"":0.15,""vwap_distance_atr"":0.0}"
2023-01 to 2023-06,2020-01-01T00:00:00+00:00,2023-01-01T00:00:00+00:00,RANGE_REVERSION,RANGE_REVERSION-C04,0,0.0,,,False,,False,"{""atr_ratio_max"":1.8,""atr_ratio_min"":0.45,""bb_width_percentile_max"":0.25,""breakout_range_atr"":1.0,""cci_level"":100.0,""context"":""RANGE_REVERSION"",""direction"":""BOTH"",""ema_touch_atr"":0.4,""max_hold_bars"":72,""range_adx_max"":18.0,""range_ema_separation_atr"":0.25,""require_confirmation_break"":true,""require_vwap"":false,""rsi_level"":35.0,""rsi_reclaim"":40.0,""setup"":""reversion"",""stop_atr"":1.25,""target_rr"":1.5,""trend_adx_min"":22.0,""trend_ema_separation_atr"":0.3,""vwap_distance_atr"":0.0}"
2023-01 to 2023-06,2020-01-01T00:00:00+00:00,2023-01-01T00:00:00+00:00,RANGE_REVERSION,RANGE_REVERSION-C05,0,0.0,,,False,,False,"{""atr_ratio_max"":1.8,""atr_ratio_min"":0.45,""bb_width_percentile_max"":0.25,""breakout_range_atr"":0.8,""cci_level"":125.0,""context"":""RANGE_REVERSION"",""direction"":""BOTH"",""ema_touch_atr"":0.4,""max_hold_bars"":48,""range_adx_max"":14.0,""range_ema_separation_atr"":0.4,""require_confirmation_break"":true,""require_vwap"":true,""rsi_level"":25.0,""rsi_reclaim"":30.0,""setup"":""reversion"",""stop_atr"":1.25,""target_rr"":2.0,""trend_adx_min"":22.0,""trend_ema_separation_atr"":0.3,""vwap_distance_atr"":0.0}"
2023-01 to 2023-06,2020-01-01T00:00:00+00:00,2023-01-01T00:00:00+00:00,RANGE_REVERSION,RANGE_REVERSION-C06,0,0.0,,,False,,False,"{""atr_ratio_max"":2.1,""atr_ratio_min"":0.45,""bb_width_percentile_max"":0.35,""breakout_range_atr"":0.8,""cci_level"":100.0,""context"":""RANGE_REVERSION"",""direction"":""BOTH"",""ema_touch_atr"":0.0,""max_hold_bars"":72,""range_adx_max"":18.0,""range_ema_separation_atr"":0.25,""require_confirmation_break"":true,""require_vwap"":true,""rsi_level"":30.0,""rsi_reclaim"":30.0,""setup"":""reversion"",""stop_atr"":1.25,""target_rr"":1.5,""trend_adx_min"":22.0,""trend_ema_separation_atr"":0.15,""vwap_distance_atr"":0.25}"
2023-01 to 2023-06,2020-01-01T00:00:00+00:00,2023-01-01T00:00:00+00:00,RANGE_REVERSION,RANGE_REVERSION-C07,0,0.0,,,False,,False,"{""atr_ratio_max"":2.1,""atr_ratio_min"":0.85,""bb_width_percentile_max"":0.25,""breakout_range_atr"":1.0,""cci_level"":75.0,""context"":""RANGE_REVERSION"",""direction"":""BOTH"",""ema_touch_atr"":0.2,""max_hold_bars"":48,""range_adx_max"":22.0,""range_ema_separation_atr"":0.4,""require_confirmation_break"":true,""require_vwap"":true,""rsi_level"":30.0,""rsi_reclaim"":40.0,""setup"":""reversion"",""stop_atr"":2.0,""target_rr"":1.5,""trend_adx_min"":18.0,""trend_ema_separation_atr"":0.05,""vwap_distance_atr"":0.0}"
2023-01 to 2023-06,2020-01-01T00:00:00+00:00,2023-01-01T00:00:00+00:00,RANGE_REVERSION,RANGE_REVERSION-C08,0,0.0,,,False,,False,"{""atr_ratio_max"":1.8,""atr_ratio_min"":0.85,""bb_width_percentile_max"":0.15,""breakout_range_atr"":0.8,""cci_level"":125.0,""context"":""RANGE_REVERSION"",""direction"":""BOTH"",""ema_touch_atr"":0.2,""max_hold_bars"":24,""range_adx_max"":18.0,""range_ema_separation_atr"":0.1,""require_confirmation_break"":true,""require_vwap"":true,""rsi_level"":35.0,""rsi_reclaim"":30.0,""setup"":""reversion"",""stop_atr"":1.5,""target_rr"":1.25,""trend_adx_min"":26.0,""trend_ema_separation_atr"":0.3,""vwap_distance_atr"":0.5}"
2023-01 to 2023-06,2020-01-01T00:00:00+00:00,2023-01-01T00:00:00+00:00,RANGE_REVERSION,RANGE_REVERSION-C09,0,0.0,,,False,,False,"{""atr_ratio_max"":2.1,""atr_ratio_min"":0.85,""bb_width_percentile_max"":0.35,""breakout_range_atr"":1.2,""cci_level"":75.0,""context"":""RANGE_REVERSION"",""direction"":""BOTH"",""ema_touch_atr"":0.0,""max_hold_bars"":24,""range_adx_max"":22.0,""range_ema_separation_atr"":0.4,""require_confirmation_break"":false,""require_vwap"":false,""rsi_level"":30.0,""rsi_reclaim"":35.0,""setup"":""reversion"",""stop_atr"":1.5,""target_rr"":1.25,""trend_adx_min"":18.0,""trend_ema_separation_atr"":0.05,""vwap_distance_atr"":0.25}"
2023-01 to 2023-06,2020-01-01T00:00:00+00:00,2023-01-01T00:00:00+00:00,RANGE_REVERSION,RANGE_REVERSION-C10,0,0.0,,,False,,False,"{""atr_ratio_max"":1.8,""atr_ratio_min"":0.65,""bb_width_percentile_max"":0.25,""breakout_range_atr"":1.0,""cci_level"":75.0,""context"":""RANGE_REVERSION"",""direction"":""BOTH"",""ema_touch_atr"":0.4,""max_hold_bars"":24,""range_adx_max"":18.0,""range_ema_separation_atr"":0.25,""require_confirmation_break"":false,""require_vwap"":true,""rsi_level"":25.0,""rsi_reclaim"":30.0,""setup"":""reversion"",""stop_atr"":1.5,""target_rr"":2.0,""trend_adx_min"":26.0,""trend_ema_separation_atr"":0.05,""vwap_distance_atr"":0.5}"
2023-01 to 2023-06,2020-01-01T00:00:00+00:00,2023-01-01T00:00:00+00:00,RANGE_REVERSION,RANGE_REVERSION-C11,0,0.0,,,False,,False,"{""atr_ratio_max"":1.5,""atr_ratio_min"":0.65,""bb_width_percentile_max"":0.35,""breakout_range_atr"":1.2,""cci_level"":125.0,""context"":""RANGE_REVERSION"",""direction"":""BOTH"",""ema_touch_atr"":0.4,""max_hold_bars"":72,""range_adx_max"":22.0,""range_ema_separation_atr"":0.1,""require_confirmation_break"":false,""require_vwap"":false,""rsi_level"":30.0,""rsi_reclaim"":35.0,""setup"":""reversion"",""stop_atr"":2.0,""target_rr"":1.25,""trend_adx_min"":18.0,""trend_ema_separation_atr"":0.3,""vwap_distance_atr"":0.25}"
2023-01 to 2023-06,2020-01-01T00:00:00+00:00,2023-01-01T00:00:00+00:00,RANGE_REVERSION,RANGE_REVERSION-C12,0,0.0,,,False,,False,"{""atr_ratio_max"":1.5,""atr_ratio_min"":0.65,""bb_width_percentile_max"":0.15,""breakout_range_atr"":1.0,""cci_level"":75.0,""context"":""RANGE_REVERSION"",""direction"":""BOTH"",""ema_touch_atr"":0.0,""max_hold_bars"":48,""range_adx_max"":14.0,""range_ema_separation_atr"":0.1,""require_confirmation_break"":false,""require_vwap"":true,""rsi_level"":25.0,""rsi_reclaim"":40.0,""setup"":""reversion"",""stop_atr"":2.0,""target_rr"":2.0,""trend_adx_min"":18.0,""trend_ema_separation_atr"":0.05,""vwap_distance_atr"":0.5}"
2023-07 to 2023-12,2020-07-01T00:00:00+00:00,2023-07-01T00:00:00+00:00,BEAR_BREAKOUT,BEAR_BREAKOUT-C01,34,-19.104637,0.323171,0.181272,False,,False,"{""atr_ratio_max"":1.8,""atr_ratio_min"":0.65,""bb_width_percentile_max"":0.25,""breakout_range_atr"":1.2,""cci_level"":100.0,""context"":""BEAR_BREAKOUT"",""direction"":""SHORT"",""ema_touch_atr"":0.2,""max_hold_bars"":72,""range_adx_max"":22.0,""range_ema_separation_atr"":0.25,""require_confirmation_break"":true,""require_vwap"":true,""rsi_level"":60.0,""rsi_reclaim"":48.0,""setup"":""breakout"",""stop_atr"":2.0,""target_rr"":1.25,""trend_adx_min"":22.0,""trend_ema_separation_atr"":0.3,""vwap_distance_atr"":0.5}"
2023-07 to 2023-12,2020-07-01T00:00:00+00:00,2023-07-01T00:00:00+00:00,BEAR_BREAKOUT,BEAR_BREAKOUT-C02,54,-27.231055,0.435868,0.236396,False,,False,"{""atr_ratio_max"":1.5,""atr_ratio_min"":0.85,""bb_width_percentile_max"":0.35,""breakout_range_atr"":1.0,""cci_level"":125.0,""context"":""BEAR_BREAKOUT"",""direction"":""SHORT"",""ema_touch_atr"":0.2,""max_hold_bars"":72,""range_adx_max"":22.0,""range_ema_separation_atr"":0.1,""require_confirmation_break"":false,""require_vwap"":true,""rsi_level"":60.0,""rsi_reclaim"":50.0,""setup"":""breakout"",""stop_atr"":1.25,""target_rr"":2.0,""trend_adx_min"":18.0,""trend_ema_separation_atr"":0.05,""vwap_distance_atr"":0.0}"
2023-07 to 2023-12,2020-07-01T00:00:00+00:00,2023-07-01T00:00:00+00:00,BEAR_BREAKOUT,BEAR_BREAKOUT-C03,21,-14.994322,0.150032,0.074487,False,,False,"{""atr_ratio_max"":2.1,""atr_ratio_min"":0.45,""bb_width_percentile_max"":0.35,""breakout_range_atr"":0.8,""cci_level"":75.0,""context"":""BEAR_BREAKOUT"",""direction"":""SHORT"",""ema_touch_atr"":0.4,""max_hold_bars"":24,""range_adx_max"":18.0,""range_ema_separation_atr"":0.1,""require_confirmation_break"":true,""require_vwap"":true,""rsi_level"":65.0,""rsi_reclaim"":48.0,""setup"":""breakout"",""stop_atr"":2.0,""target_rr"":1.25,""trend_adx_min"":26.0,""trend_ema_separation_atr"":0.3,""vwap_distance_atr"":0.0}"
2023-07 to 2023-12,2020-07-01T00:00:00+00:00,2023-07-01T00:00:00+00:00,BEAR_BREAKOUT,BEAR_BREAKOUT-C04,27,-16.498013,0.363619,0.240551,False,,False,"{""atr_ratio_max"":1.8,""atr_ratio_min"":0.85,""bb_width_percentile_max"":0.35,""breakout_range_atr"":0.8,""cci_level"":75.0,""context"":""BEAR_BREAKOUT"",""direction"":""SHORT"",""ema_touch_atr"":0.0,""max_hold_bars"":72,""range_adx_max"":18.0,""range_ema_separation_atr"":0.25,""require_confirmation_break"":false,""require_vwap"":true,""rsi_level"":65.0,""rsi_reclaim"":50.0,""setup"":""breakout"",""stop_atr"":1.25,""target_rr"":2.0,""trend_adx_min"":22.0,""trend_ema_separation_atr"":0.3,""vwap_distance_atr"":0.0}"
2023-07 to 2023-12,2020-07-01T00:00:00+00:00,2023-07-01T00:00:00+00:00,BEAR_BREAKOUT,BEAR_BREAKOUT-C05,21,-10.861078,0.41616,0.180541,False,,False,"{""atr_ratio_max"":2.1,""atr_ratio_min"":0.65,""bb_width_percentile_max"":0.25,""breakout_range_atr"":1.2,""cci_level"":125.0,""context"":""BEAR_BREAKOUT"",""direction"":""SHORT"",""ema_touch_atr"":0.0,""max_hold_bars"":72,""range_adx_max"":18.0,""range_ema_separation_atr"":0.25,""require_confirmation_break"":true,""require_vwap"":false,""rsi_level"":60.0,""rsi_reclaim"":50.0,""setup"":""breakout"",""stop_atr"":1.25,""target_rr"":1.5,""trend_adx_min"":26.0,""trend_ema_separation_atr"":0.05,""vwap_distance_atr"":0.5}"
2023-07 to 2023-12,2020-07-01T00:00:00+00:00,2023-07-01T00:00:00+00:00,BEAR_BREAKOUT,BEAR_BREAKOUT-C06,26,-14.77167,0.287358,0.102146,False,,False,"{""atr_ratio_max"":1.5,""atr_ratio_min"":0.45,""bb_width_percentile_max"":0.15,""breakout_range_atr"":0.8,""cci_level"":125.0,""context"":""BEAR_BREAKOUT"",""direction"":""SHORT"",""ema_touch_atr"":0.4,""max_hold_bars"":48,""range_adx_max"":14.0,""range_ema_separation_atr"":0.4,""require_confirmation_break"":false,""require_vwap"":false,""rsi_level"":55.0,""rsi_reclaim"":52.0,""setup"":""breakout"",""stop_atr"":1.5,""target_rr"":1.5,""trend_adx_min"":22.0,""trend_ema_separation_atr"":0.05,""vwap_distance_atr"":0.25}"
2023-07 to 2023-12,2020-07-01T00:00:00+00:00,2023-07-01T00:00:00+00:00,BEAR_BREAKOUT,BEAR_BREAKOUT-C07,7,-6.199412,0.156902,0.0,False,,False,"{""atr_ratio_max"":2.1,""atr_ratio_min"":0.45,""bb_width_percentile_max"":0.15,""breakout_range_atr"":1.2,""cci_level"":100.0,""context"":""BEAR_BREAKOUT"",""direction"":""SHORT"",""ema_touch_atr"":0.0,""max_hold_bars"":48,""range_adx_max"":22.0,""range_ema_separation_atr"":0.4,""require_confirmation_break"":true,""require_vwap"":false,""rsi_level"":65.0,""rsi_reclaim"":48.0,""setup"":""breakout"",""stop_atr"":2.0,""target_rr"":1.5,""trend_adx_min"":26.0,""trend_ema_separation_atr"":0.15,""vwap_distance_atr"":0.5}"
2023-07 to 2023-12,2020-07-01T00:00:00+00:00,2023-07-01T00:00:00+00:00,BEAR_BREAKOUT,BEAR_BREAKOUT-C08,16,-9.119944,0.420472,0.246429,False,,False,"{""atr_ratio_max"":1.5,""atr_ratio_min"":0.85,""bb_width_percentile_max"":0.15,""breakout_range_atr"":1.2,""cci_level"":75.0,""context"":""BEAR_BREAKOUT"",""direction"":""SHORT"",""ema_touch_atr"":0.2,""max_hold_bars"":48,""range_adx_max"":18.0,""range_ema_separation_atr"":0.25,""require_confirmation_break"":false,""require_vwap"":false,""rsi_level"":60.0,""rsi_reclaim"":52.0,""setup"":""breakout"",""stop_atr"":1.5,""target_rr"":2.0,""trend_adx_min"":18.0,""trend_ema_separation_atr"":0.3,""vwap_distance_atr"":0.25}"
2023-07 to 2023-12,2020-07-01T00:00:00+00:00,2023-07-01T00:00:00+00:00,BEAR_BREAKOUT,BEAR_BREAKOUT-C09,36,-19.413872,0.330241,0.270439,False,,False,"{""atr_ratio_max"":1.8,""atr_ratio_min"":0.85,""bb_width_percentile_max"":0.25,""breakout_range_atr"":0.8,""cci_level"":75.0,""context"":""BEAR_BREAKOUT"",""direction"":""SHORT"",""ema_touch_atr"":0.4,""max_hold_bars"":48,""range_adx_max"":22.0,""range_ema_separation_atr"":0.4,""require_confirmation_break"":true,""require_vwap"":false,""rsi_level"":55.0,""rsi_reclaim"":50.0,""setup"":""breakout"",""stop_atr"":1.5,""target_rr"":1.25,""trend_adx_min"":22.0,""trend_ema_separation_atr"":0.15,""vwap_distance_atr"":0.5}"
2023-07 to 2023-12,2020-07-01T00:00:00+00:00,2023-07-01T00:00:00+00:00,BEAR_BREAKOUT,BEAR_BREAKOUT-C10,73,-32.117935,0.330866,0.181792,False,,False,"{""atr_ratio_max"":1.8,""atr_ratio_min"":0.45,""bb_width_percentile_max"":0.35,""breakout_range_atr"":1.0,""cci_level"":100.0,""context"":""BEAR_BREAKOUT"",""direction"":""SHORT"",""ema_touch_atr"":0.4,""max_hold_bars"":24,""range_adx_max"":14.0,""range_ema_separation_atr"":0.1,""require_confirmation_break"":false,""require_vwap"":true,""rsi_level"":55.0,""rsi_reclaim"":52.0,""setup"":""breakout"",""stop_atr"":1.25,""target_rr"":1.25,""trend_adx_min"":18.0,""trend_ema_separation_atr"":0.05,""vwap_distance_atr"":0.25}"
2023-07 to 2023-12,2020-07-01T00:00:00+00:00,2023-07-01T00:00:00+00:00,BEAR_BREAKOUT,BEAR_BREAKOUT-C11,31,-18.095024,0.200979,0.122445,False,,False,"{""atr_ratio_max"":1.5,""atr_ratio_min"":0.65,""bb_width_percentile_max"":0.25,""breakout_range_atr"":1.0,""cci_level"":125.0,""context"":""BEAR_BREAKOUT"",""direction"":""SHORT"",""ema_touch_atr"":0.0,""max_hold_bars"":24,""range_adx_max"":14.0,""range_ema_separation_atr"":0.1,""require_confirmation_break"":false,""require_vwap"":true,""rsi_level"":65.0,""rsi_reclaim"":48.0,""setup"":""breakout"",""stop_atr"":2.0,""target_rr"":2.0,""trend_adx_min"":18.0,""trend_ema_separation_atr"":0.15,""vwap_distance_atr"":0.25}"
2023-07 to 2023-12,2020-07-01T00:00:00+00:00,2023-07-01T00:00:00+00:00,BEAR_BREAKOUT,BEAR_BREAKOUT-C12,16,-6.518786,0.393106,0.098898,False,,False,"{""atr_ratio_max"":2.1,""atr_ratio_min"":0.65,""bb_width_percentile_max"":0.15,""breakout_range_atr"":1.0,""cci_level"":100.0,""context"":""BEAR_BREAKOUT"",""direction"":""SHORT"",""ema_touch_atr"":0.2,""max_hold_bars"":24,""range_adx_max"":14.0,""range_ema_separation_atr"":0.4,""require_confirmation_break"":true,""require_vwap"":false,""rsi_level"":55.0,""rsi_reclaim"":52.0,""setup"":""breakout"",""stop_atr"":1.5,""target_rr"":1.5,""trend_adx_min"":26.0,""trend_ema_separation_atr"":0.15,""vwap_distance_atr"":0.0}"
2023-07 to 2023-12,2020-07-01T00:00:00+00:00,2023-07-01T00:00:00+00:00,BEAR_PULLBACK,BEAR_PULLBACK-C01,23,-10.219194,0.435185,0.0,False,,False,"{""atr_ratio_max"":1.8,""atr_ratio_min"":0.65,""bb_width_percentile_max"":0.35,""breakout_range_atr"":1.0,""cci_level"":25.0,""context"":""BEAR_PULLBACK"",""direction"":""SHORT"",""ema_touch_atr"":0.4,""max_hold_bars"":24,""range_adx_max"":22.0,""range_ema_separation_atr"":0.1,""require_confirmation_break"":false,""require_vwap"":false,""rsi_level"":45.0,""rsi_reclaim"":52.0,""setup"":""pullback"",""stop_atr"":1.25,""target_rr"":1.5,""trend_adx_min"":18.0,""trend_ema_separation_atr"":0.3,""vwap_distance_atr"":0.0}"
2023-07 to 2023-12,2020-07-01T00:00:00+00:00,2023-07-01T00:00:00+00:00,BEAR_PULLBACK,BEAR_PULLBACK-C02,37,-16.295403,0.437349,0.09623,False,,False,"{""atr_ratio_max"":1.8,""atr_ratio_min"":0.45,""bb_width_percentile_max"":0.25,""breakout_range_atr"":1.2,""cci_level"":0.0,""context"":""BEAR_PULLBACK"",""direction"":""SHORT"",""ema_touch_atr"":0.2,""max_hold_bars"":48,""range_adx_max"":14.0,""range_ema_separation_atr"":0.4,""require_confirmation_break"":true,""require_vwap"":false,""rsi_level"":45.0,""rsi_reclaim"":52.0,""setup"":""pullback"",""stop_atr"":2.0,""target_rr"":1.25,""trend_adx_min"":18.0,""trend_ema_separation_atr"":0.05,""vwap_distance_atr"":0.5}"
2023-07 to 2023-12,2020-07-01T00:00:00+00:00,2023-07-01T00:00:00+00:00,BEAR_PULLBACK,BEAR_PULLBACK-C03,8,-9.400407,0.079176,0.183181,False,,False,"{""atr_ratio_max"":2.1,""atr_ratio_min"":0.85,""bb_width_percentile_max"":0.35,""breakout_range_atr"":0.8,""cci_level"":0.0,""context"":""BEAR_PULLBACK"",""direction"":""SHORT"",""ema_touch_atr"":0.2,""max_hold_bars"":72,""range_adx_max"":14.0,""range_ema_separation_atr"":0.1,""require_confirmation_break"":true,""require_vwap"":true,""rsi_level"":48.0,""rsi_reclaim"":50.0,""setup"":""pullback"",""stop_atr"":2.0,""target_rr"":1.25,""trend_adx_min"":26.0,""trend_ema_separation_atr"":0.15,""vwap_distance_atr"":0.5}"
2023-07 to 2023-12,2020-07-01T00:00:00+00:00,2023-07-01T00:00:00+00:00,BEAR_PULLBACK,BEAR_PULLBACK-C04,20,-18.796403,0.012858,0.0,False,,False,"{""atr_ratio_max"":1.5,""atr_ratio_min"":0.85,""bb_width_percentile_max"":0.25,""breakout_range_atr"":1.2,""cci_level"":0.0,""context"":""BEAR_PULLBACK"",""direction"":""SHORT"",""ema_touch_atr"":0.0,""max_hold_bars"":24,""range_adx_max"":18.0,""range_ema_separation_atr"":0.1,""require_confirmation_break"":false,""require_vwap"":true,""rsi_level"":48.0,""rsi_reclaim"":48.0,""setup"":""pullback"",""stop_atr"":1.5,""target_rr"":2.0,""trend_adx_min"":22.0,""trend_ema_separation_atr"":0.05,""vwap_distance_atr"":0.5}"
2023-07 to 2023-12,2020-07-01T00:00:00+00:00,2023-07-01T00:00:00+00:00,BEAR_PULLBACK,BEAR_PULLBACK-C05,1,-1.445538,0.0,,False,,False,"{""atr_ratio_max"":2.1,""atr_ratio_min"":0.65,""bb_width_percentile_max"":0.25,""breakout_range_atr"":1.2,""cci_level"":50.0,""context"":""BEAR_PULLBACK"",""direction"":""SHORT"",""ema_touch_atr"":0.0,""max_hold_bars"":48,""range_adx_max"":22.0,""range_ema_separation_atr"":0.4,""require_confirmation_break"":true,""require_vwap"":true,""rsi_level"":40.0,""rsi_reclaim"":48.0,""setup"":""pullback"",""stop_atr"":2.0,""target_rr"":1.5,""trend_adx_min"":22.0,""trend_ema_separation_atr"":0.3,""vwap_distance_atr"":0.25}"
2023-07 to 2023-12,2020-07-01T00:00:00+00:00,2023-07-01T00:00:00+00:00,BEAR_PULLBACK,BEAR_PULLBACK-C06,9,-6.107542,0.230269,0.294264,False,,False,"{""atr_ratio_max"":1.8,""atr_ratio_min"":0.45,""bb_width_percentile_max"":0.15,""breakout_range_atr"":0.8,""cci_level"":50.0,""context"":""BEAR_PULLBACK"",""direction"":""SHORT"",""ema_touch_atr"":0.2,""max_hold_bars"":24,""range_adx_max"":22.0,""range_ema_separation_atr"":0.1,""require_confirmation_break"":true,""require_vwap"":false,""rsi_level"":48.0,""rsi_reclaim"":48.0,""setup"":""pullback"",""stop_atr"":1.5,""target_rr"":2.0,""trend_adx_min"":26.0,""trend_ema_separation_atr"":0.05,""vwap_distance_atr"":0.0}"
2023-07 to 2023-12,2020-07-01T00:00:00+00:00,2023-07-01T00:00:00+00:00,BEAR_PULLBACK,BEAR_PULLBACK-C07,9,-8.501733,0.142149,0.065671,False,,False,"{""atr_ratio_max"":1.5,""atr_ratio_min"":0.85,""bb_width_percentile_max"":0.15,""breakout_range_atr"":0.8,""cci_level"":25.0,""context"":""BEAR_PULLBACK"",""direction"":""SHORT"",""ema_touch_atr"":0.4,""max_hold_bars"":48,""range_adx_max"":18.0,""range_ema_separation_atr"":0.25,""require_confirmation_break"":false,""require_vwap"":true,""rsi_level"":45.0,""rsi_reclaim"":52.0,""setup"":""pullback"",""stop_atr"":2.0,""target_rr"":1.5,""trend_adx_min"":22.0,""trend_ema_separation_atr"":0.05,""vwap_distance_atr"":0.25}"
2023-07 to 2023-12,2020-07-01T00:00:00+00:00,2023-07-01T00:00:00+00:00,BEAR_PULLBACK,BEAR_PULLBACK-C08,7,-8.357837,0.028199,0.042629,False,,False,"{""atr_ratio_max"":1.8,""atr_ratio_min"":0.65,""bb_width_percentile_max"":0.15,""breakout_range_atr"":1.0,""cci_level"":50.0,""context"":""BEAR_PULLBACK"",""direction"":""SHORT"",""ema_touch_atr"":0.4,""max_hold_bars"":48,""range_adx_max"":22.0,""range_ema_separation_atr"":0.25,""require_confirmation_break"":true,""require_vwap"":false,""rsi_level"":48.0,""rsi_reclaim"":50.0,""setup"":""pullback"",""stop_atr"":1.5,""target_rr"":2.0,""trend_adx_min"":26.0,""trend_ema_separation_atr"":0.15,""vwap_distance_atr"":0.25}"
2023-07 to 2023-12,2020-07-01T00:00:00+00:00,2023-07-01T00:00:00+00:00,BEAR_PULLBACK,BEAR_PULLBACK-C09,5,-5.72633,0.0,,False,,False,"{""atr_ratio_max"":1.5,""atr_ratio_min"":0.45,""bb_width_percentile_max"":0.35,""breakout_range_atr"":0.8,""cci_level"":50.0,""context"":""BEAR_PULLBACK"",""direction"":""SHORT"",""ema_touch_atr"":0.4,""max_hold_bars"":24,""range_adx_max"":18.0,""range_ema_separation_atr"":0.4,""require_confirmation_break"":false,""require_vwap"":true,""rsi_level"":45.0,""rsi_reclaim"":52.0,""setup"":""pullback"",""stop_atr"":1.25,""target_rr"":1.5,""trend_adx_min"":22.0,""trend_ema_separation_atr"":0.15,""vwap_distance_atr"":0.0}"
2023-07 to 2023-12,2020-07-01T00:00:00+00:00,2023-07-01T00:00:00+00:00,BEAR_PULLBACK,BEAR_PULLBACK-C10,1,-1.929081,0.0,,False,,False,"{""atr_ratio_max"":1.5,""atr_ratio_min"":0.85,""bb_width_percentile_max"":0.35,""breakout_range_atr"":1.0,""cci_level"":25.0,""context"":""BEAR_PULLBACK"",""direction"":""SHORT"",""ema_touch_atr"":0.0,""max_hold_bars"":72,""range_adx_max"":14.0,""range_ema_separation_atr"":0.4,""require_confirmation_break"":false,""require_vwap"":true,""rsi_level"":40.0,""rsi_reclaim"":50.0,""setup"":""pullback"",""stop_atr"":1.25,""target_rr"":2.0,""trend_adx_min"":18.0,""trend_ema_separation_atr"":0.15,""vwap_distance_atr"":0.25}"
2023-07 to 2023-12,2020-07-01T00:00:00+00:00,2023-07-01T00:00:00+00:00,BEAR_PULLBACK,BEAR_PULLBACK-C11,3,-0.146322,0.924811,,False,,False,"{""atr_ratio_max"":2.1,""atr_ratio_min"":0.45,""bb_width_percentile_max"":0.25,""breakout_range_atr"":1.2,""cci_level"":25.0,""context"":""BEAR_PULLBACK"",""direction"":""SHORT"",""ema_touch_atr"":0.2,""max_hold_bars"":72,""range_adx_max"":14.0,""range_ema_separation_atr"":0.25,""require_confirmation_break"":false,""require_vwap"":false,""rsi_level"":40.0,""rsi_reclaim"":50.0,""setup"":""pullback"",""stop_atr"":1.5,""target_rr"":1.25,""trend_adx_min"":18.0,""trend_ema_separation_atr"":0.3,""vwap_distance_atr"":0.5}"
2023-07 to 2023-12,2020-07-01T00:00:00+00:00,2023-07-01T00:00:00+00:00,BEAR_PULLBACK,BEAR_PULLBACK-C12,2,-0.575358,0.598609,,False,,False,"{""atr_ratio_max"":2.1,""atr_ratio_min"":0.65,""bb_width_percentile_max"":0.15,""breakout_range_atr"":1.0,""cci_level"":0.0,""context"":""BEAR_PULLBACK"",""direction"":""SHORT"",""ema_touch_atr"":0.0,""max_hold_bars"":72,""range_adx_max"":18.0,""range_ema_separation_atr"":0.25,""require_confirmation_break"":true,""require_vwap"":false,""rsi_level"":40.0,""rsi_reclaim"":48.0,""setup"":""pullback"",""stop_atr"":1.25,""target_rr"":1.25,""trend_adx_min"":26.0,""trend_ema_separation_atr"":0.3,""vwap_distance_atr"":0.0}"
2023-07 to 2023-12,2020-07-01T00:00:00+00:00,2023-07-01T00:00:00+00:00,BULL_BREAKOUT,BULL_BREAKOUT-C01,52,-29.937888,0.257814,0.126884,False,,False,"{""atr_ratio_max"":1.8,""atr_ratio_min"":0.65,""bb_width_percentile_max"":0.25,""breakout_range_atr"":1.0,""cci_level"":75.0,""context"":""BULL_BREAKOUT"",""direction"":""LONG"",""ema_touch_atr"":0.2,""max_hold_bars"":72,""range_adx_max"":22.0,""range_ema_separation_atr"":0.25,""require_confirmation_break"":false,""require_vwap"":true,""rsi_level"":60.0,""rsi_reclaim"":48.0,""setup"":""breakout"",""stop_atr"":2.0,""target_rr"":1.25,""trend_adx_min"":18.0,""trend_ema_separation_atr"":0.3,""vwap_distance_atr"":0.5}"
2023-07 to 2023-12,2020-07-01T00:00:00+00:00,2023-07-01T00:00:00+00:00,BULL_BREAKOUT,BULL_BREAKOUT-C02,41,-20.127136,0.285182,0.075934,False,,False,"{""atr_ratio_max"":1.5,""atr_ratio_min"":0.65,""bb_width_percentile_max"":0.35,""breakout_range_atr"":0.8,""cci_level"":125.0,""context"":""BULL_BREAKOUT"",""direction"":""LONG"",""ema_touch_atr"":0.4,""max_hold_bars"":24,""range_adx_max"":14.0,""range_ema_separation_atr"":0.4,""require_confirmation_break"":false,""require_vwap"":true,""rsi_level"":55.0,""rsi_reclaim"":48.0,""setup"":""breakout"",""stop_atr"":2.0,""target_rr"":1.25,""trend_adx_min"":26.0,""trend_ema_separation_atr"":0.15,""vwap_distance_atr"":0.0}"
2023-07 to 2023-12,2020-07-01T00:00:00+00:00,2023-07-01T00:00:00+00:00,BULL_BREAKOUT,BULL_BREAKOUT-C03,25,-12.241294,0.393972,0.0,False,,False,"{""atr_ratio_max"":2.1,""atr_ratio_min"":0.45,""bb_width_percentile_max"":0.35,""breakout_range_atr"":1.2,""cci_level"":125.0,""context"":""BULL_BREAKOUT"",""direction"":""LONG"",""ema_touch_atr"":0.4,""max_hold_bars"":72,""range_adx_max"":18.0,""range_ema_separation_atr"":0.4,""require_confirmation_break"":true,""require_vwap"":false,""rsi_level"":65.0,""rsi_reclaim"":50.0,""setup"":""breakout"",""stop_atr"":2.0,""target_rr"":2.0,""trend_adx_min"":26.0,""trend_ema_separation_atr"":0.05,""vwap_distance_atr"":0.0}"
2023-07 to 2023-12,2020-07-01T00:00:00+00:00,2023-07-01T00:00:00+00:00,BULL_BREAKOUT,BULL_BREAKOUT-C04,47,-21.135932,0.391091,0.198258,False,,False,"{""atr_ratio_max"":2.1,""atr_ratio_min"":0.65,""bb_width_percentile_max"":0.25,""breakout_range_atr"":0.8,""cci_level"":100.0,""context"":""BULL_BREAKOUT"",""direction"":""LONG"",""ema_touch_atr"":0.4,""max_hold_bars"":48,""range_adx_max"":22.0,""range_ema_separation_atr"":0.1,""require_confirmation_break"":true,""require_vwap"":true,""rsi_level"":55.0,""rsi_reclaim"":52.0,""setup"":""breakout"",""stop_atr"":1.5,""target_rr"":1.5,""trend_adx_min"":22.0,""trend_ema_separation_atr"":0.3,""vwap_distance_atr"":0.0}"
2023-07 to 2023-12,2020-07-01T00:00:00+00:00,2023-07-01T00:00:00+00:00,BULL_BREAKOUT,BULL_BREAKOUT-C05,34,-19.137646,0.253561,0.003361,False,,False,"{""atr_ratio_max"":1.5,""atr_ratio_min"":0.45,""bb_width_percentile_max"":0.35,""breakout_range_atr"":1.0,""cci_level"":100.0,""context"":""BULL_BREAKOUT"",""direction"":""LONG"",""ema_touch_atr"":0.0,""max_hold_bars"":24,""range_adx_max"":18.0,""range_ema_separation_atr"":0.1,""require_confirmation_break"":true,""require_vwap"":false,""rsi_level"":60.0,""rsi_reclaim"":48.0,""setup"":""breakout"",""stop_atr"":1.25,""target_rr"":1.5,""trend_adx_min"":26.0,""trend_ema_separation_atr"":0.15,""vwap_distance_atr"":0.5}"
2023-07 to 2023-12,2020-07-01T00:00:00+00:00,2023-07-01T00:00:00+00:00,BULL_BREAKOUT,BULL_BREAKOUT-C06,27,-14.129669,0.345176,0.0,False,,False,"{""atr_ratio_max"":1.8,""atr_ratio_min"":0.45,""bb_width_percentile_max"":0.35,""breakout_range_atr"":1.0,""cci_level"":75.0,""context"":""BULL_BREAKOUT"",""direction"":""LONG"",""ema_touch_atr"":0.0,""max_hold_bars"":48,""range_adx_max"":14.0,""range_ema_separation_atr"":0.4,""require_confirmation_break"":true,""require_vwap"":false,""rsi_level"":65.0,""rsi_reclaim"":48.0,""setup"":""breakout"",""stop_atr"":1.25,""target_rr"":1.5,""trend_adx_min"":26.0,""trend_ema_separation_atr"":0.3,""vwap_distance_atr"":0.5}"
2023-07 to 2023-12,2020-07-01T00:00:00+00:00,2023-07-01T00:00:00+00:00,BULL_BREAKOUT,BULL_BREAKOUT-C07,24,-10.883554,0.381614,0.084348,False,,False,"{""atr_ratio_max"":1.8,""atr_ratio_min"":0.65,""bb_width_percentile_max"":0.25,""breakout_range_atr"":1.2,""cci_level"":100.0,""context"":""BULL_BREAKOUT"",""direction"":""LONG"",""ema_touch_atr"":0.2,""max_hold_bars"":72,""range_adx_max"":18.0,""range_ema_separation_atr"":0.1,""require_confirmation_break"":false,""require_vwap"":false,""rsi_level"":65.0,""rsi_reclaim"":52.0,""setup"":""breakout"",""stop_atr"":1.25,""target_rr"":1.25,""trend_adx_min"":22.0,""trend_ema_separation_atr"":0.3,""vwap_distance_atr"":0.0}"
2023-07 to 2023-12,2020-07-01T00:00:00+00:00,2023-07-01T00:00:00+00:00,BULL_BREAKOUT,BULL_BREAKOUT-C08,23,-12.895064,0.370777,0.263687,False,,False,"{""atr_ratio_max"":1.5,""atr_ratio_min"":0.85,""bb_width_percentile_max"":0.15,""breakout_range_atr"":0.8,""cci_level"":75.0,""context"":""BULL_BREAKOUT"",""direction"":""LONG"",""ema_touch_atr"":0.2,""max_hold_bars"":48,""range_adx_max"":22.0,""range_ema_separation_atr"":0.25,""require_confirmation_break"":true,""require_vwap"":true,""rsi_level"":60.0,""rsi_reclaim"":50.0,""setup"":""breakout"",""stop_atr"":2.0,""target_rr"":1.5,""trend_adx_min"":18.0,""trend_ema_separation_atr"":0.15,""vwap_distance_atr"":0.25}"
2023-07 to 2023-12,2020-07-01T00:00:00+00:00,2023-07-01T00:00:00+00:00,BULL_BREAKOUT,BULL_BREAKOUT-C09,17,-11.859721,0.209464,0.010224,False,,False,"{""atr_ratio_max"":2.1,""atr_ratio_min"":0.45,""bb_width_percentile_max"":0.15,""breakout_range_atr"":1.0,""cci_level"":75.0,""context"":""BULL_BREAKOUT"",""direction"":""LONG"",""ema_touch_atr"":0.0,""max_hold_bars"":24,""range_adx_max"":14.0,""range_ema_separation_atr"":0.1,""require_confirmation_break"":false,""require_vwap"":false,""rsi_level"":65.0,""rsi_reclaim"":50.0,""setup"":""breakout"",""stop_atr"":1.25,""target_rr"":2.0,""trend_adx_min"":22.0,""trend_ema_separation_atr"":0.05,""vwap_distance_atr"":0.25}"
2023-07 to 2023-12,2020-07-01T00:00:00+00:00,2023-07-01T00:00:00+00:00,BULL_BREAKOUT,BULL_BREAKOUT-C10,39,-26.15688,0.228413,0.173296,False,,False,"{""atr_ratio_max"":1.5,""atr_ratio_min"":0.85,""bb_width_percentile_max"":0.25,""breakout_range_atr"":1.2,""cci_level"":100.0,""context"":""BULL_BREAKOUT"",""direction"":""LONG"",""ema_touch_atr"":0.2,""max_hold_bars"":48,""range_adx_max"":22.0,""range_ema_separation_atr"":0.4,""require_confirmation_break"":true,""require_vwap"":true,""rsi_level"":55.0,""rsi_reclaim"":52.0,""setup"":""breakout"",""stop_atr"":1.5,""target_rr"":1.25,""trend_adx_min"":18.0,""trend_ema_separation_atr"":0.05,""vwap_distance_atr"":0.25}"
2023-07 to 2023-12,2020-07-01T00:00:00+00:00,2023-07-01T00:00:00+00:00,BULL_BREAKOUT,BULL_BREAKOUT-C11,19,-11.192033,0.423966,0.216838,False,,False,"{""atr_ratio_max"":2.1,""atr_ratio_min"":0.85,""bb_width_percentile_max"":0.15,""breakout_range_atr"":0.8,""cci_level"":125.0,""context"":""BULL_BREAKOUT"",""direction"":""LONG"",""ema_touch_atr"":0.0,""max_hold_bars"":72,""range_adx_max"":14.0,""range_ema_separation_atr"":0.25,""require_confirmation_break"":false,""require_vwap"":false,""rsi_level"":55.0,""rsi_reclaim"":50.0,""setup"":""breakout"",""stop_atr"":1.5,""target_rr"":2.0,""trend_adx_min"":22.0,""trend_ema_separation_atr"":0.15,""vwap_distance_atr"":0.5}"
2023-07 to 2023-12,2020-07-01T00:00:00+00:00,2023-07-01T00:00:00+00:00,BULL_BREAKOUT,BULL_BREAKOUT-C12,17,-12.918656,0.236864,0.0,False,,False,"{""atr_ratio_max"":1.8,""atr_ratio_min"":0.85,""bb_width_percentile_max"":0.15,""breakout_range_atr"":1.2,""cci_level"":125.0,""context"":""BULL_BREAKOUT"",""direction"":""LONG"",""ema_touch_atr"":0.4,""max_hold_bars"":24,""range_adx_max"":18.0,""range_ema_separation_atr"":0.25,""require_confirmation_break"":false,""require_vwap"":true,""rsi_level"":60.0,""rsi_reclaim"":52.0,""setup"":""breakout"",""stop_atr"":1.5,""target_rr"":2.0,""trend_adx_min"":18.0,""trend_ema_separation_atr"":0.05,""vwap_distance_atr"":0.25}"
2023-07 to 2023-12,2020-07-01T00:00:00+00:00,2023-07-01T00:00:00+00:00,BULL_PULLBACK,BULL_PULLBACK-C01,8,-6.769002,0.321729,0.274075,False,,False,"{""atr_ratio_max"":2.1,""atr_ratio_min"":0.85,""bb_width_percentile_max"":0.15,""breakout_range_atr"":1.0,""cci_level"":0.0,""context"":""BULL_PULLBACK"",""direction"":""LONG"",""ema_touch_atr"":0.2,""max_hold_bars"":24,""range_adx_max"":18.0,""range_ema_separation_atr"":0.4,""require_confirmation_break"":true,""require_vwap"":false,""rsi_level"":40.0,""rsi_reclaim"":50.0,""setup"":""pullback"",""stop_atr"":1.5,""target_rr"":2.0,""trend_adx_min"":18.0,""trend_ema_separation_atr"":0.15,""vwap_distance_atr"":0.25}"
2023-07 to 2023-12,2020-07-01T00:00:00+00:00,2023-07-01T00:00:00+00:00,BULL_PULLBACK,BULL_PULLBACK-C02,3,-2.894863,0.231854,,False,,False,"{""atr_ratio_max"":1.8,""atr_ratio_min"":0.45,""bb_width_percentile_max"":0.15,""breakout_range_atr"":1.2,""cci_level"":50.0,""context"":""BULL_PULLBACK"",""direction"":""LONG"",""ema_touch_atr"":0.2,""max_hold_bars"":48,""range_adx_max"":22.0,""range_ema_separation_atr"":0.25,""require_confirmation_break"":false,""require_vwap"":true,""rsi_level"":40.0,""rsi_reclaim"":48.0,""setup"":""pullback"",""stop_atr"":1.25,""target_rr"":1.25,""trend_adx_min"":18.0,""trend_ema_separation_atr"":0.15,""vwap_distance_atr"":0.5}"
2023-07 to 2023-12,2020-07-01T00:00:00+00:00,2023-07-01T00:00:00+00:00,BULL_PULLBACK,BULL_PULLBACK-C03,2,-0.135463,0.922562,,False,,False,"{""atr_ratio_max"":1.5,""atr_ratio_min"":0.45,""bb_width_percentile_max"":0.25,""breakout_range_atr"":0.8,""cci_level"":25.0,""context"":""BULL_PULLBACK"",""direction"":""LONG"",""ema_touch_atr"":0.0,""max_hold_bars"":48,""range_adx_max"":18.0,""range_ema_separation_atr"":0.4,""require_confirmation_break"":false,""require_vwap"":false,""rsi_level"":40.0,""rsi_reclaim"":50.0,""setup"":""pullback"",""stop_atr"":2.0,""target_rr"":2.0,""trend_adx_min"":22.0,""trend_ema_separation_atr"":0.15,""vwap_distance_atr"":0.5}"
2023-07 to 2023-12,2020-07-01T00:00:00+00:00,2023-07-01T00:00:00+00:00,BULL_PULLBACK,BULL_PULLBACK-C04,4,-1.971784,0.471851,1.012065,False,,False,"{""atr_ratio_max"":2.1,""atr_ratio_min"":0.85,""bb_width_percentile_max"":0.15,""breakout_range_atr"":1.0,""cci_level"":0.0,""context"":""BULL_PULLBACK"",""direction"":""LONG"",""ema_touch_atr"":0.4,""max_hold_bars"":48,""range_adx_max"":14.0,""range_ema_separation_atr"":0.1,""require_confirmation_break"":true,""require_vwap"":false,""rsi_level"":45.0,""rsi_reclaim"":52.0,""setup"":""pullback"",""stop_atr"":1.25,""target_rr"":1.25,""trend_adx_min"":26.0,""trend_ema_separation_atr"":0.3,""vwap_distance_atr"":0.5}"
2023-07 to 2023-12,2020-07-01T00:00:00+00:00,2023-07-01T00:00:00+00:00,BULL_PULLBACK,BULL_PULLBACK-C05,5,-4.477278,0.199262,0.363831,False,,False,"{""atr_ratio_max"":1.8,""atr_ratio_min"":0.45,""bb_width_percentile_max"":0.15,""breakout_range_atr"":1.2,""cci_level"":25.0,""context"":""BULL_PULLBACK"",""direction"":""LONG"",""ema_touch_atr"":0.0,""max_hold_bars"":24,""range_adx_max"":22.0,""range_ema_separation_atr"":0.1,""require_confirmation_break"":false,""require_vwap"":false,""rsi_level"":40.0,""rsi_reclaim"":48.0,""setup"":""pullback"",""stop_atr"":1.5,""target_rr"":1.5,""trend_adx_min"":22.0,""trend_ema_separation_atr"":0.15,""vwap_distance_atr"":0.0}"
2023-07 to 2023-12,2020-07-01T00:00:00+00:00,2023-07-01T00:00:00+00:00,BULL_PULLBACK,BULL_PULLBACK-C06,70,-27.191092,0.456569,0.287997,False,,False,"{""atr_ratio_max"":1.8,""atr_ratio_min"":0.85,""bb_width_percentile_max"":0.25,""breakout_range_atr"":1.2,""cci_level"":0.0,""context"":""BULL_PULLBACK"",""direction"":""LONG"",""ema_touch_atr"":0.0,""max_hold_bars"":24,""range_adx_max"":18.0,""range_ema_separation_atr"":0.1,""require_confirmation_break"":true,""require_vwap"":false,""rsi_level"":48.0,""rsi_reclaim"":50.0,""setup"":""pullback"",""stop_atr"":2.0,""target_rr"":1.5,""trend_adx_min"":18.0,""trend_ema_separation_atr"":0.3,""vwap_distance_atr"":0.0}"
2023-07 to 2023-12,2020-07-01T00:00:00+00:00,2023-07-01T00:00:00+00:00,BULL_PULLBACK,BULL_PULLBACK-C07,4,0.673763,1.231153,1.137401,False,,False,"{""atr_ratio_max"":1.8,""atr_ratio_min"":0.45,""bb_width_percentile_max"":0.35,""breakout_range_atr"":0.8,""cci_level"":50.0,""context"":""BULL_PULLBACK"",""direction"":""LONG"",""ema_touch_atr"":0.2,""max_hold_bars"":72,""range_adx_max"":22.0,""range_ema_separation_atr"":0.4,""require_confirmation_break"":true,""require_vwap"":true,""rsi_level"":48.0,""rsi_reclaim"":48.0,""setup"":""pullback"",""stop_atr"":1.5,""target_rr"":2.0,""trend_adx_min"":26.0,""trend_ema_separation_atr"":0.3,""vwap_distance_atr"":0.25}"
2023-07 to 2023-12,2020-07-01T00:00:00+00:00,2023-07-01T00:00:00+00:00,BULL_PULLBACK,BULL_PULLBACK-C08,4,-1.945069,0.541033,0.541033,False,,False,"{""atr_ratio_max"":1.5,""atr_ratio_min"":0.65,""bb_width_percentile_max"":0.35,""breakout_range_atr"":1.2,""cci_level"":50.0,""context"":""BULL_PULLBACK"",""direction"":""LONG"",""ema_touch_atr"":0.0,""max_hold_bars"":48,""range_adx_max"":22.0,""range_ema_separation_atr"":0.25,""require_confirmation_break"":false,""require_vwap"":true,""rsi_level"":48.0,""rsi_reclaim"":52.0,""setup"":""pullback"",""stop_atr"":2.0,""target_rr"":1.5,""trend_adx_min"":26.0,""trend_ema_separation_atr"":0.05,""vwap_distance_atr"":0.25}"
2023-07 to 2023-12,2020-07-01T00:00:00+00:00,2023-07-01T00:00:00+00:00,BULL_PULLBACK,BULL_PULLBACK-C09,26,-10.201617,0.564871,0.287817,False,,False,"{""atr_ratio_max"":2.1,""atr_ratio_min"":0.65,""bb_width_percentile_max"":0.25,""breakout_range_atr"":1.0,""cci_level"":0.0,""context"":""BULL_PULLBACK"",""direction"":""LONG"",""ema_touch_atr"":0.4,""max_hold_bars"":72,""range_adx_max"":14.0,""range_ema_separation_atr"":0.4,""require_confirmation_break"":true,""require_vwap"":false,""rsi_level"":45.0,""rsi_reclaim"":50.0,""setup"":""pullback"",""stop_atr"":1.25,""target_rr"":1.5,""trend_adx_min"":18.0,""trend_ema_separation_atr"":0.3,""vwap_distance_atr"":0.25}"
2023-07 to 2023-12,2020-07-01T00:00:00+00:00,2023-07-01T00:00:00+00:00,BULL_PULLBACK,BULL_PULLBACK-C10,8,-8.069669,0.17356,0.0,False,,False,"{""atr_ratio_max"":2.1,""atr_ratio_min"":0.65,""bb_width_percentile_max"":0.25,""breakout_range_atr"":0.8,""cci_level"":25.0,""context"":""BULL_PULLBACK"",""direction"":""LONG"",""ema_touch_atr"":0.4,""max_hold_bars"":72,""range_adx_max"":18.0,""range_ema_separation_atr"":0.25,""require_confirmation_break"":false,""require_vwap"":true,""rsi_level"":45.0,""rsi_reclaim"":52.0,""setup"":""pullback"",""stop_atr"":1.25,""target_rr"":1.25,""trend_adx_min"":22.0,""trend_ema_separation_atr"":0.05,""vwap_distance_atr"":0.5}"
2023-07 to 2023-12,2020-07-01T00:00:00+00:00,2023-07-01T00:00:00+00:00,BULL_PULLBACK,BULL_PULLBACK-C11,4,0.310271,1.104954,,False,,False,"{""atr_ratio_max"":1.5,""atr_ratio_min"":0.65,""bb_width_percentile_max"":0.35,""breakout_range_atr"":0.8,""cci_level"":25.0,""context"":""BULL_PULLBACK"",""direction"":""LONG"",""ema_touch_atr"":0.4,""max_hold_bars"":24,""range_adx_max"":14.0,""range_ema_separation_atr"":0.25,""require_confirmation_break"":true,""require_vwap"":true,""rsi_level"":45.0,""rsi_reclaim"":48.0,""setup"":""pullback"",""stop_atr"":2.0,""target_rr"":2.0,""trend_adx_min"":22.0,""trend_ema_separation_atr"":0.05,""vwap_distance_atr"":0.0}"
2023-07 to 2023-12,2020-07-01T00:00:00+00:00,2023-07-01T00:00:00+00:00,BULL_PULLBACK,BULL_PULLBACK-C12,4,-2.430177,0.423836,0.423836,False,,False,"{""atr_ratio_max"":1.5,""atr_ratio_min"":0.85,""bb_width_percentile_max"":0.35,""breakout_range_atr"":1.0,""cci_level"":50.0,""context"":""BULL_PULLBACK"",""direction"":""LONG"",""ema_touch_atr"":0.2,""max_hold_bars"":72,""range_adx_max"":14.0,""range_ema_separation_atr"":0.1,""require_confirmation_break"":false,""require_vwap"":true,""rsi_level"":48.0,""rsi_reclaim"":52.0,""setup"":""pullback"",""stop_atr"":1.5,""target_rr"":1.25,""trend_adx_min"":26.0,""trend_ema_separation_atr"":0.05,""vwap_distance_atr"":0.0}"
2023-07 to 2023-12,2020-07-01T00:00:00+00:00,2023-07-01T00:00:00+00:00,RANGE_REVERSION,RANGE_REVERSION-C01,0,0.0,,,False,,False,"{""atr_ratio_max"":1.5,""atr_ratio_min"":0.85,""bb_width_percentile_max"":0.15,""breakout_range_atr"":1.2,""cci_level"":125.0,""context"":""RANGE_REVERSION"",""direction"":""BOTH"",""ema_touch_atr"":0.0,""max_hold_bars"":48,""range_adx_max"":14.0,""range_ema_separation_atr"":0.25,""require_confirmation_break"":true,""require_vwap"":false,""rsi_level"":35.0,""rsi_reclaim"":35.0,""setup"":""reversion"",""stop_atr"":1.5,""target_rr"":1.25,""trend_adx_min"":22.0,""trend_ema_separation_atr"":0.15,""vwap_distance_atr"":0.5}"
2023-07 to 2023-12,2020-07-01T00:00:00+00:00,2023-07-01T00:00:00+00:00,RANGE_REVERSION,RANGE_REVERSION-C02,0,0.0,,,False,,False,"{""atr_ratio_max"":1.5,""atr_ratio_min"":0.45,""bb_width_percentile_max"":0.35,""breakout_range_atr"":0.8,""cci_level"":100.0,""context"":""RANGE_REVERSION"",""direction"":""BOTH"",""ema_touch_atr"":0.2,""max_hold_bars"":24,""range_adx_max"":14.0,""range_ema_separation_atr"":0.4,""require_confirmation_break"":false,""require_vwap"":false,""rsi_level"":35.0,""rsi_reclaim"":35.0,""setup"":""reversion"",""stop_atr"":1.25,""target_rr"":2.0,""trend_adx_min"":26.0,""trend_ema_separation_atr"":0.15,""vwap_distance_atr"":0.25}"
2023-07 to 2023-12,2020-07-01T00:00:00+00:00,2023-07-01T00:00:00+00:00,RANGE_REVERSION,RANGE_REVERSION-C03,0,0.0,,,False,,False,"{""atr_ratio_max"":2.1,""atr_ratio_min"":0.65,""bb_width_percentile_max"":0.15,""breakout_range_atr"":1.2,""cci_level"":100.0,""context"":""RANGE_REVERSION"",""direction"":""BOTH"",""ema_touch_atr"":0.2,""max_hold_bars"":72,""range_adx_max"":22.0,""range_ema_separation_atr"":0.1,""require_confirmation_break"":false,""require_vwap"":false,""rsi_level"":25.0,""rsi_reclaim"":40.0,""setup"":""reversion"",""stop_atr"":2.0,""target_rr"":1.5,""trend_adx_min"":26.0,""trend_ema_separation_atr"":0.15,""vwap_distance_atr"":0.0}"
2023-07 to 2023-12,2020-07-01T00:00:00+00:00,2023-07-01T00:00:00+00:00,RANGE_REVERSION,RANGE_REVERSION-C04,0,0.0,,,False,,False,"{""atr_ratio_max"":1.8,""atr_ratio_min"":0.45,""bb_width_percentile_max"":0.25,""breakout_range_atr"":1.0,""cci_level"":100.0,""context"":""RANGE_REVERSION"",""direction"":""BOTH"",""ema_touch_atr"":0.4,""max_hold_bars"":72,""range_adx_max"":18.0,""range_ema_separation_atr"":0.25,""require_confirmation_break"":true,""require_vwap"":false,""rsi_level"":35.0,""rsi_reclaim"":40.0,""setup"":""reversion"",""stop_atr"":1.25,""target_rr"":1.5,""trend_adx_min"":22.0,""trend_ema_separation_atr"":0.3,""vwap_distance_atr"":0.0}"
2023-07 to 2023-12,2020-07-01T00:00:00+00:00,2023-07-01T00:00:00+00:00,RANGE_REVERSION,RANGE_REVERSION-C05,0,0.0,,,False,,False,"{""atr_ratio_max"":1.8,""atr_ratio_min"":0.45,""bb_width_percentile_max"":0.25,""breakout_range_atr"":0.8,""cci_level"":125.0,""context"":""RANGE_REVERSION"",""direction"":""BOTH"",""ema_touch_atr"":0.4,""max_hold_bars"":48,""range_adx_max"":14.0,""range_ema_separation_atr"":0.4,""require_confirmation_break"":true,""require_vwap"":true,""rsi_level"":25.0,""rsi_reclaim"":30.0,""setup"":""reversion"",""stop_atr"":1.25,""target_rr"":2.0,""trend_adx_min"":22.0,""trend_ema_separation_atr"":0.3,""vwap_distance_atr"":0.0}"
2023-07 to 2023-12,2020-07-01T00:00:00+00:00,2023-07-01T00:00:00+00:00,RANGE_REVERSION,RANGE_REVERSION-C06,0,0.0,,,False,,False,"{""atr_ratio_max"":2.1,""atr_ratio_min"":0.45,""bb_width_percentile_max"":0.35,""breakout_range_atr"":0.8,""cci_level"":100.0,""context"":""RANGE_REVERSION"",""direction"":""BOTH"",""ema_touch_atr"":0.0,""max_hold_bars"":72,""range_adx_max"":18.0,""range_ema_separation_atr"":0.25,""require_confirmation_break"":true,""require_vwap"":true,""rsi_level"":30.0,""rsi_reclaim"":30.0,""setup"":""reversion"",""stop_atr"":1.25,""target_rr"":1.5,""trend_adx_min"":22.0,""trend_ema_separation_atr"":0.15,""vwap_distance_atr"":0.25}"
2023-07 to 2023-12,2020-07-01T00:00:00+00:00,2023-07-01T00:00:00+00:00,RANGE_REVERSION,RANGE_REVERSION-C07,0,0.0,,,False,,False,"{""atr_ratio_max"":2.1,""atr_ratio_min"":0.85,""bb_width_percentile_max"":0.25,""breakout_range_atr"":1.0,""cci_level"":75.0,""context"":""RANGE_REVERSION"",""direction"":""BOTH"",""ema_touch_atr"":0.2,""max_hold_bars"":48,""range_adx_max"":22.0,""range_ema_separation_atr"":0.4,""require_confirmation_break"":true,""require_vwap"":true,""rsi_level"":30.0,""rsi_reclaim"":40.0,""setup"":""reversion"",""stop_atr"":2.0,""target_rr"":1.5,""trend_adx_min"":18.0,""trend_ema_separation_atr"":0.05,""vwap_distance_atr"":0.0}"
2023-07 to 2023-12,2020-07-01T00:00:00+00:00,2023-07-01T00:00:00+00:00,RANGE_REVERSION,RANGE_REVERSION-C08,0,0.0,,,False,,False,"{""atr_ratio_max"":1.8,""atr_ratio_min"":0.85,""bb_width_percentile_max"":0.15,""breakout_range_atr"":0.8,""cci_level"":125.0,""context"":""RANGE_REVERSION"",""direction"":""BOTH"",""ema_touch_atr"":0.2,""max_hold_bars"":24,""range_adx_max"":18.0,""range_ema_separation_atr"":0.1,""require_confirmation_break"":true,""require_vwap"":true,""rsi_level"":35.0,""rsi_reclaim"":30.0,""setup"":""reversion"",""stop_atr"":1.5,""target_rr"":1.25,""trend_adx_min"":26.0,""trend_ema_separation_atr"":0.3,""vwap_distance_atr"":0.5}"
2023-07 to 2023-12,2020-07-01T00:00:00+00:00,2023-07-01T00:00:00+00:00,RANGE_REVERSION,RANGE_REVERSION-C09,0,0.0,,,False,,False,"{""atr_ratio_max"":2.1,""atr_ratio_min"":0.85,""bb_width_percentile_max"":0.35,""breakout_range_atr"":1.2,""cci_level"":75.0,""context"":""RANGE_REVERSION"",""direction"":""BOTH"",""ema_touch_atr"":0.0,""max_hold_bars"":24,""range_adx_max"":22.0,""range_ema_separation_atr"":0.4,""require_confirmation_break"":false,""require_vwap"":false,""rsi_level"":30.0,""rsi_reclaim"":35.0,""setup"":""reversion"",""stop_atr"":1.5,""target_rr"":1.25,""trend_adx_min"":18.0,""trend_ema_separation_atr"":0.05,""vwap_distance_atr"":0.25}"
2023-07 to 2023-12,2020-07-01T00:00:00+00:00,2023-07-01T00:00:00+00:00,RANGE_REVERSION,RANGE_REVERSION-C10,0,0.0,,,False,,False,"{""atr_ratio_max"":1.8,""atr_ratio_min"":0.65,""bb_width_percentile_max"":0.25,""breakout_range_atr"":1.0,""cci_level"":75.0,""context"":""RANGE_REVERSION"",""direction"":""BOTH"",""ema_touch_atr"":0.4,""max_hold_bars"":24,""range_adx_max"":18.0,""range_ema_separation_atr"":0.25,""require_confirmation_break"":false,""require_vwap"":true,""rsi_level"":25.0,""rsi_reclaim"":30.0,""setup"":""reversion"",""stop_atr"":1.5,""target_rr"":2.0,""trend_adx_min"":26.0,""trend_ema_separation_atr"":0.05,""vwap_distance_atr"":0.5}"
2023-07 to 2023-12,2020-07-01T00:00:00+00:00,2023-07-01T00:00:00+00:00,RANGE_REVERSION,RANGE_REVERSION-C11,0,0.0,,,False,,False,"{""atr_ratio_max"":1.5,""atr_ratio_min"":0.65,""bb_width_percentile_max"":0.35,""breakout_range_atr"":1.2,""cci_level"":125.0,""context"":""RANGE_REVERSION"",""direction"":""BOTH"",""ema_touch_atr"":0.4,""max_hold_bars"":72,""range_adx_max"":22.0,""range_ema_separation_atr"":0.1,""require_confirmation_break"":false,""require_vwap"":false,""rsi_level"":30.0,""rsi_reclaim"":35.0,""setup"":""reversion"",""stop_atr"":2.0,""target_rr"":1.25,""trend_adx_min"":18.0,""trend_ema_separation_atr"":0.3,""vwap_distance_atr"":0.25}"
2023-07 to 2023-12,2020-07-01T00:00:00+00:00,2023-07-01T00:00:00+00:00,RANGE_REVERSION,RANGE_REVERSION-C12,0,0.0,,,False,,False,"{""atr_ratio_max"":1.5,""atr_ratio_min"":0.65,""bb_width_percentile_max"":0.15,""breakout_range_atr"":1.0,""cci_level"":75.0,""context"":""RANGE_REVERSION"",""direction"":""BOTH"",""ema_touch_atr"":0.0,""max_hold_bars"":48,""range_adx_max"":14.0,""range_ema_separation_atr"":0.1,""require_confirmation_break"":false,""require_vwap"":true,""rsi_level"":25.0,""rsi_reclaim"":40.0,""setup"":""reversion"",""stop_atr"":2.0,""target_rr"":2.0,""trend_adx_min"":18.0,""trend_ema_separation_atr"":0.05,""vwap_distance_atr"":0.5}"
2024-01 to 2024-06,2021-01-01T00:00:00+00:00,2024-01-01T00:00:00+00:00,BEAR_BREAKOUT,BEAR_BREAKOUT-C01,33,-22.411278,0.217965,0.079136,False,,False,"{""atr_ratio_max"":1.8,""atr_ratio_min"":0.65,""bb_width_percentile_max"":0.25,""breakout_range_atr"":1.2,""cci_level"":100.0,""context"":""BEAR_BREAKOUT"",""direction"":""SHORT"",""ema_touch_atr"":0.2,""max_hold_bars"":72,""range_adx_max"":22.0,""range_ema_separation_atr"":0.25,""require_confirmation_break"":true,""require_vwap"":true,""rsi_level"":60.0,""rsi_reclaim"":48.0,""setup"":""breakout"",""stop_atr"":2.0,""target_rr"":1.25,""trend_adx_min"":22.0,""trend_ema_separation_atr"":0.3,""vwap_distance_atr"":0.5}"
2024-01 to 2024-06,2021-01-01T00:00:00+00:00,2024-01-01T00:00:00+00:00,BEAR_BREAKOUT,BEAR_BREAKOUT-C02,47,-32.531075,0.25892,0.131849,False,,False,"{""atr_ratio_max"":1.5,""atr_ratio_min"":0.85,""bb_width_percentile_max"":0.35,""breakout_range_atr"":1.0,""cci_level"":125.0,""context"":""BEAR_BREAKOUT"",""direction"":""SHORT"",""ema_touch_atr"":0.2,""max_hold_bars"":72,""range_adx_max"":22.0,""range_ema_separation_atr"":0.1,""require_confirmation_break"":false,""require_vwap"":true,""rsi_level"":60.0,""rsi_reclaim"":50.0,""setup"":""breakout"",""stop_atr"":1.25,""target_rr"":2.0,""trend_adx_min"":18.0,""trend_ema_separation_atr"":0.05,""vwap_distance_atr"":0.0}"
2024-01 to 2024-06,2021-01-01T00:00:00+00:00,2024-01-01T00:00:00+00:00,BEAR_BREAKOUT,BEAR_BREAKOUT-C03,23,-18.026853,0.089943,0.017394,False,,False,"{""atr_ratio_max"":2.1,""atr_ratio_min"":0.45,""bb_width_percentile_max"":0.35,""breakout_range_atr"":0.8,""cci_level"":75.0,""context"":""BEAR_BREAKOUT"",""direction"":""SHORT"",""ema_touch_atr"":0.4,""max_hold_bars"":24,""range_adx_max"":18.0,""range_ema_separation_atr"":0.1,""require_confirmation_break"":true,""require_vwap"":true,""rsi_level"":65.0,""rsi_reclaim"":48.0,""setup"":""breakout"",""stop_atr"":2.0,""target_rr"":1.25,""trend_adx_min"":26.0,""trend_ema_separation_atr"":0.3,""vwap_distance_atr"":0.0}"
2024-01 to 2024-06,2021-01-01T00:00:00+00:00,2024-01-01T00:00:00+00:00,BEAR_BREAKOUT,BEAR_BREAKOUT-C04,27,-19.838693,0.278197,0.244144,False,,False,"{""atr_ratio_max"":1.8,""atr_ratio_min"":0.85,""bb_width_percentile_max"":0.35,""breakout_range_atr"":0.8,""cci_level"":75.0,""context"":""BEAR_BREAKOUT"",""direction"":""SHORT"",""ema_touch_atr"":0.0,""max_hold_bars"":72,""range_adx_max"":18.0,""range_ema_separation_atr"":0.25,""require_confirmation_break"":false,""require_vwap"":true,""rsi_level"":65.0,""rsi_reclaim"":50.0,""setup"":""breakout"",""stop_atr"":1.25,""target_rr"":2.0,""trend_adx_min"":22.0,""trend_ema_separation_atr"":0.3,""vwap_distance_atr"":0.0}"
2024-01 to 2024-06,2021-01-01T00:00:00+00:00,2024-01-01T00:00:00+00:00,BEAR_BREAKOUT,BEAR_BREAKOUT-C05,21,-15.259127,0.258676,0.149481,False,,False,"{""atr_ratio_max"":2.1,""atr_ratio_min"":0.65,""bb_width_percentile_max"":0.25,""breakout_range_atr"":1.2,""cci_level"":125.0,""context"":""BEAR_BREAKOUT"",""direction"":""SHORT"",""ema_touch_atr"":0.0,""max_hold_bars"":72,""range_adx_max"":18.0,""range_ema_separation_atr"":0.25,""require_confirmation_break"":true,""require_vwap"":false,""rsi_level"":60.0,""rsi_reclaim"":50.0,""setup"":""breakout"",""stop_atr"":1.25,""target_rr"":1.5,""trend_adx_min"":26.0,""trend_ema_separation_atr"":0.05,""vwap_distance_atr"":0.5}"
2024-01 to 2024-06,2021-01-01T00:00:00+00:00,2024-01-01T00:00:00+00:00,BEAR_BREAKOUT,BEAR_BREAKOUT-C06,26,-17.306796,0.173566,0.0,False,,False,"{""atr_ratio_max"":1.5,""atr_ratio_min"":0.45,""bb_width_percentile_max"":0.15,""breakout_range_atr"":0.8,""cci_level"":125.0,""context"":""BEAR_BREAKOUT"",""direction"":""SHORT"",""ema_touch_atr"":0.4,""max_hold_bars"":48,""range_adx_max"":14.0,""range_ema_separation_atr"":0.4,""require_confirmation_break"":false,""require_vwap"":false,""rsi_level"":55.0,""rsi_reclaim"":52.0,""setup"":""breakout"",""stop_atr"":1.5,""target_rr"":1.5,""trend_adx_min"":22.0,""trend_ema_separation_atr"":0.05,""vwap_distance_atr"":0.25}"
2024-01 to 2024-06,2021-01-01T00:00:00+00:00,2024-01-01T00:00:00+00:00,BEAR_BREAKOUT,BEAR_BREAKOUT-C07,9,-8.781695,0.116122,0.0,False,,False,"{""atr_ratio_max"":2.1,""atr_ratio_min"":0.45,""bb_width_percentile_max"":0.15,""breakout_range_atr"":1.2,""cci_level"":100.0,""context"":""BEAR_BREAKOUT"",""direction"":""SHORT"",""ema_touch_atr"":0.0,""max_hold_bars"":48,""range_adx_max"":22.0,""range_ema_separation_atr"":0.4,""require_confirmation_break"":true,""require_vwap"":false,""rsi_level"":65.0,""rsi_reclaim"":48.0,""setup"":""breakout"",""stop_atr"":2.0,""target_rr"":1.5,""trend_adx_min"":26.0,""trend_ema_separation_atr"":0.15,""vwap_distance_atr"":0.5}"
2024-01 to 2024-06,2021-01-01T00:00:00+00:00,2024-01-01T00:00:00+00:00,BEAR_BREAKOUT,BEAR_BREAKOUT-C08,15,-14.073158,0.182806,0.0,False,,False,"{""atr_ratio_max"":1.5,""atr_ratio_min"":0.85,""bb_width_percentile_max"":0.15,""breakout_range_atr"":1.2,""cci_level"":75.0,""context"":""BEAR_BREAKOUT"",""direction"":""SHORT"",""ema_touch_atr"":0.2,""max_hold_bars"":48,""range_adx_max"":18.0,""range_ema_separation_atr"":0.25,""require_confirmation_break"":false,""require_vwap"":false,""rsi_level"":60.0,""rsi_reclaim"":52.0,""setup"":""breakout"",""stop_atr"":1.5,""target_rr"":2.0,""trend_adx_min"":18.0,""trend_ema_separation_atr"":0.3,""vwap_distance_atr"":0.25}"
2024-01 to 2024-06,2021-01-01T00:00:00+00:00,2024-01-01T00:00:00+00:00,BEAR_BREAKOUT,BEAR_BREAKOUT-C09,34,-20.469098,0.257157,0.176432,False,,False,"{""atr_ratio_max"":1.8,""atr_ratio_min"":0.85,""bb_width_percentile_max"":0.25,""breakout_range_atr"":0.8,""cci_level"":75.0,""context"":""BEAR_BREAKOUT"",""direction"":""SHORT"",""ema_touch_atr"":0.4,""max_hold_bars"":48,""range_adx_max"":22.0,""range_ema_separation_atr"":0.4,""require_confirmation_break"":true,""require_vwap"":false,""rsi_level"":55.0,""rsi_reclaim"":50.0,""setup"":""breakout"",""stop_atr"":1.5,""target_rr"":1.25,""trend_adx_min"":22.0,""trend_ema_separation_atr"":0.15,""vwap_distance_atr"":0.5}"
2024-01 to 2024-06,2021-01-01T00:00:00+00:00,2024-01-01T00:00:00+00:00,BEAR_BREAKOUT,BEAR_BREAKOUT-C10,66,-36.538045,0.204427,0.117294,False,,False,"{""atr_ratio_max"":1.8,""atr_ratio_min"":0.45,""bb_width_percentile_max"":0.35,""breakout_range_atr"":1.0,""cci_level"":100.0,""context"":""BEAR_BREAKOUT"",""direction"":""SHORT"",""ema_touch_atr"":0.4,""max_hold_bars"":24,""range_adx_max"":14.0,""range_ema_separation_atr"":0.1,""require_confirmation_break"":false,""require_vwap"":true,""rsi_level"":55.0,""rsi_reclaim"":52.0,""setup"":""breakout"",""stop_atr"":1.25,""target_rr"":1.25,""trend_adx_min"":18.0,""trend_ema_separation_atr"":0.05,""vwap_distance_atr"":0.25}"
2024-01 to 2024-06,2021-01-01T00:00:00+00:00,2024-01-01T00:00:00+00:00,BEAR_BREAKOUT,BEAR_BREAKOUT-C11,32,-18.540005,0.203532,0.157567,False,,False,"{""atr_ratio_max"":1.5,""atr_ratio_min"":0.65,""bb_width_percentile_max"":0.25,""breakout_range_atr"":1.0,""cci_level"":125.0,""context"":""BEAR_BREAKOUT"",""direction"":""SHORT"",""ema_touch_atr"":0.0,""max_hold_bars"":24,""range_adx_max"":14.0,""range_ema_separation_atr"":0.1,""require_confirmation_break"":false,""require_vwap"":true,""rsi_level"":65.0,""rsi_reclaim"":48.0,""setup"":""breakout"",""stop_atr"":2.0,""target_rr"":2.0,""trend_adx_min"":18.0,""trend_ema_separation_atr"":0.15,""vwap_distance_atr"":0.25}"
2024-01 to 2024-06,2021-01-01T00:00:00+00:00,2024-01-01T00:00:00+00:00,BEAR_BREAKOUT,BEAR_BREAKOUT-C12,16,-9.068339,0.248622,0.0,False,,False,"{""atr_ratio_max"":2.1,""atr_ratio_min"":0.65,""bb_width_percentile_max"":0.15,""breakout_range_atr"":1.0,""cci_level"":100.0,""context"":""BEAR_BREAKOUT"",""direction"":""SHORT"",""ema_touch_atr"":0.2,""max_hold_bars"":24,""range_adx_max"":14.0,""range_ema_separation_atr"":0.4,""require_confirmation_break"":true,""require_vwap"":false,""rsi_level"":55.0,""rsi_reclaim"":52.0,""setup"":""breakout"",""stop_atr"":1.5,""target_rr"":1.5,""trend_adx_min"":26.0,""trend_ema_separation_atr"":0.15,""vwap_distance_atr"":0.0}"
2024-01 to 2024-06,2021-01-01T00:00:00+00:00,2024-01-01T00:00:00+00:00,BEAR_PULLBACK,BEAR_PULLBACK-C01,20,-12.65884,0.302856,0.0,False,,False,"{""atr_ratio_max"":1.8,""atr_ratio_min"":0.65,""bb_width_percentile_max"":0.35,""breakout_range_atr"":1.0,""cci_level"":25.0,""context"":""BEAR_PULLBACK"",""direction"":""SHORT"",""ema_touch_atr"":0.4,""max_hold_bars"":24,""range_adx_max"":22.0,""range_ema_separation_atr"":0.1,""require_confirmation_break"":false,""require_vwap"":false,""rsi_level"":45.0,""rsi_reclaim"":52.0,""setup"":""pullback"",""stop_atr"":1.25,""target_rr"":1.5,""trend_adx_min"":18.0,""trend_ema_separation_atr"":0.3,""vwap_distance_atr"":0.0}"
2024-01 to 2024-06,2021-01-01T00:00:00+00:00,2024-01-01T00:00:00+00:00,BEAR_PULLBACK,BEAR_PULLBACK-C02,30,-19.110442,0.269431,0.0,False,,False,"{""atr_ratio_max"":1.8,""atr_ratio_min"":0.45,""bb_width_percentile_max"":0.25,""breakout_range_atr"":1.2,""cci_level"":0.0,""context"":""BEAR_PULLBACK"",""direction"":""SHORT"",""ema_touch_atr"":0.2,""max_hold_bars"":48,""range_adx_max"":14.0,""range_ema_separation_atr"":0.4,""require_confirmation_break"":true,""require_vwap"":false,""rsi_level"":45.0,""rsi_reclaim"":52.0,""setup"":""pullback"",""stop_atr"":2.0,""target_rr"":1.25,""trend_adx_min"":18.0,""trend_ema_separation_atr"":0.05,""vwap_distance_atr"":0.5}"
2024-01 to 2024-06,2021-01-01T00:00:00+00:00,2024-01-01T00:00:00+00:00,BEAR_PULLBACK,BEAR_PULLBACK-C03,8,-9.490369,0.079527,0.139974,False,,False,"{""atr_ratio_max"":2.1,""atr_ratio_min"":0.85,""bb_width_percentile_max"":0.35,""breakout_range_atr"":0.8,""cci_level"":0.0,""context"":""BEAR_PULLBACK"",""direction"":""SHORT"",""ema_touch_atr"":0.2,""max_hold_bars"":72,""range_adx_max"":14.0,""range_ema_separation_atr"":0.1,""require_confirmation_break"":true,""require_vwap"":true,""rsi_level"":48.0,""rsi_reclaim"":50.0,""setup"":""pullback"",""stop_atr"":2.0,""target_rr"":1.25,""trend_adx_min"":26.0,""trend_ema_separation_atr"":0.15,""vwap_distance_atr"":0.5}"
2024-01 to 2024-06,2021-01-01T00:00:00+00:00,2024-01-01T00:00:00+00:00,BEAR_PULLBACK,BEAR_PULLBACK-C04,16,-15.810623,0.0,0.0,False,,False,"{""atr_ratio_max"":1.5,""atr_ratio_min"":0.85,""bb_width_percentile_max"":0.25,""breakout_range_atr"":1.2,""cci_level"":0.0,""context"":""BEAR_PULLBACK"",""direction"":""SHORT"",""ema_touch_atr"":0.0,""max_hold_bars"":24,""range_adx_max"":18.0,""range_ema_separation_atr"":0.1,""require_confirmation_break"":false,""require_vwap"":true,""rsi_level"":48.0,""rsi_reclaim"":48.0,""setup"":""pullback"",""stop_atr"":1.5,""target_rr"":2.0,""trend_adx_min"":22.0,""trend_ema_separation_atr"":0.05,""vwap_distance_atr"":0.5}"
2024-01 to 2024-06,2021-01-01T00:00:00+00:00,2024-01-01T00:00:00+00:00,BEAR_PULLBACK,BEAR_PULLBACK-C05,1,-1.445538,0.0,,False,,False,"{""atr_ratio_max"":2.1,""atr_ratio_min"":0.65,""bb_width_percentile_max"":0.25,""breakout_range_atr"":1.2,""cci_level"":50.0,""context"":""BEAR_PULLBACK"",""direction"":""SHORT"",""ema_touch_atr"":0.0,""max_hold_bars"":48,""range_adx_max"":22.0,""range_ema_separation_atr"":0.4,""require_confirmation_break"":true,""require_vwap"":true,""rsi_level"":40.0,""rsi_reclaim"":48.0,""setup"":""pullback"",""stop_atr"":2.0,""target_rr"":1.5,""trend_adx_min"":22.0,""trend_ema_separation_atr"":0.3,""vwap_distance_atr"":0.25}"
2024-01 to 2024-06,2021-01-01T00:00:00+00:00,2024-01-01T00:00:00+00:00,BEAR_PULLBACK,BEAR_PULLBACK-C06,10,-9.040192,0.167188,0.0,False,,False,"{""atr_ratio_max"":1.8,""atr_ratio_min"":0.45,""bb_width_percentile_max"":0.15,""breakout_range_atr"":0.8,""cci_level"":50.0,""context"":""BEAR_PULLBACK"",""direction"":""SHORT"",""ema_touch_atr"":0.2,""max_hold_bars"":24,""range_adx_max"":22.0,""range_ema_separation_atr"":0.1,""require_confirmation_break"":true,""require_vwap"":false,""rsi_level"":48.0,""rsi_reclaim"":48.0,""setup"":""pullback"",""stop_atr"":1.5,""target_rr"":2.0,""trend_adx_min"":26.0,""trend_ema_separation_atr"":0.05,""vwap_distance_atr"":0.0}"
2024-01 to 2024-06,2021-01-01T00:00:00+00:00,2024-01-01T00:00:00+00:00,BEAR_PULLBACK,BEAR_PULLBACK-C07,9,-9.92771,0.027248,0.0,False,,False,"{""atr_ratio_max"":1.5,""atr_ratio_min"":0.85,""bb_width_percentile_max"":0.15,""breakout_range_atr"":0.8,""cci_level"":25.0,""context"":""BEAR_PULLBACK"",""direction"":""SHORT"",""ema_touch_atr"":0.4,""max_hold_bars"":48,""range_adx_max"":18.0,""range_ema_separation_atr"":0.25,""require_confirmation_break"":false,""require_vwap"":true,""rsi_level"":45.0,""rsi_reclaim"":52.0,""setup"":""pullback"",""stop_atr"":2.0,""target_rr"":1.5,""trend_adx_min"":22.0,""trend_ema_separation_atr"":0.05,""vwap_distance_atr"":0.25}"
2024-01 to 2024-06,2021-01-01T00:00:00+00:00,2024-01-01T00:00:00+00:00,BEAR_PULLBACK,BEAR_PULLBACK-C08,9,-11.208786,0.021178,0.0,False,,False,"{""atr_ratio_max"":1.8,""atr_ratio_min"":0.65,""bb_width_percentile_max"":0.15,""breakout_range_atr"":1.0,""cci_level"":50.0,""context"":""BEAR_PULLBACK"",""direction"":""SHORT"",""ema_touch_atr"":0.4,""max_hold_bars"":48,""range_adx_max"":22.0,""range_ema_separation_atr"":0.25,""require_confirmation_break"":true,""require_vwap"":false,""rsi_level"":48.0,""rsi_reclaim"":50.0,""setup"":""pullback"",""stop_atr"":1.5,""target_rr"":2.0,""trend_adx_min"":26.0,""trend_ema_separation_atr"":0.15,""vwap_distance_atr"":0.25}"
2024-01 to 2024-06,2021-01-01T00:00:00+00:00,2024-01-01T00:00:00+00:00,BEAR_PULLBACK,BEAR_PULLBACK-C09,6,-6.186119,0.0,,False,,False,"{""atr_ratio_max"":1.5,""atr_ratio_min"":0.45,""bb_width_percentile_max"":0.35,""breakout_range_atr"":0.8,""cci_level"":50.0,""context"":""BEAR_PULLBACK"",""direction"":""SHORT"",""ema_touch_atr"":0.4,""max_hold_bars"":24,""range_adx_max"":18.0,""range_ema_separation_atr"":0.4,""require_confirmation_break"":false,""require_vwap"":true,""rsi_level"":45.0,""rsi_reclaim"":52.0,""setup"":""pullback"",""stop_atr"":1.25,""target_rr"":1.5,""trend_adx_min"":22.0,""trend_ema_separation_atr"":0.15,""vwap_distance_atr"":0.0}"
2024-01 to 2024-06,2021-01-01T00:00:00+00:00,2024-01-01T00:00:00+00:00,BEAR_PULLBACK,BEAR_PULLBACK-C10,1,-1.929081,0.0,,False,,False,"{""atr_ratio_max"":1.5,""atr_ratio_min"":0.85,""bb_width_percentile_max"":0.35,""breakout_range_atr"":1.0,""cci_level"":25.0,""context"":""BEAR_PULLBACK"",""direction"":""SHORT"",""ema_touch_atr"":0.0,""max_hold_bars"":72,""range_adx_max"":14.0,""range_ema_separation_atr"":0.4,""require_confirmation_break"":false,""require_vwap"":true,""rsi_level"":40.0,""rsi_reclaim"":50.0,""setup"":""pullback"",""stop_atr"":1.25,""target_rr"":2.0,""trend_adx_min"":18.0,""trend_ema_separation_atr"":0.15,""vwap_distance_atr"":0.25}"
2024-01 to 2024-06,2021-01-01T00:00:00+00:00,2024-01-01T00:00:00+00:00,BEAR_PULLBACK,BEAR_PULLBACK-C11,3,-0.146322,0.924811,,False,,False,"{""atr_ratio_max"":2.1,""atr_ratio_min"":0.45,""bb_width_percentile_max"":0.25,""breakout_range_atr"":1.2,""cci_level"":25.0,""context"":""BEAR_PULLBACK"",""direction"":""SHORT"",""ema_touch_atr"":0.2,""max_hold_bars"":72,""range_adx_max"":14.0,""range_ema_separation_atr"":0.25,""require_confirmation_break"":false,""require_vwap"":false,""rsi_level"":40.0,""rsi_reclaim"":50.0,""setup"":""pullback"",""stop_atr"":1.5,""target_rr"":1.25,""trend_adx_min"":18.0,""trend_ema_separation_atr"":0.3,""vwap_distance_atr"":0.5}"
2024-01 to 2024-06,2021-01-01T00:00:00+00:00,2024-01-01T00:00:00+00:00,BEAR_PULLBACK,BEAR_PULLBACK-C12,1,0.870589,,,False,,False,"{""atr_ratio_max"":2.1,""atr_ratio_min"":0.65,""bb_width_percentile_max"":0.15,""breakout_range_atr"":1.0,""cci_level"":0.0,""context"":""BEAR_PULLBACK"",""direction"":""SHORT"",""ema_touch_atr"":0.0,""max_hold_bars"":72,""range_adx_max"":18.0,""range_ema_separation_atr"":0.25,""require_confirmation_break"":true,""require_vwap"":false,""rsi_level"":40.0,""rsi_reclaim"":48.0,""setup"":""pullback"",""stop_atr"":1.25,""target_rr"":1.25,""trend_adx_min"":26.0,""trend_ema_separation_atr"":0.3,""vwap_distance_atr"":0.0}"
2024-01 to 2024-06,2021-01-01T00:00:00+00:00,2024-01-01T00:00:00+00:00,BULL_BREAKOUT,BULL_BREAKOUT-C01,46,-23.394289,0.32467,0.071177,False,,False,"{""atr_ratio_max"":1.8,""atr_ratio_min"":0.65,""bb_width_percentile_max"":0.25,""breakout_range_atr"":1.0,""cci_level"":75.0,""context"":""BULL_BREAKOUT"",""direction"":""LONG"",""ema_touch_atr"":0.2,""max_hold_bars"":72,""range_adx_max"":22.0,""range_ema_separation_atr"":0.25,""require_confirmation_break"":false,""require_vwap"":true,""rsi_level"":60.0,""rsi_reclaim"":48.0,""setup"":""breakout"",""stop_atr"":2.0,""target_rr"":1.25,""trend_adx_min"":18.0,""trend_ema_separation_atr"":0.3,""vwap_distance_atr"":0.5}"
2024-01 to 2024-06,2021-01-01T00:00:00+00:00,2024-01-01T00:00:00+00:00,BULL_BREAKOUT,BULL_BREAKOUT-C02,37,-16.740172,0.337177,0.072502,False,,False,"{""atr_ratio_max"":1.5,""atr_ratio_min"":0.65,""bb_width_percentile_max"":0.35,""breakout_range_atr"":0.8,""cci_level"":125.0,""context"":""BULL_BREAKOUT"",""direction"":""LONG"",""ema_touch_atr"":0.4,""max_hold_bars"":24,""range_adx_max"":14.0,""range_ema_separation_atr"":0.4,""require_confirmation_break"":false,""require_vwap"":true,""rsi_level"":55.0,""rsi_reclaim"":48.0,""setup"":""breakout"",""stop_atr"":2.0,""target_rr"":1.25,""trend_adx_min"":26.0,""trend_ema_separation_atr"":0.15,""vwap_distance_atr"":0.0}"
2024-01 to 2024-06,2021-01-01T00:00:00+00:00,2024-01-01T00:00:00+00:00,BULL_BREAKOUT,BULL_BREAKOUT-C03,24,-12.478913,0.398254,0.0,False,,False,"{""atr_ratio_max"":2.1,""atr_ratio_min"":0.45,""bb_width_percentile_max"":0.35,""breakout_range_atr"":1.2,""cci_level"":125.0,""context"":""BULL_BREAKOUT"",""direction"":""LONG"",""ema_touch_atr"":0.4,""max_hold_bars"":72,""range_adx_max"":18.0,""range_ema_separation_atr"":0.4,""require_confirmation_break"":true,""require_vwap"":false,""rsi_level"":65.0,""rsi_reclaim"":50.0,""setup"":""breakout"",""stop_atr"":2.0,""target_rr"":2.0,""trend_adx_min"":26.0,""trend_ema_separation_atr"":0.05,""vwap_distance_atr"":0.0}"
2024-01 to 2024-06,2021-01-01T00:00:00+00:00,2024-01-01T00:00:00+00:00,BULL_BREAKOUT,BULL_BREAKOUT-C04,40,-18.215715,0.402327,0.230751,False,,False,"{""atr_ratio_max"":2.1,""atr_ratio_min"":0.65,""bb_width_percentile_max"":0.25,""breakout_range_atr"":0.8,""cci_level"":100.0,""context"":""BULL_BREAKOUT"",""direction"":""LONG"",""ema_touch_atr"":0.4,""max_hold_bars"":48,""range_adx_max"":22.0,""range_ema_separation_atr"":0.1,""require_confirmation_break"":true,""require_vwap"":true,""rsi_level"":55.0,""rsi_reclaim"":52.0,""setup"":""breakout"",""stop_atr"":1.5,""target_rr"":1.5,""trend_adx_min"":22.0,""trend_ema_separation_atr"":0.3,""vwap_distance_atr"":0.0}"
2024-01 to 2024-06,2021-01-01T00:00:00+00:00,2024-01-01T00:00:00+00:00,BULL_BREAKOUT,BULL_BREAKOUT-C05,32,-17.003396,0.288984,0.0,False,,False,"{""atr_ratio_max"":1.5,""atr_ratio_min"":0.45,""bb_width_percentile_max"":0.35,""breakout_range_atr"":1.0,""cci_level"":100.0,""context"":""BULL_BREAKOUT"",""direction"":""LONG"",""ema_touch_atr"":0.0,""max_hold_bars"":24,""range_adx_max"":18.0,""range_ema_separation_atr"":0.1,""require_confirmation_break"":true,""require_vwap"":false,""rsi_level"":60.0,""rsi_reclaim"":48.0,""setup"":""breakout"",""stop_atr"":1.25,""target_rr"":1.5,""trend_adx_min"":26.0,""trend_ema_separation_atr"":0.15,""vwap_distance_atr"":0.5}"
2024-01 to 2024-06,2021-01-01T00:00:00+00:00,2024-01-01T00:00:00+00:00,BULL_BREAKOUT,BULL_BREAKOUT-C06,26,-14.364013,0.349857,0.0,False,,False,"{""atr_ratio_max"":1.8,""atr_ratio_min"":0.45,""bb_width_percentile_max"":0.35,""breakout_range_atr"":1.0,""cci_level"":75.0,""context"":""BULL_BREAKOUT"",""direction"":""LONG"",""ema_touch_atr"":0.0,""max_hold_bars"":48,""range_adx_max"":14.0,""range_ema_separation_atr"":0.4,""require_confirmation_break"":true,""require_vwap"":false,""rsi_level"":65.0,""rsi_reclaim"":48.0,""setup"":""breakout"",""stop_atr"":1.25,""target_rr"":1.5,""trend_adx_min"":26.0,""trend_ema_separation_atr"":0.3,""vwap_distance_atr"":0.5}"
2024-01 to 2024-06,2021-01-01T00:00:00+00:00,2024-01-01T00:00:00+00:00,BULL_BREAKOUT,BULL_BREAKOUT-C07,20,-8.413733,0.422043,0.0,False,,False,"{""atr_ratio_max"":1.8,""atr_ratio_min"":0.65,""bb_width_percentile_max"":0.25,""breakout_range_atr"":1.2,""cci_level"":100.0,""context"":""BULL_BREAKOUT"",""direction"":""LONG"",""ema_touch_atr"":0.2,""max_hold_bars"":72,""range_adx_max"":18.0,""range_ema_separation_atr"":0.1,""require_confirmation_break"":false,""require_vwap"":false,""rsi_level"":65.0,""rsi_reclaim"":52.0,""setup"":""breakout"",""stop_atr"":1.25,""target_rr"":1.25,""trend_adx_min"":22.0,""trend_ema_separation_atr"":0.3,""vwap_distance_atr"":0.0}"
2024-01 to 2024-06,2021-01-01T00:00:00+00:00,2024-01-01T00:00:00+00:00,BULL_BREAKOUT,BULL_BREAKOUT-C08,21,-10.558056,0.429362,0.385477,False,,False,"{""atr_ratio_max"":1.5,""atr_ratio_min"":0.85,""bb_width_percentile_max"":0.15,""breakout_range_atr"":0.8,""cci_level"":75.0,""context"":""BULL_BREAKOUT"",""direction"":""LONG"",""ema_touch_atr"":0.2,""max_hold_bars"":48,""range_adx_max"":22.0,""range_ema_separation_atr"":0.25,""require_confirmation_break"":true,""require_vwap"":true,""rsi_level"":60.0,""rsi_reclaim"":50.0,""setup"":""breakout"",""stop_atr"":2.0,""target_rr"":1.5,""trend_adx_min"":18.0,""trend_ema_separation_atr"":0.15,""vwap_distance_atr"":0.25}"
2024-01 to 2024-06,2021-01-01T00:00:00+00:00,2024-01-01T00:00:00+00:00,BULL_BREAKOUT,BULL_BREAKOUT-C09,16,-11.091487,0.22413,0.0,False,,False,"{""atr_ratio_max"":2.1,""atr_ratio_min"":0.45,""bb_width_percentile_max"":0.15,""breakout_range_atr"":1.0,""cci_level"":75.0,""context"":""BULL_BREAKOUT"",""direction"":""LONG"",""ema_touch_atr"":0.0,""max_hold_bars"":24,""range_adx_max"":14.0,""range_ema_separation_atr"":0.1,""require_confirmation_break"":false,""require_vwap"":false,""rsi_level"":65.0,""rsi_reclaim"":50.0,""setup"":""breakout"",""stop_atr"":1.25,""target_rr"":2.0,""trend_adx_min"":22.0,""trend_ema_separation_atr"":0.05,""vwap_distance_atr"":0.25}"
2024-01 to 2024-06,2021-01-01T00:00:00+00:00,2024-01-01T00:00:00+00:00,BULL_BREAKOUT,BULL_BREAKOUT-C10,32,-19.295732,0.278115,0.156678,False,,False,"{""atr_ratio_max"":1.5,""atr_ratio_min"":0.85,""bb_width_percentile_max"":0.25,""breakout_range_atr"":1.2,""cci_level"":100.0,""context"":""BULL_BREAKOUT"",""direction"":""LONG"",""ema_touch_atr"":0.2,""max_hold_bars"":48,""range_adx_max"":22.0,""range_ema_separation_atr"":0.4,""require_confirmation_break"":true,""require_vwap"":true,""rsi_level"":55.0,""rsi_reclaim"":52.0,""setup"":""breakout"",""stop_atr"":1.5,""target_rr"":1.25,""trend_adx_min"":18.0,""trend_ema_separation_atr"":0.05,""vwap_distance_atr"":0.25}"
2024-01 to 2024-06,2021-01-01T00:00:00+00:00,2024-01-01T00:00:00+00:00,BULL_BREAKOUT,BULL_BREAKOUT-C11,16,-10.397826,0.401284,0.0,False,,False,"{""atr_ratio_max"":2.1,""atr_ratio_min"":0.85,""bb_width_percentile_max"":0.15,""breakout_range_atr"":0.8,""cci_level"":125.0,""context"":""BULL_BREAKOUT"",""direction"":""LONG"",""ema_touch_atr"":0.0,""max_hold_bars"":72,""range_adx_max"":14.0,""range_ema_separation_atr"":0.25,""require_confirmation_break"":false,""require_vwap"":false,""rsi_level"":55.0,""rsi_reclaim"":50.0,""setup"":""breakout"",""stop_atr"":1.5,""target_rr"":2.0,""trend_adx_min"":22.0,""trend_ema_separation_atr"":0.15,""vwap_distance_atr"":0.5}"
2024-01 to 2024-06,2021-01-01T00:00:00+00:00,2024-01-01T00:00:00+00:00,BULL_BREAKOUT,BULL_BREAKOUT-C12,15,-8.792574,0.389584,0.0,False,,False,"{""atr_ratio_max"":1.8,""atr_ratio_min"":0.85,""bb_width_percentile_max"":0.15,""breakout_range_atr"":1.2,""cci_level"":125.0,""context"":""BULL_BREAKOUT"",""direction"":""LONG"",""ema_touch_atr"":0.4,""max_hold_bars"":24,""range_adx_max"":18.0,""range_ema_separation_atr"":0.25,""require_confirmation_break"":false,""require_vwap"":true,""rsi_level"":60.0,""rsi_reclaim"":52.0,""setup"":""breakout"",""stop_atr"":1.5,""target_rr"":2.0,""trend_adx_min"":18.0,""trend_ema_separation_atr"":0.05,""vwap_distance_atr"":0.25}"
2024-01 to 2024-06,2021-01-01T00:00:00+00:00,2024-01-01T00:00:00+00:00,BULL_PULLBACK,BULL_PULLBACK-C01,8,-6.769002,0.321729,0.0,False,,False,"{""atr_ratio_max"":2.1,""atr_ratio_min"":0.85,""bb_width_percentile_max"":0.15,""breakout_range_atr"":1.0,""cci_level"":0.0,""context"":""BULL_PULLBACK"",""direction"":""LONG"",""ema_touch_atr"":0.2,""max_hold_bars"":24,""range_adx_max"":18.0,""range_ema_separation_atr"":0.4,""require_confirmation_break"":true,""require_vwap"":false,""rsi_level"":40.0,""rsi_reclaim"":50.0,""setup"":""pullback"",""stop_atr"":1.5,""target_rr"":2.0,""trend_adx_min"":18.0,""trend_ema_separation_atr"":0.15,""vwap_distance_atr"":0.25}"
2024-01 to 2024-06,2021-01-01T00:00:00+00:00,2024-01-01T00:00:00+00:00,BULL_PULLBACK,BULL_PULLBACK-C02,3,-2.894863,0.231854,,False,,False,"{""atr_ratio_max"":1.8,""atr_ratio_min"":0.45,""bb_width_percentile_max"":0.15,""breakout_range_atr"":1.2,""cci_level"":50.0,""context"":""BULL_PULLBACK"",""direction"":""LONG"",""ema_touch_atr"":0.2,""max_hold_bars"":48,""range_adx_max"":22.0,""range_ema_separation_atr"":0.25,""require_confirmation_break"":false,""require_vwap"":true,""rsi_level"":40.0,""rsi_reclaim"":48.0,""setup"":""pullback"",""stop_atr"":1.25,""target_rr"":1.25,""trend_adx_min"":18.0,""trend_ema_separation_atr"":0.15,""vwap_distance_atr"":0.5}"
2024-01 to 2024-06,2021-01-01T00:00:00+00:00,2024-01-01T00:00:00+00:00,BULL_PULLBACK,BULL_PULLBACK-C03,2,-0.135463,0.922562,,False,,False,"{""atr_ratio_max"":1.5,""atr_ratio_min"":0.45,""bb_width_percentile_max"":0.25,""breakout_range_atr"":0.8,""cci_level"":25.0,""context"":""BULL_PULLBACK"",""direction"":""LONG"",""ema_touch_atr"":0.0,""max_hold_bars"":48,""range_adx_max"":18.0,""range_ema_separation_atr"":0.4,""require_confirmation_break"":false,""require_vwap"":false,""rsi_level"":40.0,""rsi_reclaim"":50.0,""setup"":""pullback"",""stop_atr"":2.0,""target_rr"":2.0,""trend_adx_min"":22.0,""trend_ema_separation_atr"":0.15,""vwap_distance_atr"":0.5}"
2024-01 to 2024-06,2021-01-01T00:00:00+00:00,2024-01-01T00:00:00+00:00,BULL_PULLBACK,BULL_PULLBACK-C04,6,-2.643813,0.496055,0.258438,False,,False,"{""atr_ratio_max"":2.1,""atr_ratio_min"":0.85,""bb_width_percentile_max"":0.15,""breakout_range_atr"":1.0,""cci_level"":0.0,""context"":""BULL_PULLBACK"",""direction"":""LONG"",""ema_touch_atr"":0.4,""max_hold_bars"":48,""range_adx_max"":14.0,""range_ema_separation_atr"":0.1,""require_confirmation_break"":true,""require_vwap"":false,""rsi_level"":45.0,""rsi_reclaim"":52.0,""setup"":""pullback"",""stop_atr"":1.25,""target_rr"":1.25,""trend_adx_min"":26.0,""trend_ema_separation_atr"":0.3,""vwap_distance_atr"":0.5}"
2024-01 to 2024-06,2021-01-01T00:00:00+00:00,2024-01-01T00:00:00+00:00,BULL_PULLBACK,BULL_PULLBACK-C05,5,-4.477278,0.199262,,False,,False,"{""atr_ratio_max"":1.8,""atr_ratio_min"":0.45,""bb_width_percentile_max"":0.15,""breakout_range_atr"":1.2,""cci_level"":25.0,""context"":""BULL_PULLBACK"",""direction"":""LONG"",""ema_touch_atr"":0.0,""max_hold_bars"":24,""range_adx_max"":22.0,""range_ema_separation_atr"":0.1,""require_confirmation_break"":false,""require_vwap"":false,""rsi_level"":40.0,""rsi_reclaim"":48.0,""setup"":""pullback"",""stop_atr"":1.5,""target_rr"":1.5,""trend_adx_min"":22.0,""trend_ema_separation_atr"":0.15,""vwap_distance_atr"":0.0}"
2024-01 to 2024-06,2021-01-01T00:00:00+00:00,2024-01-01T00:00:00+00:00,BULL_PULLBACK,BULL_PULLBACK-C06,63,-31.598442,0.355594,0.276499,False,,False,"{""atr_ratio_max"":1.8,""atr_ratio_min"":0.85,""bb_width_percentile_max"":0.25,""breakout_range_atr"":1.2,""cci_level"":0.0,""context"":""BULL_PULLBACK"",""direction"":""LONG"",""ema_touch_atr"":0.0,""max_hold_bars"":24,""range_adx_max"":18.0,""range_ema_separation_atr"":0.1,""require_confirmation_break"":true,""require_vwap"":false,""rsi_level"":48.0,""rsi_reclaim"":50.0,""setup"":""pullback"",""stop_atr"":2.0,""target_rr"":1.5,""trend_adx_min"":18.0,""trend_ema_separation_atr"":0.3,""vwap_distance_atr"":0.0}"
2024-01 to 2024-06,2021-01-01T00:00:00+00:00,2024-01-01T00:00:00+00:00,BULL_PULLBACK,BULL_PULLBACK-C07,4,0.673763,1.231153,,False,,False,"{""atr_ratio_max"":1.8,""atr_ratio_min"":0.45,""bb_width_percentile_max"":0.35,""breakout_range_atr"":0.8,""cci_level"":50.0,""context"":""BULL_PULLBACK"",""direction"":""LONG"",""ema_touch_atr"":0.2,""max_hold_bars"":72,""range_adx_max"":22.0,""range_ema_separation_atr"":0.4,""require_confirmation_break"":true,""require_vwap"":true,""rsi_level"":48.0,""rsi_reclaim"":48.0,""setup"":""pullback"",""stop_atr"":1.5,""target_rr"":2.0,""trend_adx_min"":26.0,""trend_ema_separation_atr"":0.3,""vwap_distance_atr"":0.25}"
2024-01 to 2024-06,2021-01-01T00:00:00+00:00,2024-01-01T00:00:00+00:00,BULL_PULLBACK,BULL_PULLBACK-C08,4,-1.945069,0.541033,1.638156,False,,False,"{""atr_ratio_max"":1.5,""atr_ratio_min"":0.65,""bb_width_percentile_max"":0.35,""breakout_range_atr"":1.2,""cci_level"":50.0,""context"":""BULL_PULLBACK"",""direction"":""LONG"",""ema_touch_atr"":0.0,""max_hold_bars"":48,""range_adx_max"":22.0,""range_ema_separation_atr"":0.25,""require_confirmation_break"":false,""require_vwap"":true,""rsi_level"":48.0,""rsi_reclaim"":52.0,""setup"":""pullback"",""stop_atr"":2.0,""target_rr"":1.5,""trend_adx_min"":26.0,""trend_ema_separation_atr"":0.05,""vwap_distance_atr"":0.25}"
2024-01 to 2024-06,2021-01-01T00:00:00+00:00,2024-01-01T00:00:00+00:00,BULL_PULLBACK,BULL_PULLBACK-C09,26,-12.494031,0.488665,0.238695,False,,False,"{""atr_ratio_max"":2.1,""atr_ratio_min"":0.65,""bb_width_percentile_max"":0.25,""breakout_range_atr"":1.0,""cci_level"":0.0,""context"":""BULL_PULLBACK"",""direction"":""LONG"",""ema_touch_atr"":0.4,""max_hold_bars"":72,""range_adx_max"":14.0,""range_ema_separation_atr"":0.4,""require_confirmation_break"":true,""require_vwap"":false,""rsi_level"":45.0,""rsi_reclaim"":50.0,""setup"":""pullback"",""stop_atr"":1.25,""target_rr"":1.5,""trend_adx_min"":18.0,""trend_ema_separation_atr"":0.3,""vwap_distance_atr"":0.25}"
2024-01 to 2024-06,2021-01-01T00:00:00+00:00,2024-01-01T00:00:00+00:00,BULL_PULLBACK,BULL_PULLBACK-C10,8,-8.069669,0.17356,0.123378,False,,False,"{""atr_ratio_max"":2.1,""atr_ratio_min"":0.65,""bb_width_percentile_max"":0.25,""breakout_range_atr"":0.8,""cci_level"":25.0,""context"":""BULL_PULLBACK"",""direction"":""LONG"",""ema_touch_atr"":0.4,""max_hold_bars"":72,""range_adx_max"":18.0,""range_ema_separation_atr"":0.25,""require_confirmation_break"":false,""require_vwap"":true,""rsi_level"":45.0,""rsi_reclaim"":52.0,""setup"":""pullback"",""stop_atr"":1.25,""target_rr"":1.25,""trend_adx_min"":22.0,""trend_ema_separation_atr"":0.05,""vwap_distance_atr"":0.5}"
2024-01 to 2024-06,2021-01-01T00:00:00+00:00,2024-01-01T00:00:00+00:00,BULL_PULLBACK,BULL_PULLBACK-C11,4,0.310271,1.104954,,False,,False,"{""atr_ratio_max"":1.5,""atr_ratio_min"":0.65,""bb_width_percentile_max"":0.35,""breakout_range_atr"":0.8,""cci_level"":25.0,""context"":""BULL_PULLBACK"",""direction"":""LONG"",""ema_touch_atr"":0.4,""max_hold_bars"":24,""range_adx_max"":14.0,""range_ema_separation_atr"":0.25,""require_confirmation_break"":true,""require_vwap"":true,""rsi_level"":45.0,""rsi_reclaim"":48.0,""setup"":""pullback"",""stop_atr"":2.0,""target_rr"":2.0,""trend_adx_min"":22.0,""trend_ema_separation_atr"":0.05,""vwap_distance_atr"":0.0}"
2024-01 to 2024-06,2021-01-01T00:00:00+00:00,2024-01-01T00:00:00+00:00,BULL_PULLBACK,BULL_PULLBACK-C12,4,-2.430177,0.423836,1.283246,False,,False,"{""atr_ratio_max"":1.5,""atr_ratio_min"":0.85,""bb_width_percentile_max"":0.35,""breakout_range_atr"":1.0,""cci_level"":50.0,""context"":""BULL_PULLBACK"",""direction"":""LONG"",""ema_touch_atr"":0.2,""max_hold_bars"":72,""range_adx_max"":14.0,""range_ema_separation_atr"":0.1,""require_confirmation_break"":false,""require_vwap"":true,""rsi_level"":48.0,""rsi_reclaim"":52.0,""setup"":""pullback"",""stop_atr"":1.5,""target_rr"":1.25,""trend_adx_min"":26.0,""trend_ema_separation_atr"":0.05,""vwap_distance_atr"":0.0}"
2024-01 to 2024-06,2021-01-01T00:00:00+00:00,2024-01-01T00:00:00+00:00,RANGE_REVERSION,RANGE_REVERSION-C01,0,0.0,,,False,,False,"{""atr_ratio_max"":1.5,""atr_ratio_min"":0.85,""bb_width_percentile_max"":0.15,""breakout_range_atr"":1.2,""cci_level"":125.0,""context"":""RANGE_REVERSION"",""direction"":""BOTH"",""ema_touch_atr"":0.0,""max_hold_bars"":48,""range_adx_max"":14.0,""range_ema_separation_atr"":0.25,""require_confirmation_break"":true,""require_vwap"":false,""rsi_level"":35.0,""rsi_reclaim"":35.0,""setup"":""reversion"",""stop_atr"":1.5,""target_rr"":1.25,""trend_adx_min"":22.0,""trend_ema_separation_atr"":0.15,""vwap_distance_atr"":0.5}"
2024-01 to 2024-06,2021-01-01T00:00:00+00:00,2024-01-01T00:00:00+00:00,RANGE_REVERSION,RANGE_REVERSION-C02,0,0.0,,,False,,False,"{""atr_ratio_max"":1.5,""atr_ratio_min"":0.45,""bb_width_percentile_max"":0.35,""breakout_range_atr"":0.8,""cci_level"":100.0,""context"":""RANGE_REVERSION"",""direction"":""BOTH"",""ema_touch_atr"":0.2,""max_hold_bars"":24,""range_adx_max"":14.0,""range_ema_separation_atr"":0.4,""require_confirmation_break"":false,""require_vwap"":false,""rsi_level"":35.0,""rsi_reclaim"":35.0,""setup"":""reversion"",""stop_atr"":1.25,""target_rr"":2.0,""trend_adx_min"":26.0,""trend_ema_separation_atr"":0.15,""vwap_distance_atr"":0.25}"
2024-01 to 2024-06,2021-01-01T00:00:00+00:00,2024-01-01T00:00:00+00:00,RANGE_REVERSION,RANGE_REVERSION-C03,0,0.0,,,False,,False,"{""atr_ratio_max"":2.1,""atr_ratio_min"":0.65,""bb_width_percentile_max"":0.15,""breakout_range_atr"":1.2,""cci_level"":100.0,""context"":""RANGE_REVERSION"",""direction"":""BOTH"",""ema_touch_atr"":0.2,""max_hold_bars"":72,""range_adx_max"":22.0,""range_ema_separation_atr"":0.1,""require_confirmation_break"":false,""require_vwap"":false,""rsi_level"":25.0,""rsi_reclaim"":40.0,""setup"":""reversion"",""stop_atr"":2.0,""target_rr"":1.5,""trend_adx_min"":26.0,""trend_ema_separation_atr"":0.15,""vwap_distance_atr"":0.0}"
2024-01 to 2024-06,2021-01-01T00:00:00+00:00,2024-01-01T00:00:00+00:00,RANGE_REVERSION,RANGE_REVERSION-C04,0,0.0,,,False,,False,"{""atr_ratio_max"":1.8,""atr_ratio_min"":0.45,""bb_width_percentile_max"":0.25,""breakout_range_atr"":1.0,""cci_level"":100.0,""context"":""RANGE_REVERSION"",""direction"":""BOTH"",""ema_touch_atr"":0.4,""max_hold_bars"":72,""range_adx_max"":18.0,""range_ema_separation_atr"":0.25,""require_confirmation_break"":true,""require_vwap"":false,""rsi_level"":35.0,""rsi_reclaim"":40.0,""setup"":""reversion"",""stop_atr"":1.25,""target_rr"":1.5,""trend_adx_min"":22.0,""trend_ema_separation_atr"":0.3,""vwap_distance_atr"":0.0}"
2024-01 to 2024-06,2021-01-01T00:00:00+00:00,2024-01-01T00:00:00+00:00,RANGE_REVERSION,RANGE_REVERSION-C05,0,0.0,,,False,,False,"{""atr_ratio_max"":1.8,""atr_ratio_min"":0.45,""bb_width_percentile_max"":0.25,""breakout_range_atr"":0.8,""cci_level"":125.0,""context"":""RANGE_REVERSION"",""direction"":""BOTH"",""ema_touch_atr"":0.4,""max_hold_bars"":48,""range_adx_max"":14.0,""range_ema_separation_atr"":0.4,""require_confirmation_break"":true,""require_vwap"":true,""rsi_level"":25.0,""rsi_reclaim"":30.0,""setup"":""reversion"",""stop_atr"":1.25,""target_rr"":2.0,""trend_adx_min"":22.0,""trend_ema_separation_atr"":0.3,""vwap_distance_atr"":0.0}"
2024-01 to 2024-06,2021-01-01T00:00:00+00:00,2024-01-01T00:00:00+00:00,RANGE_REVERSION,RANGE_REVERSION-C06,0,0.0,,,False,,False,"{""atr_ratio_max"":2.1,""atr_ratio_min"":0.45,""bb_width_percentile_max"":0.35,""breakout_range_atr"":0.8,""cci_level"":100.0,""context"":""RANGE_REVERSION"",""direction"":""BOTH"",""ema_touch_atr"":0.0,""max_hold_bars"":72,""range_adx_max"":18.0,""range_ema_separation_atr"":0.25,""require_confirmation_break"":true,""require_vwap"":true,""rsi_level"":30.0,""rsi_reclaim"":30.0,""setup"":""reversion"",""stop_atr"":1.25,""target_rr"":1.5,""trend_adx_min"":22.0,""trend_ema_separation_atr"":0.15,""vwap_distance_atr"":0.25}"
2024-01 to 2024-06,2021-01-01T00:00:00+00:00,2024-01-01T00:00:00+00:00,RANGE_REVERSION,RANGE_REVERSION-C07,0,0.0,,,False,,False,"{""atr_ratio_max"":2.1,""atr_ratio_min"":0.85,""bb_width_percentile_max"":0.25,""breakout_range_atr"":1.0,""cci_level"":75.0,""context"":""RANGE_REVERSION"",""direction"":""BOTH"",""ema_touch_atr"":0.2,""max_hold_bars"":48,""range_adx_max"":22.0,""range_ema_separation_atr"":0.4,""require_confirmation_break"":true,""require_vwap"":true,""rsi_level"":30.0,""rsi_reclaim"":40.0,""setup"":""reversion"",""stop_atr"":2.0,""target_rr"":1.5,""trend_adx_min"":18.0,""trend_ema_separation_atr"":0.05,""vwap_distance_atr"":0.0}"
2024-01 to 2024-06,2021-01-01T00:00:00+00:00,2024-01-01T00:00:00+00:00,RANGE_REVERSION,RANGE_REVERSION-C08,0,0.0,,,False,,False,"{""atr_ratio_max"":1.8,""atr_ratio_min"":0.85,""bb_width_percentile_max"":0.15,""breakout_range_atr"":0.8,""cci_level"":125.0,""context"":""RANGE_REVERSION"",""direction"":""BOTH"",""ema_touch_atr"":0.2,""max_hold_bars"":24,""range_adx_max"":18.0,""range_ema_separation_atr"":0.1,""require_confirmation_break"":true,""require_vwap"":true,""rsi_level"":35.0,""rsi_reclaim"":30.0,""setup"":""reversion"",""stop_atr"":1.5,""target_rr"":1.25,""trend_adx_min"":26.0,""trend_ema_separation_atr"":0.3,""vwap_distance_atr"":0.5}"
2024-01 to 2024-06,2021-01-01T00:00:00+00:00,2024-01-01T00:00:00+00:00,RANGE_REVERSION,RANGE_REVERSION-C09,0,0.0,,,False,,False,"{""atr_ratio_max"":2.1,""atr_ratio_min"":0.85,""bb_width_percentile_max"":0.35,""breakout_range_atr"":1.2,""cci_level"":75.0,""context"":""RANGE_REVERSION"",""direction"":""BOTH"",""ema_touch_atr"":0.0,""max_hold_bars"":24,""range_adx_max"":22.0,""range_ema_separation_atr"":0.4,""require_confirmation_break"":false,""require_vwap"":false,""rsi_level"":30.0,""rsi_reclaim"":35.0,""setup"":""reversion"",""stop_atr"":1.5,""target_rr"":1.25,""trend_adx_min"":18.0,""trend_ema_separation_atr"":0.05,""vwap_distance_atr"":0.25}"
2024-01 to 2024-06,2021-01-01T00:00:00+00:00,2024-01-01T00:00:00+00:00,RANGE_REVERSION,RANGE_REVERSION-C10,0,0.0,,,False,,False,"{""atr_ratio_max"":1.8,""atr_ratio_min"":0.65,""bb_width_percentile_max"":0.25,""breakout_range_atr"":1.0,""cci_level"":75.0,""context"":""RANGE_REVERSION"",""direction"":""BOTH"",""ema_touch_atr"":0.4,""max_hold_bars"":24,""range_adx_max"":18.0,""range_ema_separation_atr"":0.25,""require_confirmation_break"":false,""require_vwap"":true,""rsi_level"":25.0,""rsi_reclaim"":30.0,""setup"":""reversion"",""stop_atr"":1.5,""target_rr"":2.0,""trend_adx_min"":26.0,""trend_ema_separation_atr"":0.05,""vwap_distance_atr"":0.5}"
2024-01 to 2024-06,2021-01-01T00:00:00+00:00,2024-01-01T00:00:00+00:00,RANGE_REVERSION,RANGE_REVERSION-C11,0,0.0,,,False,,False,"{""atr_ratio_max"":1.5,""atr_ratio_min"":0.65,""bb_width_percentile_max"":0.35,""breakout_range_atr"":1.2,""cci_level"":125.0,""context"":""RANGE_REVERSION"",""direction"":""BOTH"",""ema_touch_atr"":0.4,""max_hold_bars"":72,""range_adx_max"":22.0,""range_ema_separation_atr"":0.1,""require_confirmation_break"":false,""require_vwap"":false,""rsi_level"":30.0,""rsi_reclaim"":35.0,""setup"":""reversion"",""stop_atr"":2.0,""target_rr"":1.25,""trend_adx_min"":18.0,""trend_ema_separation_atr"":0.3,""vwap_distance_atr"":0.25}"
2024-01 to 2024-06,2021-01-01T00:00:00+00:00,2024-01-01T00:00:00+00:00,RANGE_REVERSION,RANGE_REVERSION-C12,0,0.0,,,False,,False,"{""atr_ratio_max"":1.5,""atr_ratio_min"":0.65,""bb_width_percentile_max"":0.15,""breakout_range_atr"":1.0,""cci_level"":75.0,""context"":""RANGE_REVERSION"",""direction"":""BOTH"",""ema_touch_atr"":0.0,""max_hold_bars"":48,""range_adx_max"":14.0,""range_ema_separation_atr"":0.1,""require_confirmation_break"":false,""require_vwap"":true,""rsi_level"":25.0,""rsi_reclaim"":40.0,""setup"":""reversion"",""stop_atr"":2.0,""target_rr"":2.0,""trend_adx_min"":18.0,""trend_ema_separation_atr"":0.05,""vwap_distance_atr"":0.5}"
2024-07 to 2024-12,2021-07-01T00:00:00+00:00,2024-07-01T00:00:00+00:00,BEAR_BREAKOUT,BEAR_BREAKOUT-C01,33,-26.493009,0.193917,0.053217,False,,False,"{""atr_ratio_max"":1.8,""atr_ratio_min"":0.65,""bb_width_percentile_max"":0.25,""breakout_range_atr"":1.2,""cci_level"":100.0,""context"":""BEAR_BREAKOUT"",""direction"":""SHORT"",""ema_touch_atr"":0.2,""max_hold_bars"":72,""range_adx_max"":22.0,""range_ema_separation_atr"":0.25,""require_confirmation_break"":true,""require_vwap"":true,""rsi_level"":60.0,""rsi_reclaim"":48.0,""setup"":""breakout"",""stop_atr"":2.0,""target_rr"":1.25,""trend_adx_min"":22.0,""trend_ema_separation_atr"":0.3,""vwap_distance_atr"":0.5}"
2024-07 to 2024-12,2021-07-01T00:00:00+00:00,2024-07-01T00:00:00+00:00,BEAR_BREAKOUT,BEAR_BREAKOUT-C02,45,-36.939672,0.228664,0.0,False,,False,"{""atr_ratio_max"":1.5,""atr_ratio_min"":0.85,""bb_width_percentile_max"":0.35,""breakout_range_atr"":1.0,""cci_level"":125.0,""context"":""BEAR_BREAKOUT"",""direction"":""SHORT"",""ema_touch_atr"":0.2,""max_hold_bars"":72,""range_adx_max"":22.0,""range_ema_separation_atr"":0.1,""require_confirmation_break"":false,""require_vwap"":true,""rsi_level"":60.0,""rsi_reclaim"":50.0,""setup"":""breakout"",""stop_atr"":1.25,""target_rr"":2.0,""trend_adx_min"":18.0,""trend_ema_separation_atr"":0.05,""vwap_distance_atr"":0.0}"
2024-07 to 2024-12,2021-07-01T00:00:00+00:00,2024-07-01T00:00:00+00:00,BEAR_BREAKOUT,BEAR_BREAKOUT-C03,29,-22.095343,0.103903,0.074484,False,,False,"{""atr_ratio_max"":2.1,""atr_ratio_min"":0.45,""bb_width_percentile_max"":0.35,""breakout_range_atr"":0.8,""cci_level"":75.0,""context"":""BEAR_BREAKOUT"",""direction"":""SHORT"",""ema_touch_atr"":0.4,""max_hold_bars"":24,""range_adx_max"":18.0,""range_ema_separation_atr"":0.1,""require_confirmation_break"":true,""require_vwap"":true,""rsi_level"":65.0,""rsi_reclaim"":48.0,""setup"":""breakout"",""stop_atr"":2.0,""target_rr"":1.25,""trend_adx_min"":26.0,""trend_ema_separation_atr"":0.3,""vwap_distance_atr"":0.0}"
2024-07 to 2024-12,2021-07-01T00:00:00+00:00,2024-07-01T00:00:00+00:00,BEAR_BREAKOUT,BEAR_BREAKOUT-C04,31,-24.775883,0.244886,0.091911,False,,False,"{""atr_ratio_max"":1.8,""atr_ratio_min"":0.85,""bb_width_percentile_max"":0.35,""breakout_range_atr"":0.8,""cci_level"":75.0,""context"":""BEAR_BREAKOUT"",""direction"":""SHORT"",""ema_touch_atr"":0.0,""max_hold_bars"":72,""range_adx_max"":18.0,""range_ema_separation_atr"":0.25,""require_confirmation_break"":false,""require_vwap"":true,""rsi_level"":65.0,""rsi_reclaim"":50.0,""setup"":""breakout"",""stop_atr"":1.25,""target_rr"":2.0,""trend_adx_min"":22.0,""trend_ema_separation_atr"":0.3,""vwap_distance_atr"":0.0}"
2024-07 to 2024-12,2021-07-01T00:00:00+00:00,2024-07-01T00:00:00+00:00,BEAR_BREAKOUT,BEAR_BREAKOUT-C05,22,-18.893296,0.173,0.142446,False,,False,"{""atr_ratio_max"":2.1,""atr_ratio_min"":0.65,""bb_width_percentile_max"":0.25,""breakout_range_atr"":1.2,""cci_level"":125.0,""context"":""BEAR_BREAKOUT"",""direction"":""SHORT"",""ema_touch_atr"":0.0,""max_hold_bars"":72,""range_adx_max"":18.0,""range_ema_separation_atr"":0.25,""require_confirmation_break"":true,""require_vwap"":false,""rsi_level"":60.0,""rsi_reclaim"":50.0,""setup"":""breakout"",""stop_atr"":1.25,""target_rr"":1.5,""trend_adx_min"":26.0,""trend_ema_separation_atr"":0.05,""vwap_distance_atr"":0.5}"
2024-07 to 2024-12,2021-07-01T00:00:00+00:00,2024-07-01T00:00:00+00:00,BEAR_BREAKOUT,BEAR_BREAKOUT-C06,25,-24.87157,0.053465,0.0,False,,False,"{""atr_ratio_max"":1.5,""atr_ratio_min"":0.45,""bb_width_percentile_max"":0.15,""breakout_range_atr"":0.8,""cci_level"":125.0,""context"":""BEAR_BREAKOUT"",""direction"":""SHORT"",""ema_touch_atr"":0.4,""max_hold_bars"":48,""range_adx_max"":14.0,""range_ema_separation_atr"":0.4,""require_confirmation_break"":false,""require_vwap"":false,""rsi_level"":55.0,""rsi_reclaim"":52.0,""setup"":""breakout"",""stop_atr"":1.5,""target_rr"":1.5,""trend_adx_min"":22.0,""trend_ema_separation_atr"":0.05,""vwap_distance_atr"":0.25}"
2024-07 to 2024-12,2021-07-01T00:00:00+00:00,2024-07-01T00:00:00+00:00,BEAR_BREAKOUT,BEAR_BREAKOUT-C07,10,-12.303957,0.0,0.0,False,,False,"{""atr_ratio_max"":2.1,""atr_ratio_min"":0.45,""bb_width_percentile_max"":0.15,""breakout_range_atr"":1.2,""cci_level"":100.0,""context"":""BEAR_BREAKOUT"",""direction"":""SHORT"",""ema_touch_atr"":0.0,""max_hold_bars"":48,""range_adx_max"":22.0,""range_ema_separation_atr"":0.4,""require_confirmation_break"":true,""require_vwap"":false,""rsi_level"":65.0,""rsi_reclaim"":48.0,""setup"":""breakout"",""stop_atr"":2.0,""target_rr"":1.5,""trend_adx_min"":26.0,""trend_ema_separation_atr"":0.15,""vwap_distance_atr"":0.5}"
2024-07 to 2024-12,2021-07-01T00:00:00+00:00,2024-07-01T00:00:00+00:00,BEAR_BREAKOUT,BEAR_BREAKOUT-C08,15,-19.095257,0.146728,0.0,False,,False,"{""atr_ratio_max"":1.5,""atr_ratio_min"":0.85,""bb_width_percentile_max"":0.15,""breakout_range_atr"":1.2,""cci_level"":75.0,""context"":""BEAR_BREAKOUT"",""direction"":""SHORT"",""ema_touch_atr"":0.2,""max_hold_bars"":48,""range_adx_max"":18.0,""range_ema_separation_atr"":0.25,""require_confirmation_break"":false,""require_vwap"":false,""rsi_level"":60.0,""rsi_reclaim"":52.0,""setup"":""breakout"",""stop_atr"":1.5,""target_rr"":2.0,""trend_adx_min"":18.0,""trend_ema_separation_atr"":0.3,""vwap_distance_atr"":0.25}"
2024-07 to 2024-12,2021-07-01T00:00:00+00:00,2024-07-01T00:00:00+00:00,BEAR_BREAKOUT,BEAR_BREAKOUT-C09,32,-26.054658,0.192943,0.051848,False,,False,"{""atr_ratio_max"":1.8,""atr_ratio_min"":0.85,""bb_width_percentile_max"":0.25,""breakout_range_atr"":0.8,""cci_level"":75.0,""context"":""BEAR_BREAKOUT"",""direction"":""SHORT"",""ema_touch_atr"":0.4,""max_hold_bars"":48,""range_adx_max"":22.0,""range_ema_separation_atr"":0.4,""require_confirmation_break"":true,""require_vwap"":false,""rsi_level"":55.0,""rsi_reclaim"":50.0,""setup"":""breakout"",""stop_atr"":1.5,""target_rr"":1.25,""trend_adx_min"":22.0,""trend_ema_separation_atr"":0.15,""vwap_distance_atr"":0.5}"
2024-07 to 2024-12,2021-07-01T00:00:00+00:00,2024-07-01T00:00:00+00:00,BEAR_BREAKOUT,BEAR_BREAKOUT-C10,61,-37.426721,0.203107,0.04355,False,,False,"{""atr_ratio_max"":1.8,""atr_ratio_min"":0.45,""bb_width_percentile_max"":0.35,""breakout_range_atr"":1.0,""cci_level"":100.0,""context"":""BEAR_BREAKOUT"",""direction"":""SHORT"",""ema_touch_atr"":0.4,""max_hold_bars"":24,""range_adx_max"":14.0,""range_ema_separation_atr"":0.1,""require_confirmation_break"":false,""require_vwap"":true,""rsi_level"":55.0,""rsi_reclaim"":52.0,""setup"":""breakout"",""stop_atr"":1.25,""target_rr"":1.25,""trend_adx_min"":18.0,""trend_ema_separation_atr"":0.05,""vwap_distance_atr"":0.25}"
2024-07 to 2024-12,2021-07-01T00:00:00+00:00,2024-07-01T00:00:00+00:00,BEAR_BREAKOUT,BEAR_BREAKOUT-C11,29,-17.943662,0.155323,0.025301,False,,False,"{""atr_ratio_max"":1.5,""atr_ratio_min"":0.65,""bb_width_percentile_max"":0.25,""breakout_range_atr"":1.0,""cci_level"":125.0,""context"":""BEAR_BREAKOUT"",""direction"":""SHORT"",""ema_touch_atr"":0.0,""max_hold_bars"":24,""range_adx_max"":14.0,""range_ema_separation_atr"":0.1,""require_confirmation_break"":false,""require_vwap"":true,""rsi_level"":65.0,""rsi_reclaim"":48.0,""setup"":""breakout"",""stop_atr"":2.0,""target_rr"":2.0,""trend_adx_min"":18.0,""trend_ema_separation_atr"":0.15,""vwap_distance_atr"":0.25}"
2024-07 to 2024-12,2021-07-01T00:00:00+00:00,2024-07-01T00:00:00+00:00,BEAR_BREAKOUT,BEAR_BREAKOUT-C12,16,-12.335154,0.068125,0.028633,False,,False,"{""atr_ratio_max"":2.1,""atr_ratio_min"":0.65,""bb_width_percentile_max"":0.15,""breakout_range_atr"":1.0,""cci_level"":100.0,""context"":""BEAR_BREAKOUT"",""direction"":""SHORT"",""ema_touch_atr"":0.2,""max_hold_bars"":24,""range_adx_max"":14.0,""range_ema_separation_atr"":0.4,""require_confirmation_break"":true,""require_vwap"":false,""rsi_level"":55.0,""rsi_reclaim"":52.0,""setup"":""breakout"",""stop_atr"":1.5,""target_rr"":1.5,""trend_adx_min"":26.0,""trend_ema_separation_atr"":0.15,""vwap_distance_atr"":0.0}"
2024-07 to 2024-12,2021-07-01T00:00:00+00:00,2024-07-01T00:00:00+00:00,BEAR_PULLBACK,BEAR_PULLBACK-C01,18,-9.397934,0.405584,0.0,False,,False,"{""atr_ratio_max"":1.8,""atr_ratio_min"":0.65,""bb_width_percentile_max"":0.35,""breakout_range_atr"":1.0,""cci_level"":25.0,""context"":""BEAR_PULLBACK"",""direction"":""SHORT"",""ema_touch_atr"":0.4,""max_hold_bars"":24,""range_adx_max"":22.0,""range_ema_separation_atr"":0.1,""require_confirmation_break"":false,""require_vwap"":false,""rsi_level"":45.0,""rsi_reclaim"":52.0,""setup"":""pullback"",""stop_atr"":1.25,""target_rr"":1.5,""trend_adx_min"":18.0,""trend_ema_separation_atr"":0.3,""vwap_distance_atr"":0.0}"
2024-07 to 2024-12,2021-07-01T00:00:00+00:00,2024-07-01T00:00:00+00:00,BEAR_PULLBACK,BEAR_PULLBACK-C02,28,-16.798146,0.289144,0.096229,False,,False,"{""atr_ratio_max"":1.8,""atr_ratio_min"":0.45,""bb_width_percentile_max"":0.25,""breakout_range_atr"":1.2,""cci_level"":0.0,""context"":""BEAR_PULLBACK"",""direction"":""SHORT"",""ema_touch_atr"":0.2,""max_hold_bars"":48,""range_adx_max"":14.0,""range_ema_separation_atr"":0.4,""require_confirmation_break"":true,""require_vwap"":false,""rsi_level"":45.0,""rsi_reclaim"":52.0,""setup"":""pullback"",""stop_atr"":2.0,""target_rr"":1.25,""trend_adx_min"":18.0,""trend_ema_separation_atr"":0.05,""vwap_distance_atr"":0.5}"
2024-07 to 2024-12,2021-07-01T00:00:00+00:00,2024-07-01T00:00:00+00:00,BEAR_PULLBACK,BEAR_PULLBACK-C03,7,-8.21264,0.091916,0.183166,False,,False,"{""atr_ratio_max"":2.1,""atr_ratio_min"":0.85,""bb_width_percentile_max"":0.35,""breakout_range_atr"":0.8,""cci_level"":0.0,""context"":""BEAR_PULLBACK"",""direction"":""SHORT"",""ema_touch_atr"":0.2,""max_hold_bars"":72,""range_adx_max"":14.0,""range_ema_separation_atr"":0.1,""require_confirmation_break"":true,""require_vwap"":true,""rsi_level"":48.0,""rsi_reclaim"":50.0,""setup"":""pullback"",""stop_atr"":2.0,""target_rr"":1.25,""trend_adx_min"":26.0,""trend_ema_separation_atr"":0.15,""vwap_distance_atr"":0.5}"
2024-07 to 2024-12,2021-07-01T00:00:00+00:00,2024-07-01T00:00:00+00:00,BEAR_PULLBACK,BEAR_PULLBACK-C04,13,-12.211481,0.0,0.0,False,,False,"{""atr_ratio_max"":1.5,""atr_ratio_min"":0.85,""bb_width_percentile_max"":0.25,""breakout_range_atr"":1.2,""cci_level"":0.0,""context"":""BEAR_PULLBACK"",""direction"":""SHORT"",""ema_touch_atr"":0.0,""max_hold_bars"":24,""range_adx_max"":18.0,""range_ema_separation_atr"":0.1,""require_confirmation_break"":false,""require_vwap"":true,""rsi_level"":48.0,""rsi_reclaim"":48.0,""setup"":""pullback"",""stop_atr"":1.5,""target_rr"":2.0,""trend_adx_min"":22.0,""trend_ema_separation_atr"":0.05,""vwap_distance_atr"":0.5}"
2024-07 to 2024-12,2021-07-01T00:00:00+00:00,2024-07-01T00:00:00+00:00,BEAR_PULLBACK,BEAR_PULLBACK-C05,1,-1.445538,0.0,,False,,False,"{""atr_ratio_max"":2.1,""atr_ratio_min"":0.65,""bb_width_percentile_max"":0.25,""breakout_range_atr"":1.2,""cci_level"":50.0,""context"":""BEAR_PULLBACK"",""direction"":""SHORT"",""ema_touch_atr"":0.0,""max_hold_bars"":48,""range_adx_max"":22.0,""range_ema_separation_atr"":0.4,""require_confirmation_break"":true,""require_vwap"":true,""rsi_level"":40.0,""rsi_reclaim"":48.0,""setup"":""pullback"",""stop_atr"":2.0,""target_rr"":1.5,""trend_adx_min"":22.0,""trend_ema_separation_atr"":0.3,""vwap_distance_atr"":0.25}"
2024-07 to 2024-12,2021-07-01T00:00:00+00:00,2024-07-01T00:00:00+00:00,BEAR_PULLBACK,BEAR_PULLBACK-C06,12,-9.389742,0.255631,0.231483,False,,False,"{""atr_ratio_max"":1.8,""atr_ratio_min"":0.45,""bb_width_percentile_max"":0.15,""breakout_range_atr"":0.8,""cci_level"":50.0,""context"":""BEAR_PULLBACK"",""direction"":""SHORT"",""ema_touch_atr"":0.2,""max_hold_bars"":24,""range_adx_max"":22.0,""range_ema_separation_atr"":0.1,""require_confirmation_break"":true,""require_vwap"":false,""rsi_level"":48.0,""rsi_reclaim"":48.0,""setup"":""pullback"",""stop_atr"":1.5,""target_rr"":2.0,""trend_adx_min"":26.0,""trend_ema_separation_atr"":0.05,""vwap_distance_atr"":0.0}"
2024-07 to 2024-12,2021-07-01T00:00:00+00:00,2024-07-01T00:00:00+00:00,BEAR_PULLBACK,BEAR_PULLBACK-C07,6,-5.931845,0.046679,0.065692,False,,False,"{""atr_ratio_max"":1.5,""atr_ratio_min"":0.85,""bb_width_percentile_max"":0.15,""breakout_range_atr"":0.8,""cci_level"":25.0,""context"":""BEAR_PULLBACK"",""direction"":""SHORT"",""ema_touch_atr"":0.4,""max_hold_bars"":48,""range_adx_max"":18.0,""range_ema_separation_atr"":0.25,""require_confirmation_break"":false,""require_vwap"":true,""rsi_level"":45.0,""rsi_reclaim"":52.0,""setup"":""pullback"",""stop_atr"":2.0,""target_rr"":1.5,""trend_adx_min"":22.0,""trend_ema_separation_atr"":0.05,""vwap_distance_atr"":0.25}"
2024-07 to 2024-12,2021-07-01T00:00:00+00:00,2024-07-01T00:00:00+00:00,BEAR_PULLBACK,BEAR_PULLBACK-C08,11,-11.549985,0.121486,0.042624,False,,False,"{""atr_ratio_max"":1.8,""atr_ratio_min"":0.65,""bb_width_percentile_max"":0.15,""breakout_range_atr"":1.0,""cci_level"":50.0,""context"":""BEAR_PULLBACK"",""direction"":""SHORT"",""ema_touch_atr"":0.4,""max_hold_bars"":48,""range_adx_max"":22.0,""range_ema_separation_atr"":0.25,""require_confirmation_break"":true,""require_vwap"":false,""rsi_level"":48.0,""rsi_reclaim"":50.0,""setup"":""pullback"",""stop_atr"":1.5,""target_rr"":2.0,""trend_adx_min"":26.0,""trend_ema_separation_atr"":0.15,""vwap_distance_atr"":0.25}"
2024-07 to 2024-12,2021-07-01T00:00:00+00:00,2024-07-01T00:00:00+00:00,BEAR_PULLBACK,BEAR_PULLBACK-C09,4,-3.627401,0.0,,False,,False,"{""atr_ratio_max"":1.5,""atr_ratio_min"":0.45,""bb_width_percentile_max"":0.35,""breakout_range_atr"":0.8,""cci_level"":50.0,""context"":""BEAR_PULLBACK"",""direction"":""SHORT"",""ema_touch_atr"":0.4,""max_hold_bars"":24,""range_adx_max"":18.0,""range_ema_separation_atr"":0.4,""require_confirmation_break"":false,""require_vwap"":true,""rsi_level"":45.0,""rsi_reclaim"":52.0,""setup"":""pullback"",""stop_atr"":1.25,""target_rr"":1.5,""trend_adx_min"":22.0,""trend_ema_separation_atr"":0.15,""vwap_distance_atr"":0.0}"
2024-07 to 2024-12,2021-07-01T00:00:00+00:00,2024-07-01T00:00:00+00:00,BEAR_PULLBACK,BEAR_PULLBACK-C10,1,-1.929081,0.0,,False,,False,"{""atr_ratio_max"":1.5,""atr_ratio_min"":0.85,""bb_width_percentile_max"":0.35,""breakout_range_atr"":1.0,""cci_level"":25.0,""context"":""BEAR_PULLBACK"",""direction"":""SHORT"",""ema_touch_atr"":0.0,""max_hold_bars"":72,""range_adx_max"":14.0,""range_ema_separation_atr"":0.4,""require_confirmation_break"":false,""require_vwap"":true,""rsi_level"":40.0,""rsi_reclaim"":50.0,""setup"":""pullback"",""stop_atr"":1.25,""target_rr"":2.0,""trend_adx_min"":18.0,""trend_ema_separation_atr"":0.15,""vwap_distance_atr"":0.25}"
2024-07 to 2024-12,2021-07-01T00:00:00+00:00,2024-07-01T00:00:00+00:00,BEAR_PULLBACK,BEAR_PULLBACK-C11,3,-0.146322,0.924811,,False,,False,"{""atr_ratio_max"":2.1,""atr_ratio_min"":0.45,""bb_width_percentile_max"":0.25,""breakout_range_atr"":1.2,""cci_level"":25.0,""context"":""BEAR_PULLBACK"",""direction"":""SHORT"",""ema_touch_atr"":0.2,""max_hold_bars"":72,""range_adx_max"":14.0,""range_ema_separation_atr"":0.25,""require_confirmation_break"":false,""require_vwap"":false,""rsi_level"":40.0,""rsi_reclaim"":50.0,""setup"":""pullback"",""stop_atr"":1.5,""target_rr"":1.25,""trend_adx_min"":18.0,""trend_ema_separation_atr"":0.3,""vwap_distance_atr"":0.5}"
2024-07 to 2024-12,2021-07-01T00:00:00+00:00,2024-07-01T00:00:00+00:00,BEAR_PULLBACK,BEAR_PULLBACK-C12,1,0.870589,,,False,,False,"{""atr_ratio_max"":2.1,""atr_ratio_min"":0.65,""bb_width_percentile_max"":0.15,""breakout_range_atr"":1.0,""cci_level"":0.0,""context"":""BEAR_PULLBACK"",""direction"":""SHORT"",""ema_touch_atr"":0.0,""max_hold_bars"":72,""range_adx_max"":18.0,""range_ema_separation_atr"":0.25,""require_confirmation_break"":true,""require_vwap"":false,""rsi_level"":40.0,""rsi_reclaim"":48.0,""setup"":""pullback"",""stop_atr"":1.25,""target_rr"":1.25,""trend_adx_min"":26.0,""trend_ema_separation_atr"":0.3,""vwap_distance_atr"":0.0}"
2024-07 to 2024-12,2021-07-01T00:00:00+00:00,2024-07-01T00:00:00+00:00,BULL_BREAKOUT,BULL_BREAKOUT-C01,51,-24.653882,0.383254,0.320331,False,,False,"{""atr_ratio_max"":1.8,""atr_ratio_min"":0.65,""bb_width_percentile_max"":0.25,""breakout_range_atr"":1.0,""cci_level"":75.0,""context"":""BULL_BREAKOUT"",""direction"":""LONG"",""ema_touch_atr"":0.2,""max_hold_bars"":72,""range_adx_max"":22.0,""range_ema_separation_atr"":0.25,""require_confirmation_break"":false,""require_vwap"":true,""rsi_level"":60.0,""rsi_reclaim"":48.0,""setup"":""breakout"",""stop_atr"":2.0,""target_rr"":1.25,""trend_adx_min"":18.0,""trend_ema_separation_atr"":0.3,""vwap_distance_atr"":0.5}"
2024-07 to 2024-12,2021-07-01T00:00:00+00:00,2024-07-01T00:00:00+00:00,BULL_BREAKOUT,BULL_BREAKOUT-C02,37,-16.754216,0.374663,0.211341,False,,False,"{""atr_ratio_max"":1.5,""atr_ratio_min"":0.65,""bb_width_percentile_max"":0.35,""breakout_range_atr"":0.8,""cci_level"":125.0,""context"":""BULL_BREAKOUT"",""direction"":""LONG"",""ema_touch_atr"":0.4,""max_hold_bars"":24,""range_adx_max"":14.0,""range_ema_separation_atr"":0.4,""require_confirmation_break"":false,""require_vwap"":true,""rsi_level"":55.0,""rsi_reclaim"":48.0,""setup"":""breakout"",""stop_atr"":2.0,""target_rr"":1.25,""trend_adx_min"":26.0,""trend_ema_separation_atr"":0.15,""vwap_distance_atr"":0.0}"
2024-07 to 2024-12,2021-07-01T00:00:00+00:00,2024-07-01T00:00:00+00:00,BULL_BREAKOUT,BULL_BREAKOUT-C03,26,-7.942287,0.621125,0.306316,False,,False,"{""atr_ratio_max"":2.1,""atr_ratio_min"":0.45,""bb_width_percentile_max"":0.35,""breakout_range_atr"":1.2,""cci_level"":125.0,""context"":""BULL_BREAKOUT"",""direction"":""LONG"",""ema_touch_atr"":0.4,""max_hold_bars"":72,""range_adx_max"":18.0,""range_ema_separation_atr"":0.4,""require_confirmation_break"":true,""require_vwap"":false,""rsi_level"":65.0,""rsi_reclaim"":50.0,""setup"":""breakout"",""stop_atr"":2.0,""target_rr"":2.0,""trend_adx_min"":26.0,""trend_ema_separation_atr"":0.05,""vwap_distance_atr"":0.0}"
2024-07 to 2024-12,2021-07-01T00:00:00+00:00,2024-07-01T00:00:00+00:00,BULL_BREAKOUT,BULL_BREAKOUT-C04,44,-19.024944,0.466079,0.330447,False,,False,"{""atr_ratio_max"":2.1,""atr_ratio_min"":0.65,""bb_width_percentile_max"":0.25,""breakout_range_atr"":0.8,""cci_level"":100.0,""context"":""BULL_BREAKOUT"",""direction"":""LONG"",""ema_touch_atr"":0.4,""max_hold_bars"":48,""range_adx_max"":22.0,""range_ema_separation_atr"":0.1,""require_confirmation_break"":true,""require_vwap"":true,""rsi_level"":55.0,""rsi_reclaim"":52.0,""setup"":""breakout"",""stop_atr"":1.5,""target_rr"":1.5,""trend_adx_min"":22.0,""trend_ema_separation_atr"":0.3,""vwap_distance_atr"":0.0}"
2024-07 to 2024-12,2021-07-01T00:00:00+00:00,2024-07-01T00:00:00+00:00,BULL_BREAKOUT,BULL_BREAKOUT-C05,34,-19.230506,0.313451,0.146903,False,,False,"{""atr_ratio_max"":1.5,""atr_ratio_min"":0.45,""bb_width_percentile_max"":0.35,""breakout_range_atr"":1.0,""cci_level"":100.0,""context"":""BULL_BREAKOUT"",""direction"":""LONG"",""ema_touch_atr"":0.0,""max_hold_bars"":24,""range_adx_max"":18.0,""range_ema_separation_atr"":0.1,""require_confirmation_break"":true,""require_vwap"":false,""rsi_level"":60.0,""rsi_reclaim"":48.0,""setup"":""breakout"",""stop_atr"":1.25,""target_rr"":1.5,""trend_adx_min"":26.0,""trend_ema_separation_atr"":0.15,""vwap_distance_atr"":0.5}"
2024-07 to 2024-12,2021-07-01T00:00:00+00:00,2024-07-01T00:00:00+00:00,BULL_BREAKOUT,BULL_BREAKOUT-C06,28,-12.831712,0.45903,0.283613,False,,False,"{""atr_ratio_max"":1.8,""atr_ratio_min"":0.45,""bb_width_percentile_max"":0.35,""breakout_range_atr"":1.0,""cci_level"":75.0,""context"":""BULL_BREAKOUT"",""direction"":""LONG"",""ema_touch_atr"":0.0,""max_hold_bars"":48,""range_adx_max"":14.0,""range_ema_separation_atr"":0.4,""require_confirmation_break"":true,""require_vwap"":false,""rsi_level"":65.0,""rsi_reclaim"":48.0,""setup"":""breakout"",""stop_atr"":1.25,""target_rr"":1.5,""trend_adx_min"":26.0,""trend_ema_separation_atr"":0.3,""vwap_distance_atr"":0.5}"
2024-07 to 2024-12,2021-07-01T00:00:00+00:00,2024-07-01T00:00:00+00:00,BULL_BREAKOUT,BULL_BREAKOUT-C07,22,-7.453872,0.558332,0.350543,False,,False,"{""atr_ratio_max"":1.8,""atr_ratio_min"":0.65,""bb_width_percentile_max"":0.25,""breakout_range_atr"":1.2,""cci_level"":100.0,""context"":""BULL_BREAKOUT"",""direction"":""LONG"",""ema_touch_atr"":0.2,""max_hold_bars"":72,""range_adx_max"":18.0,""range_ema_separation_atr"":0.1,""require_confirmation_break"":false,""require_vwap"":false,""rsi_level"":65.0,""rsi_reclaim"":52.0,""setup"":""breakout"",""stop_atr"":1.25,""target_rr"":1.25,""trend_adx_min"":22.0,""trend_ema_separation_atr"":0.3,""vwap_distance_atr"":0.0}"
2024-07 to 2024-12,2021-07-01T00:00:00+00:00,2024-07-01T00:00:00+00:00,BULL_BREAKOUT,BULL_BREAKOUT-C08,27,-12.007078,0.494803,0.32213,False,,False,"{""atr_ratio_max"":1.5,""atr_ratio_min"":0.85,""bb_width_percentile_max"":0.15,""breakout_range_atr"":0.8,""cci_level"":75.0,""context"":""BULL_BREAKOUT"",""direction"":""LONG"",""ema_touch_atr"":0.2,""max_hold_bars"":48,""range_adx_max"":22.0,""range_ema_separation_atr"":0.25,""require_confirmation_break"":true,""require_vwap"":true,""rsi_level"":60.0,""rsi_reclaim"":50.0,""setup"":""breakout"",""stop_atr"":2.0,""target_rr"":1.5,""trend_adx_min"":18.0,""trend_ema_separation_atr"":0.15,""vwap_distance_atr"":0.25}"
2024-07 to 2024-12,2021-07-01T00:00:00+00:00,2024-07-01T00:00:00+00:00,BULL_BREAKOUT,BULL_BREAKOUT-C09,17,-10.530084,0.262772,0.176585,False,,False,"{""atr_ratio_max"":2.1,""atr_ratio_min"":0.45,""bb_width_percentile_max"":0.15,""breakout_range_atr"":1.0,""cci_level"":75.0,""context"":""BULL_BREAKOUT"",""direction"":""LONG"",""ema_touch_atr"":0.0,""max_hold_bars"":24,""range_adx_max"":14.0,""range_ema_separation_atr"":0.1,""require_confirmation_break"":false,""require_vwap"":false,""rsi_level"":65.0,""rsi_reclaim"":50.0,""setup"":""breakout"",""stop_atr"":1.25,""target_rr"":2.0,""trend_adx_min"":22.0,""trend_ema_separation_atr"":0.05,""vwap_distance_atr"":0.25}"
2024-07 to 2024-12,2021-07-01T00:00:00+00:00,2024-07-01T00:00:00+00:00,BULL_BREAKOUT,BULL_BREAKOUT-C10,33,-22.23412,0.280924,0.186623,False,,False,"{""atr_ratio_max"":1.5,""atr_ratio_min"":0.85,""bb_width_percentile_max"":0.25,""breakout_range_atr"":1.2,""cci_level"":100.0,""context"":""BULL_BREAKOUT"",""direction"":""LONG"",""ema_touch_atr"":0.2,""max_hold_bars"":48,""range_adx_max"":22.0,""range_ema_separation_atr"":0.4,""require_confirmation_break"":true,""require_vwap"":true,""rsi_level"":55.0,""rsi_reclaim"":52.0,""setup"":""breakout"",""stop_atr"":1.5,""target_rr"":1.25,""trend_adx_min"":18.0,""trend_ema_separation_atr"":0.05,""vwap_distance_atr"":0.25}"
2024-07 to 2024-12,2021-07-01T00:00:00+00:00,2024-07-01T00:00:00+00:00,BULL_BREAKOUT,BULL_BREAKOUT-C11,20,-10.115841,0.525133,0.312897,False,,False,"{""atr_ratio_max"":2.1,""atr_ratio_min"":0.85,""bb_width_percentile_max"":0.15,""breakout_range_atr"":0.8,""cci_level"":125.0,""context"":""BULL_BREAKOUT"",""direction"":""LONG"",""ema_touch_atr"":0.0,""max_hold_bars"":72,""range_adx_max"":14.0,""range_ema_separation_atr"":0.25,""require_confirmation_break"":false,""require_vwap"":false,""rsi_level"":55.0,""rsi_reclaim"":50.0,""setup"":""breakout"",""stop_atr"":1.5,""target_rr"":2.0,""trend_adx_min"":22.0,""trend_ema_separation_atr"":0.15,""vwap_distance_atr"":0.5}"
2024-07 to 2024-12,2021-07-01T00:00:00+00:00,2024-07-01T00:00:00+00:00,BULL_BREAKOUT,BULL_BREAKOUT-C12,20,-10.868771,0.449514,0.323354,False,,False,"{""atr_ratio_max"":1.8,""atr_ratio_min"":0.85,""bb_width_percentile_max"":0.15,""breakout_range_atr"":1.2,""cci_level"":125.0,""context"":""BULL_BREAKOUT"",""direction"":""LONG"",""ema_touch_atr"":0.4,""max_hold_bars"":24,""range_adx_max"":18.0,""range_ema_separation_atr"":0.25,""require_confirmation_break"":false,""require_vwap"":true,""rsi_level"":60.0,""rsi_reclaim"":52.0,""setup"":""breakout"",""stop_atr"":1.5,""target_rr"":2.0,""trend_adx_min"":18.0,""trend_ema_separation_atr"":0.05,""vwap_distance_atr"":0.25}"
2024-07 to 2024-12,2021-07-01T00:00:00+00:00,2024-07-01T00:00:00+00:00,BULL_PULLBACK,BULL_PULLBACK-C01,7,-8.155458,0.164634,0.274068,False,,False,"{""atr_ratio_max"":2.1,""atr_ratio_min"":0.85,""bb_width_percentile_max"":0.15,""breakout_range_atr"":1.0,""cci_level"":0.0,""context"":""BULL_PULLBACK"",""direction"":""LONG"",""ema_touch_atr"":0.2,""max_hold_bars"":24,""range_adx_max"":18.0,""range_ema_separation_atr"":0.4,""require_confirmation_break"":true,""require_vwap"":false,""rsi_level"":40.0,""rsi_reclaim"":50.0,""setup"":""pullback"",""stop_atr"":1.5,""target_rr"":2.0,""trend_adx_min"":18.0,""trend_ema_separation_atr"":0.15,""vwap_distance_atr"":0.25}"
2024-07 to 2024-12,2021-07-01T00:00:00+00:00,2024-07-01T00:00:00+00:00,BULL_PULLBACK,BULL_PULLBACK-C02,3,-2.894863,0.231854,,False,,False,"{""atr_ratio_max"":1.8,""atr_ratio_min"":0.45,""bb_width_percentile_max"":0.15,""breakout_range_atr"":1.2,""cci_level"":50.0,""context"":""BULL_PULLBACK"",""direction"":""LONG"",""ema_touch_atr"":0.2,""max_hold_bars"":48,""range_adx_max"":22.0,""range_ema_separation_atr"":0.25,""require_confirmation_break"":false,""require_vwap"":true,""rsi_level"":40.0,""rsi_reclaim"":48.0,""setup"":""pullback"",""stop_atr"":1.25,""target_rr"":1.25,""trend_adx_min"":18.0,""trend_ema_separation_atr"":0.15,""vwap_distance_atr"":0.5}"
2024-07 to 2024-12,2021-07-01T00:00:00+00:00,2024-07-01T00:00:00+00:00,BULL_PULLBACK,BULL_PULLBACK-C03,2,-0.135463,0.922562,,False,,False,"{""atr_ratio_max"":1.5,""atr_ratio_min"":0.45,""bb_width_percentile_max"":0.25,""breakout_range_atr"":0.8,""cci_level"":25.0,""context"":""BULL_PULLBACK"",""direction"":""LONG"",""ema_touch_atr"":0.0,""max_hold_bars"":48,""range_adx_max"":18.0,""range_ema_separation_atr"":0.4,""require_confirmation_break"":false,""require_vwap"":false,""rsi_level"":40.0,""rsi_reclaim"":50.0,""setup"":""pullback"",""stop_atr"":2.0,""target_rr"":2.0,""trend_adx_min"":22.0,""trend_ema_separation_atr"":0.15,""vwap_distance_atr"":0.5}"
2024-07 to 2024-12,2021-07-01T00:00:00+00:00,2024-07-01T00:00:00+00:00,BULL_PULLBACK,BULL_PULLBACK-C04,6,-2.580081,0.507189,0.248021,False,,False,"{""atr_ratio_max"":2.1,""atr_ratio_min"":0.85,""bb_width_percentile_max"":0.15,""breakout_range_atr"":1.0,""cci_level"":0.0,""context"":""BULL_PULLBACK"",""direction"":""LONG"",""ema_touch_atr"":0.4,""max_hold_bars"":48,""range_adx_max"":14.0,""range_ema_separation_atr"":0.1,""require_confirmation_break"":true,""require_vwap"":false,""rsi_level"":45.0,""rsi_reclaim"":52.0,""setup"":""pullback"",""stop_atr"":1.25,""target_rr"":1.25,""trend_adx_min"":26.0,""trend_ema_separation_atr"":0.3,""vwap_distance_atr"":0.5}"
2024-07 to 2024-12,2021-07-01T00:00:00+00:00,2024-07-01T00:00:00+00:00,BULL_PULLBACK,BULL_PULLBACK-C05,4,-2.535649,0.309504,0.36371,False,,False,"{""atr_ratio_max"":1.8,""atr_ratio_min"":0.45,""bb_width_percentile_max"":0.15,""breakout_range_atr"":1.2,""cci_level"":25.0,""context"":""BULL_PULLBACK"",""direction"":""LONG"",""ema_touch_atr"":0.0,""max_hold_bars"":24,""range_adx_max"":22.0,""range_ema_separation_atr"":0.1,""require_confirmation_break"":false,""require_vwap"":false,""rsi_level"":40.0,""rsi_reclaim"":48.0,""setup"":""pullback"",""stop_atr"":1.5,""target_rr"":1.5,""trend_adx_min"":22.0,""trend_ema_separation_atr"":0.15,""vwap_distance_atr"":0.0}"
2024-07 to 2024-12,2021-07-01T00:00:00+00:00,2024-07-01T00:00:00+00:00,BULL_PULLBACK,BULL_PULLBACK-C06,61,-28.478237,0.388537,0.287958,False,,False,"{""atr_ratio_max"":1.8,""atr_ratio_min"":0.85,""bb_width_percentile_max"":0.25,""breakout_range_atr"":1.2,""cci_level"":0.0,""context"":""BULL_PULLBACK"",""direction"":""LONG"",""ema_touch_atr"":0.0,""max_hold_bars"":24,""range_adx_max"":18.0,""range_ema_separation_atr"":0.1,""require_confirmation_break"":true,""require_vwap"":false,""rsi_level"":48.0,""rsi_reclaim"":50.0,""setup"":""pullback"",""stop_atr"":2.0,""target_rr"":1.5,""trend_adx_min"":18.0,""trend_ema_separation_atr"":0.3,""vwap_distance_atr"":0.0}"
2024-07 to 2024-12,2021-07-01T00:00:00+00:00,2024-07-01T00:00:00+00:00,BULL_PULLBACK,BULL_PULLBACK-C07,3,0.399193,1.137325,1.137325,False,,False,"{""atr_ratio_max"":1.8,""atr_ratio_min"":0.45,""bb_width_percentile_max"":0.35,""breakout_range_atr"":0.8,""cci_level"":50.0,""context"":""BULL_PULLBACK"",""direction"":""LONG"",""ema_touch_atr"":0.2,""max_hold_bars"":72,""range_adx_max"":22.0,""range_ema_separation_atr"":0.4,""require_confirmation_break"":true,""require_vwap"":true,""rsi_level"":48.0,""rsi_reclaim"":48.0,""setup"":""pullback"",""stop_atr"":1.5,""target_rr"":2.0,""trend_adx_min"":26.0,""trend_ema_separation_atr"":0.3,""vwap_distance_atr"":0.25}"
2024-07 to 2024-12,2021-07-01T00:00:00+00:00,2024-07-01T00:00:00+00:00,BULL_PULLBACK,BULL_PULLBACK-C08,4,-1.945069,0.541033,0.541033,False,,False,"{""atr_ratio_max"":1.5,""atr_ratio_min"":0.65,""bb_width_percentile_max"":0.35,""breakout_range_atr"":1.2,""cci_level"":50.0,""context"":""BULL_PULLBACK"",""direction"":""LONG"",""ema_touch_atr"":0.0,""max_hold_bars"":48,""range_adx_max"":22.0,""range_ema_separation_atr"":0.25,""require_confirmation_break"":false,""require_vwap"":true,""rsi_level"":48.0,""rsi_reclaim"":52.0,""setup"":""pullback"",""stop_atr"":2.0,""target_rr"":1.5,""trend_adx_min"":26.0,""trend_ema_separation_atr"":0.05,""vwap_distance_atr"":0.25}"
2024-07 to 2024-12,2021-07-01T00:00:00+00:00,2024-07-01T00:00:00+00:00,BULL_PULLBACK,BULL_PULLBACK-C09,27,-12.984723,0.474838,0.287797,False,,False,"{""atr_ratio_max"":2.1,""atr_ratio_min"":0.65,""bb_width_percentile_max"":0.25,""breakout_range_atr"":1.0,""cci_level"":0.0,""context"":""BULL_PULLBACK"",""direction"":""LONG"",""ema_touch_atr"":0.4,""max_hold_bars"":72,""range_adx_max"":14.0,""range_ema_separation_atr"":0.4,""require_confirmation_break"":true,""require_vwap"":false,""rsi_level"":45.0,""rsi_reclaim"":50.0,""setup"":""pullback"",""stop_atr"":1.25,""target_rr"":1.5,""trend_adx_min"":18.0,""trend_ema_separation_atr"":0.3,""vwap_distance_atr"":0.25}"
2024-07 to 2024-12,2021-07-01T00:00:00+00:00,2024-07-01T00:00:00+00:00,BULL_PULLBACK,BULL_PULLBACK-C10,7,-7.086989,0.106915,0.0,False,,False,"{""atr_ratio_max"":2.1,""atr_ratio_min"":0.65,""bb_width_percentile_max"":0.25,""breakout_range_atr"":0.8,""cci_level"":25.0,""context"":""BULL_PULLBACK"",""direction"":""LONG"",""ema_touch_atr"":0.4,""max_hold_bars"":72,""range_adx_max"":18.0,""range_ema_separation_atr"":0.25,""require_confirmation_break"":false,""require_vwap"":true,""rsi_level"":45.0,""rsi_reclaim"":52.0,""setup"":""pullback"",""stop_atr"":1.25,""target_rr"":1.25,""trend_adx_min"":22.0,""trend_ema_separation_atr"":0.05,""vwap_distance_atr"":0.5}"
2024-07 to 2024-12,2021-07-01T00:00:00+00:00,2024-07-01T00:00:00+00:00,BULL_PULLBACK,BULL_PULLBACK-C11,4,-1.371086,0.541271,,False,,False,"{""atr_ratio_max"":1.5,""atr_ratio_min"":0.65,""bb_width_percentile_max"":0.35,""breakout_range_atr"":0.8,""cci_level"":25.0,""context"":""BULL_PULLBACK"",""direction"":""LONG"",""ema_touch_atr"":0.4,""max_hold_bars"":24,""range_adx_max"":14.0,""range_ema_separation_atr"":0.25,""require_confirmation_break"":true,""require_vwap"":true,""rsi_level"":45.0,""rsi_reclaim"":48.0,""setup"":""pullback"",""stop_atr"":2.0,""target_rr"":2.0,""trend_adx_min"":22.0,""trend_ema_separation_atr"":0.05,""vwap_distance_atr"":0.0}"
2024-07 to 2024-12,2021-07-01T00:00:00+00:00,2024-07-01T00:00:00+00:00,BULL_PULLBACK,BULL_PULLBACK-C12,4,-2.430177,0.423836,0.423836,False,,False,"{""atr_ratio_max"":1.5,""atr_ratio_min"":0.85,""bb_width_percentile_max"":0.35,""breakout_range_atr"":1.0,""cci_level"":50.0,""context"":""BULL_PULLBACK"",""direction"":""LONG"",""ema_touch_atr"":0.2,""max_hold_bars"":72,""range_adx_max"":14.0,""range_ema_separation_atr"":0.1,""require_confirmation_break"":false,""require_vwap"":true,""rsi_level"":48.0,""rsi_reclaim"":52.0,""setup"":""pullback"",""stop_atr"":1.5,""target_rr"":1.25,""trend_adx_min"":26.0,""trend_ema_separation_atr"":0.05,""vwap_distance_atr"":0.0}"
2024-07 to 2024-12,2021-07-01T00:00:00+00:00,2024-07-01T00:00:00+00:00,RANGE_REVERSION,RANGE_REVERSION-C01,0,0.0,,,False,,False,"{""atr_ratio_max"":1.5,""atr_ratio_min"":0.85,""bb_width_percentile_max"":0.15,""breakout_range_atr"":1.2,""cci_level"":125.0,""context"":""RANGE_REVERSION"",""direction"":""BOTH"",""ema_touch_atr"":0.0,""max_hold_bars"":48,""range_adx_max"":14.0,""range_ema_separation_atr"":0.25,""require_confirmation_break"":true,""require_vwap"":false,""rsi_level"":35.0,""rsi_reclaim"":35.0,""setup"":""reversion"",""stop_atr"":1.5,""target_rr"":1.25,""trend_adx_min"":22.0,""trend_ema_separation_atr"":0.15,""vwap_distance_atr"":0.5}"
2024-07 to 2024-12,2021-07-01T00:00:00+00:00,2024-07-01T00:00:00+00:00,RANGE_REVERSION,RANGE_REVERSION-C02,0,0.0,,,False,,False,"{""atr_ratio_max"":1.5,""atr_ratio_min"":0.45,""bb_width_percentile_max"":0.35,""breakout_range_atr"":0.8,""cci_level"":100.0,""context"":""RANGE_REVERSION"",""direction"":""BOTH"",""ema_touch_atr"":0.2,""max_hold_bars"":24,""range_adx_max"":14.0,""range_ema_separation_atr"":0.4,""require_confirmation_break"":false,""require_vwap"":false,""rsi_level"":35.0,""rsi_reclaim"":35.0,""setup"":""reversion"",""stop_atr"":1.25,""target_rr"":2.0,""trend_adx_min"":26.0,""trend_ema_separation_atr"":0.15,""vwap_distance_atr"":0.25}"
2024-07 to 2024-12,2021-07-01T00:00:00+00:00,2024-07-01T00:00:00+00:00,RANGE_REVERSION,RANGE_REVERSION-C03,0,0.0,,,False,,False,"{""atr_ratio_max"":2.1,""atr_ratio_min"":0.65,""bb_width_percentile_max"":0.15,""breakout_range_atr"":1.2,""cci_level"":100.0,""context"":""RANGE_REVERSION"",""direction"":""BOTH"",""ema_touch_atr"":0.2,""max_hold_bars"":72,""range_adx_max"":22.0,""range_ema_separation_atr"":0.1,""require_confirmation_break"":false,""require_vwap"":false,""rsi_level"":25.0,""rsi_reclaim"":40.0,""setup"":""reversion"",""stop_atr"":2.0,""target_rr"":1.5,""trend_adx_min"":26.0,""trend_ema_separation_atr"":0.15,""vwap_distance_atr"":0.0}"
2024-07 to 2024-12,2021-07-01T00:00:00+00:00,2024-07-01T00:00:00+00:00,RANGE_REVERSION,RANGE_REVERSION-C04,0,0.0,,,False,,False,"{""atr_ratio_max"":1.8,""atr_ratio_min"":0.45,""bb_width_percentile_max"":0.25,""breakout_range_atr"":1.0,""cci_level"":100.0,""context"":""RANGE_REVERSION"",""direction"":""BOTH"",""ema_touch_atr"":0.4,""max_hold_bars"":72,""range_adx_max"":18.0,""range_ema_separation_atr"":0.25,""require_confirmation_break"":true,""require_vwap"":false,""rsi_level"":35.0,""rsi_reclaim"":40.0,""setup"":""reversion"",""stop_atr"":1.25,""target_rr"":1.5,""trend_adx_min"":22.0,""trend_ema_separation_atr"":0.3,""vwap_distance_atr"":0.0}"
2024-07 to 2024-12,2021-07-01T00:00:00+00:00,2024-07-01T00:00:00+00:00,RANGE_REVERSION,RANGE_REVERSION-C05,0,0.0,,,False,,False,"{""atr_ratio_max"":1.8,""atr_ratio_min"":0.45,""bb_width_percentile_max"":0.25,""breakout_range_atr"":0.8,""cci_level"":125.0,""context"":""RANGE_REVERSION"",""direction"":""BOTH"",""ema_touch_atr"":0.4,""max_hold_bars"":48,""range_adx_max"":14.0,""range_ema_separation_atr"":0.4,""require_confirmation_break"":true,""require_vwap"":true,""rsi_level"":25.0,""rsi_reclaim"":30.0,""setup"":""reversion"",""stop_atr"":1.25,""target_rr"":2.0,""trend_adx_min"":22.0,""trend_ema_separation_atr"":0.3,""vwap_distance_atr"":0.0}"
2024-07 to 2024-12,2021-07-01T00:00:00+00:00,2024-07-01T00:00:00+00:00,RANGE_REVERSION,RANGE_REVERSION-C06,0,0.0,,,False,,False,"{""atr_ratio_max"":2.1,""atr_ratio_min"":0.45,""bb_width_percentile_max"":0.35,""breakout_range_atr"":0.8,""cci_level"":100.0,""context"":""RANGE_REVERSION"",""direction"":""BOTH"",""ema_touch_atr"":0.0,""max_hold_bars"":72,""range_adx_max"":18.0,""range_ema_separation_atr"":0.25,""require_confirmation_break"":true,""require_vwap"":true,""rsi_level"":30.0,""rsi_reclaim"":30.0,""setup"":""reversion"",""stop_atr"":1.25,""target_rr"":1.5,""trend_adx_min"":22.0,""trend_ema_separation_atr"":0.15,""vwap_distance_atr"":0.25}"
2024-07 to 2024-12,2021-07-01T00:00:00+00:00,2024-07-01T00:00:00+00:00,RANGE_REVERSION,RANGE_REVERSION-C07,0,0.0,,,False,,False,"{""atr_ratio_max"":2.1,""atr_ratio_min"":0.85,""bb_width_percentile_max"":0.25,""breakout_range_atr"":1.0,""cci_level"":75.0,""context"":""RANGE_REVERSION"",""direction"":""BOTH"",""ema_touch_atr"":0.2,""max_hold_bars"":48,""range_adx_max"":22.0,""range_ema_separation_atr"":0.4,""require_confirmation_break"":true,""require_vwap"":true,""rsi_level"":30.0,""rsi_reclaim"":40.0,""setup"":""reversion"",""stop_atr"":2.0,""target_rr"":1.5,""trend_adx_min"":18.0,""trend_ema_separation_atr"":0.05,""vwap_distance_atr"":0.0}"
2024-07 to 2024-12,2021-07-01T00:00:00+00:00,2024-07-01T00:00:00+00:00,RANGE_REVERSION,RANGE_REVERSION-C08,0,0.0,,,False,,False,"{""atr_ratio_max"":1.8,""atr_ratio_min"":0.85,""bb_width_percentile_max"":0.15,""breakout_range_atr"":0.8,""cci_level"":125.0,""context"":""RANGE_REVERSION"",""direction"":""BOTH"",""ema_touch_atr"":0.2,""max_hold_bars"":24,""range_adx_max"":18.0,""range_ema_separation_atr"":0.1,""require_confirmation_break"":true,""require_vwap"":true,""rsi_level"":35.0,""rsi_reclaim"":30.0,""setup"":""reversion"",""stop_atr"":1.5,""target_rr"":1.25,""trend_adx_min"":26.0,""trend_ema_separation_atr"":0.3,""vwap_distance_atr"":0.5}"
2024-07 to 2024-12,2021-07-01T00:00:00+00:00,2024-07-01T00:00:00+00:00,RANGE_REVERSION,RANGE_REVERSION-C09,0,0.0,,,False,,False,"{""atr_ratio_max"":2.1,""atr_ratio_min"":0.85,""bb_width_percentile_max"":0.35,""breakout_range_atr"":1.2,""cci_level"":75.0,""context"":""RANGE_REVERSION"",""direction"":""BOTH"",""ema_touch_atr"":0.0,""max_hold_bars"":24,""range_adx_max"":22.0,""range_ema_separation_atr"":0.4,""require_confirmation_break"":false,""require_vwap"":false,""rsi_level"":30.0,""rsi_reclaim"":35.0,""setup"":""reversion"",""stop_atr"":1.5,""target_rr"":1.25,""trend_adx_min"":18.0,""trend_ema_separation_atr"":0.05,""vwap_distance_atr"":0.25}"
2024-07 to 2024-12,2021-07-01T00:00:00+00:00,2024-07-01T00:00:00+00:00,RANGE_REVERSION,RANGE_REVERSION-C10,0,0.0,,,False,,False,"{""atr_ratio_max"":1.8,""atr_ratio_min"":0.65,""bb_width_percentile_max"":0.25,""breakout_range_atr"":1.0,""cci_level"":75.0,""context"":""RANGE_REVERSION"",""direction"":""BOTH"",""ema_touch_atr"":0.4,""max_hold_bars"":24,""range_adx_max"":18.0,""range_ema_separation_atr"":0.25,""require_confirmation_break"":false,""require_vwap"":true,""rsi_level"":25.0,""rsi_reclaim"":30.0,""setup"":""reversion"",""stop_atr"":1.5,""target_rr"":2.0,""trend_adx_min"":26.0,""trend_ema_separation_atr"":0.05,""vwap_distance_atr"":0.5}"
2024-07 to 2024-12,2021-07-01T00:00:00+00:00,2024-07-01T00:00:00+00:00,RANGE_REVERSION,RANGE_REVERSION-C11,0,0.0,,,False,,False,"{""atr_ratio_max"":1.5,""atr_ratio_min"":0.65,""bb_width_percentile_max"":0.35,""breakout_range_atr"":1.2,""cci_level"":125.0,""context"":""RANGE_REVERSION"",""direction"":""BOTH"",""ema_touch_atr"":0.4,""max_hold_bars"":72,""range_adx_max"":22.0,""range_ema_separation_atr"":0.1,""require_confirmation_break"":false,""require_vwap"":false,""rsi_level"":30.0,""rsi_reclaim"":35.0,""setup"":""reversion"",""stop_atr"":2.0,""target_rr"":1.25,""trend_adx_min"":18.0,""trend_ema_separation_atr"":0.3,""vwap_distance_atr"":0.25}"
2024-07 to 2024-12,2021-07-01T00:00:00+00:00,2024-07-01T00:00:00+00:00,RANGE_REVERSION,RANGE_REVERSION-C12,0,0.0,,,False,,False,"{""atr_ratio_max"":1.5,""atr_ratio_min"":0.65,""bb_width_percentile_max"":0.15,""breakout_range_atr"":1.0,""cci_level"":75.0,""context"":""RANGE_REVERSION"",""direction"":""BOTH"",""ema_touch_atr"":0.0,""max_hold_bars"":48,""range_adx_max"":14.0,""range_ema_separation_atr"":0.1,""require_confirmation_break"":false,""require_vwap"":true,""rsi_level"":25.0,""rsi_reclaim"":40.0,""setup"":""reversion"",""stop_atr"":2.0,""target_rr"":2.0,""trend_adx_min"":18.0,""trend_ema_separation_atr"":0.05,""vwap_distance_atr"":0.5}"
2025-01 to 2025-06,2022-01-01T00:00:00+00:00,2025-01-01T00:00:00+00:00,BEAR_BREAKOUT,BEAR_BREAKOUT-C01,38,-30.527718,0.183861,0.079153,False,,False,"{""atr_ratio_max"":1.8,""atr_ratio_min"":0.65,""bb_width_percentile_max"":0.25,""breakout_range_atr"":1.2,""cci_level"":100.0,""context"":""BEAR_BREAKOUT"",""direction"":""SHORT"",""ema_touch_atr"":0.2,""max_hold_bars"":72,""range_adx_max"":22.0,""range_ema_separation_atr"":0.25,""require_confirmation_break"":true,""require_vwap"":true,""rsi_level"":60.0,""rsi_reclaim"":48.0,""setup"":""breakout"",""stop_atr"":2.0,""target_rr"":1.25,""trend_adx_min"":22.0,""trend_ema_separation_atr"":0.3,""vwap_distance_atr"":0.5}"
2025-01 to 2025-06,2022-01-01T00:00:00+00:00,2025-01-01T00:00:00+00:00,BEAR_BREAKOUT,BEAR_BREAKOUT-C02,45,-39.223082,0.197583,0.0,False,,False,"{""atr_ratio_max"":1.5,""atr_ratio_min"":0.85,""bb_width_percentile_max"":0.35,""breakout_range_atr"":1.0,""cci_level"":125.0,""context"":""BEAR_BREAKOUT"",""direction"":""SHORT"",""ema_touch_atr"":0.2,""max_hold_bars"":72,""range_adx_max"":22.0,""range_ema_separation_atr"":0.1,""require_confirmation_break"":false,""require_vwap"":true,""rsi_level"":60.0,""rsi_reclaim"":50.0,""setup"":""breakout"",""stop_atr"":1.25,""target_rr"":2.0,""trend_adx_min"":18.0,""trend_ema_separation_atr"":0.05,""vwap_distance_atr"":0.0}"
2025-01 to 2025-06,2022-01-01T00:00:00+00:00,2025-01-01T00:00:00+00:00,BEAR_BREAKOUT,BEAR_BREAKOUT-C03,30,-25.250145,0.063127,0.017392,False,,False,"{""atr_ratio_max"":2.1,""atr_ratio_min"":0.45,""bb_width_percentile_max"":0.35,""breakout_range_atr"":0.8,""cci_level"":75.0,""context"":""BEAR_BREAKOUT"",""direction"":""SHORT"",""ema_touch_atr"":0.4,""max_hold_bars"":24,""range_adx_max"":18.0,""range_ema_separation_atr"":0.1,""require_confirmation_break"":true,""require_vwap"":true,""rsi_level"":65.0,""rsi_reclaim"":48.0,""setup"":""breakout"",""stop_atr"":2.0,""target_rr"":1.25,""trend_adx_min"":26.0,""trend_ema_separation_atr"":0.3,""vwap_distance_atr"":0.0}"
2025-01 to 2025-06,2022-01-01T00:00:00+00:00,2025-01-01T00:00:00+00:00,BEAR_BREAKOUT,BEAR_BREAKOUT-C04,32,-28.481588,0.18391,0.0,False,,False,"{""atr_ratio_max"":1.8,""atr_ratio_min"":0.85,""bb_width_percentile_max"":0.35,""breakout_range_atr"":0.8,""cci_level"":75.0,""context"":""BEAR_BREAKOUT"",""direction"":""SHORT"",""ema_touch_atr"":0.0,""max_hold_bars"":72,""range_adx_max"":18.0,""range_ema_separation_atr"":0.25,""require_confirmation_break"":false,""require_vwap"":true,""rsi_level"":65.0,""rsi_reclaim"":50.0,""setup"":""breakout"",""stop_atr"":1.25,""target_rr"":2.0,""trend_adx_min"":22.0,""trend_ema_separation_atr"":0.3,""vwap_distance_atr"":0.0}"
2025-01 to 2025-06,2022-01-01T00:00:00+00:00,2025-01-01T00:00:00+00:00,BEAR_BREAKOUT,BEAR_BREAKOUT-C05,26,-24.146407,0.140657,0.097711,False,,False,"{""atr_ratio_max"":2.1,""atr_ratio_min"":0.65,""bb_width_percentile_max"":0.25,""breakout_range_atr"":1.2,""cci_level"":125.0,""context"":""BEAR_BREAKOUT"",""direction"":""SHORT"",""ema_touch_atr"":0.0,""max_hold_bars"":72,""range_adx_max"":18.0,""range_ema_separation_atr"":0.25,""require_confirmation_break"":true,""require_vwap"":false,""rsi_level"":60.0,""rsi_reclaim"":50.0,""setup"":""breakout"",""stop_atr"":1.25,""target_rr"":1.5,""trend_adx_min"":26.0,""trend_ema_separation_atr"":0.05,""vwap_distance_atr"":0.5}"
2025-01 to 2025-06,2022-01-01T00:00:00+00:00,2025-01-01T00:00:00+00:00,BEAR_BREAKOUT,BEAR_BREAKOUT-C06,29,-25.638398,0.091181,0.0,False,,False,"{""atr_ratio_max"":1.5,""atr_ratio_min"":0.45,""bb_width_percentile_max"":0.15,""breakout_range_atr"":0.8,""cci_level"":125.0,""context"":""BEAR_BREAKOUT"",""direction"":""SHORT"",""ema_touch_atr"":0.4,""max_hold_bars"":48,""range_adx_max"":14.0,""range_ema_separation_atr"":0.4,""require_confirmation_break"":false,""require_vwap"":false,""rsi_level"":55.0,""rsi_reclaim"":52.0,""setup"":""breakout"",""stop_atr"":1.5,""target_rr"":1.5,""trend_adx_min"":22.0,""trend_ema_separation_atr"":0.05,""vwap_distance_atr"":0.25}"
2025-01 to 2025-06,2022-01-01T00:00:00+00:00,2025-01-01T00:00:00+00:00,BEAR_BREAKOUT,BEAR_BREAKOUT-C07,11,-13.642944,0.0,0.0,False,,False,"{""atr_ratio_max"":2.1,""atr_ratio_min"":0.45,""bb_width_percentile_max"":0.15,""breakout_range_atr"":1.2,""cci_level"":100.0,""context"":""BEAR_BREAKOUT"",""direction"":""SHORT"",""ema_touch_atr"":0.0,""max_hold_bars"":48,""range_adx_max"":22.0,""range_ema_separation_atr"":0.4,""require_confirmation_break"":true,""require_vwap"":false,""rsi_level"":65.0,""rsi_reclaim"":48.0,""setup"":""breakout"",""stop_atr"":2.0,""target_rr"":1.5,""trend_adx_min"":26.0,""trend_ema_separation_atr"":0.15,""vwap_distance_atr"":0.5}"
2025-01 to 2025-06,2022-01-01T00:00:00+00:00,2025-01-01T00:00:00+00:00,BEAR_BREAKOUT,BEAR_BREAKOUT-C08,16,-20.33101,0.13905,0.0,False,,False,"{""atr_ratio_max"":1.5,""atr_ratio_min"":0.85,""bb_width_percentile_max"":0.15,""breakout_range_atr"":1.2,""cci_level"":75.0,""context"":""BEAR_BREAKOUT"",""direction"":""SHORT"",""ema_touch_atr"":0.2,""max_hold_bars"":48,""range_adx_max"":18.0,""range_ema_separation_atr"":0.25,""require_confirmation_break"":false,""require_vwap"":false,""rsi_level"":60.0,""rsi_reclaim"":52.0,""setup"":""breakout"",""stop_atr"":1.5,""target_rr"":2.0,""trend_adx_min"":18.0,""trend_ema_separation_atr"":0.3,""vwap_distance_atr"":0.25}"
2025-01 to 2025-06,2022-01-01T00:00:00+00:00,2025-01-01T00:00:00+00:00,BEAR_BREAKOUT,BEAR_BREAKOUT-C09,36,-30.687947,0.168727,0.048684,False,,False,"{""atr_ratio_max"":1.8,""atr_ratio_min"":0.85,""bb_width_percentile_max"":0.25,""breakout_range_atr"":0.8,""cci_level"":75.0,""context"":""BEAR_BREAKOUT"",""direction"":""SHORT"",""ema_touch_atr"":0.4,""max_hold_bars"":48,""range_adx_max"":22.0,""range_ema_separation_atr"":0.4,""require_confirmation_break"":true,""require_vwap"":false,""rsi_level"":55.0,""rsi_reclaim"":50.0,""setup"":""breakout"",""stop_atr"":1.5,""target_rr"":1.25,""trend_adx_min"":22.0,""trend_ema_separation_atr"":0.15,""vwap_distance_atr"":0.5}"
2025-01 to 2025-06,2022-01-01T00:00:00+00:00,2025-01-01T00:00:00+00:00,BEAR_BREAKOUT,BEAR_BREAKOUT-C10,63,-39.830451,0.192802,0.069043,False,,False,"{""atr_ratio_max"":1.8,""atr_ratio_min"":0.45,""bb_width_percentile_max"":0.35,""breakout_range_atr"":1.0,""cci_level"":100.0,""context"":""BEAR_BREAKOUT"",""direction"":""SHORT"",""ema_touch_atr"":0.4,""max_hold_bars"":24,""range_adx_max"":14.0,""range_ema_separation_atr"":0.1,""require_confirmation_break"":false,""require_vwap"":true,""rsi_level"":55.0,""rsi_reclaim"":52.0,""setup"":""breakout"",""stop_atr"":1.25,""target_rr"":1.25,""trend_adx_min"":18.0,""trend_ema_separation_atr"":0.05,""vwap_distance_atr"":0.25}"
2025-01 to 2025-06,2022-01-01T00:00:00+00:00,2025-01-01T00:00:00+00:00,BEAR_BREAKOUT,BEAR_BREAKOUT-C11,33,-21.271722,0.180642,0.157528,False,,False,"{""atr_ratio_max"":1.5,""atr_ratio_min"":0.65,""bb_width_percentile_max"":0.25,""breakout_range_atr"":1.0,""cci_level"":125.0,""context"":""BEAR_BREAKOUT"",""direction"":""SHORT"",""ema_touch_atr"":0.0,""max_hold_bars"":24,""range_adx_max"":14.0,""range_ema_separation_atr"":0.1,""require_confirmation_break"":false,""require_vwap"":true,""rsi_level"":65.0,""rsi_reclaim"":48.0,""setup"":""breakout"",""stop_atr"":2.0,""target_rr"":2.0,""trend_adx_min"":18.0,""trend_ema_separation_atr"":0.15,""vwap_distance_atr"":0.25}"
2025-01 to 2025-06,2022-01-01T00:00:00+00:00,2025-01-01T00:00:00+00:00,BEAR_BREAKOUT,BEAR_BREAKOUT-C12,17,-13.674141,0.061867,0.0,False,,False,"{""atr_ratio_max"":2.1,""atr_ratio_min"":0.65,""bb_width_percentile_max"":0.15,""breakout_range_atr"":1.0,""cci_level"":100.0,""context"":""BEAR_BREAKOUT"",""direction"":""SHORT"",""ema_touch_atr"":0.2,""max_hold_bars"":24,""range_adx_max"":14.0,""range_ema_separation_atr"":0.4,""require_confirmation_break"":true,""require_vwap"":false,""rsi_level"":55.0,""rsi_reclaim"":52.0,""setup"":""breakout"",""stop_atr"":1.5,""target_rr"":1.5,""trend_adx_min"":26.0,""trend_ema_separation_atr"":0.15,""vwap_distance_atr"":0.0}"
2025-01 to 2025-06,2022-01-01T00:00:00+00:00,2025-01-01T00:00:00+00:00,BEAR_PULLBACK,BEAR_PULLBACK-C01,17,-11.292822,0.292882,0.0,False,,False,"{""atr_ratio_max"":1.8,""atr_ratio_min"":0.65,""bb_width_percentile_max"":0.35,""breakout_range_atr"":1.0,""cci_level"":25.0,""context"":""BEAR_PULLBACK"",""direction"":""SHORT"",""ema_touch_atr"":0.4,""max_hold_bars"":24,""range_adx_max"":22.0,""range_ema_separation_atr"":0.1,""require_confirmation_break"":false,""require_vwap"":false,""rsi_level"":45.0,""rsi_reclaim"":52.0,""setup"":""pullback"",""stop_atr"":1.25,""target_rr"":1.5,""trend_adx_min"":18.0,""trend_ema_separation_atr"":0.3,""vwap_distance_atr"":0.0}"
2025-01 to 2025-06,2022-01-01T00:00:00+00:00,2025-01-01T00:00:00+00:00,BEAR_PULLBACK,BEAR_PULLBACK-C02,27,-17.467562,0.261842,0.0,False,,False,"{""atr_ratio_max"":1.8,""atr_ratio_min"":0.45,""bb_width_percentile_max"":0.25,""breakout_range_atr"":1.2,""cci_level"":0.0,""context"":""BEAR_PULLBACK"",""direction"":""SHORT"",""ema_touch_atr"":0.2,""max_hold_bars"":48,""range_adx_max"":14.0,""range_ema_separation_atr"":0.4,""require_confirmation_break"":true,""require_vwap"":false,""rsi_level"":45.0,""rsi_reclaim"":52.0,""setup"":""pullback"",""stop_atr"":2.0,""target_rr"":1.25,""trend_adx_min"":18.0,""trend_ema_separation_atr"":0.05,""vwap_distance_atr"":0.5}"
2025-01 to 2025-06,2022-01-01T00:00:00+00:00,2025-01-01T00:00:00+00:00,BEAR_PULLBACK,BEAR_PULLBACK-C03,8,-9.540639,0.080147,0.139937,False,,False,"{""atr_ratio_max"":2.1,""atr_ratio_min"":0.85,""bb_width_percentile_max"":0.35,""breakout_range_atr"":0.8,""cci_level"":0.0,""context"":""BEAR_PULLBACK"",""direction"":""SHORT"",""ema_touch_atr"":0.2,""max_hold_bars"":72,""range_adx_max"":14.0,""range_ema_separation_atr"":0.1,""require_confirmation_break"":true,""require_vwap"":true,""rsi_level"":48.0,""rsi_reclaim"":50.0,""setup"":""pullback"",""stop_atr"":2.0,""target_rr"":1.25,""trend_adx_min"":26.0,""trend_ema_separation_atr"":0.15,""vwap_distance_atr"":0.5}"
2025-01 to 2025-06,2022-01-01T00:00:00+00:00,2025-01-01T00:00:00+00:00,BEAR_PULLBACK,BEAR_PULLBACK-C04,13,-9.65268,0.120951,0.0,False,,False,"{""atr_ratio_max"":1.5,""atr_ratio_min"":0.85,""bb_width_percentile_max"":0.25,""breakout_range_atr"":1.2,""cci_level"":0.0,""context"":""BEAR_PULLBACK"",""direction"":""SHORT"",""ema_touch_atr"":0.0,""max_hold_bars"":24,""range_adx_max"":18.0,""range_ema_separation_atr"":0.1,""require_confirmation_break"":false,""require_vwap"":true,""rsi_level"":48.0,""rsi_reclaim"":48.0,""setup"":""pullback"",""stop_atr"":1.5,""target_rr"":2.0,""trend_adx_min"":22.0,""trend_ema_separation_atr"":0.05,""vwap_distance_atr"":0.5}"
2025-01 to 2025-06,2022-01-01T00:00:00+00:00,2025-01-01T00:00:00+00:00,BEAR_PULLBACK,BEAR_PULLBACK-C05,1,-1.445538,0.0,,False,,False,"{""atr_ratio_max"":2.1,""atr_ratio_min"":0.65,""bb_width_percentile_max"":0.25,""breakout_range_atr"":1.2,""cci_level"":50.0,""context"":""BEAR_PULLBACK"",""direction"":""SHORT"",""ema_touch_atr"":0.0,""max_hold_bars"":48,""range_adx_max"":22.0,""range_ema_separation_atr"":0.4,""require_confirmation_break"":true,""require_vwap"":true,""rsi_level"":40.0,""rsi_reclaim"":48.0,""setup"":""pullback"",""stop_atr"":2.0,""target_rr"":1.5,""trend_adx_min"":22.0,""trend_ema_separation_atr"":0.3,""vwap_distance_atr"":0.25}"
2025-01 to 2025-06,2022-01-01T00:00:00+00:00,2025-01-01T00:00:00+00:00,BEAR_PULLBACK,BEAR_PULLBACK-C06,15,-13.508027,0.192714,0.0,False,,False,"{""atr_ratio_max"":1.8,""atr_ratio_min"":0.45,""bb_width_percentile_max"":0.15,""breakout_range_atr"":0.8,""cci_level"":50.0,""context"":""BEAR_PULLBACK"",""direction"":""SHORT"",""ema_touch_atr"":0.2,""max_hold_bars"":24,""range_adx_max"":22.0,""range_ema_separation_atr"":0.1,""require_confirmation_break"":true,""require_vwap"":false,""rsi_level"":48.0,""rsi_reclaim"":48.0,""setup"":""pullback"",""stop_atr"":1.5,""target_rr"":2.0,""trend_adx_min"":26.0,""trend_ema_separation_atr"":0.05,""vwap_distance_atr"":0.0}"
2025-01 to 2025-06,2022-01-01T00:00:00+00:00,2025-01-01T00:00:00+00:00,BEAR_PULLBACK,BEAR_PULLBACK-C07,7,-4.998484,0.196682,0.0,False,,False,"{""atr_ratio_max"":1.5,""atr_ratio_min"":0.85,""bb_width_percentile_max"":0.15,""breakout_range_atr"":0.8,""cci_level"":25.0,""context"":""BEAR_PULLBACK"",""direction"":""SHORT"",""ema_touch_atr"":0.4,""max_hold_bars"":48,""range_adx_max"":18.0,""range_ema_separation_atr"":0.25,""require_confirmation_break"":false,""require_vwap"":true,""rsi_level"":45.0,""rsi_reclaim"":52.0,""setup"":""pullback"",""stop_atr"":2.0,""target_rr"":1.5,""trend_adx_min"":22.0,""trend_ema_separation_atr"":0.05,""vwap_distance_atr"":0.25}"
2025-01 to 2025-06,2022-01-01T00:00:00+00:00,2025-01-01T00:00:00+00:00,BEAR_PULLBACK,BEAR_PULLBACK-C08,14,-15.570651,0.093034,0.0,False,,False,"{""atr_ratio_max"":1.8,""atr_ratio_min"":0.65,""bb_width_percentile_max"":0.15,""breakout_range_atr"":1.0,""cci_level"":50.0,""context"":""BEAR_PULLBACK"",""direction"":""SHORT"",""ema_touch_atr"":0.4,""max_hold_bars"":48,""range_adx_max"":22.0,""range_ema_separation_atr"":0.25,""require_confirmation_break"":true,""require_vwap"":false,""rsi_level"":48.0,""rsi_reclaim"":50.0,""setup"":""pullback"",""stop_atr"":1.5,""target_rr"":2.0,""trend_adx_min"":26.0,""trend_ema_separation_atr"":0.15,""vwap_distance_atr"":0.25}"
2025-01 to 2025-06,2022-01-01T00:00:00+00:00,2025-01-01T00:00:00+00:00,BEAR_PULLBACK,BEAR_PULLBACK-C09,5,-2.67142,0.263544,,False,,False,"{""atr_ratio_max"":1.5,""atr_ratio_min"":0.45,""bb_width_percentile_max"":0.35,""breakout_range_atr"":0.8,""cci_level"":50.0,""context"":""BEAR_PULLBACK"",""direction"":""SHORT"",""ema_touch_atr"":0.4,""max_hold_bars"":24,""range_adx_max"":18.0,""range_ema_separation_atr"":0.4,""require_confirmation_break"":false,""require_vwap"":true,""rsi_level"":45.0,""rsi_reclaim"":52.0,""setup"":""pullback"",""stop_atr"":1.25,""target_rr"":1.5,""trend_adx_min"":22.0,""trend_ema_separation_atr"":0.15,""vwap_distance_atr"":0.0}"
2025-01 to 2025-06,2022-01-01T00:00:00+00:00,2025-01-01T00:00:00+00:00,BEAR_PULLBACK,BEAR_PULLBACK-C10,1,-1.929081,0.0,,False,,False,"{""atr_ratio_max"":1.5,""atr_ratio_min"":0.85,""bb_width_percentile_max"":0.35,""breakout_range_atr"":1.0,""cci_level"":25.0,""context"":""BEAR_PULLBACK"",""direction"":""SHORT"",""ema_touch_atr"":0.0,""max_hold_bars"":72,""range_adx_max"":14.0,""range_ema_separation_atr"":0.4,""require_confirmation_break"":false,""require_vwap"":true,""rsi_level"":40.0,""rsi_reclaim"":50.0,""setup"":""pullback"",""stop_atr"":1.25,""target_rr"":2.0,""trend_adx_min"":18.0,""trend_ema_separation_atr"":0.15,""vwap_distance_atr"":0.25}"
2025-01 to 2025-06,2022-01-01T00:00:00+00:00,2025-01-01T00:00:00+00:00,BEAR_PULLBACK,BEAR_PULLBACK-C11,3,-0.295581,0.846776,,False,,False,"{""atr_ratio_max"":2.1,""atr_ratio_min"":0.45,""bb_width_percentile_max"":0.25,""breakout_range_atr"":1.2,""cci_level"":25.0,""context"":""BEAR_PULLBACK"",""direction"":""SHORT"",""ema_touch_atr"":0.2,""max_hold_bars"":72,""range_adx_max"":14.0,""range_ema_separation_atr"":0.25,""require_confirmation_break"":false,""require_vwap"":false,""rsi_level"":40.0,""rsi_reclaim"":50.0,""setup"":""pullback"",""stop_atr"":1.5,""target_rr"":1.25,""trend_adx_min"":18.0,""trend_ema_separation_atr"":0.3,""vwap_distance_atr"":0.5}"
2025-01 to 2025-06,2022-01-01T00:00:00+00:00,2025-01-01T00:00:00+00:00,BEAR_PULLBACK,BEAR_PULLBACK-C12,0,0.0,,,False,,False,"{""atr_ratio_max"":2.1,""atr_ratio_min"":0.65,""bb_width_percentile_max"":0.15,""breakout_range_atr"":1.0,""cci_level"":0.0,""context"":""BEAR_PULLBACK"",""direction"":""SHORT"",""ema_touch_atr"":0.0,""max_hold_bars"":72,""range_adx_max"":18.0,""range_ema_separation_atr"":0.25,""require_confirmation_break"":true,""require_vwap"":false,""rsi_level"":40.0,""rsi_reclaim"":48.0,""setup"":""pullback"",""stop_atr"":1.25,""target_rr"":1.25,""trend_adx_min"":26.0,""trend_ema_separation_atr"":0.3,""vwap_distance_atr"":0.0}"
2025-01 to 2025-06,2022-01-01T00:00:00+00:00,2025-01-01T00:00:00+00:00,BULL_BREAKOUT,BULL_BREAKOUT-C01,56,-27.402217,0.387463,0.291999,False,,False,"{""atr_ratio_max"":1.8,""atr_ratio_min"":0.65,""bb_width_percentile_max"":0.25,""breakout_range_atr"":1.0,""cci_level"":75.0,""context"":""BULL_BREAKOUT"",""direction"":""LONG"",""ema_touch_atr"":0.2,""max_hold_bars"":72,""range_adx_max"":22.0,""range_ema_separation_atr"":0.25,""require_confirmation_break"":false,""require_vwap"":true,""rsi_level"":60.0,""rsi_reclaim"":48.0,""setup"":""breakout"",""stop_atr"":2.0,""target_rr"":1.25,""trend_adx_min"":18.0,""trend_ema_separation_atr"":0.3,""vwap_distance_atr"":0.5}"
2025-01 to 2025-06,2022-01-01T00:00:00+00:00,2025-01-01T00:00:00+00:00,BULL_BREAKOUT,BULL_BREAKOUT-C02,42,-17.930986,0.38235,0.072484,False,,False,"{""atr_ratio_max"":1.5,""atr_ratio_min"":0.65,""bb_width_percentile_max"":0.35,""breakout_range_atr"":0.8,""cci_level"":125.0,""context"":""BULL_BREAKOUT"",""direction"":""LONG"",""ema_touch_atr"":0.4,""max_hold_bars"":24,""range_adx_max"":14.0,""range_ema_separation_atr"":0.4,""require_confirmation_break"":false,""require_vwap"":true,""rsi_level"":55.0,""rsi_reclaim"":48.0,""setup"":""breakout"",""stop_atr"":2.0,""target_rr"":1.25,""trend_adx_min"":26.0,""trend_ema_separation_atr"":0.15,""vwap_distance_atr"":0.0}"
2025-01 to 2025-06,2022-01-01T00:00:00+00:00,2025-01-01T00:00:00+00:00,BULL_BREAKOUT,BULL_BREAKOUT-C03,30,-12.63362,0.515988,0.183758,False,,False,"{""atr_ratio_max"":2.1,""atr_ratio_min"":0.45,""bb_width_percentile_max"":0.35,""breakout_range_atr"":1.2,""cci_level"":125.0,""context"":""BULL_BREAKOUT"",""direction"":""LONG"",""ema_touch_atr"":0.4,""max_hold_bars"":72,""range_adx_max"":18.0,""range_ema_separation_atr"":0.4,""require_confirmation_break"":true,""require_vwap"":false,""rsi_level"":65.0,""rsi_reclaim"":50.0,""setup"":""breakout"",""stop_atr"":2.0,""target_rr"":2.0,""trend_adx_min"":26.0,""trend_ema_separation_atr"":0.05,""vwap_distance_atr"":0.0}"
2025-01 to 2025-06,2022-01-01T00:00:00+00:00,2025-01-01T00:00:00+00:00,BULL_BREAKOUT,BULL_BREAKOUT-C04,48,-23.350523,0.417733,0.259466,False,,False,"{""atr_ratio_max"":2.1,""atr_ratio_min"":0.65,""bb_width_percentile_max"":0.25,""breakout_range_atr"":0.8,""cci_level"":100.0,""context"":""BULL_BREAKOUT"",""direction"":""LONG"",""ema_touch_atr"":0.4,""max_hold_bars"":48,""range_adx_max"":22.0,""range_ema_separation_atr"":0.1,""require_confirmation_break"":true,""require_vwap"":true,""rsi_level"":55.0,""rsi_reclaim"":52.0,""setup"":""breakout"",""stop_atr"":1.5,""target_rr"":1.5,""trend_adx_min"":22.0,""trend_ema_separation_atr"":0.3,""vwap_distance_atr"":0.0}"
2025-01 to 2025-06,2022-01-01T00:00:00+00:00,2025-01-01T00:00:00+00:00,BULL_BREAKOUT,BULL_BREAKOUT-C05,42,-20.722701,0.350956,0.0,False,,False,"{""atr_ratio_max"":1.5,""atr_ratio_min"":0.45,""bb_width_percentile_max"":0.35,""breakout_range_atr"":1.0,""cci_level"":100.0,""context"":""BULL_BREAKOUT"",""direction"":""LONG"",""ema_touch_atr"":0.0,""max_hold_bars"":24,""range_adx_max"":18.0,""range_ema_separation_atr"":0.1,""require_confirmation_break"":true,""require_vwap"":false,""rsi_level"":60.0,""rsi_reclaim"":48.0,""setup"":""breakout"",""stop_atr"":1.25,""target_rr"":1.5,""trend_adx_min"":26.0,""trend_ema_separation_atr"":0.15,""vwap_distance_atr"":0.5}"
2025-01 to 2025-06,2022-01-01T00:00:00+00:00,2025-01-01T00:00:00+00:00,BULL_BREAKOUT,BULL_BREAKOUT-C06,34,-12.423288,0.534551,0.108273,False,,False,"{""atr_ratio_max"":1.8,""atr_ratio_min"":0.45,""bb_width_percentile_max"":0.35,""breakout_range_atr"":1.0,""cci_level"":75.0,""context"":""BULL_BREAKOUT"",""direction"":""LONG"",""ema_touch_atr"":0.0,""max_hold_bars"":48,""range_adx_max"":14.0,""range_ema_separation_atr"":0.4,""require_confirmation_break"":true,""require_vwap"":false,""rsi_level"":65.0,""rsi_reclaim"":48.0,""setup"":""breakout"",""stop_atr"":1.25,""target_rr"":1.5,""trend_adx_min"":26.0,""trend_ema_separation_atr"":0.3,""vwap_distance_atr"":0.5}"
2025-01 to 2025-06,2022-01-01T00:00:00+00:00,2025-01-01T00:00:00+00:00,BULL_BREAKOUT,BULL_BREAKOUT-C07,24,-7.527927,0.57244,0.262892,False,,False,"{""atr_ratio_max"":1.8,""atr_ratio_min"":0.65,""bb_width_percentile_max"":0.25,""breakout_range_atr"":1.2,""cci_level"":100.0,""context"":""BULL_BREAKOUT"",""direction"":""LONG"",""ema_touch_atr"":0.2,""max_hold_bars"":72,""range_adx_max"":18.0,""range_ema_separation_atr"":0.1,""require_confirmation_break"":false,""require_vwap"":false,""rsi_level"":65.0,""rsi_reclaim"":52.0,""setup"":""breakout"",""stop_atr"":1.25,""target_rr"":1.25,""trend_adx_min"":22.0,""trend_ema_separation_atr"":0.3,""vwap_distance_atr"":0.0}"
2025-01 to 2025-06,2022-01-01T00:00:00+00:00,2025-01-01T00:00:00+00:00,BULL_BREAKOUT,BULL_BREAKOUT-C08,29,-17.875491,0.378585,0.313758,False,,False,"{""atr_ratio_max"":1.5,""atr_ratio_min"":0.85,""bb_width_percentile_max"":0.15,""breakout_range_atr"":0.8,""cci_level"":75.0,""context"":""BULL_BREAKOUT"",""direction"":""LONG"",""ema_touch_atr"":0.2,""max_hold_bars"":48,""range_adx_max"":22.0,""range_ema_separation_atr"":0.25,""require_confirmation_break"":true,""require_vwap"":true,""rsi_level"":60.0,""rsi_reclaim"":50.0,""setup"":""breakout"",""stop_atr"":2.0,""target_rr"":1.5,""trend_adx_min"":18.0,""trend_ema_separation_atr"":0.15,""vwap_distance_atr"":0.25}"
2025-01 to 2025-06,2022-01-01T00:00:00+00:00,2025-01-01T00:00:00+00:00,BULL_BREAKOUT,BULL_BREAKOUT-C09,18,-8.24963,0.367446,0.0,False,,False,"{""atr_ratio_max"":2.1,""atr_ratio_min"":0.45,""bb_width_percentile_max"":0.15,""breakout_range_atr"":1.0,""cci_level"":75.0,""context"":""BULL_BREAKOUT"",""direction"":""LONG"",""ema_touch_atr"":0.0,""max_hold_bars"":24,""range_adx_max"":14.0,""range_ema_separation_atr"":0.1,""require_confirmation_break"":false,""require_vwap"":false,""rsi_level"":65.0,""rsi_reclaim"":50.0,""setup"":""breakout"",""stop_atr"":1.25,""target_rr"":2.0,""trend_adx_min"":22.0,""trend_ema_separation_atr"":0.05,""vwap_distance_atr"":0.25}"
2025-01 to 2025-06,2022-01-01T00:00:00+00:00,2025-01-01T00:00:00+00:00,BULL_BREAKOUT,BULL_BREAKOUT-C10,36,-24.381208,0.280499,0.19602,False,,False,"{""atr_ratio_max"":1.5,""atr_ratio_min"":0.85,""bb_width_percentile_max"":0.25,""breakout_range_atr"":1.2,""cci_level"":100.0,""context"":""BULL_BREAKOUT"",""direction"":""LONG"",""ema_touch_atr"":0.2,""max_hold_bars"":48,""range_adx_max"":22.0,""range_ema_separation_atr"":0.4,""require_confirmation_break"":true,""require_vwap"":true,""rsi_level"":55.0,""rsi_reclaim"":52.0,""setup"":""breakout"",""stop_atr"":1.5,""target_rr"":1.25,""trend_adx_min"":18.0,""trend_ema_separation_atr"":0.05,""vwap_distance_atr"":0.25}"
2025-01 to 2025-06,2022-01-01T00:00:00+00:00,2025-01-01T00:00:00+00:00,BULL_BREAKOUT,BULL_BREAKOUT-C11,22,-15.882976,0.387349,0.0,False,,False,"{""atr_ratio_max"":2.1,""atr_ratio_min"":0.85,""bb_width_percentile_max"":0.15,""breakout_range_atr"":0.8,""cci_level"":125.0,""context"":""BULL_BREAKOUT"",""direction"":""LONG"",""ema_touch_atr"":0.0,""max_hold_bars"":72,""range_adx_max"":14.0,""range_ema_separation_atr"":0.25,""require_confirmation_break"":false,""require_vwap"":false,""rsi_level"":55.0,""rsi_reclaim"":50.0,""setup"":""breakout"",""stop_atr"":1.5,""target_rr"":2.0,""trend_adx_min"":22.0,""trend_ema_separation_atr"":0.15,""vwap_distance_atr"":0.5}"
2025-01 to 2025-06,2022-01-01T00:00:00+00:00,2025-01-01T00:00:00+00:00,BULL_BREAKOUT,BULL_BREAKOUT-C12,20,-12.272974,0.424869,0.250998,False,,False,"{""atr_ratio_max"":1.8,""atr_ratio_min"":0.85,""bb_width_percentile_max"":0.15,""breakout_range_atr"":1.2,""cci_level"":125.0,""context"":""BULL_BREAKOUT"",""direction"":""LONG"",""ema_touch_atr"":0.4,""max_hold_bars"":24,""range_adx_max"":18.0,""range_ema_separation_atr"":0.25,""require_confirmation_break"":false,""require_vwap"":true,""rsi_level"":60.0,""rsi_reclaim"":52.0,""setup"":""breakout"",""stop_atr"":1.5,""target_rr"":2.0,""trend_adx_min"":18.0,""trend_ema_separation_atr"":0.05,""vwap_distance_atr"":0.25}"
2025-01 to 2025-06,2022-01-01T00:00:00+00:00,2025-01-01T00:00:00+00:00,BULL_PULLBACK,BULL_PULLBACK-C01,9,-10.89691,0.128539,0.0,False,,False,"{""atr_ratio_max"":2.1,""atr_ratio_min"":0.85,""bb_width_percentile_max"":0.15,""breakout_range_atr"":1.0,""cci_level"":0.0,""context"":""BULL_PULLBACK"",""direction"":""LONG"",""ema_touch_atr"":0.2,""max_hold_bars"":24,""range_adx_max"":18.0,""range_ema_separation_atr"":0.4,""require_confirmation_break"":true,""require_vwap"":false,""rsi_level"":40.0,""rsi_reclaim"":50.0,""setup"":""pullback"",""stop_atr"":1.5,""target_rr"":2.0,""trend_adx_min"":18.0,""trend_ema_separation_atr"":0.15,""vwap_distance_atr"":0.25}"
2025-01 to 2025-06,2022-01-01T00:00:00+00:00,2025-01-01T00:00:00+00:00,BULL_PULLBACK,BULL_PULLBACK-C02,5,-5.999874,0.127119,,False,,False,"{""atr_ratio_max"":1.8,""atr_ratio_min"":0.45,""bb_width_percentile_max"":0.15,""breakout_range_atr"":1.2,""cci_level"":50.0,""context"":""BULL_PULLBACK"",""direction"":""LONG"",""ema_touch_atr"":0.2,""max_hold_bars"":48,""range_adx_max"":22.0,""range_ema_separation_atr"":0.25,""require_confirmation_break"":false,""require_vwap"":true,""rsi_level"":40.0,""rsi_reclaim"":48.0,""setup"":""pullback"",""stop_atr"":1.25,""target_rr"":1.25,""trend_adx_min"":18.0,""trend_ema_separation_atr"":0.15,""vwap_distance_atr"":0.5}"
2025-01 to 2025-06,2022-01-01T00:00:00+00:00,2025-01-01T00:00:00+00:00,BULL_PULLBACK,BULL_PULLBACK-C03,1,1.642763,,,False,,False,"{""atr_ratio_max"":1.5,""atr_ratio_min"":0.45,""bb_width_percentile_max"":0.25,""breakout_range_atr"":0.8,""cci_level"":25.0,""context"":""BULL_PULLBACK"",""direction"":""LONG"",""ema_touch_atr"":0.0,""max_hold_bars"":48,""range_adx_max"":18.0,""range_ema_separation_atr"":0.4,""require_confirmation_break"":false,""require_vwap"":false,""rsi_level"":40.0,""rsi_reclaim"":50.0,""setup"":""pullback"",""stop_atr"":2.0,""target_rr"":2.0,""trend_adx_min"":22.0,""trend_ema_separation_atr"":0.15,""vwap_distance_atr"":0.5}"
2025-01 to 2025-06,2022-01-01T00:00:00+00:00,2025-01-01T00:00:00+00:00,BULL_PULLBACK,BULL_PULLBACK-C04,7,-4.118284,0.392013,0.258452,False,,False,"{""atr_ratio_max"":2.1,""atr_ratio_min"":0.85,""bb_width_percentile_max"":0.15,""breakout_range_atr"":1.0,""cci_level"":0.0,""context"":""BULL_PULLBACK"",""direction"":""LONG"",""ema_touch_atr"":0.4,""max_hold_bars"":48,""range_adx_max"":14.0,""range_ema_separation_atr"":0.1,""require_confirmation_break"":true,""require_vwap"":false,""rsi_level"":45.0,""rsi_reclaim"":52.0,""setup"":""pullback"",""stop_atr"":1.25,""target_rr"":1.25,""trend_adx_min"":26.0,""trend_ema_separation_atr"":0.3,""vwap_distance_atr"":0.5}"
2025-01 to 2025-06,2022-01-01T00:00:00+00:00,2025-01-01T00:00:00+00:00,BULL_PULLBACK,BULL_PULLBACK-C05,5,-4.924156,0.188386,,False,,False,"{""atr_ratio_max"":1.8,""atr_ratio_min"":0.45,""bb_width_percentile_max"":0.15,""breakout_range_atr"":1.2,""cci_level"":25.0,""context"":""BULL_PULLBACK"",""direction"":""LONG"",""ema_touch_atr"":0.0,""max_hold_bars"":24,""range_adx_max"":22.0,""range_ema_separation_atr"":0.1,""require_confirmation_break"":false,""require_vwap"":false,""rsi_level"":40.0,""rsi_reclaim"":48.0,""setup"":""pullback"",""stop_atr"":1.5,""target_rr"":1.5,""trend_adx_min"":22.0,""trend_ema_separation_atr"":0.15,""vwap_distance_atr"":0.0}"
2025-01 to 2025-06,2022-01-01T00:00:00+00:00,2025-01-01T00:00:00+00:00,BULL_PULLBACK,BULL_PULLBACK-C06,67,-33.673976,0.336528,0.276539,False,,False,"{""atr_ratio_max"":1.8,""atr_ratio_min"":0.85,""bb_width_percentile_max"":0.25,""breakout_range_atr"":1.2,""cci_level"":0.0,""context"":""BULL_PULLBACK"",""direction"":""LONG"",""ema_touch_atr"":0.0,""max_hold_bars"":24,""range_adx_max"":18.0,""range_ema_separation_atr"":0.1,""require_confirmation_break"":true,""require_vwap"":false,""rsi_level"":48.0,""rsi_reclaim"":50.0,""setup"":""pullback"",""stop_atr"":2.0,""target_rr"":1.5,""trend_adx_min"":18.0,""trend_ema_separation_atr"":0.3,""vwap_distance_atr"":0.0}"
2025-01 to 2025-06,2022-01-01T00:00:00+00:00,2025-01-01T00:00:00+00:00,BULL_PULLBACK,BULL_PULLBACK-C07,4,-1.186387,0.735918,,False,,False,"{""atr_ratio_max"":1.8,""atr_ratio_min"":0.45,""bb_width_percentile_max"":0.35,""breakout_range_atr"":0.8,""cci_level"":50.0,""context"":""BULL_PULLBACK"",""direction"":""LONG"",""ema_touch_atr"":0.2,""max_hold_bars"":72,""range_adx_max"":22.0,""range_ema_separation_atr"":0.4,""require_confirmation_break"":true,""require_vwap"":true,""rsi_level"":48.0,""rsi_reclaim"":48.0,""setup"":""pullback"",""stop_atr"":1.5,""target_rr"":2.0,""trend_adx_min"":26.0,""trend_ema_separation_atr"":0.3,""vwap_distance_atr"":0.25}"
2025-01 to 2025-06,2022-01-01T00:00:00+00:00,2025-01-01T00:00:00+00:00,BULL_PULLBACK,BULL_PULLBACK-C08,4,-1.945069,0.541033,1.638156,False,,False,"{""atr_ratio_max"":1.5,""atr_ratio_min"":0.65,""bb_width_percentile_max"":0.35,""breakout_range_atr"":1.2,""cci_level"":50.0,""context"":""BULL_PULLBACK"",""direction"":""LONG"",""ema_touch_atr"":0.0,""max_hold_bars"":48,""range_adx_max"":22.0,""range_ema_separation_atr"":0.25,""require_confirmation_break"":false,""require_vwap"":true,""rsi_level"":48.0,""rsi_reclaim"":52.0,""setup"":""pullback"",""stop_atr"":2.0,""target_rr"":1.5,""trend_adx_min"":26.0,""trend_ema_separation_atr"":0.05,""vwap_distance_atr"":0.25}"
2025-01 to 2025-06,2022-01-01T00:00:00+00:00,2025-01-01T00:00:00+00:00,BULL_PULLBACK,BULL_PULLBACK-C09,30,-13.356149,0.486161,0.238704,False,,False,"{""atr_ratio_max"":2.1,""atr_ratio_min"":0.65,""bb_width_percentile_max"":0.25,""breakout_range_atr"":1.0,""cci_level"":0.0,""context"":""BULL_PULLBACK"",""direction"":""LONG"",""ema_touch_atr"":0.4,""max_hold_bars"":72,""range_adx_max"":14.0,""range_ema_separation_atr"":0.4,""require_confirmation_break"":true,""require_vwap"":false,""rsi_level"":45.0,""rsi_reclaim"":50.0,""setup"":""pullback"",""stop_atr"":1.25,""target_rr"":1.5,""trend_adx_min"":18.0,""trend_ema_separation_atr"":0.3,""vwap_distance_atr"":0.25}"
2025-01 to 2025-06,2022-01-01T00:00:00+00:00,2025-01-01T00:00:00+00:00,BULL_PULLBACK,BULL_PULLBACK-C10,7,-6.81816,0.115813,0.0,False,,False,"{""atr_ratio_max"":2.1,""atr_ratio_min"":0.65,""bb_width_percentile_max"":0.25,""breakout_range_atr"":0.8,""cci_level"":25.0,""context"":""BULL_PULLBACK"",""direction"":""LONG"",""ema_touch_atr"":0.4,""max_hold_bars"":72,""range_adx_max"":18.0,""range_ema_separation_atr"":0.25,""require_confirmation_break"":false,""require_vwap"":true,""rsi_level"":45.0,""rsi_reclaim"":52.0,""setup"":""pullback"",""stop_atr"":1.25,""target_rr"":1.25,""trend_adx_min"":22.0,""trend_ema_separation_atr"":0.05,""vwap_distance_atr"":0.5}"
2025-01 to 2025-06,2022-01-01T00:00:00+00:00,2025-01-01T00:00:00+00:00,BULL_PULLBACK,BULL_PULLBACK-C11,3,0.170325,1.115676,,False,,False,"{""atr_ratio_max"":1.5,""atr_ratio_min"":0.65,""bb_width_percentile_max"":0.35,""breakout_range_atr"":0.8,""cci_level"":25.0,""context"":""BULL_PULLBACK"",""direction"":""LONG"",""ema_touch_atr"":0.4,""max_hold_bars"":24,""range_adx_max"":14.0,""range_ema_separation_atr"":0.25,""require_confirmation_break"":true,""require_vwap"":true,""rsi_level"":45.0,""rsi_reclaim"":48.0,""setup"":""pullback"",""stop_atr"":2.0,""target_rr"":2.0,""trend_adx_min"":22.0,""trend_ema_separation_atr"":0.05,""vwap_distance_atr"":0.0}"
2025-01 to 2025-06,2022-01-01T00:00:00+00:00,2025-01-01T00:00:00+00:00,BULL_PULLBACK,BULL_PULLBACK-C12,4,-2.430177,0.423836,1.283246,False,,False,"{""atr_ratio_max"":1.5,""atr_ratio_min"":0.85,""bb_width_percentile_max"":0.35,""breakout_range_atr"":1.0,""cci_level"":50.0,""context"":""BULL_PULLBACK"",""direction"":""LONG"",""ema_touch_atr"":0.2,""max_hold_bars"":72,""range_adx_max"":14.0,""range_ema_separation_atr"":0.1,""require_confirmation_break"":false,""require_vwap"":true,""rsi_level"":48.0,""rsi_reclaim"":52.0,""setup"":""pullback"",""stop_atr"":1.5,""target_rr"":1.25,""trend_adx_min"":26.0,""trend_ema_separation_atr"":0.05,""vwap_distance_atr"":0.0}"
2025-01 to 2025-06,2022-01-01T00:00:00+00:00,2025-01-01T00:00:00+00:00,RANGE_REVERSION,RANGE_REVERSION-C01,0,0.0,,,False,,False,"{""atr_ratio_max"":1.5,""atr_ratio_min"":0.85,""bb_width_percentile_max"":0.15,""breakout_range_atr"":1.2,""cci_level"":125.0,""context"":""RANGE_REVERSION"",""direction"":""BOTH"",""ema_touch_atr"":0.0,""max_hold_bars"":48,""range_adx_max"":14.0,""range_ema_separation_atr"":0.25,""require_confirmation_break"":true,""require_vwap"":false,""rsi_level"":35.0,""rsi_reclaim"":35.0,""setup"":""reversion"",""stop_atr"":1.5,""target_rr"":1.25,""trend_adx_min"":22.0,""trend_ema_separation_atr"":0.15,""vwap_distance_atr"":0.5}"
2025-01 to 2025-06,2022-01-01T00:00:00+00:00,2025-01-01T00:00:00+00:00,RANGE_REVERSION,RANGE_REVERSION-C02,0,0.0,,,False,,False,"{""atr_ratio_max"":1.5,""atr_ratio_min"":0.45,""bb_width_percentile_max"":0.35,""breakout_range_atr"":0.8,""cci_level"":100.0,""context"":""RANGE_REVERSION"",""direction"":""BOTH"",""ema_touch_atr"":0.2,""max_hold_bars"":24,""range_adx_max"":14.0,""range_ema_separation_atr"":0.4,""require_confirmation_break"":false,""require_vwap"":false,""rsi_level"":35.0,""rsi_reclaim"":35.0,""setup"":""reversion"",""stop_atr"":1.25,""target_rr"":2.0,""trend_adx_min"":26.0,""trend_ema_separation_atr"":0.15,""vwap_distance_atr"":0.25}"
2025-01 to 2025-06,2022-01-01T00:00:00+00:00,2025-01-01T00:00:00+00:00,RANGE_REVERSION,RANGE_REVERSION-C03,0,0.0,,,False,,False,"{""atr_ratio_max"":2.1,""atr_ratio_min"":0.65,""bb_width_percentile_max"":0.15,""breakout_range_atr"":1.2,""cci_level"":100.0,""context"":""RANGE_REVERSION"",""direction"":""BOTH"",""ema_touch_atr"":0.2,""max_hold_bars"":72,""range_adx_max"":22.0,""range_ema_separation_atr"":0.1,""require_confirmation_break"":false,""require_vwap"":false,""rsi_level"":25.0,""rsi_reclaim"":40.0,""setup"":""reversion"",""stop_atr"":2.0,""target_rr"":1.5,""trend_adx_min"":26.0,""trend_ema_separation_atr"":0.15,""vwap_distance_atr"":0.0}"
2025-01 to 2025-06,2022-01-01T00:00:00+00:00,2025-01-01T00:00:00+00:00,RANGE_REVERSION,RANGE_REVERSION-C04,0,0.0,,,False,,False,"{""atr_ratio_max"":1.8,""atr_ratio_min"":0.45,""bb_width_percentile_max"":0.25,""breakout_range_atr"":1.0,""cci_level"":100.0,""context"":""RANGE_REVERSION"",""direction"":""BOTH"",""ema_touch_atr"":0.4,""max_hold_bars"":72,""range_adx_max"":18.0,""range_ema_separation_atr"":0.25,""require_confirmation_break"":true,""require_vwap"":false,""rsi_level"":35.0,""rsi_reclaim"":40.0,""setup"":""reversion"",""stop_atr"":1.25,""target_rr"":1.5,""trend_adx_min"":22.0,""trend_ema_separation_atr"":0.3,""vwap_distance_atr"":0.0}"
2025-01 to 2025-06,2022-01-01T00:00:00+00:00,2025-01-01T00:00:00+00:00,RANGE_REVERSION,RANGE_REVERSION-C05,0,0.0,,,False,,False,"{""atr_ratio_max"":1.8,""atr_ratio_min"":0.45,""bb_width_percentile_max"":0.25,""breakout_range_atr"":0.8,""cci_level"":125.0,""context"":""RANGE_REVERSION"",""direction"":""BOTH"",""ema_touch_atr"":0.4,""max_hold_bars"":48,""range_adx_max"":14.0,""range_ema_separation_atr"":0.4,""require_confirmation_break"":true,""require_vwap"":true,""rsi_level"":25.0,""rsi_reclaim"":30.0,""setup"":""reversion"",""stop_atr"":1.25,""target_rr"":2.0,""trend_adx_min"":22.0,""trend_ema_separation_atr"":0.3,""vwap_distance_atr"":0.0}"
2025-01 to 2025-06,2022-01-01T00:00:00+00:00,2025-01-01T00:00:00+00:00,RANGE_REVERSION,RANGE_REVERSION-C06,0,0.0,,,False,,False,"{""atr_ratio_max"":2.1,""atr_ratio_min"":0.45,""bb_width_percentile_max"":0.35,""breakout_range_atr"":0.8,""cci_level"":100.0,""context"":""RANGE_REVERSION"",""direction"":""BOTH"",""ema_touch_atr"":0.0,""max_hold_bars"":72,""range_adx_max"":18.0,""range_ema_separation_atr"":0.25,""require_confirmation_break"":true,""require_vwap"":true,""rsi_level"":30.0,""rsi_reclaim"":30.0,""setup"":""reversion"",""stop_atr"":1.25,""target_rr"":1.5,""trend_adx_min"":22.0,""trend_ema_separation_atr"":0.15,""vwap_distance_atr"":0.25}"
2025-01 to 2025-06,2022-01-01T00:00:00+00:00,2025-01-01T00:00:00+00:00,RANGE_REVERSION,RANGE_REVERSION-C07,0,0.0,,,False,,False,"{""atr_ratio_max"":2.1,""atr_ratio_min"":0.85,""bb_width_percentile_max"":0.25,""breakout_range_atr"":1.0,""cci_level"":75.0,""context"":""RANGE_REVERSION"",""direction"":""BOTH"",""ema_touch_atr"":0.2,""max_hold_bars"":48,""range_adx_max"":22.0,""range_ema_separation_atr"":0.4,""require_confirmation_break"":true,""require_vwap"":true,""rsi_level"":30.0,""rsi_reclaim"":40.0,""setup"":""reversion"",""stop_atr"":2.0,""target_rr"":1.5,""trend_adx_min"":18.0,""trend_ema_separation_atr"":0.05,""vwap_distance_atr"":0.0}"
2025-01 to 2025-06,2022-01-01T00:00:00+00:00,2025-01-01T00:00:00+00:00,RANGE_REVERSION,RANGE_REVERSION-C08,0,0.0,,,False,,False,"{""atr_ratio_max"":1.8,""atr_ratio_min"":0.85,""bb_width_percentile_max"":0.15,""breakout_range_atr"":0.8,""cci_level"":125.0,""context"":""RANGE_REVERSION"",""direction"":""BOTH"",""ema_touch_atr"":0.2,""max_hold_bars"":24,""range_adx_max"":18.0,""range_ema_separation_atr"":0.1,""require_confirmation_break"":true,""require_vwap"":true,""rsi_level"":35.0,""rsi_reclaim"":30.0,""setup"":""reversion"",""stop_atr"":1.5,""target_rr"":1.25,""trend_adx_min"":26.0,""trend_ema_separation_atr"":0.3,""vwap_distance_atr"":0.5}"
2025-01 to 2025-06,2022-01-01T00:00:00+00:00,2025-01-01T00:00:00+00:00,RANGE_REVERSION,RANGE_REVERSION-C09,0,0.0,,,False,,False,"{""atr_ratio_max"":2.1,""atr_ratio_min"":0.85,""bb_width_percentile_max"":0.35,""breakout_range_atr"":1.2,""cci_level"":75.0,""context"":""RANGE_REVERSION"",""direction"":""BOTH"",""ema_touch_atr"":0.0,""max_hold_bars"":24,""range_adx_max"":22.0,""range_ema_separation_atr"":0.4,""require_confirmation_break"":false,""require_vwap"":false,""rsi_level"":30.0,""rsi_reclaim"":35.0,""setup"":""reversion"",""stop_atr"":1.5,""target_rr"":1.25,""trend_adx_min"":18.0,""trend_ema_separation_atr"":0.05,""vwap_distance_atr"":0.25}"
2025-01 to 2025-06,2022-01-01T00:00:00+00:00,2025-01-01T00:00:00+00:00,RANGE_REVERSION,RANGE_REVERSION-C10,0,0.0,,,False,,False,"{""atr_ratio_max"":1.8,""atr_ratio_min"":0.65,""bb_width_percentile_max"":0.25,""breakout_range_atr"":1.0,""cci_level"":75.0,""context"":""RANGE_REVERSION"",""direction"":""BOTH"",""ema_touch_atr"":0.4,""max_hold_bars"":24,""range_adx_max"":18.0,""range_ema_separation_atr"":0.25,""require_confirmation_break"":false,""require_vwap"":true,""rsi_level"":25.0,""rsi_reclaim"":30.0,""setup"":""reversion"",""stop_atr"":1.5,""target_rr"":2.0,""trend_adx_min"":26.0,""trend_ema_separation_atr"":0.05,""vwap_distance_atr"":0.5}"
2025-01 to 2025-06,2022-01-01T00:00:00+00:00,2025-01-01T00:00:00+00:00,RANGE_REVERSION,RANGE_REVERSION-C11,0,0.0,,,False,,False,"{""atr_ratio_max"":1.5,""atr_ratio_min"":0.65,""bb_width_percentile_max"":0.35,""breakout_range_atr"":1.2,""cci_level"":125.0,""context"":""RANGE_REVERSION"",""direction"":""BOTH"",""ema_touch_atr"":0.4,""max_hold_bars"":72,""range_adx_max"":22.0,""range_ema_separation_atr"":0.1,""require_confirmation_break"":false,""require_vwap"":false,""rsi_level"":30.0,""rsi_reclaim"":35.0,""setup"":""reversion"",""stop_atr"":2.0,""target_rr"":1.25,""trend_adx_min"":18.0,""trend_ema_separation_atr"":0.3,""vwap_distance_atr"":0.25}"
2025-01 to 2025-06,2022-01-01T00:00:00+00:00,2025-01-01T00:00:00+00:00,RANGE_REVERSION,RANGE_REVERSION-C12,0,0.0,,,False,,False,"{""atr_ratio_max"":1.5,""atr_ratio_min"":0.65,""bb_width_percentile_max"":0.15,""breakout_range_atr"":1.0,""cci_level"":75.0,""context"":""RANGE_REVERSION"",""direction"":""BOTH"",""ema_touch_atr"":0.0,""max_hold_bars"":48,""range_adx_max"":14.0,""range_ema_separation_atr"":0.1,""require_confirmation_break"":false,""require_vwap"":true,""rsi_level"":25.0,""rsi_reclaim"":40.0,""setup"":""reversion"",""stop_atr"":2.0,""target_rr"":2.0,""trend_adx_min"":18.0,""trend_ema_separation_atr"":0.05,""vwap_distance_atr"":0.5}"
2025-07 to 2025-12,2022-07-01T00:00:00+00:00,2025-07-01T00:00:00+00:00,BEAR_BREAKOUT,BEAR_BREAKOUT-C01,33,-32.109733,0.103314,0.053212,False,,False,"{""atr_ratio_max"":1.8,""atr_ratio_min"":0.65,""bb_width_percentile_max"":0.25,""breakout_range_atr"":1.2,""cci_level"":100.0,""context"":""BEAR_BREAKOUT"",""direction"":""SHORT"",""ema_touch_atr"":0.2,""max_hold_bars"":72,""range_adx_max"":22.0,""range_ema_separation_atr"":0.25,""require_confirmation_break"":true,""require_vwap"":true,""rsi_level"":60.0,""rsi_reclaim"":48.0,""setup"":""breakout"",""stop_atr"":2.0,""target_rr"":1.25,""trend_adx_min"":22.0,""trend_ema_separation_atr"":0.3,""vwap_distance_atr"":0.5}"
2025-07 to 2025-12,2022-07-01T00:00:00+00:00,2025-07-01T00:00:00+00:00,BEAR_BREAKOUT,BEAR_BREAKOUT-C02,41,-43.683691,0.077974,0.0,False,,False,"{""atr_ratio_max"":1.5,""atr_ratio_min"":0.85,""bb_width_percentile_max"":0.35,""breakout_range_atr"":1.0,""cci_level"":125.0,""context"":""BEAR_BREAKOUT"",""direction"":""SHORT"",""ema_touch_atr"":0.2,""max_hold_bars"":72,""range_adx_max"":22.0,""range_ema_separation_atr"":0.1,""require_confirmation_break"":false,""require_vwap"":true,""rsi_level"":60.0,""rsi_reclaim"":50.0,""setup"":""breakout"",""stop_atr"":1.25,""target_rr"":2.0,""trend_adx_min"":18.0,""trend_ema_separation_atr"":0.05,""vwap_distance_atr"":0.0}"
2025-07 to 2025-12,2022-07-01T00:00:00+00:00,2025-07-01T00:00:00+00:00,BEAR_BREAKOUT,BEAR_BREAKOUT-C03,29,-27.720348,0.054235,0.0,False,,False,"{""atr_ratio_max"":2.1,""atr_ratio_min"":0.45,""bb_width_percentile_max"":0.35,""breakout_range_atr"":0.8,""cci_level"":75.0,""context"":""BEAR_BREAKOUT"",""direction"":""SHORT"",""ema_touch_atr"":0.4,""max_hold_bars"":24,""range_adx_max"":18.0,""range_ema_separation_atr"":0.1,""require_confirmation_break"":true,""require_vwap"":true,""rsi_level"":65.0,""rsi_reclaim"":48.0,""setup"":""breakout"",""stop_atr"":2.0,""target_rr"":1.25,""trend_adx_min"":26.0,""trend_ema_separation_atr"":0.3,""vwap_distance_atr"":0.0}"
2025-07 to 2025-12,2022-07-01T00:00:00+00:00,2025-07-01T00:00:00+00:00,BEAR_BREAKOUT,BEAR_BREAKOUT-C04,29,-30.257763,0.105285,0.0,False,,False,"{""atr_ratio_max"":1.8,""atr_ratio_min"":0.85,""bb_width_percentile_max"":0.35,""breakout_range_atr"":0.8,""cci_level"":75.0,""context"":""BEAR_BREAKOUT"",""direction"":""SHORT"",""ema_touch_atr"":0.0,""max_hold_bars"":72,""range_adx_max"":18.0,""range_ema_separation_atr"":0.25,""require_confirmation_break"":false,""require_vwap"":true,""rsi_level"":65.0,""rsi_reclaim"":50.0,""setup"":""breakout"",""stop_atr"":1.25,""target_rr"":2.0,""trend_adx_min"":22.0,""trend_ema_separation_atr"":0.3,""vwap_distance_atr"":0.0}"
2025-07 to 2025-12,2022-07-01T00:00:00+00:00,2025-07-01T00:00:00+00:00,BEAR_BREAKOUT,BEAR_BREAKOUT-C05,24,-24.679142,0.108608,0.0,False,,False,"{""atr_ratio_max"":2.1,""atr_ratio_min"":0.65,""bb_width_percentile_max"":0.25,""breakout_range_atr"":1.2,""cci_level"":125.0,""context"":""BEAR_BREAKOUT"",""direction"":""SHORT"",""ema_touch_atr"":0.0,""max_hold_bars"":72,""range_adx_max"":18.0,""range_ema_separation_atr"":0.25,""require_confirmation_break"":true,""require_vwap"":false,""rsi_level"":60.0,""rsi_reclaim"":50.0,""setup"":""breakout"",""stop_atr"":1.25,""target_rr"":1.5,""trend_adx_min"":26.0,""trend_ema_separation_atr"":0.05,""vwap_distance_atr"":0.5}"
2025-07 to 2025-12,2022-07-01T00:00:00+00:00,2025-07-01T00:00:00+00:00,BEAR_BREAKOUT,BEAR_BREAKOUT-C06,35,-30.869118,0.097782,0.0,False,,False,"{""atr_ratio_max"":1.5,""atr_ratio_min"":0.45,""bb_width_percentile_max"":0.15,""breakout_range_atr"":0.8,""cci_level"":125.0,""context"":""BEAR_BREAKOUT"",""direction"":""SHORT"",""ema_touch_atr"":0.4,""max_hold_bars"":48,""range_adx_max"":14.0,""range_ema_separation_atr"":0.4,""require_confirmation_break"":false,""require_vwap"":false,""rsi_level"":55.0,""rsi_reclaim"":52.0,""setup"":""breakout"",""stop_atr"":1.5,""target_rr"":1.5,""trend_adx_min"":22.0,""trend_ema_separation_atr"":0.05,""vwap_distance_atr"":0.25}"
2025-07 to 2025-12,2022-07-01T00:00:00+00:00,2025-07-01T00:00:00+00:00,BEAR_BREAKOUT,BEAR_BREAKOUT-C07,13,-16.520851,0.0,0.0,False,,False,"{""atr_ratio_max"":2.1,""atr_ratio_min"":0.45,""bb_width_percentile_max"":0.15,""breakout_range_atr"":1.2,""cci_level"":100.0,""context"":""BEAR_BREAKOUT"",""direction"":""SHORT"",""ema_touch_atr"":0.0,""max_hold_bars"":48,""range_adx_max"":22.0,""range_ema_separation_atr"":0.4,""require_confirmation_break"":true,""require_vwap"":false,""rsi_level"":65.0,""rsi_reclaim"":48.0,""setup"":""breakout"",""stop_atr"":2.0,""target_rr"":1.5,""trend_adx_min"":26.0,""trend_ema_separation_atr"":0.15,""vwap_distance_atr"":0.5}"
2025-07 to 2025-12,2022-07-01T00:00:00+00:00,2025-07-01T00:00:00+00:00,BEAR_BREAKOUT,BEAR_BREAKOUT-C08,15,-21.56078,0.073618,0.0,False,,False,"{""atr_ratio_max"":1.5,""atr_ratio_min"":0.85,""bb_width_percentile_max"":0.15,""breakout_range_atr"":1.2,""cci_level"":75.0,""context"":""BEAR_BREAKOUT"",""direction"":""SHORT"",""ema_touch_atr"":0.2,""max_hold_bars"":48,""range_adx_max"":18.0,""range_ema_separation_atr"":0.25,""require_confirmation_break"":false,""require_vwap"":false,""rsi_level"":60.0,""rsi_reclaim"":52.0,""setup"":""breakout"",""stop_atr"":1.5,""target_rr"":2.0,""trend_adx_min"":18.0,""trend_ema_separation_atr"":0.3,""vwap_distance_atr"":0.25}"
2025-07 to 2025-12,2022-07-01T00:00:00+00:00,2025-07-01T00:00:00+00:00,BEAR_BREAKOUT,BEAR_BREAKOUT-C09,34,-31.901881,0.123401,0.047697,False,,False,"{""atr_ratio_max"":1.8,""atr_ratio_min"":0.85,""bb_width_percentile_max"":0.25,""breakout_range_atr"":0.8,""cci_level"":75.0,""context"":""BEAR_BREAKOUT"",""direction"":""SHORT"",""ema_touch_atr"":0.4,""max_hold_bars"":48,""range_adx_max"":22.0,""range_ema_separation_atr"":0.4,""require_confirmation_break"":true,""require_vwap"":false,""rsi_level"":55.0,""rsi_reclaim"":50.0,""setup"":""breakout"",""stop_atr"":1.5,""target_rr"":1.25,""trend_adx_min"":22.0,""trend_ema_separation_atr"":0.15,""vwap_distance_atr"":0.5}"
2025-07 to 2025-12,2022-07-01T00:00:00+00:00,2025-07-01T00:00:00+00:00,BEAR_BREAKOUT,BEAR_BREAKOUT-C10,59,-46.967229,0.094686,0.043558,False,,False,"{""atr_ratio_max"":1.8,""atr_ratio_min"":0.45,""bb_width_percentile_max"":0.35,""breakout_range_atr"":1.0,""cci_level"":100.0,""context"":""BEAR_BREAKOUT"",""direction"":""SHORT"",""ema_touch_atr"":0.4,""max_hold_bars"":24,""range_adx_max"":14.0,""range_ema_separation_atr"":0.1,""require_confirmation_break"":false,""require_vwap"":true,""rsi_level"":55.0,""rsi_reclaim"":52.0,""setup"":""breakout"",""stop_atr"":1.25,""target_rr"":1.25,""trend_adx_min"":18.0,""trend_ema_separation_atr"":0.05,""vwap_distance_atr"":0.25}"
2025-07 to 2025-12,2022-07-01T00:00:00+00:00,2025-07-01T00:00:00+00:00,BEAR_BREAKOUT,BEAR_BREAKOUT-C11,31,-25.006537,0.106232,0.025302,False,,False,"{""atr_ratio_max"":1.5,""atr_ratio_min"":0.65,""bb_width_percentile_max"":0.25,""breakout_range_atr"":1.0,""cci_level"":125.0,""context"":""BEAR_BREAKOUT"",""direction"":""SHORT"",""ema_touch_atr"":0.0,""max_hold_bars"":24,""range_adx_max"":14.0,""range_ema_separation_atr"":0.1,""require_confirmation_break"":false,""require_vwap"":true,""rsi_level"":65.0,""rsi_reclaim"":48.0,""setup"":""breakout"",""stop_atr"":2.0,""target_rr"":2.0,""trend_adx_min"":18.0,""trend_ema_separation_atr"":0.15,""vwap_distance_atr"":0.25}"
2025-07 to 2025-12,2022-07-01T00:00:00+00:00,2025-07-01T00:00:00+00:00,BEAR_BREAKOUT,BEAR_BREAKOUT-C12,21,-18.279133,0.085759,0.028636,False,,False,"{""atr_ratio_max"":2.1,""atr_ratio_min"":0.65,""bb_width_percentile_max"":0.15,""breakout_range_atr"":1.0,""cci_level"":100.0,""context"":""BEAR_BREAKOUT"",""direction"":""SHORT"",""ema_touch_atr"":0.2,""max_hold_bars"":24,""range_adx_max"":14.0,""range_ema_separation_atr"":0.4,""require_confirmation_break"":true,""require_vwap"":false,""rsi_level"":55.0,""rsi_reclaim"":52.0,""setup"":""breakout"",""stop_atr"":1.5,""target_rr"":1.5,""trend_adx_min"":26.0,""trend_ema_separation_atr"":0.15,""vwap_distance_atr"":0.0}"
2025-07 to 2025-12,2022-07-01T00:00:00+00:00,2025-07-01T00:00:00+00:00,BEAR_PULLBACK,BEAR_PULLBACK-C01,17,-11.92944,0.277351,0.0,False,,False,"{""atr_ratio_max"":1.8,""atr_ratio_min"":0.65,""bb_width_percentile_max"":0.35,""breakout_range_atr"":1.0,""cci_level"":25.0,""context"":""BEAR_PULLBACK"",""direction"":""SHORT"",""ema_touch_atr"":0.4,""max_hold_bars"":24,""range_adx_max"":22.0,""range_ema_separation_atr"":0.1,""require_confirmation_break"":false,""require_vwap"":false,""rsi_level"":45.0,""rsi_reclaim"":52.0,""setup"":""pullback"",""stop_atr"":1.25,""target_rr"":1.5,""trend_adx_min"":18.0,""trend_ema_separation_atr"":0.3,""vwap_distance_atr"":0.0}"
2025-07 to 2025-12,2022-07-01T00:00:00+00:00,2025-07-01T00:00:00+00:00,BEAR_PULLBACK,BEAR_PULLBACK-C02,25,-18.657301,0.221803,0.096235,False,,False,"{""atr_ratio_max"":1.8,""atr_ratio_min"":0.45,""bb_width_percentile_max"":0.25,""breakout_range_atr"":1.2,""cci_level"":0.0,""context"":""BEAR_PULLBACK"",""direction"":""SHORT"",""ema_touch_atr"":0.2,""max_hold_bars"":48,""range_adx_max"":14.0,""range_ema_separation_atr"":0.4,""require_confirmation_break"":true,""require_vwap"":false,""rsi_level"":45.0,""rsi_reclaim"":52.0,""setup"":""pullback"",""stop_atr"":2.0,""target_rr"":1.25,""trend_adx_min"":18.0,""trend_ema_separation_atr"":0.05,""vwap_distance_atr"":0.5}"
2025-07 to 2025-12,2022-07-01T00:00:00+00:00,2025-07-01T00:00:00+00:00,BEAR_PULLBACK,BEAR_PULLBACK-C03,7,-8.047897,0.096346,0.183183,False,,False,"{""atr_ratio_max"":2.1,""atr_ratio_min"":0.85,""bb_width_percentile_max"":0.35,""breakout_range_atr"":0.8,""cci_level"":0.0,""context"":""BEAR_PULLBACK"",""direction"":""SHORT"",""ema_touch_atr"":0.2,""max_hold_bars"":72,""range_adx_max"":14.0,""range_ema_separation_atr"":0.1,""require_confirmation_break"":true,""require_vwap"":true,""rsi_level"":48.0,""rsi_reclaim"":50.0,""setup"":""pullback"",""stop_atr"":2.0,""target_rr"":1.25,""trend_adx_min"":26.0,""trend_ema_separation_atr"":0.15,""vwap_distance_atr"":0.5}"
2025-07 to 2025-12,2022-07-01T00:00:00+00:00,2025-07-01T00:00:00+00:00,BEAR_PULLBACK,BEAR_PULLBACK-C04,10,-6.557629,0.175661,0.0,False,,False,"{""atr_ratio_max"":1.5,""atr_ratio_min"":0.85,""bb_width_percentile_max"":0.25,""breakout_range_atr"":1.2,""cci_level"":0.0,""context"":""BEAR_PULLBACK"",""direction"":""SHORT"",""ema_touch_atr"":0.0,""max_hold_bars"":24,""range_adx_max"":18.0,""range_ema_separation_atr"":0.1,""require_confirmation_break"":false,""require_vwap"":true,""rsi_level"":48.0,""rsi_reclaim"":48.0,""setup"":""pullback"",""stop_atr"":1.5,""target_rr"":2.0,""trend_adx_min"":22.0,""trend_ema_separation_atr"":0.05,""vwap_distance_atr"":0.5}"
2025-07 to 2025-12,2022-07-01T00:00:00+00:00,2025-07-01T00:00:00+00:00,BEAR_PULLBACK,BEAR_PULLBACK-C05,1,-1.445538,0.0,,False,,False,"{""atr_ratio_max"":2.1,""atr_ratio_min"":0.65,""bb_width_percentile_max"":0.25,""breakout_range_atr"":1.2,""cci_level"":50.0,""context"":""BEAR_PULLBACK"",""direction"":""SHORT"",""ema_touch_atr"":0.0,""max_hold_bars"":48,""range_adx_max"":22.0,""range_ema_separation_atr"":0.4,""require_confirmation_break"":true,""require_vwap"":true,""rsi_level"":40.0,""rsi_reclaim"":48.0,""setup"":""pullback"",""stop_atr"":2.0,""target_rr"":1.5,""trend_adx_min"":22.0,""trend_ema_separation_atr"":0.3,""vwap_distance_atr"":0.25}"
2025-07 to 2025-12,2022-07-01T00:00:00+00:00,2025-07-01T00:00:00+00:00,BEAR_PULLBACK,BEAR_PULLBACK-C06,14,-13.178642,0.197159,0.0,False,,False,"{""atr_ratio_max"":1.8,""atr_ratio_min"":0.45,""bb_width_percentile_max"":0.15,""breakout_range_atr"":0.8,""cci_level"":50.0,""context"":""BEAR_PULLBACK"",""direction"":""SHORT"",""ema_touch_atr"":0.2,""max_hold_bars"":24,""range_adx_max"":22.0,""range_ema_separation_atr"":0.1,""require_confirmation_break"":true,""require_vwap"":false,""rsi_level"":48.0,""rsi_reclaim"":48.0,""setup"":""pullback"",""stop_atr"":1.5,""target_rr"":2.0,""trend_adx_min"":26.0,""trend_ema_separation_atr"":0.05,""vwap_distance_atr"":0.0}"
2025-07 to 2025-12,2022-07-01T00:00:00+00:00,2025-07-01T00:00:00+00:00,BEAR_PULLBACK,BEAR_PULLBACK-C07,7,-5.278676,0.190336,0.065681,False,,False,"{""atr_ratio_max"":1.5,""atr_ratio_min"":0.85,""bb_width_percentile_max"":0.15,""breakout_range_atr"":0.8,""cci_level"":25.0,""context"":""BEAR_PULLBACK"",""direction"":""SHORT"",""ema_touch_atr"":0.4,""max_hold_bars"":48,""range_adx_max"":18.0,""range_ema_separation_atr"":0.25,""require_confirmation_break"":false,""require_vwap"":true,""rsi_level"":45.0,""rsi_reclaim"":52.0,""setup"":""pullback"",""stop_atr"":2.0,""target_rr"":1.5,""trend_adx_min"":22.0,""trend_ema_separation_atr"":0.05,""vwap_distance_atr"":0.25}"
2025-07 to 2025-12,2022-07-01T00:00:00+00:00,2025-07-01T00:00:00+00:00,BEAR_PULLBACK,BEAR_PULLBACK-C08,13,-14.250169,0.102182,0.0,False,,False,"{""atr_ratio_max"":1.8,""atr_ratio_min"":0.65,""bb_width_percentile_max"":0.15,""breakout_range_atr"":1.0,""cci_level"":50.0,""context"":""BEAR_PULLBACK"",""direction"":""SHORT"",""ema_touch_atr"":0.4,""max_hold_bars"":48,""range_adx_max"":22.0,""range_ema_separation_atr"":0.25,""require_confirmation_break"":true,""require_vwap"":false,""rsi_level"":48.0,""rsi_reclaim"":50.0,""setup"":""pullback"",""stop_atr"":1.5,""target_rr"":2.0,""trend_adx_min"":26.0,""trend_ema_separation_atr"":0.15,""vwap_distance_atr"":0.25}"
2025-07 to 2025-12,2022-07-01T00:00:00+00:00,2025-07-01T00:00:00+00:00,BEAR_PULLBACK,BEAR_PULLBACK-C09,4,-1.311773,0.424975,,False,,False,"{""atr_ratio_max"":1.5,""atr_ratio_min"":0.45,""bb_width_percentile_max"":0.35,""breakout_range_atr"":0.8,""cci_level"":50.0,""context"":""BEAR_PULLBACK"",""direction"":""SHORT"",""ema_touch_atr"":0.4,""max_hold_bars"":24,""range_adx_max"":18.0,""range_ema_separation_atr"":0.4,""require_confirmation_break"":false,""require_vwap"":true,""rsi_level"":45.0,""rsi_reclaim"":52.0,""setup"":""pullback"",""stop_atr"":1.25,""target_rr"":1.5,""trend_adx_min"":22.0,""trend_ema_separation_atr"":0.15,""vwap_distance_atr"":0.0}"
2025-07 to 2025-12,2022-07-01T00:00:00+00:00,2025-07-01T00:00:00+00:00,BEAR_PULLBACK,BEAR_PULLBACK-C10,1,-1.929081,0.0,,False,,False,"{""atr_ratio_max"":1.5,""atr_ratio_min"":0.85,""bb_width_percentile_max"":0.35,""breakout_range_atr"":1.0,""cci_level"":25.0,""context"":""BEAR_PULLBACK"",""direction"":""SHORT"",""ema_touch_atr"":0.0,""max_hold_bars"":72,""range_adx_max"":14.0,""range_ema_separation_atr"":0.4,""require_confirmation_break"":false,""require_vwap"":true,""rsi_level"":40.0,""rsi_reclaim"":50.0,""setup"":""pullback"",""stop_atr"":1.25,""target_rr"":2.0,""trend_adx_min"":18.0,""trend_ema_separation_atr"":0.15,""vwap_distance_atr"":0.25}"
2025-07 to 2025-12,2022-07-01T00:00:00+00:00,2025-07-01T00:00:00+00:00,BEAR_PULLBACK,BEAR_PULLBACK-C11,3,-0.295581,0.846776,,False,,False,"{""atr_ratio_max"":2.1,""atr_ratio_min"":0.45,""bb_width_percentile_max"":0.25,""breakout_range_atr"":1.2,""cci_level"":25.0,""context"":""BEAR_PULLBACK"",""direction"":""SHORT"",""ema_touch_atr"":0.2,""max_hold_bars"":72,""range_adx_max"":14.0,""range_ema_separation_atr"":0.25,""require_confirmation_break"":false,""require_vwap"":false,""rsi_level"":40.0,""rsi_reclaim"":50.0,""setup"":""pullback"",""stop_atr"":1.5,""target_rr"":1.25,""trend_adx_min"":18.0,""trend_ema_separation_atr"":0.3,""vwap_distance_atr"":0.5}"
2025-07 to 2025-12,2022-07-01T00:00:00+00:00,2025-07-01T00:00:00+00:00,BEAR_PULLBACK,BEAR_PULLBACK-C12,0,0.0,,,False,,False,"{""atr_ratio_max"":2.1,""atr_ratio_min"":0.65,""bb_width_percentile_max"":0.15,""breakout_range_atr"":1.0,""cci_level"":0.0,""context"":""BEAR_PULLBACK"",""direction"":""SHORT"",""ema_touch_atr"":0.0,""max_hold_bars"":72,""range_adx_max"":18.0,""range_ema_separation_atr"":0.25,""require_confirmation_break"":true,""require_vwap"":false,""rsi_level"":40.0,""rsi_reclaim"":48.0,""setup"":""pullback"",""stop_atr"":1.25,""target_rr"":1.25,""trend_adx_min"":26.0,""trend_ema_separation_atr"":0.3,""vwap_distance_atr"":0.0}"
2025-07 to 2025-12,2022-07-01T00:00:00+00:00,2025-07-01T00:00:00+00:00,BULL_BREAKOUT,BULL_BREAKOUT-C01,61,-31.138771,0.355987,0.26009,False,,False,"{""atr_ratio_max"":1.8,""atr_ratio_min"":0.65,""bb_width_percentile_max"":0.25,""breakout_range_atr"":1.0,""cci_level"":75.0,""context"":""BULL_BREAKOUT"",""direction"":""LONG"",""ema_touch_atr"":0.2,""max_hold_bars"":72,""range_adx_max"":22.0,""range_ema_separation_atr"":0.25,""require_confirmation_break"":false,""require_vwap"":true,""rsi_level"":60.0,""rsi_reclaim"":48.0,""setup"":""breakout"",""stop_atr"":2.0,""target_rr"":1.25,""trend_adx_min"":18.0,""trend_ema_separation_atr"":0.3,""vwap_distance_atr"":0.5}"
2025-07 to 2025-12,2022-07-01T00:00:00+00:00,2025-07-01T00:00:00+00:00,BULL_BREAKOUT,BULL_BREAKOUT-C02,50,-27.329644,0.281818,0.211288,False,,False,"{""atr_ratio_max"":1.5,""atr_ratio_min"":0.65,""bb_width_percentile_max"":0.35,""breakout_range_atr"":0.8,""cci_level"":125.0,""context"":""BULL_BREAKOUT"",""direction"":""LONG"",""ema_touch_atr"":0.4,""max_hold_bars"":24,""range_adx_max"":14.0,""range_ema_separation_atr"":0.4,""require_confirmation_break"":false,""require_vwap"":true,""rsi_level"":55.0,""rsi_reclaim"":48.0,""setup"":""breakout"",""stop_atr"":2.0,""target_rr"":1.25,""trend_adx_min"":26.0,""trend_ema_separation_atr"":0.15,""vwap_distance_atr"":0.0}"
2025-07 to 2025-12,2022-07-01T00:00:00+00:00,2025-07-01T00:00:00+00:00,BULL_BREAKOUT,BULL_BREAKOUT-C03,32,-15.110219,0.463936,0.306253,False,,False,"{""atr_ratio_max"":2.1,""atr_ratio_min"":0.45,""bb_width_percentile_max"":0.35,""breakout_range_atr"":1.2,""cci_level"":125.0,""context"":""BULL_BREAKOUT"",""direction"":""LONG"",""ema_touch_atr"":0.4,""max_hold_bars"":72,""range_adx_max"":18.0,""range_ema_separation_atr"":0.4,""require_confirmation_break"":true,""require_vwap"":false,""rsi_level"":65.0,""rsi_reclaim"":50.0,""setup"":""breakout"",""stop_atr"":2.0,""target_rr"":2.0,""trend_adx_min"":26.0,""trend_ema_separation_atr"":0.05,""vwap_distance_atr"":0.0}"
2025-07 to 2025-12,2022-07-01T00:00:00+00:00,2025-07-01T00:00:00+00:00,BULL_BREAKOUT,BULL_BREAKOUT-C04,54,-33.676646,0.289786,0.185191,False,,False,"{""atr_ratio_max"":2.1,""atr_ratio_min"":0.65,""bb_width_percentile_max"":0.25,""breakout_range_atr"":0.8,""cci_level"":100.0,""context"":""BULL_BREAKOUT"",""direction"":""LONG"",""ema_touch_atr"":0.4,""max_hold_bars"":48,""range_adx_max"":22.0,""range_ema_separation_atr"":0.1,""require_confirmation_break"":true,""require_vwap"":true,""rsi_level"":55.0,""rsi_reclaim"":52.0,""setup"":""breakout"",""stop_atr"":1.5,""target_rr"":1.5,""trend_adx_min"":22.0,""trend_ema_separation_atr"":0.3,""vwap_distance_atr"":0.0}"
2025-07 to 2025-12,2022-07-01T00:00:00+00:00,2025-07-01T00:00:00+00:00,BULL_BREAKOUT,BULL_BREAKOUT-C05,48,-30.70957,0.224509,0.146897,False,,False,"{""atr_ratio_max"":1.5,""atr_ratio_min"":0.45,""bb_width_percentile_max"":0.35,""breakout_range_atr"":1.0,""cci_level"":100.0,""context"":""BULL_BREAKOUT"",""direction"":""LONG"",""ema_touch_atr"":0.0,""max_hold_bars"":24,""range_adx_max"":18.0,""range_ema_separation_atr"":0.1,""require_confirmation_break"":true,""require_vwap"":false,""rsi_level"":60.0,""rsi_reclaim"":48.0,""setup"":""breakout"",""stop_atr"":1.25,""target_rr"":1.5,""trend_adx_min"":26.0,""trend_ema_separation_atr"":0.15,""vwap_distance_atr"":0.5}"
2025-07 to 2025-12,2022-07-01T00:00:00+00:00,2025-07-01T00:00:00+00:00,BULL_BREAKOUT,BULL_BREAKOUT-C06,39,-22.360998,0.329814,0.283573,False,,False,"{""atr_ratio_max"":1.8,""atr_ratio_min"":0.45,""bb_width_percentile_max"":0.35,""breakout_range_atr"":1.0,""cci_level"":75.0,""context"":""BULL_BREAKOUT"",""direction"":""LONG"",""ema_touch_atr"":0.0,""max_hold_bars"":48,""range_adx_max"":14.0,""range_ema_separation_atr"":0.4,""require_confirmation_break"":true,""require_vwap"":false,""rsi_level"":65.0,""rsi_reclaim"":48.0,""setup"":""breakout"",""stop_atr"":1.25,""target_rr"":1.5,""trend_adx_min"":26.0,""trend_ema_separation_atr"":0.3,""vwap_distance_atr"":0.5}"
2025-07 to 2025-12,2022-07-01T00:00:00+00:00,2025-07-01T00:00:00+00:00,BULL_BREAKOUT,BULL_BREAKOUT-C07,26,-15.596363,0.332349,0.161432,False,,False,"{""atr_ratio_max"":1.8,""atr_ratio_min"":0.65,""bb_width_percentile_max"":0.25,""breakout_range_atr"":1.2,""cci_level"":100.0,""context"":""BULL_BREAKOUT"",""direction"":""LONG"",""ema_touch_atr"":0.2,""max_hold_bars"":72,""range_adx_max"":18.0,""range_ema_separation_atr"":0.1,""require_confirmation_break"":false,""require_vwap"":false,""rsi_level"":65.0,""rsi_reclaim"":52.0,""setup"":""breakout"",""stop_atr"":1.25,""target_rr"":1.25,""trend_adx_min"":22.0,""trend_ema_separation_atr"":0.3,""vwap_distance_atr"":0.0}"
2025-07 to 2025-12,2022-07-01T00:00:00+00:00,2025-07-01T00:00:00+00:00,BULL_BREAKOUT,BULL_BREAKOUT-C08,33,-20.232499,0.377804,0.25588,False,,False,"{""atr_ratio_max"":1.5,""atr_ratio_min"":0.85,""bb_width_percentile_max"":0.15,""breakout_range_atr"":0.8,""cci_level"":75.0,""context"":""BULL_BREAKOUT"",""direction"":""LONG"",""ema_touch_atr"":0.2,""max_hold_bars"":48,""range_adx_max"":22.0,""range_ema_separation_atr"":0.25,""require_confirmation_break"":true,""require_vwap"":true,""rsi_level"":60.0,""rsi_reclaim"":50.0,""setup"":""breakout"",""stop_atr"":2.0,""target_rr"":1.5,""trend_adx_min"":18.0,""trend_ema_separation_atr"":0.15,""vwap_distance_atr"":0.25}"
2025-07 to 2025-12,2022-07-01T00:00:00+00:00,2025-07-01T00:00:00+00:00,BULL_BREAKOUT,BULL_BREAKOUT-C09,18,-10.860372,0.271802,0.176576,False,,False,"{""atr_ratio_max"":2.1,""atr_ratio_min"":0.45,""bb_width_percentile_max"":0.15,""breakout_range_atr"":1.0,""cci_level"":75.0,""context"":""BULL_BREAKOUT"",""direction"":""LONG"",""ema_touch_atr"":0.0,""max_hold_bars"":24,""range_adx_max"":14.0,""range_ema_separation_atr"":0.1,""require_confirmation_break"":false,""require_vwap"":false,""rsi_level"":65.0,""rsi_reclaim"":50.0,""setup"":""breakout"",""stop_atr"":1.25,""target_rr"":2.0,""trend_adx_min"":22.0,""trend_ema_separation_atr"":0.05,""vwap_distance_atr"":0.25}"
2025-07 to 2025-12,2022-07-01T00:00:00+00:00,2025-07-01T00:00:00+00:00,BULL_BREAKOUT,BULL_BREAKOUT-C10,39,-27.963058,0.257713,0.153175,False,,False,"{""atr_ratio_max"":1.5,""atr_ratio_min"":0.85,""bb_width_percentile_max"":0.25,""breakout_range_atr"":1.2,""cci_level"":100.0,""context"":""BULL_BREAKOUT"",""direction"":""LONG"",""ema_touch_atr"":0.2,""max_hold_bars"":48,""range_adx_max"":22.0,""range_ema_separation_atr"":0.4,""require_confirmation_break"":true,""require_vwap"":true,""rsi_level"":55.0,""rsi_reclaim"":52.0,""setup"":""breakout"",""stop_atr"":1.5,""target_rr"":1.25,""trend_adx_min"":18.0,""trend_ema_separation_atr"":0.05,""vwap_distance_atr"":0.25}"
2025-07 to 2025-12,2022-07-01T00:00:00+00:00,2025-07-01T00:00:00+00:00,BULL_BREAKOUT,BULL_BREAKOUT-C11,24,-19.736881,0.328154,0.21932,False,,False,"{""atr_ratio_max"":2.1,""atr_ratio_min"":0.85,""bb_width_percentile_max"":0.15,""breakout_range_atr"":0.8,""cci_level"":125.0,""context"":""BULL_BREAKOUT"",""direction"":""LONG"",""ema_touch_atr"":0.0,""max_hold_bars"":72,""range_adx_max"":14.0,""range_ema_separation_atr"":0.25,""require_confirmation_break"":false,""require_vwap"":false,""rsi_level"":55.0,""rsi_reclaim"":50.0,""setup"":""breakout"",""stop_atr"":1.5,""target_rr"":2.0,""trend_adx_min"":22.0,""trend_ema_separation_atr"":0.15,""vwap_distance_atr"":0.5}"
2025-07 to 2025-12,2022-07-01T00:00:00+00:00,2025-07-01T00:00:00+00:00,BULL_BREAKOUT,BULL_BREAKOUT-C12,23,-14.265139,0.410581,0.317563,False,,False,"{""atr_ratio_max"":1.8,""atr_ratio_min"":0.85,""bb_width_percentile_max"":0.15,""breakout_range_atr"":1.2,""cci_level"":125.0,""context"":""BULL_BREAKOUT"",""direction"":""LONG"",""ema_touch_atr"":0.4,""max_hold_bars"":24,""range_adx_max"":18.0,""range_ema_separation_atr"":0.25,""require_confirmation_break"":false,""require_vwap"":true,""rsi_level"":60.0,""rsi_reclaim"":52.0,""setup"":""breakout"",""stop_atr"":1.5,""target_rr"":2.0,""trend_adx_min"":18.0,""trend_ema_separation_atr"":0.05,""vwap_distance_atr"":0.25}"
2025-07 to 2025-12,2022-07-01T00:00:00+00:00,2025-07-01T00:00:00+00:00,BULL_PULLBACK,BULL_PULLBACK-C01,10,-15.041723,0.098461,0.0,False,,False,"{""atr_ratio_max"":2.1,""atr_ratio_min"":0.85,""bb_width_percentile_max"":0.15,""breakout_range_atr"":1.0,""cci_level"":0.0,""context"":""BULL_PULLBACK"",""direction"":""LONG"",""ema_touch_atr"":0.2,""max_hold_bars"":24,""range_adx_max"":18.0,""range_ema_separation_atr"":0.4,""require_confirmation_break"":true,""require_vwap"":false,""rsi_level"":40.0,""rsi_reclaim"":50.0,""setup"":""pullback"",""stop_atr"":1.5,""target_rr"":2.0,""trend_adx_min"":18.0,""trend_ema_separation_atr"":0.15,""vwap_distance_atr"":0.25}"
2025-07 to 2025-12,2022-07-01T00:00:00+00:00,2025-07-01T00:00:00+00:00,BULL_PULLBACK,BULL_PULLBACK-C02,4,-3.930832,0.185133,,False,,False,"{""atr_ratio_max"":1.8,""atr_ratio_min"":0.45,""bb_width_percentile_max"":0.15,""breakout_range_atr"":1.2,""cci_level"":50.0,""context"":""BULL_PULLBACK"",""direction"":""LONG"",""ema_touch_atr"":0.2,""max_hold_bars"":48,""range_adx_max"":22.0,""range_ema_separation_atr"":0.25,""require_confirmation_break"":false,""require_vwap"":true,""rsi_level"":40.0,""rsi_reclaim"":48.0,""setup"":""pullback"",""stop_atr"":1.25,""target_rr"":1.25,""trend_adx_min"":18.0,""trend_ema_separation_atr"":0.15,""vwap_distance_atr"":0.5}"
2025-07 to 2025-12,2022-07-01T00:00:00+00:00,2025-07-01T00:00:00+00:00,BULL_PULLBACK,BULL_PULLBACK-C03,2,-1.824249,0.473827,,False,,False,"{""atr_ratio_max"":1.5,""atr_ratio_min"":0.45,""bb_width_percentile_max"":0.25,""breakout_range_atr"":0.8,""cci_level"":25.0,""context"":""BULL_PULLBACK"",""direction"":""LONG"",""ema_touch_atr"":0.0,""max_hold_bars"":48,""range_adx_max"":18.0,""range_ema_separation_atr"":0.4,""require_confirmation_break"":false,""require_vwap"":false,""rsi_level"":40.0,""rsi_reclaim"":50.0,""setup"":""pullback"",""stop_atr"":2.0,""target_rr"":2.0,""trend_adx_min"":22.0,""trend_ema_separation_atr"":0.15,""vwap_distance_atr"":0.5}"
2025-07 to 2025-12,2022-07-01T00:00:00+00:00,2025-07-01T00:00:00+00:00,BULL_PULLBACK,BULL_PULLBACK-C04,10,-12.86738,0.171063,0.0,False,,False,"{""atr_ratio_max"":2.1,""atr_ratio_min"":0.85,""bb_width_percentile_max"":0.15,""breakout_range_atr"":1.0,""cci_level"":0.0,""context"":""BULL_PULLBACK"",""direction"":""LONG"",""ema_touch_atr"":0.4,""max_hold_bars"":48,""range_adx_max"":14.0,""range_ema_separation_atr"":0.1,""require_confirmation_break"":true,""require_vwap"":false,""rsi_level"":45.0,""rsi_reclaim"":52.0,""setup"":""pullback"",""stop_atr"":1.25,""target_rr"":1.25,""trend_adx_min"":26.0,""trend_ema_separation_atr"":0.3,""vwap_distance_atr"":0.5}"
2025-07 to 2025-12,2022-07-01T00:00:00+00:00,2025-07-01T00:00:00+00:00,BULL_PULLBACK,BULL_PULLBACK-C05,6,-9.086322,0.111734,0.0,False,,False,"{""atr_ratio_max"":1.8,""atr_ratio_min"":0.45,""bb_width_percentile_max"":0.15,""breakout_range_atr"":1.2,""cci_level"":25.0,""context"":""BULL_PULLBACK"",""direction"":""LONG"",""ema_touch_atr"":0.0,""max_hold_bars"":24,""range_adx_max"":22.0,""range_ema_separation_atr"":0.1,""require_confirmation_break"":false,""require_vwap"":false,""rsi_level"":40.0,""rsi_reclaim"":48.0,""setup"":""pullback"",""stop_atr"":1.5,""target_rr"":1.5,""trend_adx_min"":22.0,""trend_ema_separation_atr"":0.15,""vwap_distance_atr"":0.0}"
2025-07 to 2025-12,2022-07-01T00:00:00+00:00,2025-07-01T00:00:00+00:00,BULL_PULLBACK,BULL_PULLBACK-C06,79,-42.625892,0.289481,0.276368,False,,False,"{""atr_ratio_max"":1.8,""atr_ratio_min"":0.85,""bb_width_percentile_max"":0.25,""breakout_range_atr"":1.2,""cci_level"":0.0,""context"":""BULL_PULLBACK"",""direction"":""LONG"",""ema_touch_atr"":0.0,""max_hold_bars"":24,""range_adx_max"":18.0,""range_ema_separation_atr"":0.1,""require_confirmation_break"":true,""require_vwap"":false,""rsi_level"":48.0,""rsi_reclaim"":50.0,""setup"":""pullback"",""stop_atr"":2.0,""target_rr"":1.5,""trend_adx_min"":18.0,""trend_ema_separation_atr"":0.3,""vwap_distance_atr"":0.0}"
2025-07 to 2025-12,2022-07-01T00:00:00+00:00,2025-07-01T00:00:00+00:00,BULL_PULLBACK,BULL_PULLBACK-C07,6,-5.281054,0.385006,0.0,False,,False,"{""atr_ratio_max"":1.8,""atr_ratio_min"":0.45,""bb_width_percentile_max"":0.35,""breakout_range_atr"":0.8,""cci_level"":50.0,""context"":""BULL_PULLBACK"",""direction"":""LONG"",""ema_touch_atr"":0.2,""max_hold_bars"":72,""range_adx_max"":22.0,""range_ema_separation_atr"":0.4,""require_confirmation_break"":true,""require_vwap"":true,""rsi_level"":48.0,""rsi_reclaim"":48.0,""setup"":""pullback"",""stop_atr"":1.5,""target_rr"":2.0,""trend_adx_min"":26.0,""trend_ema_separation_atr"":0.3,""vwap_distance_atr"":0.25}"
2025-07 to 2025-12,2022-07-01T00:00:00+00:00,2025-07-01T00:00:00+00:00,BULL_PULLBACK,BULL_PULLBACK-C08,6,-5.560316,0.291966,0.541033,False,,False,"{""atr_ratio_max"":1.5,""atr_ratio_min"":0.65,""bb_width_percentile_max"":0.35,""breakout_range_atr"":1.2,""cci_level"":50.0,""context"":""BULL_PULLBACK"",""direction"":""LONG"",""ema_touch_atr"":0.0,""max_hold_bars"":48,""range_adx_max"":22.0,""range_ema_separation_atr"":0.25,""require_confirmation_break"":false,""require_vwap"":true,""rsi_level"":48.0,""rsi_reclaim"":52.0,""setup"":""pullback"",""stop_atr"":2.0,""target_rr"":1.5,""trend_adx_min"":26.0,""trend_ema_separation_atr"":0.05,""vwap_distance_atr"":0.25}"
2025-07 to 2025-12,2022-07-01T00:00:00+00:00,2025-07-01T00:00:00+00:00,BULL_PULLBACK,BULL_PULLBACK-C09,33,-22.992647,0.319906,0.287807,False,,False,"{""atr_ratio_max"":2.1,""atr_ratio_min"":0.65,""bb_width_percentile_max"":0.25,""breakout_range_atr"":1.0,""cci_level"":0.0,""context"":""BULL_PULLBACK"",""direction"":""LONG"",""ema_touch_atr"":0.4,""max_hold_bars"":72,""range_adx_max"":14.0,""range_ema_separation_atr"":0.4,""require_confirmation_break"":true,""require_vwap"":false,""rsi_level"":45.0,""rsi_reclaim"":50.0,""setup"":""pullback"",""stop_atr"":1.25,""target_rr"":1.5,""trend_adx_min"":18.0,""trend_ema_separation_atr"":0.3,""vwap_distance_atr"":0.25}"
2025-07 to 2025-12,2022-07-01T00:00:00+00:00,2025-07-01T00:00:00+00:00,BULL_PULLBACK,BULL_PULLBACK-C10,9,-13.21179,0.063316,0.0,False,,False,"{""atr_ratio_max"":2.1,""atr_ratio_min"":0.65,""bb_width_percentile_max"":0.25,""breakout_range_atr"":0.8,""cci_level"":25.0,""context"":""BULL_PULLBACK"",""direction"":""LONG"",""ema_touch_atr"":0.4,""max_hold_bars"":72,""range_adx_max"":18.0,""range_ema_separation_atr"":0.25,""require_confirmation_break"":false,""require_vwap"":true,""rsi_level"":45.0,""rsi_reclaim"":52.0,""setup"":""pullback"",""stop_atr"":1.25,""target_rr"":1.25,""trend_adx_min"":22.0,""trend_ema_separation_atr"":0.05,""vwap_distance_atr"":0.5}"
2025-07 to 2025-12,2022-07-01T00:00:00+00:00,2025-07-01T00:00:00+00:00,BULL_PULLBACK,BULL_PULLBACK-C11,4,-3.245908,0.336035,,False,,False,"{""atr_ratio_max"":1.5,""atr_ratio_min"":0.65,""bb_width_percentile_max"":0.35,""breakout_range_atr"":0.8,""cci_level"":25.0,""context"":""BULL_PULLBACK"",""direction"":""LONG"",""ema_touch_atr"":0.4,""max_hold_bars"":24,""range_adx_max"":14.0,""range_ema_separation_atr"":0.25,""require_confirmation_break"":true,""require_vwap"":true,""rsi_level"":45.0,""rsi_reclaim"":48.0,""setup"":""pullback"",""stop_atr"":2.0,""target_rr"":2.0,""trend_adx_min"":22.0,""trend_ema_separation_atr"":0.05,""vwap_distance_atr"":0.0}"
2025-07 to 2025-12,2022-07-01T00:00:00+00:00,2025-07-01T00:00:00+00:00,BULL_PULLBACK,BULL_PULLBACK-C12,6,-6.472936,0.21641,0.423836,False,,False,"{""atr_ratio_max"":1.5,""atr_ratio_min"":0.85,""bb_width_percentile_max"":0.35,""breakout_range_atr"":1.0,""cci_level"":50.0,""context"":""BULL_PULLBACK"",""direction"":""LONG"",""ema_touch_atr"":0.2,""max_hold_bars"":72,""range_adx_max"":14.0,""range_ema_separation_atr"":0.1,""require_confirmation_break"":false,""require_vwap"":true,""rsi_level"":48.0,""rsi_reclaim"":52.0,""setup"":""pullback"",""stop_atr"":1.5,""target_rr"":1.25,""trend_adx_min"":26.0,""trend_ema_separation_atr"":0.05,""vwap_distance_atr"":0.0}"
2025-07 to 2025-12,2022-07-01T00:00:00+00:00,2025-07-01T00:00:00+00:00,RANGE_REVERSION,RANGE_REVERSION-C01,0,0.0,,,False,,False,"{""atr_ratio_max"":1.5,""atr_ratio_min"":0.85,""bb_width_percentile_max"":0.15,""breakout_range_atr"":1.2,""cci_level"":125.0,""context"":""RANGE_REVERSION"",""direction"":""BOTH"",""ema_touch_atr"":0.0,""max_hold_bars"":48,""range_adx_max"":14.0,""range_ema_separation_atr"":0.25,""require_confirmation_break"":true,""require_vwap"":false,""rsi_level"":35.0,""rsi_reclaim"":35.0,""setup"":""reversion"",""stop_atr"":1.5,""target_rr"":1.25,""trend_adx_min"":22.0,""trend_ema_separation_atr"":0.15,""vwap_distance_atr"":0.5}"
2025-07 to 2025-12,2022-07-01T00:00:00+00:00,2025-07-01T00:00:00+00:00,RANGE_REVERSION,RANGE_REVERSION-C02,0,0.0,,,False,,False,"{""atr_ratio_max"":1.5,""atr_ratio_min"":0.45,""bb_width_percentile_max"":0.35,""breakout_range_atr"":0.8,""cci_level"":100.0,""context"":""RANGE_REVERSION"",""direction"":""BOTH"",""ema_touch_atr"":0.2,""max_hold_bars"":24,""range_adx_max"":14.0,""range_ema_separation_atr"":0.4,""require_confirmation_break"":false,""require_vwap"":false,""rsi_level"":35.0,""rsi_reclaim"":35.0,""setup"":""reversion"",""stop_atr"":1.25,""target_rr"":2.0,""trend_adx_min"":26.0,""trend_ema_separation_atr"":0.15,""vwap_distance_atr"":0.25}"
2025-07 to 2025-12,2022-07-01T00:00:00+00:00,2025-07-01T00:00:00+00:00,RANGE_REVERSION,RANGE_REVERSION-C03,0,0.0,,,False,,False,"{""atr_ratio_max"":2.1,""atr_ratio_min"":0.65,""bb_width_percentile_max"":0.15,""breakout_range_atr"":1.2,""cci_level"":100.0,""context"":""RANGE_REVERSION"",""direction"":""BOTH"",""ema_touch_atr"":0.2,""max_hold_bars"":72,""range_adx_max"":22.0,""range_ema_separation_atr"":0.1,""require_confirmation_break"":false,""require_vwap"":false,""rsi_level"":25.0,""rsi_reclaim"":40.0,""setup"":""reversion"",""stop_atr"":2.0,""target_rr"":1.5,""trend_adx_min"":26.0,""trend_ema_separation_atr"":0.15,""vwap_distance_atr"":0.0}"
2025-07 to 2025-12,2022-07-01T00:00:00+00:00,2025-07-01T00:00:00+00:00,RANGE_REVERSION,RANGE_REVERSION-C04,0,0.0,,,False,,False,"{""atr_ratio_max"":1.8,""atr_ratio_min"":0.45,""bb_width_percentile_max"":0.25,""breakout_range_atr"":1.0,""cci_level"":100.0,""context"":""RANGE_REVERSION"",""direction"":""BOTH"",""ema_touch_atr"":0.4,""max_hold_bars"":72,""range_adx_max"":18.0,""range_ema_separation_atr"":0.25,""require_confirmation_break"":true,""require_vwap"":false,""rsi_level"":35.0,""rsi_reclaim"":40.0,""setup"":""reversion"",""stop_atr"":1.25,""target_rr"":1.5,""trend_adx_min"":22.0,""trend_ema_separation_atr"":0.3,""vwap_distance_atr"":0.0}"
2025-07 to 2025-12,2022-07-01T00:00:00+00:00,2025-07-01T00:00:00+00:00,RANGE_REVERSION,RANGE_REVERSION-C05,0,0.0,,,False,,False,"{""atr_ratio_max"":1.8,""atr_ratio_min"":0.45,""bb_width_percentile_max"":0.25,""breakout_range_atr"":0.8,""cci_level"":125.0,""context"":""RANGE_REVERSION"",""direction"":""BOTH"",""ema_touch_atr"":0.4,""max_hold_bars"":48,""range_adx_max"":14.0,""range_ema_separation_atr"":0.4,""require_confirmation_break"":true,""require_vwap"":true,""rsi_level"":25.0,""rsi_reclaim"":30.0,""setup"":""reversion"",""stop_atr"":1.25,""target_rr"":2.0,""trend_adx_min"":22.0,""trend_ema_separation_atr"":0.3,""vwap_distance_atr"":0.0}"
2025-07 to 2025-12,2022-07-01T00:00:00+00:00,2025-07-01T00:00:00+00:00,RANGE_REVERSION,RANGE_REVERSION-C06,0,0.0,,,False,,False,"{""atr_ratio_max"":2.1,""atr_ratio_min"":0.45,""bb_width_percentile_max"":0.35,""breakout_range_atr"":0.8,""cci_level"":100.0,""context"":""RANGE_REVERSION"",""direction"":""BOTH"",""ema_touch_atr"":0.0,""max_hold_bars"":72,""range_adx_max"":18.0,""range_ema_separation_atr"":0.25,""require_confirmation_break"":true,""require_vwap"":true,""rsi_level"":30.0,""rsi_reclaim"":30.0,""setup"":""reversion"",""stop_atr"":1.25,""target_rr"":1.5,""trend_adx_min"":22.0,""trend_ema_separation_atr"":0.15,""vwap_distance_atr"":0.25}"
2025-07 to 2025-12,2022-07-01T00:00:00+00:00,2025-07-01T00:00:00+00:00,RANGE_REVERSION,RANGE_REVERSION-C07,0,0.0,,,False,,False,"{""atr_ratio_max"":2.1,""atr_ratio_min"":0.85,""bb_width_percentile_max"":0.25,""breakout_range_atr"":1.0,""cci_level"":75.0,""context"":""RANGE_REVERSION"",""direction"":""BOTH"",""ema_touch_atr"":0.2,""max_hold_bars"":48,""range_adx_max"":22.0,""range_ema_separation_atr"":0.4,""require_confirmation_break"":true,""require_vwap"":true,""rsi_level"":30.0,""rsi_reclaim"":40.0,""setup"":""reversion"",""stop_atr"":2.0,""target_rr"":1.5,""trend_adx_min"":18.0,""trend_ema_separation_atr"":0.05,""vwap_distance_atr"":0.0}"
2025-07 to 2025-12,2022-07-01T00:00:00+00:00,2025-07-01T00:00:00+00:00,RANGE_REVERSION,RANGE_REVERSION-C08,0,0.0,,,False,,False,"{""atr_ratio_max"":1.8,""atr_ratio_min"":0.85,""bb_width_percentile_max"":0.15,""breakout_range_atr"":0.8,""cci_level"":125.0,""context"":""RANGE_REVERSION"",""direction"":""BOTH"",""ema_touch_atr"":0.2,""max_hold_bars"":24,""range_adx_max"":18.0,""range_ema_separation_atr"":0.1,""require_confirmation_break"":true,""require_vwap"":true,""rsi_level"":35.0,""rsi_reclaim"":30.0,""setup"":""reversion"",""stop_atr"":1.5,""target_rr"":1.25,""trend_adx_min"":26.0,""trend_ema_separation_atr"":0.3,""vwap_distance_atr"":0.5}"
2025-07 to 2025-12,2022-07-01T00:00:00+00:00,2025-07-01T00:00:00+00:00,RANGE_REVERSION,RANGE_REVERSION-C09,0,0.0,,,False,,False,"{""atr_ratio_max"":2.1,""atr_ratio_min"":0.85,""bb_width_percentile_max"":0.35,""breakout_range_atr"":1.2,""cci_level"":75.0,""context"":""RANGE_REVERSION"",""direction"":""BOTH"",""ema_touch_atr"":0.0,""max_hold_bars"":24,""range_adx_max"":22.0,""range_ema_separation_atr"":0.4,""require_confirmation_break"":false,""require_vwap"":false,""rsi_level"":30.0,""rsi_reclaim"":35.0,""setup"":""reversion"",""stop_atr"":1.5,""target_rr"":1.25,""trend_adx_min"":18.0,""trend_ema_separation_atr"":0.05,""vwap_distance_atr"":0.25}"
2025-07 to 2025-12,2022-07-01T00:00:00+00:00,2025-07-01T00:00:00+00:00,RANGE_REVERSION,RANGE_REVERSION-C10,0,0.0,,,False,,False,"{""atr_ratio_max"":1.8,""atr_ratio_min"":0.65,""bb_width_percentile_max"":0.25,""breakout_range_atr"":1.0,""cci_level"":75.0,""context"":""RANGE_REVERSION"",""direction"":""BOTH"",""ema_touch_atr"":0.4,""max_hold_bars"":24,""range_adx_max"":18.0,""range_ema_separation_atr"":0.25,""require_confirmation_break"":false,""require_vwap"":true,""rsi_level"":25.0,""rsi_reclaim"":30.0,""setup"":""reversion"",""stop_atr"":1.5,""target_rr"":2.0,""trend_adx_min"":26.0,""trend_ema_separation_atr"":0.05,""vwap_distance_atr"":0.5}"
2025-07 to 2025-12,2022-07-01T00:00:00+00:00,2025-07-01T00:00:00+00:00,RANGE_REVERSION,RANGE_REVERSION-C11,0,0.0,,,False,,False,"{""atr_ratio_max"":1.5,""atr_ratio_min"":0.65,""bb_width_percentile_max"":0.35,""breakout_range_atr"":1.2,""cci_level"":125.0,""context"":""RANGE_REVERSION"",""direction"":""BOTH"",""ema_touch_atr"":0.4,""max_hold_bars"":72,""range_adx_max"":22.0,""range_ema_separation_atr"":0.1,""require_confirmation_break"":false,""require_vwap"":false,""rsi_level"":30.0,""rsi_reclaim"":35.0,""setup"":""reversion"",""stop_atr"":2.0,""target_rr"":1.25,""trend_adx_min"":18.0,""trend_ema_separation_atr"":0.3,""vwap_distance_atr"":0.25}"
2025-07 to 2025-12,2022-07-01T00:00:00+00:00,2025-07-01T00:00:00+00:00,RANGE_REVERSION,RANGE_REVERSION-C12,0,0.0,,,False,,False,"{""atr_ratio_max"":1.5,""atr_ratio_min"":0.65,""bb_width_percentile_max"":0.15,""breakout_range_atr"":1.0,""cci_level"":75.0,""context"":""RANGE_REVERSION"",""direction"":""BOTH"",""ema_touch_atr"":0.0,""max_hold_bars"":48,""range_adx_max"":14.0,""range_ema_separation_atr"":0.1,""require_confirmation_break"":false,""require_vwap"":true,""rsi_level"":25.0,""rsi_reclaim"":40.0,""setup"":""reversion"",""stop_atr"":2.0,""target_rr"":2.0,""trend_adx_min"":18.0,""trend_ema_separation_atr"":0.05,""vwap_distance_atr"":0.5}"
2026-01 to 2026-01,2023-01-01T00:00:00+00:00,2026-01-01T00:00:00+00:00,BEAR_BREAKOUT,BEAR_BREAKOUT-C01,31,-32.689379,0.077513,0.062544,False,,False,"{""atr_ratio_max"":1.8,""atr_ratio_min"":0.65,""bb_width_percentile_max"":0.25,""breakout_range_atr"":1.2,""cci_level"":100.0,""context"":""BEAR_BREAKOUT"",""direction"":""SHORT"",""ema_touch_atr"":0.2,""max_hold_bars"":72,""range_adx_max"":22.0,""range_ema_separation_atr"":0.25,""require_confirmation_break"":true,""require_vwap"":true,""rsi_level"":60.0,""rsi_reclaim"":48.0,""setup"":""breakout"",""stop_atr"":2.0,""target_rr"":1.25,""trend_adx_min"":22.0,""trend_ema_separation_atr"":0.3,""vwap_distance_atr"":0.5}"
2026-01 to 2026-01,2023-01-01T00:00:00+00:00,2026-01-01T00:00:00+00:00,BEAR_BREAKOUT,BEAR_BREAKOUT-C02,42,-45.402086,0.068022,0.0,False,,False,"{""atr_ratio_max"":1.5,""atr_ratio_min"":0.85,""bb_width_percentile_max"":0.35,""breakout_range_atr"":1.0,""cci_level"":125.0,""context"":""BEAR_BREAKOUT"",""direction"":""SHORT"",""ema_touch_atr"":0.2,""max_hold_bars"":72,""range_adx_max"":22.0,""range_ema_separation_atr"":0.1,""require_confirmation_break"":false,""require_vwap"":true,""rsi_level"":60.0,""rsi_reclaim"":50.0,""setup"":""breakout"",""stop_atr"":1.25,""target_rr"":2.0,""trend_adx_min"":18.0,""trend_ema_separation_atr"":0.05,""vwap_distance_atr"":0.0}"
2026-01 to 2026-01,2023-01-01T00:00:00+00:00,2026-01-01T00:00:00+00:00,BEAR_BREAKOUT,BEAR_BREAKOUT-C03,27,-26.295603,0.060488,0.0,False,,False,"{""atr_ratio_max"":2.1,""atr_ratio_min"":0.45,""bb_width_percentile_max"":0.35,""breakout_range_atr"":0.8,""cci_level"":75.0,""context"":""BEAR_BREAKOUT"",""direction"":""SHORT"",""ema_touch_atr"":0.4,""max_hold_bars"":24,""range_adx_max"":18.0,""range_ema_separation_atr"":0.1,""require_confirmation_break"":true,""require_vwap"":true,""rsi_level"":65.0,""rsi_reclaim"":48.0,""setup"":""breakout"",""stop_atr"":2.0,""target_rr"":1.25,""trend_adx_min"":26.0,""trend_ema_separation_atr"":0.3,""vwap_distance_atr"":0.0}"
2026-01 to 2026-01,2023-01-01T00:00:00+00:00,2026-01-01T00:00:00+00:00,BEAR_BREAKOUT,BEAR_BREAKOUT-C04,30,-33.281908,0.085141,0.0,False,,False,"{""atr_ratio_max"":1.8,""atr_ratio_min"":0.85,""bb_width_percentile_max"":0.35,""breakout_range_atr"":0.8,""cci_level"":75.0,""context"":""BEAR_BREAKOUT"",""direction"":""SHORT"",""ema_touch_atr"":0.0,""max_hold_bars"":72,""range_adx_max"":18.0,""range_ema_separation_atr"":0.25,""require_confirmation_break"":false,""require_vwap"":true,""rsi_level"":65.0,""rsi_reclaim"":50.0,""setup"":""breakout"",""stop_atr"":1.25,""target_rr"":2.0,""trend_adx_min"":22.0,""trend_ema_separation_atr"":0.3,""vwap_distance_atr"":0.0}"
2026-01 to 2026-01,2023-01-01T00:00:00+00:00,2026-01-01T00:00:00+00:00,BEAR_BREAKOUT,BEAR_BREAKOUT-C05,20,-21.493168,0.121308,0.0977,False,,False,"{""atr_ratio_max"":2.1,""atr_ratio_min"":0.65,""bb_width_percentile_max"":0.25,""breakout_range_atr"":1.2,""cci_level"":125.0,""context"":""BEAR_BREAKOUT"",""direction"":""SHORT"",""ema_touch_atr"":0.0,""max_hold_bars"":72,""range_adx_max"":18.0,""range_ema_separation_atr"":0.25,""require_confirmation_break"":true,""require_vwap"":false,""rsi_level"":60.0,""rsi_reclaim"":50.0,""setup"":""breakout"",""stop_atr"":1.25,""target_rr"":1.5,""trend_adx_min"":26.0,""trend_ema_separation_atr"":0.05,""vwap_distance_atr"":0.5}"
2026-01 to 2026-01,2023-01-01T00:00:00+00:00,2026-01-01T00:00:00+00:00,BEAR_BREAKOUT,BEAR_BREAKOUT-C06,29,-29.50668,0.09725,0.0,False,,False,"{""atr_ratio_max"":1.5,""atr_ratio_min"":0.45,""bb_width_percentile_max"":0.15,""breakout_range_atr"":0.8,""cci_level"":125.0,""context"":""BEAR_BREAKOUT"",""direction"":""SHORT"",""ema_touch_atr"":0.4,""max_hold_bars"":48,""range_adx_max"":14.0,""range_ema_separation_atr"":0.4,""require_confirmation_break"":false,""require_vwap"":false,""rsi_level"":55.0,""rsi_reclaim"":52.0,""setup"":""breakout"",""stop_atr"":1.5,""target_rr"":1.5,""trend_adx_min"":22.0,""trend_ema_separation_atr"":0.05,""vwap_distance_atr"":0.25}"
2026-01 to 2026-01,2023-01-01T00:00:00+00:00,2026-01-01T00:00:00+00:00,BEAR_BREAKOUT,BEAR_BREAKOUT-C07,10,-13.999853,0.0,0.0,False,,False,"{""atr_ratio_max"":2.1,""atr_ratio_min"":0.45,""bb_width_percentile_max"":0.15,""breakout_range_atr"":1.2,""cci_level"":100.0,""context"":""BEAR_BREAKOUT"",""direction"":""SHORT"",""ema_touch_atr"":0.0,""max_hold_bars"":48,""range_adx_max"":22.0,""range_ema_separation_atr"":0.4,""require_confirmation_break"":true,""require_vwap"":false,""rsi_level"":65.0,""rsi_reclaim"":48.0,""setup"":""breakout"",""stop_atr"":2.0,""target_rr"":1.5,""trend_adx_min"":26.0,""trend_ema_separation_atr"":0.15,""vwap_distance_atr"":0.5}"
2026-01 to 2026-01,2023-01-01T00:00:00+00:00,2026-01-01T00:00:00+00:00,BEAR_BREAKOUT,BEAR_BREAKOUT-C08,13,-20.365755,0.064644,0.0,False,,False,"{""atr_ratio_max"":1.5,""atr_ratio_min"":0.85,""bb_width_percentile_max"":0.15,""breakout_range_atr"":1.2,""cci_level"":75.0,""context"":""BEAR_BREAKOUT"",""direction"":""SHORT"",""ema_touch_atr"":0.2,""max_hold_bars"":48,""range_adx_max"":18.0,""range_ema_separation_atr"":0.25,""require_confirmation_break"":false,""require_vwap"":false,""rsi_level"":60.0,""rsi_reclaim"":52.0,""setup"":""breakout"",""stop_atr"":1.5,""target_rr"":2.0,""trend_adx_min"":18.0,""trend_ema_separation_atr"":0.3,""vwap_distance_atr"":0.25}"
2026-01 to 2026-01,2023-01-01T00:00:00+00:00,2026-01-01T00:00:00+00:00,BEAR_BREAKOUT,BEAR_BREAKOUT-C09,34,-31.254497,0.138017,0.048686,False,,False,"{""atr_ratio_max"":1.8,""atr_ratio_min"":0.85,""bb_width_percentile_max"":0.25,""breakout_range_atr"":0.8,""cci_level"":75.0,""context"":""BEAR_BREAKOUT"",""direction"":""SHORT"",""ema_touch_atr"":0.4,""max_hold_bars"":48,""range_adx_max"":22.0,""range_ema_separation_atr"":0.4,""require_confirmation_break"":true,""require_vwap"":false,""rsi_level"":55.0,""rsi_reclaim"":50.0,""setup"":""breakout"",""stop_atr"":1.5,""target_rr"":1.25,""trend_adx_min"":22.0,""trend_ema_separation_atr"":0.15,""vwap_distance_atr"":0.5}"
2026-01 to 2026-01,2023-01-01T00:00:00+00:00,2026-01-01T00:00:00+00:00,BEAR_BREAKOUT,BEAR_BREAKOUT-C10,62,-48.936464,0.105951,0.069024,False,,False,"{""atr_ratio_max"":1.8,""atr_ratio_min"":0.45,""bb_width_percentile_max"":0.35,""breakout_range_atr"":1.0,""cci_level"":100.0,""context"":""BEAR_BREAKOUT"",""direction"":""SHORT"",""ema_touch_atr"":0.4,""max_hold_bars"":24,""range_adx_max"":14.0,""range_ema_separation_atr"":0.1,""require_confirmation_break"":false,""require_vwap"":true,""rsi_level"":55.0,""rsi_reclaim"":52.0,""setup"":""breakout"",""stop_atr"":1.25,""target_rr"":1.25,""trend_adx_min"":18.0,""trend_ema_separation_atr"":0.05,""vwap_distance_atr"":0.25}"
2026-01 to 2026-01,2023-01-01T00:00:00+00:00,2026-01-01T00:00:00+00:00,BEAR_BREAKOUT,BEAR_BREAKOUT-C11,25,-21.162557,0.130729,0.0,False,,False,"{""atr_ratio_max"":1.5,""atr_ratio_min"":0.65,""bb_width_percentile_max"":0.25,""breakout_range_atr"":1.0,""cci_level"":125.0,""context"":""BEAR_BREAKOUT"",""direction"":""SHORT"",""ema_touch_atr"":0.0,""max_hold_bars"":24,""range_adx_max"":14.0,""range_ema_separation_atr"":0.1,""require_confirmation_break"":false,""require_vwap"":true,""rsi_level"":65.0,""rsi_reclaim"":48.0,""setup"":""breakout"",""stop_atr"":2.0,""target_rr"":2.0,""trend_adx_min"":18.0,""trend_ema_separation_atr"":0.15,""vwap_distance_atr"":0.25}"
2026-01 to 2026-01,2023-01-01T00:00:00+00:00,2026-01-01T00:00:00+00:00,BEAR_BREAKOUT,BEAR_BREAKOUT-C12,15,-17.991423,0.052643,0.0,False,,False,"{""atr_ratio_max"":2.1,""atr_ratio_min"":0.65,""bb_width_percentile_max"":0.15,""breakout_range_atr"":1.0,""cci_level"":100.0,""context"":""BEAR_BREAKOUT"",""direction"":""SHORT"",""ema_touch_atr"":0.2,""max_hold_bars"":24,""range_adx_max"":14.0,""range_ema_separation_atr"":0.4,""require_confirmation_break"":true,""require_vwap"":false,""rsi_level"":55.0,""rsi_reclaim"":52.0,""setup"":""breakout"",""stop_atr"":1.5,""target_rr"":1.5,""trend_adx_min"":26.0,""trend_ema_separation_atr"":0.15,""vwap_distance_atr"":0.0}"
2026-01 to 2026-01,2023-01-01T00:00:00+00:00,2026-01-01T00:00:00+00:00,BEAR_PULLBACK,BEAR_PULLBACK-C01,15,-9.935039,0.324763,0.0,False,,False,"{""atr_ratio_max"":1.8,""atr_ratio_min"":0.65,""bb_width_percentile_max"":0.35,""breakout_range_atr"":1.0,""cci_level"":25.0,""context"":""BEAR_PULLBACK"",""direction"":""SHORT"",""ema_touch_atr"":0.4,""max_hold_bars"":24,""range_adx_max"":22.0,""range_ema_separation_atr"":0.1,""require_confirmation_break"":false,""require_vwap"":false,""rsi_level"":45.0,""rsi_reclaim"":52.0,""setup"":""pullback"",""stop_atr"":1.25,""target_rr"":1.5,""trend_adx_min"":18.0,""trend_ema_separation_atr"":0.3,""vwap_distance_atr"":0.0}"
2026-01 to 2026-01,2023-01-01T00:00:00+00:00,2026-01-01T00:00:00+00:00,BEAR_PULLBACK,BEAR_PULLBACK-C02,21,-17.59669,0.196903,0.0,False,,False,"{""atr_ratio_max"":1.8,""atr_ratio_min"":0.45,""bb_width_percentile_max"":0.25,""breakout_range_atr"":1.2,""cci_level"":0.0,""context"":""BEAR_PULLBACK"",""direction"":""SHORT"",""ema_touch_atr"":0.2,""max_hold_bars"":48,""range_adx_max"":14.0,""range_ema_separation_atr"":0.4,""require_confirmation_break"":true,""require_vwap"":false,""rsi_level"":45.0,""rsi_reclaim"":52.0,""setup"":""pullback"",""stop_atr"":2.0,""target_rr"":1.25,""trend_adx_min"":18.0,""trend_ema_separation_atr"":0.05,""vwap_distance_atr"":0.5}"
2026-01 to 2026-01,2023-01-01T00:00:00+00:00,2026-01-01T00:00:00+00:00,BEAR_PULLBACK,BEAR_PULLBACK-C03,9,-8.766786,0.166003,0.139961,False,,False,"{""atr_ratio_max"":2.1,""atr_ratio_min"":0.85,""bb_width_percentile_max"":0.35,""breakout_range_atr"":0.8,""cci_level"":0.0,""context"":""BEAR_PULLBACK"",""direction"":""SHORT"",""ema_touch_atr"":0.2,""max_hold_bars"":72,""range_adx_max"":14.0,""range_ema_separation_atr"":0.1,""require_confirmation_break"":true,""require_vwap"":true,""rsi_level"":48.0,""rsi_reclaim"":50.0,""setup"":""pullback"",""stop_atr"":2.0,""target_rr"":1.25,""trend_adx_min"":26.0,""trend_ema_separation_atr"":0.15,""vwap_distance_atr"":0.5}"
2026-01 to 2026-01,2023-01-01T00:00:00+00:00,2026-01-01T00:00:00+00:00,BEAR_PULLBACK,BEAR_PULLBACK-C04,10,-9.145279,0.133968,0.0,False,,False,"{""atr_ratio_max"":1.5,""atr_ratio_min"":0.85,""bb_width_percentile_max"":0.25,""breakout_range_atr"":1.2,""cci_level"":0.0,""context"":""BEAR_PULLBACK"",""direction"":""SHORT"",""ema_touch_atr"":0.0,""max_hold_bars"":24,""range_adx_max"":18.0,""range_ema_separation_atr"":0.1,""require_confirmation_break"":false,""require_vwap"":true,""rsi_level"":48.0,""rsi_reclaim"":48.0,""setup"":""pullback"",""stop_atr"":1.5,""target_rr"":2.0,""trend_adx_min"":22.0,""trend_ema_separation_atr"":0.05,""vwap_distance_atr"":0.5}"
2026-01 to 2026-01,2023-01-01T00:00:00+00:00,2026-01-01T00:00:00+00:00,BEAR_PULLBACK,BEAR_PULLBACK-C05,1,-1.445538,0.0,,False,,False,"{""atr_ratio_max"":2.1,""atr_ratio_min"":0.65,""bb_width_percentile_max"":0.25,""breakout_range_atr"":1.2,""cci_level"":50.0,""context"":""BEAR_PULLBACK"",""direction"":""SHORT"",""ema_touch_atr"":0.0,""max_hold_bars"":48,""range_adx_max"":22.0,""range_ema_separation_atr"":0.4,""require_confirmation_break"":true,""require_vwap"":true,""rsi_level"":40.0,""rsi_reclaim"":48.0,""setup"":""pullback"",""stop_atr"":2.0,""target_rr"":1.5,""trend_adx_min"":22.0,""trend_ema_separation_atr"":0.3,""vwap_distance_atr"":0.25}"
2026-01 to 2026-01,2023-01-01T00:00:00+00:00,2026-01-01T00:00:00+00:00,BEAR_PULLBACK,BEAR_PULLBACK-C06,11,-12.789187,0.0984,0.0,False,,False,"{""atr_ratio_max"":1.8,""atr_ratio_min"":0.45,""bb_width_percentile_max"":0.15,""breakout_range_atr"":0.8,""cci_level"":50.0,""context"":""BEAR_PULLBACK"",""direction"":""SHORT"",""ema_touch_atr"":0.2,""max_hold_bars"":24,""range_adx_max"":22.0,""range_ema_separation_atr"":0.1,""require_confirmation_break"":true,""require_vwap"":false,""rsi_level"":48.0,""rsi_reclaim"":48.0,""setup"":""pullback"",""stop_atr"":1.5,""target_rr"":2.0,""trend_adx_min"":26.0,""trend_ema_separation_atr"":0.05,""vwap_distance_atr"":0.0}"
2026-01 to 2026-01,2023-01-01T00:00:00+00:00,2026-01-01T00:00:00+00:00,BEAR_PULLBACK,BEAR_PULLBACK-C07,7,-7.341402,0.113901,0.0,False,,False,"{""atr_ratio_max"":1.5,""atr_ratio_min"":0.85,""bb_width_percentile_max"":0.15,""breakout_range_atr"":0.8,""cci_level"":25.0,""context"":""BEAR_PULLBACK"",""direction"":""SHORT"",""ema_touch_atr"":0.4,""max_hold_bars"":48,""range_adx_max"":18.0,""range_ema_separation_atr"":0.25,""require_confirmation_break"":false,""require_vwap"":true,""rsi_level"":45.0,""rsi_reclaim"":52.0,""setup"":""pullback"",""stop_atr"":2.0,""target_rr"":1.5,""trend_adx_min"":22.0,""trend_ema_separation_atr"":0.05,""vwap_distance_atr"":0.25}"
2026-01 to 2026-01,2023-01-01T00:00:00+00:00,2026-01-01T00:00:00+00:00,BEAR_PULLBACK,BEAR_PULLBACK-C08,11,-12.460792,0.101048,0.0,False,,False,"{""atr_ratio_max"":1.8,""atr_ratio_min"":0.65,""bb_width_percentile_max"":0.15,""breakout_range_atr"":1.0,""cci_level"":50.0,""context"":""BEAR_PULLBACK"",""direction"":""SHORT"",""ema_touch_atr"":0.4,""max_hold_bars"":48,""range_adx_max"":22.0,""range_ema_separation_atr"":0.25,""require_confirmation_break"":true,""require_vwap"":false,""rsi_level"":48.0,""rsi_reclaim"":50.0,""setup"":""pullback"",""stop_atr"":1.5,""target_rr"":2.0,""trend_adx_min"":26.0,""trend_ema_separation_atr"":0.15,""vwap_distance_atr"":0.25}"
2026-01 to 2026-01,2023-01-01T00:00:00+00:00,2026-01-01T00:00:00+00:00,BEAR_PULLBACK,BEAR_PULLBACK-C09,3,-0.93679,0.509492,,False,,False,"{""atr_ratio_max"":1.5,""atr_ratio_min"":0.45,""bb_width_percentile_max"":0.35,""breakout_range_atr"":0.8,""cci_level"":50.0,""context"":""BEAR_PULLBACK"",""direction"":""SHORT"",""ema_touch_atr"":0.4,""max_hold_bars"":24,""range_adx_max"":18.0,""range_ema_separation_atr"":0.4,""require_confirmation_break"":false,""require_vwap"":true,""rsi_level"":45.0,""rsi_reclaim"":52.0,""setup"":""pullback"",""stop_atr"":1.25,""target_rr"":1.5,""trend_adx_min"":22.0,""trend_ema_separation_atr"":0.15,""vwap_distance_atr"":0.0}"
2026-01 to 2026-01,2023-01-01T00:00:00+00:00,2026-01-01T00:00:00+00:00,BEAR_PULLBACK,BEAR_PULLBACK-C10,0,0.0,,,False,,False,"{""atr_ratio_max"":1.5,""atr_ratio_min"":0.85,""bb_width_percentile_max"":0.35,""breakout_range_atr"":1.0,""cci_level"":25.0,""context"":""BEAR_PULLBACK"",""direction"":""SHORT"",""ema_touch_atr"":0.0,""max_hold_bars"":72,""range_adx_max"":14.0,""range_ema_separation_atr"":0.4,""require_confirmation_break"":false,""require_vwap"":true,""rsi_level"":40.0,""rsi_reclaim"":50.0,""setup"":""pullback"",""stop_atr"":1.25,""target_rr"":2.0,""trend_adx_min"":18.0,""trend_ema_separation_atr"":0.15,""vwap_distance_atr"":0.25}"
2026-01 to 2026-01,2023-01-01T00:00:00+00:00,2026-01-01T00:00:00+00:00,BEAR_PULLBACK,BEAR_PULLBACK-C11,2,1.665339,,,False,,False,"{""atr_ratio_max"":2.1,""atr_ratio_min"":0.45,""bb_width_percentile_max"":0.25,""breakout_range_atr"":1.2,""cci_level"":25.0,""context"":""BEAR_PULLBACK"",""direction"":""SHORT"",""ema_touch_atr"":0.2,""max_hold_bars"":72,""range_adx_max"":14.0,""range_ema_separation_atr"":0.25,""require_confirmation_break"":false,""require_vwap"":false,""rsi_level"":40.0,""rsi_reclaim"":50.0,""setup"":""pullback"",""stop_atr"":1.5,""target_rr"":1.25,""trend_adx_min"":18.0,""trend_ema_separation_atr"":0.3,""vwap_distance_atr"":0.5}"
2026-01 to 2026-01,2023-01-01T00:00:00+00:00,2026-01-01T00:00:00+00:00,BEAR_PULLBACK,BEAR_PULLBACK-C12,0,0.0,,,False,,False,"{""atr_ratio_max"":2.1,""atr_ratio_min"":0.65,""bb_width_percentile_max"":0.15,""breakout_range_atr"":1.0,""cci_level"":0.0,""context"":""BEAR_PULLBACK"",""direction"":""SHORT"",""ema_touch_atr"":0.0,""max_hold_bars"":72,""range_adx_max"":18.0,""range_ema_separation_atr"":0.25,""require_confirmation_break"":true,""require_vwap"":false,""rsi_level"":40.0,""rsi_reclaim"":48.0,""setup"":""pullback"",""stop_atr"":1.25,""target_rr"":1.25,""trend_adx_min"":26.0,""trend_ema_separation_atr"":0.3,""vwap_distance_atr"":0.0}"
2026-01 to 2026-01,2023-01-01T00:00:00+00:00,2026-01-01T00:00:00+00:00,BULL_BREAKOUT,BULL_BREAKOUT-C01,60,-30.065809,0.37193,0.291979,False,,False,"{""atr_ratio_max"":1.8,""atr_ratio_min"":0.65,""bb_width_percentile_max"":0.25,""breakout_range_atr"":1.0,""cci_level"":75.0,""context"":""BULL_BREAKOUT"",""direction"":""LONG"",""ema_touch_atr"":0.2,""max_hold_bars"":72,""range_adx_max"":22.0,""range_ema_separation_atr"":0.25,""require_confirmation_break"":false,""require_vwap"":true,""rsi_level"":60.0,""rsi_reclaim"":48.0,""setup"":""breakout"",""stop_atr"":2.0,""target_rr"":1.25,""trend_adx_min"":18.0,""trend_ema_separation_atr"":0.3,""vwap_distance_atr"":0.5}"
2026-01 to 2026-01,2023-01-01T00:00:00+00:00,2026-01-01T00:00:00+00:00,BULL_BREAKOUT,BULL_BREAKOUT-C02,45,-27.269566,0.259779,0.07249,False,,False,"{""atr_ratio_max"":1.5,""atr_ratio_min"":0.65,""bb_width_percentile_max"":0.35,""breakout_range_atr"":0.8,""cci_level"":125.0,""context"":""BULL_BREAKOUT"",""direction"":""LONG"",""ema_touch_atr"":0.4,""max_hold_bars"":24,""range_adx_max"":14.0,""range_ema_separation_atr"":0.4,""require_confirmation_break"":false,""require_vwap"":true,""rsi_level"":55.0,""rsi_reclaim"":48.0,""setup"":""breakout"",""stop_atr"":2.0,""target_rr"":1.25,""trend_adx_min"":26.0,""trend_ema_separation_atr"":0.15,""vwap_distance_atr"":0.0}"
2026-01 to 2026-01,2023-01-01T00:00:00+00:00,2026-01-01T00:00:00+00:00,BULL_BREAKOUT,BULL_BREAKOUT-C03,30,-12.173725,0.539387,0.183712,False,,False,"{""atr_ratio_max"":2.1,""atr_ratio_min"":0.45,""bb_width_percentile_max"":0.35,""breakout_range_atr"":1.2,""cci_level"":125.0,""context"":""BULL_BREAKOUT"",""direction"":""LONG"",""ema_touch_atr"":0.4,""max_hold_bars"":72,""range_adx_max"":18.0,""range_ema_separation_atr"":0.4,""require_confirmation_break"":true,""require_vwap"":false,""rsi_level"":65.0,""rsi_reclaim"":50.0,""setup"":""breakout"",""stop_atr"":2.0,""target_rr"":2.0,""trend_adx_min"":26.0,""trend_ema_separation_atr"":0.05,""vwap_distance_atr"":0.0}"
2026-01 to 2026-01,2023-01-01T00:00:00+00:00,2026-01-01T00:00:00+00:00,BULL_BREAKOUT,BULL_BREAKOUT-C04,50,-32.674851,0.286868,0.259491,False,,False,"{""atr_ratio_max"":2.1,""atr_ratio_min"":0.65,""bb_width_percentile_max"":0.25,""breakout_range_atr"":0.8,""cci_level"":100.0,""context"":""BULL_BREAKOUT"",""direction"":""LONG"",""ema_touch_atr"":0.4,""max_hold_bars"":48,""range_adx_max"":22.0,""range_ema_separation_atr"":0.1,""require_confirmation_break"":true,""require_vwap"":true,""rsi_level"":55.0,""rsi_reclaim"":52.0,""setup"":""breakout"",""stop_atr"":1.5,""target_rr"":1.5,""trend_adx_min"":22.0,""trend_ema_separation_atr"":0.3,""vwap_distance_atr"":0.0}"
2026-01 to 2026-01,2023-01-01T00:00:00+00:00,2026-01-01T00:00:00+00:00,BULL_BREAKOUT,BULL_BREAKOUT-C05,42,-29.911141,0.193127,0.0,False,,False,"{""atr_ratio_max"":1.5,""atr_ratio_min"":0.45,""bb_width_percentile_max"":0.35,""breakout_range_atr"":1.0,""cci_level"":100.0,""context"":""BULL_BREAKOUT"",""direction"":""LONG"",""ema_touch_atr"":0.0,""max_hold_bars"":24,""range_adx_max"":18.0,""range_ema_separation_atr"":0.1,""require_confirmation_break"":true,""require_vwap"":false,""rsi_level"":60.0,""rsi_reclaim"":48.0,""setup"":""breakout"",""stop_atr"":1.25,""target_rr"":1.5,""trend_adx_min"":26.0,""trend_ema_separation_atr"":0.15,""vwap_distance_atr"":0.5}"
2026-01 to 2026-01,2023-01-01T00:00:00+00:00,2026-01-01T00:00:00+00:00,BULL_BREAKOUT,BULL_BREAKOUT-C06,37,-20.498177,0.345267,0.10828,False,,False,"{""atr_ratio_max"":1.8,""atr_ratio_min"":0.45,""bb_width_percentile_max"":0.35,""breakout_range_atr"":1.0,""cci_level"":75.0,""context"":""BULL_BREAKOUT"",""direction"":""LONG"",""ema_touch_atr"":0.0,""max_hold_bars"":48,""range_adx_max"":14.0,""range_ema_separation_atr"":0.4,""require_confirmation_break"":true,""require_vwap"":false,""rsi_level"":65.0,""rsi_reclaim"":48.0,""setup"":""breakout"",""stop_atr"":1.25,""target_rr"":1.5,""trend_adx_min"":26.0,""trend_ema_separation_atr"":0.3,""vwap_distance_atr"":0.5}"
2026-01 to 2026-01,2023-01-01T00:00:00+00:00,2026-01-01T00:00:00+00:00,BULL_BREAKOUT,BULL_BREAKOUT-C07,26,-14.195839,0.352394,0.262914,False,,False,"{""atr_ratio_max"":1.8,""atr_ratio_min"":0.65,""bb_width_percentile_max"":0.25,""breakout_range_atr"":1.2,""cci_level"":100.0,""context"":""BULL_BREAKOUT"",""direction"":""LONG"",""ema_touch_atr"":0.2,""max_hold_bars"":72,""range_adx_max"":18.0,""range_ema_separation_atr"":0.1,""require_confirmation_break"":false,""require_vwap"":false,""rsi_level"":65.0,""rsi_reclaim"":52.0,""setup"":""breakout"",""stop_atr"":1.25,""target_rr"":1.25,""trend_adx_min"":22.0,""trend_ema_separation_atr"":0.3,""vwap_distance_atr"":0.0}"
2026-01 to 2026-01,2023-01-01T00:00:00+00:00,2026-01-01T00:00:00+00:00,BULL_BREAKOUT,BULL_BREAKOUT-C08,34,-22.702505,0.346953,0.31381,False,,False,"{""atr_ratio_max"":1.5,""atr_ratio_min"":0.85,""bb_width_percentile_max"":0.15,""breakout_range_atr"":0.8,""cci_level"":75.0,""context"":""BULL_BREAKOUT"",""direction"":""LONG"",""ema_touch_atr"":0.2,""max_hold_bars"":48,""range_adx_max"":22.0,""range_ema_separation_atr"":0.25,""require_confirmation_break"":true,""require_vwap"":true,""rsi_level"":60.0,""rsi_reclaim"":50.0,""setup"":""breakout"",""stop_atr"":2.0,""target_rr"":1.5,""trend_adx_min"":18.0,""trend_ema_separation_atr"":0.15,""vwap_distance_atr"":0.25}"
2026-01 to 2026-01,2023-01-01T00:00:00+00:00,2026-01-01T00:00:00+00:00,BULL_BREAKOUT,BULL_BREAKOUT-C09,18,-10.919249,0.323125,0.0,False,,False,"{""atr_ratio_max"":2.1,""atr_ratio_min"":0.45,""bb_width_percentile_max"":0.15,""breakout_range_atr"":1.0,""cci_level"":75.0,""context"":""BULL_BREAKOUT"",""direction"":""LONG"",""ema_touch_atr"":0.0,""max_hold_bars"":24,""range_adx_max"":14.0,""range_ema_separation_atr"":0.1,""require_confirmation_break"":false,""require_vwap"":false,""rsi_level"":65.0,""rsi_reclaim"":50.0,""setup"":""breakout"",""stop_atr"":1.25,""target_rr"":2.0,""trend_adx_min"":22.0,""trend_ema_separation_atr"":0.05,""vwap_distance_atr"":0.25}"
2026-01 to 2026-01,2023-01-01T00:00:00+00:00,2026-01-01T00:00:00+00:00,BULL_BREAKOUT,BULL_BREAKOUT-C10,35,-26.414722,0.252355,0.195976,False,,False,"{""atr_ratio_max"":1.5,""atr_ratio_min"":0.85,""bb_width_percentile_max"":0.25,""breakout_range_atr"":1.2,""cci_level"":100.0,""context"":""BULL_BREAKOUT"",""direction"":""LONG"",""ema_touch_atr"":0.2,""max_hold_bars"":48,""range_adx_max"":22.0,""range_ema_separation_atr"":0.4,""require_confirmation_break"":true,""require_vwap"":true,""rsi_level"":55.0,""rsi_reclaim"":52.0,""setup"":""breakout"",""stop_atr"":1.5,""target_rr"":1.25,""trend_adx_min"":18.0,""trend_ema_separation_atr"":0.05,""vwap_distance_atr"":0.25}"
2026-01 to 2026-01,2023-01-01T00:00:00+00:00,2026-01-01T00:00:00+00:00,BULL_BREAKOUT,BULL_BREAKOUT-C11,22,-20.098629,0.283261,0.0,False,,False,"{""atr_ratio_max"":2.1,""atr_ratio_min"":0.85,""bb_width_percentile_max"":0.15,""breakout_range_atr"":0.8,""cci_level"":125.0,""context"":""BULL_BREAKOUT"",""direction"":""LONG"",""ema_touch_atr"":0.0,""max_hold_bars"":72,""range_adx_max"":14.0,""range_ema_separation_atr"":0.25,""require_confirmation_break"":false,""require_vwap"":false,""rsi_level"":55.0,""rsi_reclaim"":50.0,""setup"":""breakout"",""stop_atr"":1.5,""target_rr"":2.0,""trend_adx_min"":22.0,""trend_ema_separation_atr"":0.15,""vwap_distance_atr"":0.5}"
2026-01 to 2026-01,2023-01-01T00:00:00+00:00,2026-01-01T00:00:00+00:00,BULL_BREAKOUT,BULL_BREAKOUT-C12,22,-14.362564,0.40033,0.251016,False,,False,"{""atr_ratio_max"":1.8,""atr_ratio_min"":0.85,""bb_width_percentile_max"":0.15,""breakout_range_atr"":1.2,""cci_level"":125.0,""context"":""BULL_BREAKOUT"",""direction"":""LONG"",""ema_touch_atr"":0.4,""max_hold_bars"":24,""range_adx_max"":18.0,""range_ema_separation_atr"":0.25,""require_confirmation_break"":false,""require_vwap"":true,""rsi_level"":60.0,""rsi_reclaim"":52.0,""setup"":""breakout"",""stop_atr"":1.5,""target_rr"":2.0,""trend_adx_min"":18.0,""trend_ema_separation_atr"":0.05,""vwap_distance_atr"":0.25}"
2026-01 to 2026-01,2023-01-01T00:00:00+00:00,2026-01-01T00:00:00+00:00,BULL_PULLBACK,BULL_PULLBACK-C01,9,-16.615832,0.0,0.0,False,,False,"{""atr_ratio_max"":2.1,""atr_ratio_min"":0.85,""bb_width_percentile_max"":0.15,""breakout_range_atr"":1.0,""cci_level"":0.0,""context"":""BULL_PULLBACK"",""direction"":""LONG"",""ema_touch_atr"":0.2,""max_hold_bars"":24,""range_adx_max"":18.0,""range_ema_separation_atr"":0.4,""require_confirmation_break"":true,""require_vwap"":false,""rsi_level"":40.0,""rsi_reclaim"":50.0,""setup"":""pullback"",""stop_atr"":1.5,""target_rr"":2.0,""trend_adx_min"":18.0,""trend_ema_separation_atr"":0.15,""vwap_distance_atr"":0.25}"
2026-01 to 2026-01,2023-01-01T00:00:00+00:00,2026-01-01T00:00:00+00:00,BULL_PULLBACK,BULL_PULLBACK-C02,3,-4.781743,0.0,,False,,False,"{""atr_ratio_max"":1.8,""atr_ratio_min"":0.45,""bb_width_percentile_max"":0.15,""breakout_range_atr"":1.2,""cci_level"":50.0,""context"":""BULL_PULLBACK"",""direction"":""LONG"",""ema_touch_atr"":0.2,""max_hold_bars"":48,""range_adx_max"":22.0,""range_ema_separation_atr"":0.25,""require_confirmation_break"":false,""require_vwap"":true,""rsi_level"":40.0,""rsi_reclaim"":48.0,""setup"":""pullback"",""stop_atr"":1.25,""target_rr"":1.25,""trend_adx_min"":18.0,""trend_ema_separation_atr"":0.15,""vwap_distance_atr"":0.5}"
2026-01 to 2026-01,2023-01-01T00:00:00+00:00,2026-01-01T00:00:00+00:00,BULL_PULLBACK,BULL_PULLBACK-C03,2,-4.888922,0.0,,False,,False,"{""atr_ratio_max"":1.5,""atr_ratio_min"":0.45,""bb_width_percentile_max"":0.25,""breakout_range_atr"":0.8,""cci_level"":25.0,""context"":""BULL_PULLBACK"",""direction"":""LONG"",""ema_touch_atr"":0.0,""max_hold_bars"":48,""range_adx_max"":18.0,""range_ema_separation_atr"":0.4,""require_confirmation_break"":false,""require_vwap"":false,""rsi_level"":40.0,""rsi_reclaim"":50.0,""setup"":""pullback"",""stop_atr"":2.0,""target_rr"":2.0,""trend_adx_min"":22.0,""trend_ema_separation_atr"":0.15,""vwap_distance_atr"":0.5}"
2026-01 to 2026-01,2023-01-01T00:00:00+00:00,2026-01-01T00:00:00+00:00,BULL_PULLBACK,BULL_PULLBACK-C04,9,-17.208734,0.046674,0.0,False,,False,"{""atr_ratio_max"":2.1,""atr_ratio_min"":0.85,""bb_width_percentile_max"":0.15,""breakout_range_atr"":1.0,""cci_level"":0.0,""context"":""BULL_PULLBACK"",""direction"":""LONG"",""ema_touch_atr"":0.4,""max_hold_bars"":48,""range_adx_max"":14.0,""range_ema_separation_atr"":0.1,""require_confirmation_break"":true,""require_vwap"":false,""rsi_level"":45.0,""rsi_reclaim"":52.0,""setup"":""pullback"",""stop_atr"":1.25,""target_rr"":1.25,""trend_adx_min"":26.0,""trend_ema_separation_atr"":0.3,""vwap_distance_atr"":0.5}"
2026-01 to 2026-01,2023-01-01T00:00:00+00:00,2026-01-01T00:00:00+00:00,BULL_PULLBACK,BULL_PULLBACK-C05,6,-11.6675,0.0,,False,,False,"{""atr_ratio_max"":1.8,""atr_ratio_min"":0.45,""bb_width_percentile_max"":0.15,""breakout_range_atr"":1.2,""cci_level"":25.0,""context"":""BULL_PULLBACK"",""direction"":""LONG"",""ema_touch_atr"":0.0,""max_hold_bars"":24,""range_adx_max"":22.0,""range_ema_separation_atr"":0.1,""require_confirmation_break"":false,""require_vwap"":false,""rsi_level"":40.0,""rsi_reclaim"":48.0,""setup"":""pullback"",""stop_atr"":1.5,""target_rr"":1.5,""trend_adx_min"":22.0,""trend_ema_separation_atr"":0.15,""vwap_distance_atr"":0.0}"
2026-01 to 2026-01,2023-01-01T00:00:00+00:00,2026-01-01T00:00:00+00:00,BULL_PULLBACK,BULL_PULLBACK-C06,77,-42.585883,0.293421,0.255217,False,,False,"{""atr_ratio_max"":1.8,""atr_ratio_min"":0.85,""bb_width_percentile_max"":0.25,""breakout_range_atr"":1.2,""cci_level"":0.0,""context"":""BULL_PULLBACK"",""direction"":""LONG"",""ema_touch_atr"":0.0,""max_hold_bars"":24,""range_adx_max"":18.0,""range_ema_separation_atr"":0.1,""require_confirmation_break"":true,""require_vwap"":false,""rsi_level"":48.0,""rsi_reclaim"":50.0,""setup"":""pullback"",""stop_atr"":2.0,""target_rr"":1.5,""trend_adx_min"":18.0,""trend_ema_separation_atr"":0.3,""vwap_distance_atr"":0.0}"
2026-01 to 2026-01,2023-01-01T00:00:00+00:00,2026-01-01T00:00:00+00:00,BULL_PULLBACK,BULL_PULLBACK-C07,4,-8.311921,0.0,,False,,False,"{""atr_ratio_max"":1.8,""atr_ratio_min"":0.45,""bb_width_percentile_max"":0.35,""breakout_range_atr"":0.8,""cci_level"":50.0,""context"":""BULL_PULLBACK"",""direction"":""LONG"",""ema_touch_atr"":0.2,""max_hold_bars"":72,""range_adx_max"":22.0,""range_ema_separation_atr"":0.4,""require_confirmation_break"":true,""require_vwap"":true,""rsi_level"":48.0,""rsi_reclaim"":48.0,""setup"":""pullback"",""stop_atr"":1.5,""target_rr"":2.0,""trend_adx_min"":26.0,""trend_ema_separation_atr"":0.3,""vwap_distance_atr"":0.25}"
2026-01 to 2026-01,2023-01-01T00:00:00+00:00,2026-01-01T00:00:00+00:00,BULL_PULLBACK,BULL_PULLBACK-C08,3,-6.396251,0.0,,False,,False,"{""atr_ratio_max"":1.5,""atr_ratio_min"":0.65,""bb_width_percentile_max"":0.35,""breakout_range_atr"":1.2,""cci_level"":50.0,""context"":""BULL_PULLBACK"",""direction"":""LONG"",""ema_touch_atr"":0.0,""max_hold_bars"":48,""range_adx_max"":22.0,""range_ema_separation_atr"":0.25,""require_confirmation_break"":false,""require_vwap"":true,""rsi_level"":48.0,""rsi_reclaim"":52.0,""setup"":""pullback"",""stop_atr"":2.0,""target_rr"":1.5,""trend_adx_min"":26.0,""trend_ema_separation_atr"":0.05,""vwap_distance_atr"":0.25}"
2026-01 to 2026-01,2023-01-01T00:00:00+00:00,2026-01-01T00:00:00+00:00,BULL_PULLBACK,BULL_PULLBACK-C09,33,-27.182076,0.249541,0.117175,False,,False,"{""atr_ratio_max"":2.1,""atr_ratio_min"":0.65,""bb_width_percentile_max"":0.25,""breakout_range_atr"":1.0,""cci_level"":0.0,""context"":""BULL_PULLBACK"",""direction"":""LONG"",""ema_touch_atr"":0.4,""max_hold_bars"":72,""range_adx_max"":14.0,""range_ema_separation_atr"":0.4,""require_confirmation_break"":true,""require_vwap"":false,""rsi_level"":45.0,""rsi_reclaim"":50.0,""setup"":""pullback"",""stop_atr"":1.25,""target_rr"":1.5,""trend_adx_min"":18.0,""trend_ema_separation_atr"":0.3,""vwap_distance_atr"":0.25}"
2026-01 to 2026-01,2023-01-01T00:00:00+00:00,2026-01-01T00:00:00+00:00,BULL_PULLBACK,BULL_PULLBACK-C10,7,-12.784682,0.0,0.0,False,,False,"{""atr_ratio_max"":2.1,""atr_ratio_min"":0.65,""bb_width_percentile_max"":0.25,""breakout_range_atr"":0.8,""cci_level"":25.0,""context"":""BULL_PULLBACK"",""direction"":""LONG"",""ema_touch_atr"":0.4,""max_hold_bars"":72,""range_adx_max"":18.0,""range_ema_separation_atr"":0.25,""require_confirmation_break"":false,""require_vwap"":true,""rsi_level"":45.0,""rsi_reclaim"":52.0,""setup"":""pullback"",""stop_atr"":1.25,""target_rr"":1.25,""trend_adx_min"":22.0,""trend_ema_separation_atr"":0.05,""vwap_distance_atr"":0.5}"
2026-01 to 2026-01,2023-01-01T00:00:00+00:00,2026-01-01T00:00:00+00:00,BULL_PULLBACK,BULL_PULLBACK-C11,2,-3.48882,0.0,,False,,False,"{""atr_ratio_max"":1.5,""atr_ratio_min"":0.65,""bb_width_percentile_max"":0.35,""breakout_range_atr"":0.8,""cci_level"":25.0,""context"":""BULL_PULLBACK"",""direction"":""LONG"",""ema_touch_atr"":0.4,""max_hold_bars"":24,""range_adx_max"":14.0,""range_ema_separation_atr"":0.25,""require_confirmation_break"":true,""require_vwap"":true,""rsi_level"":45.0,""rsi_reclaim"":48.0,""setup"":""pullback"",""stop_atr"":2.0,""target_rr"":2.0,""trend_adx_min"":22.0,""trend_ema_separation_atr"":0.05,""vwap_distance_atr"":0.0}"
2026-01 to 2026-01,2023-01-01T00:00:00+00:00,2026-01-01T00:00:00+00:00,BULL_PULLBACK,BULL_PULLBACK-C12,3,-6.841199,0.0,,False,,False,"{""atr_ratio_max"":1.5,""atr_ratio_min"":0.85,""bb_width_percentile_max"":0.35,""breakout_range_atr"":1.0,""cci_level"":50.0,""context"":""BULL_PULLBACK"",""direction"":""LONG"",""ema_touch_atr"":0.2,""max_hold_bars"":72,""range_adx_max"":14.0,""range_ema_separation_atr"":0.1,""require_confirmation_break"":false,""require_vwap"":true,""rsi_level"":48.0,""rsi_reclaim"":52.0,""setup"":""pullback"",""stop_atr"":1.5,""target_rr"":1.25,""trend_adx_min"":26.0,""trend_ema_separation_atr"":0.05,""vwap_distance_atr"":0.0}"
2026-01 to 2026-01,2023-01-01T00:00:00+00:00,2026-01-01T00:00:00+00:00,RANGE_REVERSION,RANGE_REVERSION-C01,0,0.0,,,False,,False,"{""atr_ratio_max"":1.5,""atr_ratio_min"":0.85,""bb_width_percentile_max"":0.15,""breakout_range_atr"":1.2,""cci_level"":125.0,""context"":""RANGE_REVERSION"",""direction"":""BOTH"",""ema_touch_atr"":0.0,""max_hold_bars"":48,""range_adx_max"":14.0,""range_ema_separation_atr"":0.25,""require_confirmation_break"":true,""require_vwap"":false,""rsi_level"":35.0,""rsi_reclaim"":35.0,""setup"":""reversion"",""stop_atr"":1.5,""target_rr"":1.25,""trend_adx_min"":22.0,""trend_ema_separation_atr"":0.15,""vwap_distance_atr"":0.5}"
2026-01 to 2026-01,2023-01-01T00:00:00+00:00,2026-01-01T00:00:00+00:00,RANGE_REVERSION,RANGE_REVERSION-C02,0,0.0,,,False,,False,"{""atr_ratio_max"":1.5,""atr_ratio_min"":0.45,""bb_width_percentile_max"":0.35,""breakout_range_atr"":0.8,""cci_level"":100.0,""context"":""RANGE_REVERSION"",""direction"":""BOTH"",""ema_touch_atr"":0.2,""max_hold_bars"":24,""range_adx_max"":14.0,""range_ema_separation_atr"":0.4,""require_confirmation_break"":false,""require_vwap"":false,""rsi_level"":35.0,""rsi_reclaim"":35.0,""setup"":""reversion"",""stop_atr"":1.25,""target_rr"":2.0,""trend_adx_min"":26.0,""trend_ema_separation_atr"":0.15,""vwap_distance_atr"":0.25}"
2026-01 to 2026-01,2023-01-01T00:00:00+00:00,2026-01-01T00:00:00+00:00,RANGE_REVERSION,RANGE_REVERSION-C03,0,0.0,,,False,,False,"{""atr_ratio_max"":2.1,""atr_ratio_min"":0.65,""bb_width_percentile_max"":0.15,""breakout_range_atr"":1.2,""cci_level"":100.0,""context"":""RANGE_REVERSION"",""direction"":""BOTH"",""ema_touch_atr"":0.2,""max_hold_bars"":72,""range_adx_max"":22.0,""range_ema_separation_atr"":0.1,""require_confirmation_break"":false,""require_vwap"":false,""rsi_level"":25.0,""rsi_reclaim"":40.0,""setup"":""reversion"",""stop_atr"":2.0,""target_rr"":1.5,""trend_adx_min"":26.0,""trend_ema_separation_atr"":0.15,""vwap_distance_atr"":0.0}"
2026-01 to 2026-01,2023-01-01T00:00:00+00:00,2026-01-01T00:00:00+00:00,RANGE_REVERSION,RANGE_REVERSION-C04,0,0.0,,,False,,False,"{""atr_ratio_max"":1.8,""atr_ratio_min"":0.45,""bb_width_percentile_max"":0.25,""breakout_range_atr"":1.0,""cci_level"":100.0,""context"":""RANGE_REVERSION"",""direction"":""BOTH"",""ema_touch_atr"":0.4,""max_hold_bars"":72,""range_adx_max"":18.0,""range_ema_separation_atr"":0.25,""require_confirmation_break"":true,""require_vwap"":false,""rsi_level"":35.0,""rsi_reclaim"":40.0,""setup"":""reversion"",""stop_atr"":1.25,""target_rr"":1.5,""trend_adx_min"":22.0,""trend_ema_separation_atr"":0.3,""vwap_distance_atr"":0.0}"
2026-01 to 2026-01,2023-01-01T00:00:00+00:00,2026-01-01T00:00:00+00:00,RANGE_REVERSION,RANGE_REVERSION-C05,0,0.0,,,False,,False,"{""atr_ratio_max"":1.8,""atr_ratio_min"":0.45,""bb_width_percentile_max"":0.25,""breakout_range_atr"":0.8,""cci_level"":125.0,""context"":""RANGE_REVERSION"",""direction"":""BOTH"",""ema_touch_atr"":0.4,""max_hold_bars"":48,""range_adx_max"":14.0,""range_ema_separation_atr"":0.4,""require_confirmation_break"":true,""require_vwap"":true,""rsi_level"":25.0,""rsi_reclaim"":30.0,""setup"":""reversion"",""stop_atr"":1.25,""target_rr"":2.0,""trend_adx_min"":22.0,""trend_ema_separation_atr"":0.3,""vwap_distance_atr"":0.0}"
2026-01 to 2026-01,2023-01-01T00:00:00+00:00,2026-01-01T00:00:00+00:00,RANGE_REVERSION,RANGE_REVERSION-C06,0,0.0,,,False,,False,"{""atr_ratio_max"":2.1,""atr_ratio_min"":0.45,""bb_width_percentile_max"":0.35,""breakout_range_atr"":0.8,""cci_level"":100.0,""context"":""RANGE_REVERSION"",""direction"":""BOTH"",""ema_touch_atr"":0.0,""max_hold_bars"":72,""range_adx_max"":18.0,""range_ema_separation_atr"":0.25,""require_confirmation_break"":true,""require_vwap"":true,""rsi_level"":30.0,""rsi_reclaim"":30.0,""setup"":""reversion"",""stop_atr"":1.25,""target_rr"":1.5,""trend_adx_min"":22.0,""trend_ema_separation_atr"":0.15,""vwap_distance_atr"":0.25}"
2026-01 to 2026-01,2023-01-01T00:00:00+00:00,2026-01-01T00:00:00+00:00,RANGE_REVERSION,RANGE_REVERSION-C07,0,0.0,,,False,,False,"{""atr_ratio_max"":2.1,""atr_ratio_min"":0.85,""bb_width_percentile_max"":0.25,""breakout_range_atr"":1.0,""cci_level"":75.0,""context"":""RANGE_REVERSION"",""direction"":""BOTH"",""ema_touch_atr"":0.2,""max_hold_bars"":48,""range_adx_max"":22.0,""range_ema_separation_atr"":0.4,""require_confirmation_break"":true,""require_vwap"":true,""rsi_level"":30.0,""rsi_reclaim"":40.0,""setup"":""reversion"",""stop_atr"":2.0,""target_rr"":1.5,""trend_adx_min"":18.0,""trend_ema_separation_atr"":0.05,""vwap_distance_atr"":0.0}"
2026-01 to 2026-01,2023-01-01T00:00:00+00:00,2026-01-01T00:00:00+00:00,RANGE_REVERSION,RANGE_REVERSION-C08,0,0.0,,,False,,False,"{""atr_ratio_max"":1.8,""atr_ratio_min"":0.85,""bb_width_percentile_max"":0.15,""breakout_range_atr"":0.8,""cci_level"":125.0,""context"":""RANGE_REVERSION"",""direction"":""BOTH"",""ema_touch_atr"":0.2,""max_hold_bars"":24,""range_adx_max"":18.0,""range_ema_separation_atr"":0.1,""require_confirmation_break"":true,""require_vwap"":true,""rsi_level"":35.0,""rsi_reclaim"":30.0,""setup"":""reversion"",""stop_atr"":1.5,""target_rr"":1.25,""trend_adx_min"":26.0,""trend_ema_separation_atr"":0.3,""vwap_distance_atr"":0.5}"
2026-01 to 2026-01,2023-01-01T00:00:00+00:00,2026-01-01T00:00:00+00:00,RANGE_REVERSION,RANGE_REVERSION-C09,0,0.0,,,False,,False,"{""atr_ratio_max"":2.1,""atr_ratio_min"":0.85,""bb_width_percentile_max"":0.35,""breakout_range_atr"":1.2,""cci_level"":75.0,""context"":""RANGE_REVERSION"",""direction"":""BOTH"",""ema_touch_atr"":0.0,""max_hold_bars"":24,""range_adx_max"":22.0,""range_ema_separation_atr"":0.4,""require_confirmation_break"":false,""require_vwap"":false,""rsi_level"":30.0,""rsi_reclaim"":35.0,""setup"":""reversion"",""stop_atr"":1.5,""target_rr"":1.25,""trend_adx_min"":18.0,""trend_ema_separation_atr"":0.05,""vwap_distance_atr"":0.25}"
2026-01 to 2026-01,2023-01-01T00:00:00+00:00,2026-01-01T00:00:00+00:00,RANGE_REVERSION,RANGE_REVERSION-C10,0,0.0,,,False,,False,"{""atr_ratio_max"":1.8,""atr_ratio_min"":0.65,""bb_width_percentile_max"":0.25,""breakout_range_atr"":1.0,""cci_level"":75.0,""context"":""RANGE_REVERSION"",""direction"":""BOTH"",""ema_touch_atr"":0.4,""max_hold_bars"":24,""range_adx_max"":18.0,""range_ema_separation_atr"":0.25,""require_confirmation_break"":false,""require_vwap"":true,""rsi_level"":25.0,""rsi_reclaim"":30.0,""setup"":""reversion"",""stop_atr"":1.5,""target_rr"":2.0,""trend_adx_min"":26.0,""trend_ema_separation_atr"":0.05,""vwap_distance_atr"":0.5}"
2026-01 to 2026-01,2023-01-01T00:00:00+00:00,2026-01-01T00:00:00+00:00,RANGE_REVERSION,RANGE_REVERSION-C11,0,0.0,,,False,,False,"{""atr_ratio_max"":1.5,""atr_ratio_min"":0.65,""bb_width_percentile_max"":0.35,""breakout_range_atr"":1.2,""cci_level"":125.0,""context"":""RANGE_REVERSION"",""direction"":""BOTH"",""ema_touch_atr"":0.4,""max_hold_bars"":72,""range_adx_max"":22.0,""range_ema_separation_atr"":0.1,""require_confirmation_break"":false,""require_vwap"":false,""rsi_level"":30.0,""rsi_reclaim"":35.0,""setup"":""reversion"",""stop_atr"":2.0,""target_rr"":1.25,""trend_adx_min"":18.0,""trend_ema_separation_atr"":0.3,""vwap_distance_atr"":0.25}"
2026-01 to 2026-01,2023-01-01T00:00:00+00:00,2026-01-01T00:00:00+00:00,RANGE_REVERSION,RANGE_REVERSION-C12,0,0.0,,,False,,False,"{""atr_ratio_max"":1.5,""atr_ratio_min"":0.65,""bb_width_percentile_max"":0.15,""breakout_range_atr"":1.0,""cci_level"":75.0,""context"":""RANGE_REVERSION"",""direction"":""BOTH"",""ema_touch_atr"":0.0,""max_hold_bars"":48,""range_adx_max"":14.0,""range_ema_separation_atr"":0.1,""require_confirmation_break"":false,""require_vwap"":true,""rsi_level"":25.0,""rsi_reclaim"":40.0,""setup"":""reversion"",""stop_atr"":2.0,""target_rr"":2.0,""trend_adx_min"":18.0,""trend_ema_separation_atr"":0.05,""vwap_distance_atr"":0.5}"
